"trainer/global_step","causal_small - train_loss","causal_small - train_loss__MIN","causal_small - train_loss__MAX","causal_small - _step","causal_small - _step__MIN","causal_small - _step__MAX"
"99","0.25007012486457825","0.25007012486457825","0.25007012486457825","0","0","0"
"199","0.22882986068725586","0.22882986068725586","0.22882986068725586","1","1","1"
"299","0.21590809524059296","0.21590809524059296","0.21590809524059296","2","2","2"
"399","0.20684009790420532","0.20684009790420532","0.20684009790420532","3","3","3"
"499","0.20135372877120972","0.20135372877120972","0.20135372877120972","4","4","4"
"599","0.20074759423732758","0.20074759423732758","0.20074759423732758","5","5","5"
"699","0.20037157833576202","0.20037157833576202","0.20037157833576202","6","6","6"
"799","0.19532443583011627","0.19532443583011627","0.19532443583011627","7","7","7"
"899","0.20017826557159424","0.20017826557159424","0.20017826557159424","8","8","8"
"999","0.19434642791748047","0.19434642791748047","0.19434642791748047","9","9","9"
"1099","0.18644797801971436","0.18644797801971436","0.18644797801971436","10","10","10"
"1199","0.18459005653858185","0.18459005653858185","0.18459005653858185","11","11","11"
"1299","0.17787140607833862","0.17787140607833862","0.17787140607833862","12","12","12"
"1399","0.18271777033805847","0.18271777033805847","0.18271777033805847","13","13","13"
"1499","0.1784888356924057","0.1784888356924057","0.1784888356924057","14","14","14"
"1599","0.17446903884410858","0.17446903884410858","0.17446903884410858","15","15","15"
"1699","0.18436342477798462","0.18436342477798462","0.18436342477798462","16","16","16"
"1799","0.18002848327159882","0.18002848327159882","0.18002848327159882","17","17","17"
"1899","0.17259226739406586","0.17259226739406586","0.17259226739406586","18","18","18"
"1999","0.17182394862174988","0.17182394862174988","0.17182394862174988","19","19","19"
"2099","0.1770610362291336","0.1770610362291336","0.1770610362291336","20","20","20"
"2199","0.1708764135837555","0.1708764135837555","0.1708764135837555","21","21","21"
"2299","0.17242833971977234","0.17242833971977234","0.17242833971977234","22","22","22"
"2399","0.17143705487251282","0.17143705487251282","0.17143705487251282","23","23","23"
"2499","0.1636805385351181","0.1636805385351181","0.1636805385351181","24","24","24"
"2599","0.17065420746803284","0.17065420746803284","0.17065420746803284","25","25","25"
"2699","0.16929933428764343","0.16929933428764343","0.16929933428764343","26","26","26"
"2799","0.1657426804304123","0.1657426804304123","0.1657426804304123","27","27","27"
"2899","0.17010070383548737","0.17010070383548737","0.17010070383548737","28","28","28"
"2999","0.16590015590190887","0.16590015590190887","0.16590015590190887","29","29","29"
"3099","0.1720147728919983","0.1720147728919983","0.1720147728919983","30","30","30"
"3199","0.16720208525657654","0.16720208525657654","0.16720208525657654","31","31","31"
"3299","0.16284170746803284","0.16284170746803284","0.16284170746803284","32","32","32"
"3399","0.16176697611808777","0.16176697611808777","0.16176697611808777","33","33","33"
"3499","0.16582165658473969","0.16582165658473969","0.16582165658473969","34","34","34"
"3599","0.16350321471691132","0.16350321471691132","0.16350321471691132","35","35","35"
"3699","0.1598973423242569","0.1598973423242569","0.1598973423242569","36","36","36"
"3799","0.1640120893716812","0.1640120893716812","0.1640120893716812","37","37","37"
"3899","0.16199912130832672","0.16199912130832672","0.16199912130832672","38","38","38"
"3999","0.16109928488731384","0.16109928488731384","0.16109928488731384","39","39","39"
"4099","0.15842598676681519","0.15842598676681519","0.15842598676681519","40","40","40"
"4199","0.16125458478927612","0.16125458478927612","0.16125458478927612","41","41","41"
"4299","0.16732510924339294","0.16732510924339294","0.16732510924339294","42","42","42"
"4399","0.15526819229125977","0.15526819229125977","0.15526819229125977","43","43","43"
"4499","0.16415353119373322","0.16415353119373322","0.16415353119373322","44","44","44"
"4599","0.1619884967803955","0.1619884967803955","0.1619884967803955","45","45","45"
"4699","0.16331525146961212","0.16331525146961212","0.16331525146961212","46","46","46"
"4799","0.15648584067821503","0.15648584067821503","0.15648584067821503","47","47","47"
"4899","0.16273078322410583","0.16273078322410583","0.16273078322410583","48","48","48"
"4999","0.15782058238983154","0.15782058238983154","0.15782058238983154","49","49","49"
"5099","0.15588164329528809","0.15588164329528809","0.15588164329528809","50","50","50"
"5199","0.1556442230939865","0.1556442230939865","0.1556442230939865","51","51","51"
"5299","0.15853777527809143","0.15853777527809143","0.15853777527809143","52","52","52"
"5399","0.15614575147628784","0.15614575147628784","0.15614575147628784","53","53","53"
"5499","0.1558755487203598","0.1558755487203598","0.1558755487203598","54","54","54"
"5599","0.15771444141864777","0.15771444141864777","0.15771444141864777","55","55","55"
"5699","0.15990795195102692","0.15990795195102692","0.15990795195102692","56","56","56"
"5799","0.15293188393115997","0.15293188393115997","0.15293188393115997","57","57","57"
"5899","0.15546657145023346","0.15546657145023346","0.15546657145023346","58","58","58"
"5999","0.15862837433815002","0.15862837433815002","0.15862837433815002","59","59","59"
"6099","0.15560846030712128","0.15560846030712128","0.15560846030712128","60","60","60"
"6199","0.15537261962890625","0.15537261962890625","0.15537261962890625","61","61","61"
"6299","0.15761074423789978","0.15761074423789978","0.15761074423789978","62","62","62"
"6399","0.15209083259105682","0.15209083259105682","0.15209083259105682","63","63","63"
"6499","0.15309815108776093","0.15309815108776093","0.15309815108776093","64","64","64"
"6599","0.1553923636674881","0.1553923636674881","0.1553923636674881","65","65","65"
"6699","0.15555842220783234","0.15555842220783234","0.15555842220783234","66","66","66"
"6799","0.1543007493019104","0.1543007493019104","0.1543007493019104","67","67","67"
"6899","0.15594378113746643","0.15594378113746643","0.15594378113746643","68","68","68"
"6999","0.1564379185438156","0.1564379185438156","0.1564379185438156","69","69","69"
"7099","0.15724024176597595","0.15724024176597595","0.15724024176597595","70","70","70"
"7199","0.1572163850069046","0.1572163850069046","0.1572163850069046","71","71","71"
"7299","0.15358556807041168","0.15358556807041168","0.15358556807041168","72","72","72"
"7399","0.1551390439271927","0.1551390439271927","0.1551390439271927","73","73","73"
"7499","0.15621183812618256","0.15621183812618256","0.15621183812618256","74","74","74"
"7599","0.15549491345882416","0.15549491345882416","0.15549491345882416","75","75","75"
"7699","0.1577858328819275","0.1577858328819275","0.1577858328819275","76","76","76"
"7799","0.15361571311950684","0.15361571311950684","0.15361571311950684","77","77","77"
"7899","0.15290628373622894","0.15290628373622894","0.15290628373622894","78","78","78"
"7999","0.15202414989471436","0.15202414989471436","0.15202414989471436","79","79","79"
"8099","0.1563069075345993","0.1563069075345993","0.1563069075345993","80","80","80"
"8199","0.14894169569015503","0.14894169569015503","0.14894169569015503","81","81","81"
"8299","0.1534716784954071","0.1534716784954071","0.1534716784954071","82","82","82"
"8399","0.15274037420749664","0.15274037420749664","0.15274037420749664","83","83","83"
"8499","0.1535266786813736","0.1535266786813736","0.1535266786813736","84","84","84"
"8599","0.1538321077823639","0.1538321077823639","0.1538321077823639","85","85","85"
"8699","0.15327483415603638","0.15327483415603638","0.15327483415603638","86","86","86"
"8799","0.15041731297969818","0.15041731297969818","0.15041731297969818","87","87","87"
"8899","0.1536584496498108","0.1536584496498108","0.1536584496498108","88","88","88"
"8999","0.15616965293884277","0.15616965293884277","0.15616965293884277","89","89","89"
"9099","0.1505887806415558","0.1505887806415558","0.1505887806415558","90","90","90"
"9199","0.15093106031417847","0.15093106031417847","0.15093106031417847","91","91","91"
"9299","0.14631086587905884","0.14631086587905884","0.14631086587905884","92","92","92"
"9399","0.14940916001796722","0.14940916001796722","0.14940916001796722","93","93","93"
"9499","0.15598198771476746","0.15598198771476746","0.15598198771476746","94","94","94"
"9599","0.1512986570596695","0.1512986570596695","0.1512986570596695","95","95","95"
"9699","0.14948411285877228","0.14948411285877228","0.14948411285877228","96","96","96"
"9799","0.1488785743713379","0.1488785743713379","0.1488785743713379","97","97","97"
"9899","0.14911320805549622","0.14911320805549622","0.14911320805549622","98","98","98"
"9999","0.1496022790670395","0.1496022790670395","0.1496022790670395","99","99","99"
"10099","0.14958401024341583","0.14958401024341583","0.14958401024341583","100","100","100"
"10199","0.14716757833957672","0.14716757833957672","0.14716757833957672","101","101","101"
"10299","0.14560911059379578","0.14560911059379578","0.14560911059379578","102","102","102"
"10399","0.15210893750190735","0.15210893750190735","0.15210893750190735","103","103","103"
"10499","0.1496332734823227","0.1496332734823227","0.1496332734823227","104","104","104"
"10599","0.14788126945495605","0.14788126945495605","0.14788126945495605","105","105","105"
"10699","0.14971977472305298","0.14971977472305298","0.14971977472305298","106","106","106"
"10799","0.15102025866508484","0.15102025866508484","0.15102025866508484","107","107","107"
"10899","0.1510891318321228","0.1510891318321228","0.1510891318321228","108","108","108"
"10999","0.14741569757461548","0.14741569757461548","0.14741569757461548","109","109","109"
"11099","0.1499350666999817","0.1499350666999817","0.1499350666999817","110","110","110"
"11199","0.14915315806865692","0.14915315806865692","0.14915315806865692","111","111","111"
"11299","0.1480197012424469","0.1480197012424469","0.1480197012424469","112","112","112"
"11399","0.15545767545700073","0.15545767545700073","0.15545767545700073","113","113","113"
"11499","0.14600741863250732","0.14600741863250732","0.14600741863250732","114","114","114"
"11599","0.147664412856102","0.147664412856102","0.147664412856102","115","115","115"
"11699","0.1490907520055771","0.1490907520055771","0.1490907520055771","116","116","116"
"11799","0.1533258855342865","0.1533258855342865","0.1533258855342865","117","117","117"
"11899","0.15048858523368835","0.15048858523368835","0.15048858523368835","118","118","118"
"11999","0.15211418271064758","0.15211418271064758","0.15211418271064758","119","119","119"
"12099","0.1467771828174591","0.1467771828174591","0.1467771828174591","120","120","120"
"12199","0.14587199687957764","0.14587199687957764","0.14587199687957764","121","121","121"
"12299","0.1448964923620224","0.1448964923620224","0.1448964923620224","122","122","122"
"12399","0.147571861743927","0.147571861743927","0.147571861743927","123","123","123"
"12499","0.1479455679655075","0.1479455679655075","0.1479455679655075","124","124","124"
"12599","0.14874345064163208","0.14874345064163208","0.14874345064163208","125","125","125"
"12699","0.1440424919128418","0.1440424919128418","0.1440424919128418","126","126","126"
"12799","0.15318138897418976","0.15318138897418976","0.15318138897418976","127","127","127"
"12899","0.14701753854751587","0.14701753854751587","0.14701753854751587","128","128","128"
"12999","0.146236851811409","0.146236851811409","0.146236851811409","129","129","129"
"13099","0.14713609218597412","0.14713609218597412","0.14713609218597412","130","130","130"
"13199","0.15020352602005005","0.15020352602005005","0.15020352602005005","131","131","131"
"13299","0.14529287815093994","0.14529287815093994","0.14529287815093994","132","132","132"
"13399","0.14949704706668854","0.14949704706668854","0.14949704706668854","133","133","133"
"13499","0.14653590321540833","0.14653590321540833","0.14653590321540833","134","134","134"
"13599","0.14734594523906708","0.14734594523906708","0.14734594523906708","135","135","135"
"13699","0.14702244102954865","0.14702244102954865","0.14702244102954865","136","136","136"
"13799","0.15206699073314667","0.15206699073314667","0.15206699073314667","137","137","137"
"13899","0.1451442688703537","0.1451442688703537","0.1451442688703537","138","138","138"
"13999","0.14380154013633728","0.14380154013633728","0.14380154013633728","139","139","139"
"14099","0.1427777111530304","0.1427777111530304","0.1427777111530304","140","140","140"
"14199","0.14701539278030396","0.14701539278030396","0.14701539278030396","141","141","141"
"14299","0.1513015478849411","0.1513015478849411","0.1513015478849411","142","142","142"
"14399","0.1363275945186615","0.1363275945186615","0.1363275945186615","143","143","143"
"14499","0.14700275659561157","0.14700275659561157","0.14700275659561157","144","144","144"
"14599","0.14604918658733368","0.14604918658733368","0.14604918658733368","145","145","145"
"14699","0.1520821899175644","0.1520821899175644","0.1520821899175644","146","146","146"
"14799","0.14302082359790802","0.14302082359790802","0.14302082359790802","147","147","147"
"14899","0.13969926536083221","0.13969926536083221","0.13969926536083221","148","148","148"
"14999","0.142506942152977","0.142506942152977","0.142506942152977","149","149","149"
"15099","0.14811253547668457","0.14811253547668457","0.14811253547668457","150","150","150"
"15199","0.14606605470180511","0.14606605470180511","0.14606605470180511","151","151","151"
"15299","0.14731724560260773","0.14731724560260773","0.14731724560260773","152","152","152"
"15399","0.14300131797790527","0.14300131797790527","0.14300131797790527","153","153","153"
"15499","0.14655275642871857","0.14655275642871857","0.14655275642871857","154","154","154"
"15599","0.14607934653759003","0.14607934653759003","0.14607934653759003","155","155","155"
"15699","0.1428745537996292","0.1428745537996292","0.1428745537996292","156","156","156"
"15799","0.14267025887966156","0.14267025887966156","0.14267025887966156","157","157","157"
"15899","0.1486659198999405","0.1486659198999405","0.1486659198999405","158","158","158"
"15999","0.14399906992912292","0.14399906992912292","0.14399906992912292","159","159","159"
"16099","0.14384546875953674","0.14384546875953674","0.14384546875953674","160","160","160"
"16199","0.13937854766845703","0.13937854766845703","0.13937854766845703","161","161","161"
"16299","0.14679600298404694","0.14679600298404694","0.14679600298404694","162","162","162"
"16399","0.14947162568569183","0.14947162568569183","0.14947162568569183","163","163","163"
"16499","0.1458396017551422","0.1458396017551422","0.1458396017551422","164","164","164"
"16599","0.14231686294078827","0.14231686294078827","0.14231686294078827","165","165","165"
"16699","0.14654527604579926","0.14654527604579926","0.14654527604579926","166","166","166"
"16799","0.1446845382452011","0.1446845382452011","0.1446845382452011","167","167","167"
"16899","0.14657431840896606","0.14657431840896606","0.14657431840896606","168","168","168"
"16999","0.14780603349208832","0.14780603349208832","0.14780603349208832","169","169","169"
"17099","0.14690889418125153","0.14690889418125153","0.14690889418125153","170","170","170"
"17199","0.1436646431684494","0.1436646431684494","0.1436646431684494","171","171","171"
"17299","0.1420232653617859","0.1420232653617859","0.1420232653617859","172","172","172"
"17399","0.1501588374376297","0.1501588374376297","0.1501588374376297","173","173","173"
"17499","0.14876212179660797","0.14876212179660797","0.14876212179660797","174","174","174"
"17599","0.13926662504673004","0.13926662504673004","0.13926662504673004","175","175","175"
"17699","0.14248840510845184","0.14248840510845184","0.14248840510845184","176","176","176"
"17799","0.14400210976600647","0.14400210976600647","0.14400210976600647","177","177","177"
"17899","0.1399858146905899","0.1399858146905899","0.1399858146905899","178","178","178"
"17999","0.1498667597770691","0.1498667597770691","0.1498667597770691","179","179","179"
"18099","0.1455947607755661","0.1455947607755661","0.1455947607755661","180","180","180"
"18199","0.14371784031391144","0.14371784031391144","0.14371784031391144","181","181","181"
"18299","0.14380384981632233","0.14380384981632233","0.14380384981632233","182","182","182"
"18399","0.14507657289505005","0.14507657289505005","0.14507657289505005","183","183","183"
"18499","0.1442505121231079","0.1442505121231079","0.1442505121231079","184","184","184"
"18599","0.14144544303417206","0.14144544303417206","0.14144544303417206","185","185","185"
"18699","0.1436977982521057","0.1436977982521057","0.1436977982521057","186","186","186"
"18799","0.14432547986507416","0.14432547986507416","0.14432547986507416","187","187","187"
"18899","0.14672014117240906","0.14672014117240906","0.14672014117240906","188","188","188"
"18999","0.14188185334205627","0.14188185334205627","0.14188185334205627","189","189","189"
"19099","0.14545945823192596","0.14545945823192596","0.14545945823192596","190","190","190"
"19199","0.13919642567634583","0.13919642567634583","0.13919642567634583","191","191","191"
"19299","0.1436178982257843","0.1436178982257843","0.1436178982257843","192","192","192"
"19399","0.14759506285190582","0.14759506285190582","0.14759506285190582","193","193","193"
"19499","0.14216019213199615","0.14216019213199615","0.14216019213199615","194","194","194"
"19599","0.14316263794898987","0.14316263794898987","0.14316263794898987","195","195","195"
"19699","0.1413045972585678","0.1413045972585678","0.1413045972585678","196","196","196"
"19799","0.14705340564250946","0.14705340564250946","0.14705340564250946","197","197","197"
"19899","0.1399497389793396","0.1399497389793396","0.1399497389793396","198","198","198"
"19999","0.14217963814735413","0.14217963814735413","0.14217963814735413","199","199","199"
"20099","0.14026384055614471","0.14026384055614471","0.14026384055614471","200","200","200"
"20199","0.13947218656539917","0.13947218656539917","0.13947218656539917","201","201","201"
"20299","0.1486707329750061","0.1486707329750061","0.1486707329750061","202","202","202"
"20399","0.14593273401260376","0.14593273401260376","0.14593273401260376","203","203","203"
"20499","0.14060568809509277","0.14060568809509277","0.14060568809509277","204","204","204"
"20599","0.14623239636421204","0.14623239636421204","0.14623239636421204","205","205","205"
"20699","0.14001800119876862","0.14001800119876862","0.14001800119876862","206","206","206"
"20799","0.14368154108524323","0.14368154108524323","0.14368154108524323","207","207","207"
"20899","0.14125406742095947","0.14125406742095947","0.14125406742095947","208","208","208"
"20999","0.1453571617603302","0.1453571617603302","0.1453571617603302","209","209","209"
"21099","0.1444230079650879","0.1444230079650879","0.1444230079650879","210","210","210"
"21199","0.14117470383644104","0.14117470383644104","0.14117470383644104","211","211","211"
"21299","0.14521600306034088","0.14521600306034088","0.14521600306034088","212","212","212"
"21399","0.13897305727005005","0.13897305727005005","0.13897305727005005","213","213","213"
"21499","0.14228984713554382","0.14228984713554382","0.14228984713554382","214","214","214"
"21599","0.14738143980503082","0.14738143980503082","0.14738143980503082","215","215","215"
"21699","0.14191360771656036","0.14191360771656036","0.14191360771656036","216","216","216"
"21799","0.14522410929203033","0.14522410929203033","0.14522410929203033","217","217","217"
"21899","0.1414894163608551","0.1414894163608551","0.1414894163608551","218","218","218"
"21999","0.14085857570171356","0.14085857570171356","0.14085857570171356","219","219","219"
"22099","0.15256868302822113","0.15256868302822113","0.15256868302822113","220","220","220"
"22199","0.14214378595352173","0.14214378595352173","0.14214378595352173","221","221","221"
"22299","0.13285419344902039","0.13285419344902039","0.13285419344902039","222","222","222"
"22399","0.14324352145195007","0.14324352145195007","0.14324352145195007","223","223","223"
"22499","0.1425662785768509","0.1425662785768509","0.1425662785768509","224","224","224"
"22599","0.14718492329120636","0.14718492329120636","0.14718492329120636","225","225","225"
"22699","0.1409720480442047","0.1409720480442047","0.1409720480442047","226","226","226"
"22799","0.1425020396709442","0.1425020396709442","0.1425020396709442","227","227","227"
"22899","0.13870006799697876","0.13870006799697876","0.13870006799697876","228","228","228"
"22999","0.1376420259475708","0.1376420259475708","0.1376420259475708","229","229","229"
"23099","0.1442359834909439","0.1442359834909439","0.1442359834909439","230","230","230"
"23199","0.14028052985668182","0.14028052985668182","0.14028052985668182","231","231","231"
"23299","0.1366928219795227","0.1366928219795227","0.1366928219795227","232","232","232"
"23399","0.13659223914146423","0.13659223914146423","0.13659223914146423","233","233","233"
"23499","0.14524154365062714","0.14524154365062714","0.14524154365062714","234","234","234"
"23599","0.14573122560977936","0.14573122560977936","0.14573122560977936","235","235","235"
"23699","0.14022834599018097","0.14022834599018097","0.14022834599018097","236","236","236"
"23799","0.14084450900554657","0.14084450900554657","0.14084450900554657","237","237","237"
"23899","0.14130103588104248","0.14130103588104248","0.14130103588104248","238","238","238"
"23999","0.14486858248710632","0.14486858248710632","0.14486858248710632","239","239","239"
"24099","0.13459627330303192","0.13459627330303192","0.13459627330303192","240","240","240"
"24199","0.1459820717573166","0.1459820717573166","0.1459820717573166","241","241","241"
"24299","0.14449569582939148","0.14449569582939148","0.14449569582939148","242","242","242"
"24399","0.14296196401119232","0.14296196401119232","0.14296196401119232","243","243","243"
"24499","0.14481639862060547","0.14481639862060547","0.14481639862060547","244","244","244"
"24599","0.1415499448776245","0.1415499448776245","0.1415499448776245","245","245","245"
"24699","0.1457635462284088","0.1457635462284088","0.1457635462284088","246","246","246"
"24799","0.13720816373825073","0.13720816373825073","0.13720816373825073","247","247","247"
"24899","0.1446782648563385","0.1446782648563385","0.1446782648563385","248","248","248"
"24999","0.14179912209510803","0.14179912209510803","0.14179912209510803","249","249","249"
"25099","0.13306646049022675","0.13306646049022675","0.13306646049022675","250","250","250"
"25199","0.1405746191740036","0.1405746191740036","0.1405746191740036","251","251","251"
"25299","0.13663728535175323","0.13663728535175323","0.13663728535175323","252","252","252"
"25399","0.1421617716550827","0.1421617716550827","0.1421617716550827","253","253","253"
"25499","0.14008527994155884","0.14008527994155884","0.14008527994155884","254","254","254"
"25599","0.1413217931985855","0.1413217931985855","0.1413217931985855","255","255","255"
"25699","0.14405782520771027","0.14405782520771027","0.14405782520771027","256","256","256"
"25799","0.14161242544651031","0.14161242544651031","0.14161242544651031","257","257","257"
"25899","0.14324291050434113","0.14324291050434113","0.14324291050434113","258","258","258"
"25999","0.1401333063840866","0.1401333063840866","0.1401333063840866","259","259","259"
"26099","0.139505073428154","0.139505073428154","0.139505073428154","260","260","260"
"26199","0.14038610458374023","0.14038610458374023","0.14038610458374023","261","261","261"
"26299","0.14205552637577057","0.14205552637577057","0.14205552637577057","262","262","262"
"26399","0.1492021232843399","0.1492021232843399","0.1492021232843399","263","263","263"
"26499","0.14625248312950134","0.14625248312950134","0.14625248312950134","264","264","264"
"26599","0.14122800529003143","0.14122800529003143","0.14122800529003143","265","265","265"
"26699","0.14482872188091278","0.14482872188091278","0.14482872188091278","266","266","266"
"26799","0.14255331456661224","0.14255331456661224","0.14255331456661224","267","267","267"
"26899","0.13593502342700958","0.13593502342700958","0.13593502342700958","268","268","268"
"26999","0.1479974091053009","0.1479974091053009","0.1479974091053009","269","269","269"
"27099","0.13961277902126312","0.13961277902126312","0.13961277902126312","270","270","270"
"27199","0.13848386704921722","0.13848386704921722","0.13848386704921722","271","271","271"
"27299","0.14340144395828247","0.14340144395828247","0.14340144395828247","272","272","272"
"27399","0.14401042461395264","0.14401042461395264","0.14401042461395264","273","273","273"
"27499","0.13766354322433472","0.13766354322433472","0.13766354322433472","274","274","274"
"27599","0.1403544843196869","0.1403544843196869","0.1403544843196869","275","275","275"
"27699","0.14052583277225494","0.14052583277225494","0.14052583277225494","276","276","276"
"27799","0.14185266196727753","0.14185266196727753","0.14185266196727753","277","277","277"
"27899","0.14280064404010773","0.14280064404010773","0.14280064404010773","278","278","278"
"27999","0.1300259828567505","0.1300259828567505","0.1300259828567505","279","279","279"
"28099","0.14659807085990906","0.14659807085990906","0.14659807085990906","280","280","280"
"28199","0.14203479886054993","0.14203479886054993","0.14203479886054993","281","281","281"
"28299","0.13775692880153656","0.13775692880153656","0.13775692880153656","282","282","282"
"28399","0.1407736986875534","0.1407736986875534","0.1407736986875534","283","283","283"
"28499","0.14229631423950195","0.14229631423950195","0.14229631423950195","284","284","284"
"28599","0.13865678012371063","0.13865678012371063","0.13865678012371063","285","285","285"
"28699","0.14019723236560822","0.14019723236560822","0.14019723236560822","286","286","286"
"28799","0.14117997884750366","0.14117997884750366","0.14117997884750366","287","287","287"
"28899","0.1405051201581955","0.1405051201581955","0.1405051201581955","288","288","288"
"28999","0.14503926038742065","0.14503926038742065","0.14503926038742065","289","289","289"
"29099","0.14133372902870178","0.14133372902870178","0.14133372902870178","290","290","290"
"29199","0.13910560309886932","0.13910560309886932","0.13910560309886932","291","291","291"
"29299","0.14326076209545135","0.14326076209545135","0.14326076209545135","292","292","292"
"29399","0.14197194576263428","0.14197194576263428","0.14197194576263428","293","293","293"
"29499","0.13703200221061707","0.13703200221061707","0.13703200221061707","294","294","294"
"29599","0.13627485930919647","0.13627485930919647","0.13627485930919647","295","295","295"
"29699","0.14153921604156494","0.14153921604156494","0.14153921604156494","296","296","296"
"29799","0.13568058609962463","0.13568058609962463","0.13568058609962463","297","297","297"
"29899","0.1441178321838379","0.1441178321838379","0.1441178321838379","298","298","298"
"29999","0.14426955580711365","0.14426955580711365","0.14426955580711365","299","299","299"
"30099","0.14063237607479095","0.14063237607479095","0.14063237607479095","300","300","300"
"30199","0.14648792147636414","0.14648792147636414","0.14648792147636414","301","301","301"
"30299","0.14398087561130524","0.14398087561130524","0.14398087561130524","302","302","302"
"30399","0.1488044559955597","0.1488044559955597","0.1488044559955597","303","303","303"
"30499","0.13833045959472656","0.13833045959472656","0.13833045959472656","304","304","304"
"30599","0.1409556120634079","0.1409556120634079","0.1409556120634079","305","305","305"
"30699","0.13859783113002777","0.13859783113002777","0.13859783113002777","306","306","306"
"30799","0.138960063457489","0.138960063457489","0.138960063457489","307","307","307"
"30899","0.1412731260061264","0.1412731260061264","0.1412731260061264","308","308","308"
"30999","0.14112108945846558","0.14112108945846558","0.14112108945846558","309","309","309"
"31099","0.1361316591501236","0.1361316591501236","0.1361316591501236","310","310","310"
"31199","0.1430836170911789","0.1430836170911789","0.1430836170911789","311","311","311"
"31299","0.1342674344778061","0.1342674344778061","0.1342674344778061","312","312","312"
"31399","0.14065994322299957","0.14065994322299957","0.14065994322299957","313","313","313"
"31499","0.14460285007953644","0.14460285007953644","0.14460285007953644","314","314","314"
"31599","0.13769257068634033","0.13769257068634033","0.13769257068634033","315","315","315"
"31699","0.1347445547580719","0.1347445547580719","0.1347445547580719","316","316","316"
"31799","0.13911260664463043","0.13911260664463043","0.13911260664463043","317","317","317"
"31899","0.13991178572177887","0.13991178572177887","0.13991178572177887","318","318","318"
"31999","0.1429205685853958","0.1429205685853958","0.1429205685853958","319","319","319"
"32099","0.14030222594738007","0.14030222594738007","0.14030222594738007","320","320","320"
"32199","0.14103929698467255","0.14103929698467255","0.14103929698467255","321","321","321"
"32299","0.14071078598499298","0.14071078598499298","0.14071078598499298","322","322","322"
"32399","0.14197926223278046","0.14197926223278046","0.14197926223278046","323","323","323"
"32499","0.1444692611694336","0.1444692611694336","0.1444692611694336","324","324","324"
"32599","0.14068952202796936","0.14068952202796936","0.14068952202796936","325","325","325"
"32699","0.1370743066072464","0.1370743066072464","0.1370743066072464","326","326","326"
"32799","0.14149560034275055","0.14149560034275055","0.14149560034275055","327","327","327"
"32899","0.1358128786087036","0.1358128786087036","0.1358128786087036","328","328","328"
"32999","0.1467714011669159","0.1467714011669159","0.1467714011669159","329","329","329"
"33099","0.13700449466705322","0.13700449466705322","0.13700449466705322","330","330","330"
"33199","0.1351422518491745","0.1351422518491745","0.1351422518491745","331","331","331"
"33299","0.13693088293075562","0.13693088293075562","0.13693088293075562","332","332","332"
"33399","0.1376798301935196","0.1376798301935196","0.1376798301935196","333","333","333"
"33499","0.1410706341266632","0.1410706341266632","0.1410706341266632","334","334","334"
"33599","0.1473766416311264","0.1473766416311264","0.1473766416311264","335","335","335"
"33699","0.1453772634267807","0.1453772634267807","0.1453772634267807","336","336","336"
"33799","0.1406431794166565","0.1406431794166565","0.1406431794166565","337","337","337"
"33899","0.13849958777427673","0.13849958777427673","0.13849958777427673","338","338","338"
"33999","0.14115308225154877","0.14115308225154877","0.14115308225154877","339","339","339"
"34099","0.14256982505321503","0.14256982505321503","0.14256982505321503","340","340","340"
"34199","0.1460571587085724","0.1460571587085724","0.1460571587085724","341","341","341"
"34299","0.138125941157341","0.138125941157341","0.138125941157341","342","342","342"
"34399","0.13496285676956177","0.13496285676956177","0.13496285676956177","343","343","343"
"34499","0.13960282504558563","0.13960282504558563","0.13960282504558563","344","344","344"
"34599","0.14143241941928864","0.14143241941928864","0.14143241941928864","345","345","345"
"34699","0.14281682670116425","0.14281682670116425","0.14281682670116425","346","346","346"
"34799","0.13833114504814148","0.13833114504814148","0.13833114504814148","347","347","347"
"34899","0.1417432725429535","0.1417432725429535","0.1417432725429535","348","348","348"
"34999","0.14204742014408112","0.14204742014408112","0.14204742014408112","349","349","349"
"35099","0.13407611846923828","0.13407611846923828","0.13407611846923828","350","350","350"
"35199","0.13763806223869324","0.13763806223869324","0.13763806223869324","351","351","351"
"35299","0.14574678242206573","0.14574678242206573","0.14574678242206573","352","352","352"
"35399","0.1391713172197342","0.1391713172197342","0.1391713172197342","353","353","353"
"35499","0.13835127651691437","0.13835127651691437","0.13835127651691437","354","354","354"
"35599","0.13532115519046783","0.13532115519046783","0.13532115519046783","355","355","355"
"35699","0.14209729433059692","0.14209729433059692","0.14209729433059692","356","356","356"
"35799","0.14139243960380554","0.14139243960380554","0.14139243960380554","357","357","357"
"35899","0.13871636986732483","0.13871636986732483","0.13871636986732483","358","358","358"
"35999","0.14137662947177887","0.14137662947177887","0.14137662947177887","359","359","359"
"36099","0.13805502653121948","0.13805502653121948","0.13805502653121948","360","360","360"
"36199","0.13474349677562714","0.13474349677562714","0.13474349677562714","361","361","361"
"36299","0.1397988200187683","0.1397988200187683","0.1397988200187683","362","362","362"
"36399","0.1432258039712906","0.1432258039712906","0.1432258039712906","363","363","363"
"36499","0.13929395377635956","0.13929395377635956","0.13929395377635956","364","364","364"
"36599","0.1339123696088791","0.1339123696088791","0.1339123696088791","365","365","365"
"36699","0.14148101210594177","0.14148101210594177","0.14148101210594177","366","366","366"
"36799","0.1411699801683426","0.1411699801683426","0.1411699801683426","367","367","367"
"36899","0.13472086191177368","0.13472086191177368","0.13472086191177368","368","368","368"
"36999","0.14298999309539795","0.14298999309539795","0.14298999309539795","369","369","369"
"37099","0.14509543776512146","0.14509543776512146","0.14509543776512146","370","370","370"
"37199","0.13362433016300201","0.13362433016300201","0.13362433016300201","371","371","371"
"37299","0.13948063552379608","0.13948063552379608","0.13948063552379608","372","372","372"
"37399","0.1441648155450821","0.1441648155450821","0.1441648155450821","373","373","373"
"37499","0.14257782697677612","0.14257782697677612","0.14257782697677612","374","374","374"
"37599","0.13773052394390106","0.13773052394390106","0.13773052394390106","375","375","375"
"37699","0.13647198677062988","0.13647198677062988","0.13647198677062988","376","376","376"
"37799","0.1441761702299118","0.1441761702299118","0.1441761702299118","377","377","377"
"37899","0.13990087807178497","0.13990087807178497","0.13990087807178497","378","378","378"
"37999","0.1394968181848526","0.1394968181848526","0.1394968181848526","379","379","379"
"38099","0.1389715075492859","0.1389715075492859","0.1389715075492859","380","380","380"
"38199","0.14225484430789948","0.14225484430789948","0.14225484430789948","381","381","381"
"38299","0.14080731570720673","0.14080731570720673","0.14080731570720673","382","382","382"
"38399","0.13721981644630432","0.13721981644630432","0.13721981644630432","383","383","383"
"38499","0.14081843197345734","0.14081843197345734","0.14081843197345734","384","384","384"
"38599","0.13549180328845978","0.13549180328845978","0.13549180328845978","385","385","385"
"38699","0.13940398395061493","0.13940398395061493","0.13940398395061493","386","386","386"
"38799","0.1432492434978485","0.1432492434978485","0.1432492434978485","387","387","387"
"38899","0.135899156332016","0.135899156332016","0.135899156332016","388","388","388"
"38999","0.1375470608472824","0.1375470608472824","0.1375470608472824","389","389","389"
"39099","0.14197790622711182","0.14197790622711182","0.14197790622711182","390","390","390"
"39199","0.138482466340065","0.138482466340065","0.138482466340065","391","391","391"
"39299","0.13822400569915771","0.13822400569915771","0.13822400569915771","392","392","392"
"39399","0.14219054579734802","0.14219054579734802","0.14219054579734802","393","393","393"
"39499","0.1378011554479599","0.1378011554479599","0.1378011554479599","394","394","394"
"39599","0.14023800194263458","0.14023800194263458","0.14023800194263458","395","395","395"
"39699","0.13664460182189941","0.13664460182189941","0.13664460182189941","396","396","396"
"39799","0.13915154337882996","0.13915154337882996","0.13915154337882996","397","397","397"
"39899","0.14546716213226318","0.14546716213226318","0.14546716213226318","398","398","398"
"39999","0.13790841400623322","0.13790841400623322","0.13790841400623322","399","399","399"
"40099","0.13335907459259033","0.13335907459259033","0.13335907459259033","400","400","400"
"40199","0.14206627011299133","0.14206627011299133","0.14206627011299133","401","401","401"
"40299","0.14486034214496613","0.14486034214496613","0.14486034214496613","402","402","402"
"40399","0.1394546777009964","0.1394546777009964","0.1394546777009964","403","403","403"
"40499","0.13412493467330933","0.13412493467330933","0.13412493467330933","404","404","404"
"40599","0.13708560168743134","0.13708560168743134","0.13708560168743134","405","405","405"
"40699","0.13770189881324768","0.13770189881324768","0.13770189881324768","406","406","406"
"40799","0.1414356231689453","0.1414356231689453","0.1414356231689453","407","407","407"
"40899","0.147516131401062","0.147516131401062","0.147516131401062","408","408","408"
"40999","0.1392582505941391","0.1392582505941391","0.1392582505941391","409","409","409"
"41099","0.13676339387893677","0.13676339387893677","0.13676339387893677","410","410","410"
"41199","0.13176372647285461","0.13176372647285461","0.13176372647285461","411","411","411"
"41299","0.13978058099746704","0.13978058099746704","0.13978058099746704","412","412","412"
"41399","0.14177434146404266","0.14177434146404266","0.14177434146404266","413","413","413"
"41499","0.1379185914993286","0.1379185914993286","0.1379185914993286","414","414","414"
"41599","0.14154469966888428","0.14154469966888428","0.14154469966888428","415","415","415"
"41699","0.13930174708366394","0.13930174708366394","0.13930174708366394","416","416","416"
"41799","0.1415102630853653","0.1415102630853653","0.1415102630853653","417","417","417"
"41899","0.13540862500667572","0.13540862500667572","0.13540862500667572","418","418","418"
"41999","0.14267697930335999","0.14267697930335999","0.14267697930335999","419","419","419"
"42099","0.1394679695367813","0.1394679695367813","0.1394679695367813","420","420","420"
"42199","0.14166304469108582","0.14166304469108582","0.14166304469108582","421","421","421"
"42299","0.13553765416145325","0.13553765416145325","0.13553765416145325","422","422","422"
"42399","0.1427796185016632","0.1427796185016632","0.1427796185016632","423","423","423"
"42499","0.1401851773262024","0.1401851773262024","0.1401851773262024","424","424","424"
"42599","0.13542887568473816","0.13542887568473816","0.13542887568473816","425","425","425"
"42699","0.13691380620002747","0.13691380620002747","0.13691380620002747","426","426","426"
"42799","0.13523077964782715","0.13523077964782715","0.13523077964782715","427","427","427"
"42899","0.14233455061912537","0.14233455061912537","0.14233455061912537","428","428","428"
"42999","0.13716252148151398","0.13716252148151398","0.13716252148151398","429","429","429"
"43099","0.13833466172218323","0.13833466172218323","0.13833466172218323","430","430","430"
"43199","0.14013007283210754","0.14013007283210754","0.14013007283210754","431","431","431"
"43299","0.13121232390403748","0.13121232390403748","0.13121232390403748","432","432","432"
"43399","0.14557865262031555","0.14557865262031555","0.14557865262031555","433","433","433"
"43499","0.137858048081398","0.137858048081398","0.137858048081398","434","434","434"
"43599","0.14020979404449463","0.14020979404449463","0.14020979404449463","435","435","435"
"43699","0.13862977921962738","0.13862977921962738","0.13862977921962738","436","436","436"
"43799","0.14582577347755432","0.14582577347755432","0.14582577347755432","437","437","437"
"43899","0.13867247104644775","0.13867247104644775","0.13867247104644775","438","438","438"
"43999","0.1390581578016281","0.1390581578016281","0.1390581578016281","439","439","439"
"44099","0.13233812153339386","0.13233812153339386","0.13233812153339386","440","440","440"
"44199","0.14146609604358673","0.14146609604358673","0.14146609604358673","441","441","441"
"44299","0.14218346774578094","0.14218346774578094","0.14218346774578094","442","442","442"
"44399","0.1408233642578125","0.1408233642578125","0.1408233642578125","443","443","443"
"44499","0.1406315565109253","0.1406315565109253","0.1406315565109253","444","444","444"
"44599","0.14746539294719696","0.14746539294719696","0.14746539294719696","445","445","445"
"44699","0.1371646225452423","0.1371646225452423","0.1371646225452423","446","446","446"
"44799","0.1343294084072113","0.1343294084072113","0.1343294084072113","447","447","447"
"44899","0.1407129466533661","0.1407129466533661","0.1407129466533661","448","448","448"
"44999","0.13675057888031006","0.13675057888031006","0.13675057888031006","449","449","449"
"45099","0.13668593764305115","0.13668593764305115","0.13668593764305115","450","450","450"
"45199","0.1400236040353775","0.1400236040353775","0.1400236040353775","451","451","451"
"45299","0.13404902815818787","0.13404902815818787","0.13404902815818787","452","452","452"
"45399","0.13458435237407684","0.13458435237407684","0.13458435237407684","453","453","453"
"45499","0.13374051451683044","0.13374051451683044","0.13374051451683044","454","454","454"
"45599","0.13556839525699615","0.13556839525699615","0.13556839525699615","455","455","455"
"45699","0.13919678330421448","0.13919678330421448","0.13919678330421448","456","456","456"
"45799","0.1394098401069641","0.1394098401069641","0.1394098401069641","457","457","457"
"45899","0.13359855115413666","0.13359855115413666","0.13359855115413666","458","458","458"
"45999","0.14277710020542145","0.14277710020542145","0.14277710020542145","459","459","459"
"46099","0.14037492871284485","0.14037492871284485","0.14037492871284485","460","460","460"
"46199","0.141128271818161","0.141128271818161","0.141128271818161","461","461","461"
"46299","0.14172883331775665","0.14172883331775665","0.14172883331775665","462","462","462"
"46399","0.14052461087703705","0.14052461087703705","0.14052461087703705","463","463","463"
"46499","0.13561108708381653","0.13561108708381653","0.13561108708381653","464","464","464"
"46599","0.13955135643482208","0.13955135643482208","0.13955135643482208","465","465","465"
"46699","0.13608627021312714","0.13608627021312714","0.13608627021312714","466","466","466"
"46799","0.13713152706623077","0.13713152706623077","0.13713152706623077","467","467","467"
"46899","0.13773183524608612","0.13773183524608612","0.13773183524608612","468","468","468"
"46999","0.13882291316986084","0.13882291316986084","0.13882291316986084","469","469","469"
"47099","0.1362820863723755","0.1362820863723755","0.1362820863723755","470","470","470"
"47199","0.1399691104888916","0.1399691104888916","0.1399691104888916","471","471","471"
"47299","0.13814930617809296","0.13814930617809296","0.13814930617809296","472","472","472"
"47399","0.1379149854183197","0.1379149854183197","0.1379149854183197","473","473","473"
"47499","0.1345534771680832","0.1345534771680832","0.1345534771680832","474","474","474"
"47599","0.13581570982933044","0.13581570982933044","0.13581570982933044","475","475","475"
"47699","0.13478095829486847","0.13478095829486847","0.13478095829486847","476","476","476"
"47799","0.14127391576766968","0.14127391576766968","0.14127391576766968","477","477","477"
"47899","0.13329830765724182","0.13329830765724182","0.13329830765724182","478","478","478"
"47999","0.14209869503974915","0.14209869503974915","0.14209869503974915","479","479","479"
"48099","0.13916704058647156","0.13916704058647156","0.13916704058647156","480","480","480"
"48199","0.13645894825458527","0.13645894825458527","0.13645894825458527","481","481","481"
"48299","0.13750168681144714","0.13750168681144714","0.13750168681144714","482","482","482"
"48399","0.13865704834461212","0.13865704834461212","0.13865704834461212","483","483","483"
"48499","0.1409308761358261","0.1409308761358261","0.1409308761358261","484","484","484"
"48599","0.1435118019580841","0.1435118019580841","0.1435118019580841","485","485","485"
"48699","0.13966874778270721","0.13966874778270721","0.13966874778270721","486","486","486"
"48799","0.13950876891613007","0.13950876891613007","0.13950876891613007","487","487","487"
"48899","0.14260397851467133","0.14260397851467133","0.14260397851467133","488","488","488"
"48999","0.13347941637039185","0.13347941637039185","0.13347941637039185","489","489","489"
"49099","0.13709260523319244","0.13709260523319244","0.13709260523319244","490","490","490"
"49199","0.14390547573566437","0.14390547573566437","0.14390547573566437","491","491","491"
"49299","0.1401064246892929","0.1401064246892929","0.1401064246892929","492","492","492"
"49399","0.13164427876472473","0.13164427876472473","0.13164427876472473","493","493","493"
"49499","0.14124315977096558","0.14124315977096558","0.14124315977096558","494","494","494"
"49599","0.14625920355319977","0.14625920355319977","0.14625920355319977","495","495","495"
"49699","0.13626563549041748","0.13626563549041748","0.13626563549041748","496","496","496"
"49799","0.14081332087516785","0.14081332087516785","0.14081332087516785","497","497","497"
"49899","0.1394215226173401","0.1394215226173401","0.1394215226173401","498","498","498"
"49999","0.1351882666349411","0.1351882666349411","0.1351882666349411","499","499","499"
"50099","0.13925981521606445","0.13925981521606445","0.13925981521606445","500","500","500"
"50199","0.13547195494174957","0.13547195494174957","0.13547195494174957","501","501","501"
"50299","0.13772335648536682","0.13772335648536682","0.13772335648536682","502","502","502"
"50399","0.13866496086120605","0.13866496086120605","0.13866496086120605","503","503","503"
"50499","0.14053627848625183","0.14053627848625183","0.14053627848625183","504","504","504"
"50599","0.13742868602275848","0.13742868602275848","0.13742868602275848","505","505","505"
"50699","0.13803716003894806","0.13803716003894806","0.13803716003894806","506","506","506"
"50799","0.1334824562072754","0.1334824562072754","0.1334824562072754","507","507","507"
"50899","0.13809362053871155","0.13809362053871155","0.13809362053871155","508","508","508"
"50999","0.1334996521472931","0.1334996521472931","0.1334996521472931","509","509","509"
"51099","0.13530640304088593","0.13530640304088593","0.13530640304088593","510","510","510"
"51199","0.13830715417861938","0.13830715417861938","0.13830715417861938","511","511","511"
"51299","0.14175713062286377","0.14175713062286377","0.14175713062286377","512","512","512"
"51399","0.1409727782011032","0.1409727782011032","0.1409727782011032","513","513","513"
"51499","0.13705658912658691","0.13705658912658691","0.13705658912658691","514","514","514"
"51599","0.13288556039333344","0.13288556039333344","0.13288556039333344","515","515","515"
"51699","0.13826802372932434","0.13826802372932434","0.13826802372932434","516","516","516"
"51799","0.13483655452728271","0.13483655452728271","0.13483655452728271","517","517","517"
"51899","0.13796888291835785","0.13796888291835785","0.13796888291835785","518","518","518"
"51999","0.1332077980041504","0.1332077980041504","0.1332077980041504","519","519","519"
"52099","0.14005982875823975","0.14005982875823975","0.14005982875823975","520","520","520"
"52199","0.13118481636047363","0.13118481636047363","0.13118481636047363","521","521","521"
"52299","0.13952122628688812","0.13952122628688812","0.13952122628688812","522","522","522"
"52399","0.13172930479049683","0.13172930479049683","0.13172930479049683","523","523","523"
"52499","0.13426199555397034","0.13426199555397034","0.13426199555397034","524","524","524"
"52599","0.1376255750656128","0.1376255750656128","0.1376255750656128","525","525","525"
"52699","0.13085032999515533","0.13085032999515533","0.13085032999515533","526","526","526"
"52799","0.13880977034568787","0.13880977034568787","0.13880977034568787","527","527","527"
"52899","0.1434759795665741","0.1434759795665741","0.1434759795665741","528","528","528"
"52999","0.13548892736434937","0.13548892736434937","0.13548892736434937","529","529","529"
"53099","0.14122533798217773","0.14122533798217773","0.14122533798217773","530","530","530"
"53199","0.13866740465164185","0.13866740465164185","0.13866740465164185","531","531","531"
"53299","0.1397111564874649","0.1397111564874649","0.1397111564874649","532","532","532"
"53399","0.13970744609832764","0.13970744609832764","0.13970744609832764","533","533","533"
"53499","0.13887715339660645","0.13887715339660645","0.13887715339660645","534","534","534"
"53599","0.1405428946018219","0.1405428946018219","0.1405428946018219","535","535","535"
"53699","0.14113332331180573","0.14113332331180573","0.14113332331180573","536","536","536"
"53799","0.1370564103126526","0.1370564103126526","0.1370564103126526","537","537","537"
"53899","0.13696333765983582","0.13696333765983582","0.13696333765983582","538","538","538"
"53999","0.13892023265361786","0.13892023265361786","0.13892023265361786","539","539","539"
"54099","0.14366520941257477","0.14366520941257477","0.14366520941257477","540","540","540"
"54199","0.14182360470294952","0.14182360470294952","0.14182360470294952","541","541","541"
"54299","0.1397733837366104","0.1397733837366104","0.1397733837366104","542","542","542"
"54399","0.13434287905693054","0.13434287905693054","0.13434287905693054","543","543","543"
"54499","0.13752859830856323","0.13752859830856323","0.13752859830856323","544","544","544"
"54599","0.13926400244235992","0.13926400244235992","0.13926400244235992","545","545","545"
"54699","0.1366848200559616","0.1366848200559616","0.1366848200559616","546","546","546"
"54799","0.13907462358474731","0.13907462358474731","0.13907462358474731","547","547","547"
"54899","0.13768306374549866","0.13768306374549866","0.13768306374549866","548","548","548"
"54999","0.13663120567798615","0.13663120567798615","0.13663120567798615","549","549","549"
"55099","0.13055270910263062","0.13055270910263062","0.13055270910263062","550","550","550"
"55199","0.14428754150867462","0.14428754150867462","0.14428754150867462","551","551","551"
"55299","0.1363445520401001","0.1363445520401001","0.1363445520401001","552","552","552"
"55399","0.13370433449745178","0.13370433449745178","0.13370433449745178","553","553","553"
"55499","0.13305577635765076","0.13305577635765076","0.13305577635765076","554","554","554"
"55599","0.13588640093803406","0.13588640093803406","0.13588640093803406","555","555","555"
"55699","0.1333201676607132","0.1333201676607132","0.1333201676607132","556","556","556"
"55799","0.13748934864997864","0.13748934864997864","0.13748934864997864","557","557","557"
"55899","0.13677085936069489","0.13677085936069489","0.13677085936069489","558","558","558"
"55999","0.13465377688407898","0.13465377688407898","0.13465377688407898","559","559","559"
"56099","0.14121054112911224","0.14121054112911224","0.14121054112911224","560","560","560"
"56199","0.13643792271614075","0.13643792271614075","0.13643792271614075","561","561","561"
"56299","0.13984636962413788","0.13984636962413788","0.13984636962413788","562","562","562"
"56399","0.14111298322677612","0.14111298322677612","0.14111298322677612","563","563","563"
"56499","0.14351974427700043","0.14351974427700043","0.14351974427700043","564","564","564"
"56599","0.13875192403793335","0.13875192403793335","0.13875192403793335","565","565","565"
"56699","0.1464536041021347","0.1464536041021347","0.1464536041021347","566","566","566"
"56799","0.13904902338981628","0.13904902338981628","0.13904902338981628","567","567","567"
"56899","0.13175764679908752","0.13175764679908752","0.13175764679908752","568","568","568"
"56999","0.13136032223701477","0.13136032223701477","0.13136032223701477","569","569","569"
"57099","0.1367512345314026","0.1367512345314026","0.1367512345314026","570","570","570"
"57199","0.13659422099590302","0.13659422099590302","0.13659422099590302","571","571","571"
"57299","0.13687816262245178","0.13687816262245178","0.13687816262245178","572","572","572"
"57399","0.1405869424343109","0.1405869424343109","0.1405869424343109","573","573","573"
"57499","0.1352517306804657","0.1352517306804657","0.1352517306804657","574","574","574"
"57599","0.13247045874595642","0.13247045874595642","0.13247045874595642","575","575","575"
"57699","0.1383465826511383","0.1383465826511383","0.1383465826511383","576","576","576"
"57799","0.1397624909877777","0.1397624909877777","0.1397624909877777","577","577","577"
"57899","0.13856592774391174","0.13856592774391174","0.13856592774391174","578","578","578"
"57999","0.13836678862571716","0.13836678862571716","0.13836678862571716","579","579","579"
"58099","0.13963449001312256","0.13963449001312256","0.13963449001312256","580","580","580"
"58199","0.13702034950256348","0.13702034950256348","0.13702034950256348","581","581","581"
"58299","0.1376137137413025","0.1376137137413025","0.1376137137413025","582","582","582"
"58399","0.13602370023727417","0.13602370023727417","0.13602370023727417","583","583","583"
"58499","0.1363062709569931","0.1363062709569931","0.1363062709569931","584","584","584"
"58599","0.1352548450231552","0.1352548450231552","0.1352548450231552","585","585","585"
"58699","0.14230714738368988","0.14230714738368988","0.14230714738368988","586","586","586"
"58799","0.14167559146881104","0.14167559146881104","0.14167559146881104","587","587","587"
"58899","0.13826362788677216","0.13826362788677216","0.13826362788677216","588","588","588"
"58999","0.13438521325588226","0.13438521325588226","0.13438521325588226","589","589","589"
"59099","0.1393124908208847","0.1393124908208847","0.1393124908208847","590","590","590"
"59199","0.13807819783687592","0.13807819783687592","0.13807819783687592","591","591","591"
"59299","0.14174948632717133","0.14174948632717133","0.14174948632717133","592","592","592"
"59399","0.13280288875102997","0.13280288875102997","0.13280288875102997","593","593","593"
"59499","0.13088458776474","0.13088458776474","0.13088458776474","594","594","594"
"59599","0.1359807848930359","0.1359807848930359","0.1359807848930359","595","595","595"
"59699","0.13478220999240875","0.13478220999240875","0.13478220999240875","596","596","596"
"59799","0.13281035423278809","0.13281035423278809","0.13281035423278809","597","597","597"
"59899","0.13491575419902802","0.13491575419902802","0.13491575419902802","598","598","598"
"59999","0.13621747493743896","0.13621747493743896","0.13621747493743896","599","599","599"
"60099","0.14026755094528198","0.14026755094528198","0.14026755094528198","600","600","600"
"60199","0.12879452109336853","0.12879452109336853","0.12879452109336853","601","601","601"
"60299","0.13258059322834015","0.13258059322834015","0.13258059322834015","602","602","602"
"60399","0.13772383332252502","0.13772383332252502","0.13772383332252502","603","603","603"
"60499","0.13599051535129547","0.13599051535129547","0.13599051535129547","604","604","604"
"60599","0.13208048045635223","0.13208048045635223","0.13208048045635223","605","605","605"
"60699","0.13320201635360718","0.13320201635360718","0.13320201635360718","606","606","606"
"60799","0.14070959389209747","0.14070959389209747","0.14070959389209747","607","607","607"
"60899","0.14369873702526093","0.14369873702526093","0.14369873702526093","608","608","608"
"60999","0.1363314688205719","0.1363314688205719","0.1363314688205719","609","609","609"
"61099","0.13866759836673737","0.13866759836673737","0.13866759836673737","610","610","610"
"61199","0.13131533563137054","0.13131533563137054","0.13131533563137054","611","611","611"
"61299","0.13984104990959167","0.13984104990959167","0.13984104990959167","612","612","612"
"61399","0.1334313005208969","0.1334313005208969","0.1334313005208969","613","613","613"
"61499","0.13798683881759644","0.13798683881759644","0.13798683881759644","614","614","614"
"61599","0.1329050213098526","0.1329050213098526","0.1329050213098526","615","615","615"
"61699","0.132999986410141","0.132999986410141","0.132999986410141","616","616","616"
"61799","0.1355816274881363","0.1355816274881363","0.1355816274881363","617","617","617"
"61899","0.134935200214386","0.134935200214386","0.134935200214386","618","618","618"
"61999","0.1365732103586197","0.1365732103586197","0.1365732103586197","619","619","619"
"62099","0.13839516043663025","0.13839516043663025","0.13839516043663025","620","620","620"
"62199","0.12580899894237518","0.12580899894237518","0.12580899894237518","621","621","621"
"62299","0.12977127730846405","0.12977127730846405","0.12977127730846405","622","622","622"
"62399","0.13350388407707214","0.13350388407707214","0.13350388407707214","623","623","623"
"62499","0.1385888010263443","0.1385888010263443","0.1385888010263443","624","624","624"
"62599","0.13483384251594543","0.13483384251594543","0.13483384251594543","625","625","625"
"62699","0.13339358568191528","0.13339358568191528","0.13339358568191528","626","626","626"
"62799","0.1364588886499405","0.1364588886499405","0.1364588886499405","627","627","627"
"62899","0.13260389864444733","0.13260389864444733","0.13260389864444733","628","628","628"
"62999","0.13657759130001068","0.13657759130001068","0.13657759130001068","629","629","629"
"63099","0.13377617299556732","0.13377617299556732","0.13377617299556732","630","630","630"
"63199","0.13682587444782257","0.13682587444782257","0.13682587444782257","631","631","631"
"63299","0.13782304525375366","0.13782304525375366","0.13782304525375366","632","632","632"
"63399","0.1327933967113495","0.1327933967113495","0.1327933967113495","633","633","633"
"63499","0.13638700544834137","0.13638700544834137","0.13638700544834137","634","634","634"
"63599","0.1389232724905014","0.1389232724905014","0.1389232724905014","635","635","635"
"63699","0.14091098308563232","0.14091098308563232","0.14091098308563232","636","636","636"
"63799","0.1404486447572708","0.1404486447572708","0.1404486447572708","637","637","637"
"63899","0.1296042948961258","0.1296042948961258","0.1296042948961258","638","638","638"
"63999","0.14024950563907623","0.14024950563907623","0.14024950563907623","639","639","639"
"64099","0.13970740139484406","0.13970740139484406","0.13970740139484406","640","640","640"
"64199","0.13428401947021484","0.13428401947021484","0.13428401947021484","641","641","641"
"64299","0.13530763983726501","0.13530763983726501","0.13530763983726501","642","642","642"
"64399","0.13576743006706238","0.13576743006706238","0.13576743006706238","643","643","643"
"64499","0.1335529088973999","0.1335529088973999","0.1335529088973999","644","644","644"
"64599","0.13791872560977936","0.13791872560977936","0.13791872560977936","645","645","645"
"64699","0.13536715507507324","0.13536715507507324","0.13536715507507324","646","646","646"
"64799","0.13117124140262604","0.13117124140262604","0.13117124140262604","647","647","647"
"64899","0.13517388701438904","0.13517388701438904","0.13517388701438904","648","648","648"
"64999","0.1392059028148651","0.1392059028148651","0.1392059028148651","649","649","649"
"65099","0.13785947859287262","0.13785947859287262","0.13785947859287262","650","650","650"
"65199","0.13171367347240448","0.13171367347240448","0.13171367347240448","651","651","651"
"65299","0.13661886751651764","0.13661886751651764","0.13661886751651764","652","652","652"
"65399","0.13595761358737946","0.13595761358737946","0.13595761358737946","653","653","653"
"65499","0.13094262778759003","0.13094262778759003","0.13094262778759003","654","654","654"
"65599","0.13235878944396973","0.13235878944396973","0.13235878944396973","655","655","655"
"65699","0.1404789388179779","0.1404789388179779","0.1404789388179779","656","656","656"
"65799","0.13683880865573883","0.13683880865573883","0.13683880865573883","657","657","657"
"65899","0.13103386759757996","0.13103386759757996","0.13103386759757996","658","658","658"
"65999","0.13609851896762848","0.13609851896762848","0.13609851896762848","659","659","659"
"66099","0.1326284557580948","0.1326284557580948","0.1326284557580948","660","660","660"
"66199","0.13357263803482056","0.13357263803482056","0.13357263803482056","661","661","661"
"66299","0.1300218105316162","0.1300218105316162","0.1300218105316162","662","662","662"
"66399","0.1441967934370041","0.1441967934370041","0.1441967934370041","663","663","663"
"66499","0.1356494426727295","0.1356494426727295","0.1356494426727295","664","664","664"
"66599","0.14083097875118256","0.14083097875118256","0.14083097875118256","665","665","665"
"66699","0.13687054812908173","0.13687054812908173","0.13687054812908173","666","666","666"
"66799","0.13366292417049408","0.13366292417049408","0.13366292417049408","667","667","667"
"66899","0.13896654546260834","0.13896654546260834","0.13896654546260834","668","668","668"
"66999","0.13471943140029907","0.13471943140029907","0.13471943140029907","669","669","669"
"67099","0.13352026045322418","0.13352026045322418","0.13352026045322418","670","670","670"
"67199","0.131317600607872","0.131317600607872","0.131317600607872","671","671","671"
"67299","0.13870297372341156","0.13870297372341156","0.13870297372341156","672","672","672"
"67399","0.1436050683259964","0.1436050683259964","0.1436050683259964","673","673","673"
"67499","0.13886496424674988","0.13886496424674988","0.13886496424674988","674","674","674"
"67599","0.13490381836891174","0.13490381836891174","0.13490381836891174","675","675","675"
"67699","0.1334044635295868","0.1334044635295868","0.1334044635295868","676","676","676"
"67799","0.1391075700521469","0.1391075700521469","0.1391075700521469","677","677","677"
"67899","0.12540727853775024","0.12540727853775024","0.12540727853775024","678","678","678"
"67999","0.13550877571105957","0.13550877571105957","0.13550877571105957","679","679","679"
"68099","0.13847461342811584","0.13847461342811584","0.13847461342811584","680","680","680"
"68199","0.1351098269224167","0.1351098269224167","0.1351098269224167","681","681","681"
"68299","0.13853560388088226","0.13853560388088226","0.13853560388088226","682","682","682"
"68399","0.13695307075977325","0.13695307075977325","0.13695307075977325","683","683","683"
"68499","0.13403809070587158","0.13403809070587158","0.13403809070587158","684","684","684"
"68599","0.13370473682880402","0.13370473682880402","0.13370473682880402","685","685","685"
"68699","0.13530156016349792","0.13530156016349792","0.13530156016349792","686","686","686"
"68799","0.1405949592590332","0.1405949592590332","0.1405949592590332","687","687","687"
"68899","0.13855424523353577","0.13855424523353577","0.13855424523353577","688","688","688"
"68999","0.13232819736003876","0.13232819736003876","0.13232819736003876","689","689","689"
"69099","0.13699974119663239","0.13699974119663239","0.13699974119663239","690","690","690"
"69199","0.14005620777606964","0.14005620777606964","0.14005620777606964","691","691","691"
"69299","0.13460016250610352","0.13460016250610352","0.13460016250610352","692","692","692"
"69399","0.13443532586097717","0.13443532586097717","0.13443532586097717","693","693","693"
"69499","0.13196206092834473","0.13196206092834473","0.13196206092834473","694","694","694"
"69599","0.14077842235565186","0.14077842235565186","0.14077842235565186","695","695","695"
"69699","0.13414353132247925","0.13414353132247925","0.13414353132247925","696","696","696"
"69799","0.13826435804367065","0.13826435804367065","0.13826435804367065","697","697","697"
"69899","0.13598431646823883","0.13598431646823883","0.13598431646823883","698","698","698"
"69999","0.13432419300079346","0.13432419300079346","0.13432419300079346","699","699","699"
"70099","0.14017856121063232","0.14017856121063232","0.14017856121063232","700","700","700"
"70199","0.137625053524971","0.137625053524971","0.137625053524971","701","701","701"
"70299","0.1334119737148285","0.1334119737148285","0.1334119737148285","702","702","702"
"70399","0.13424089550971985","0.13424089550971985","0.13424089550971985","703","703","703"
"70499","0.12880390882492065","0.12880390882492065","0.12880390882492065","704","704","704"
"70599","0.12964677810668945","0.12964677810668945","0.12964677810668945","705","705","705"
"70699","0.12931670248508453","0.12931670248508453","0.12931670248508453","706","706","706"
"70799","0.13443738222122192","0.13443738222122192","0.13443738222122192","707","707","707"
"70899","0.13117708265781403","0.13117708265781403","0.13117708265781403","708","708","708"
"70999","0.14400163292884827","0.14400163292884827","0.14400163292884827","709","709","709"
"71099","0.13774912059307098","0.13774912059307098","0.13774912059307098","710","710","710"
"71199","0.13442637026309967","0.13442637026309967","0.13442637026309967","711","711","711"
"71299","0.1284283548593521","0.1284283548593521","0.1284283548593521","712","712","712"
"71399","0.1410204917192459","0.1410204917192459","0.1410204917192459","713","713","713"
"71499","0.13285358250141144","0.13285358250141144","0.13285358250141144","714","714","714"
"71599","0.13647213578224182","0.13647213578224182","0.13647213578224182","715","715","715"
"71699","0.1402978003025055","0.1402978003025055","0.1402978003025055","716","716","716"
"71799","0.13150809705257416","0.13150809705257416","0.13150809705257416","717","717","717"
"71899","0.13804586231708527","0.13804586231708527","0.13804586231708527","718","718","718"
"71999","0.13315166532993317","0.13315166532993317","0.13315166532993317","719","719","719"
"72099","0.13262169063091278","0.13262169063091278","0.13262169063091278","720","720","720"
"72199","0.12927554547786713","0.12927554547786713","0.12927554547786713","721","721","721"
"72299","0.13646133244037628","0.13646133244037628","0.13646133244037628","722","722","722"
"72399","0.13436752557754517","0.13436752557754517","0.13436752557754517","723","723","723"
"72499","0.13371296226978302","0.13371296226978302","0.13371296226978302","724","724","724"
"72599","0.13553982973098755","0.13553982973098755","0.13553982973098755","725","725","725"
"72699","0.13659732043743134","0.13659732043743134","0.13659732043743134","726","726","726"
"72799","0.13326998054981232","0.13326998054981232","0.13326998054981232","727","727","727"
"72899","0.1404200941324234","0.1404200941324234","0.1404200941324234","728","728","728"
"72999","0.13600847125053406","0.13600847125053406","0.13600847125053406","729","729","729"
"73099","0.1336083859205246","0.1336083859205246","0.1336083859205246","730","730","730"
"73199","0.1367945820093155","0.1367945820093155","0.1367945820093155","731","731","731"
"73299","0.12859874963760376","0.12859874963760376","0.12859874963760376","732","732","732"
"73399","0.13477498292922974","0.13477498292922974","0.13477498292922974","733","733","733"
"73499","0.1401137411594391","0.1401137411594391","0.1401137411594391","734","734","734"
"73599","0.13480305671691895","0.13480305671691895","0.13480305671691895","735","735","735"
"73699","0.1362474262714386","0.1362474262714386","0.1362474262714386","736","736","736"
"73799","0.13164149224758148","0.13164149224758148","0.13164149224758148","737","737","737"
"73899","0.1323988437652588","0.1323988437652588","0.1323988437652588","738","738","738"
"73999","0.13243648409843445","0.13243648409843445","0.13243648409843445","739","739","739"
"74099","0.13953499495983124","0.13953499495983124","0.13953499495983124","740","740","740"
"74199","0.13129787147045135","0.13129787147045135","0.13129787147045135","741","741","741"
"74299","0.13571928441524506","0.13571928441524506","0.13571928441524506","742","742","742"
"74399","0.1388998180627823","0.1388998180627823","0.1388998180627823","743","743","743"
"74499","0.135054811835289","0.135054811835289","0.135054811835289","744","744","744"
"74599","0.13890677690505981","0.13890677690505981","0.13890677690505981","745","745","745"
"74699","0.13300839066505432","0.13300839066505432","0.13300839066505432","746","746","746"
"74799","0.131111741065979","0.131111741065979","0.131111741065979","747","747","747"
"74899","0.1339646279811859","0.1339646279811859","0.1339646279811859","748","748","748"
"74999","0.1369638890028","0.1369638890028","0.1369638890028","749","749","749"
"75099","0.13276776671409607","0.13276776671409607","0.13276776671409607","750","750","750"
"75199","0.1369653046131134","0.1369653046131134","0.1369653046131134","751","751","751"
"75299","0.13407458364963531","0.13407458364963531","0.13407458364963531","752","752","752"
"75399","0.13341154158115387","0.13341154158115387","0.13341154158115387","753","753","753"
"75499","0.1380332112312317","0.1380332112312317","0.1380332112312317","754","754","754"
"75599","0.13130126893520355","0.13130126893520355","0.13130126893520355","755","755","755"
"75699","0.1381022036075592","0.1381022036075592","0.1381022036075592","756","756","756"
"75799","0.13815656304359436","0.13815656304359436","0.13815656304359436","757","757","757"
"75899","0.1386834681034088","0.1386834681034088","0.1386834681034088","758","758","758"
"75999","0.1362539380788803","0.1362539380788803","0.1362539380788803","759","759","759"
"76099","0.13863658905029297","0.13863658905029297","0.13863658905029297","760","760","760"
"76199","0.13396939635276794","0.13396939635276794","0.13396939635276794","761","761","761"
"76299","0.13435712456703186","0.13435712456703186","0.13435712456703186","762","762","762"
"76399","0.14458246529102325","0.14458246529102325","0.14458246529102325","763","763","763"
"76499","0.13555505871772766","0.13555505871772766","0.13555505871772766","764","764","764"
"76599","0.13180485367774963","0.13180485367774963","0.13180485367774963","765","765","765"
"76699","0.13522638380527496","0.13522638380527496","0.13522638380527496","766","766","766"
"76799","0.1378909796476364","0.1378909796476364","0.1378909796476364","767","767","767"
"76899","0.13094185292720795","0.13094185292720795","0.13094185292720795","768","768","768"
"76999","0.12731631100177765","0.12731631100177765","0.12731631100177765","769","769","769"
"77099","0.1389043629169464","0.1389043629169464","0.1389043629169464","770","770","770"
"77199","0.13373501598834991","0.13373501598834991","0.13373501598834991","771","771","771"
"77299","0.1327195018529892","0.1327195018529892","0.1327195018529892","772","772","772"
"77399","0.13355471193790436","0.13355471193790436","0.13355471193790436","773","773","773"
"77499","0.13659483194351196","0.13659483194351196","0.13659483194351196","774","774","774"
"77599","0.13730189204216003","0.13730189204216003","0.13730189204216003","775","775","775"
"77699","0.13071179389953613","0.13071179389953613","0.13071179389953613","776","776","776"
"77799","0.13510827720165253","0.13510827720165253","0.13510827720165253","777","777","777"
"77899","0.13230207562446594","0.13230207562446594","0.13230207562446594","778","778","778"
"77999","0.13833914697170258","0.13833914697170258","0.13833914697170258","779","779","779"
"78099","0.14024774730205536","0.14024774730205536","0.14024774730205536","780","780","780"
"78199","0.13637594878673553","0.13637594878673553","0.13637594878673553","781","781","781"
"78299","0.13807475566864014","0.13807475566864014","0.13807475566864014","782","782","782"
"78399","0.13768570125102997","0.13768570125102997","0.13768570125102997","783","783","783"
"78499","0.13354472815990448","0.13354472815990448","0.13354472815990448","784","784","784"
"78599","0.1357007622718811","0.1357007622718811","0.1357007622718811","785","785","785"
"78699","0.1348033994436264","0.1348033994436264","0.1348033994436264","786","786","786"
"78799","0.1224864274263382","0.1224864274263382","0.1224864274263382","787","787","787"
"78899","0.13617190718650818","0.13617190718650818","0.13617190718650818","788","788","788"
"78999","0.1389741599559784","0.1389741599559784","0.1389741599559784","789","789","789"
"79099","0.1367240846157074","0.1367240846157074","0.1367240846157074","790","790","790"
"79199","0.1333104819059372","0.1333104819059372","0.1333104819059372","791","791","791"
"79299","0.1385212540626526","0.1385212540626526","0.1385212540626526","792","792","792"
"79399","0.14105431735515594","0.14105431735515594","0.14105431735515594","793","793","793"
"79499","0.1371503621339798","0.1371503621339798","0.1371503621339798","794","794","794"
"79599","0.14375169575214386","0.14375169575214386","0.14375169575214386","795","795","795"
"79699","0.13369549810886383","0.13369549810886383","0.13369549810886383","796","796","796"
"79799","0.13734780251979828","0.13734780251979828","0.13734780251979828","797","797","797"
"79899","0.1392032355070114","0.1392032355070114","0.1392032355070114","798","798","798"
"79999","0.13431523740291595","0.13431523740291595","0.13431523740291595","799","799","799"
"80099","0.13402396440505981","0.13402396440505981","0.13402396440505981","800","800","800"
"80199","0.14239926636219025","0.14239926636219025","0.14239926636219025","801","801","801"
"80299","0.13423053920269012","0.13423053920269012","0.13423053920269012","802","802","802"
"80399","0.1387769728899002","0.1387769728899002","0.1387769728899002","803","803","803"
"80499","0.1362723410129547","0.1362723410129547","0.1362723410129547","804","804","804"
"80599","0.129536971449852","0.129536971449852","0.129536971449852","805","805","805"
"80699","0.13202537596225739","0.13202537596225739","0.13202537596225739","806","806","806"
"80799","0.1374649703502655","0.1374649703502655","0.1374649703502655","807","807","807"
"80899","0.1372629702091217","0.1372629702091217","0.1372629702091217","808","808","808"
"80999","0.1373414248228073","0.1373414248228073","0.1373414248228073","809","809","809"
"81099","0.13993750512599945","0.13993750512599945","0.13993750512599945","810","810","810"
"81199","0.13595779240131378","0.13595779240131378","0.13595779240131378","811","811","811"
"81299","0.13797873258590698","0.13797873258590698","0.13797873258590698","812","812","812"
"81399","0.1412905901670456","0.1412905901670456","0.1412905901670456","813","813","813"
"81499","0.13500098884105682","0.13500098884105682","0.13500098884105682","814","814","814"
"81599","0.1398097723722458","0.1398097723722458","0.1398097723722458","815","815","815"
"81699","0.13247118890285492","0.13247118890285492","0.13247118890285492","816","816","816"
"81799","0.13069592416286469","0.13069592416286469","0.13069592416286469","817","817","817"
"81899","0.13525822758674622","0.13525822758674622","0.13525822758674622","818","818","818"
"81999","0.1367725282907486","0.1367725282907486","0.1367725282907486","819","819","819"
"82099","0.13888680934906006","0.13888680934906006","0.13888680934906006","820","820","820"
"82199","0.1409420371055603","0.1409420371055603","0.1409420371055603","821","821","821"
"82299","0.1343986839056015","0.1343986839056015","0.1343986839056015","822","822","822"
"82399","0.131566122174263","0.131566122174263","0.131566122174263","823","823","823"
"82499","0.13016973435878754","0.13016973435878754","0.13016973435878754","824","824","824"
"82599","0.13534575700759888","0.13534575700759888","0.13534575700759888","825","825","825"
"82699","0.1408786028623581","0.1408786028623581","0.1408786028623581","826","826","826"
"82799","0.139700785279274","0.139700785279274","0.139700785279274","827","827","827"
"82899","0.13798624277114868","0.13798624277114868","0.13798624277114868","828","828","828"
"82999","0.13698551058769226","0.13698551058769226","0.13698551058769226","829","829","829"
"83099","0.13528116047382355","0.13528116047382355","0.13528116047382355","830","830","830"
"83199","0.1298803836107254","0.1298803836107254","0.1298803836107254","831","831","831"
"83299","0.13527122139930725","0.13527122139930725","0.13527122139930725","832","832","832"
"83399","0.1369103640317917","0.1369103640317917","0.1369103640317917","833","833","833"
"83499","0.12935200333595276","0.12935200333595276","0.12935200333595276","834","834","834"
"83599","0.13269217312335968","0.13269217312335968","0.13269217312335968","835","835","835"
"83699","0.14136536419391632","0.14136536419391632","0.14136536419391632","836","836","836"
"83799","0.1382625252008438","0.1382625252008438","0.1382625252008438","837","837","837"
"83899","0.125237837433815","0.125237837433815","0.125237837433815","838","838","838"
"83999","0.1291980743408203","0.1291980743408203","0.1291980743408203","839","839","839"
"84099","0.13183598220348358","0.13183598220348358","0.13183598220348358","840","840","840"
"84199","0.13278155028820038","0.13278155028820038","0.13278155028820038","841","841","841"
"84299","0.1392790973186493","0.1392790973186493","0.1392790973186493","842","842","842"
"84399","0.1374257206916809","0.1374257206916809","0.1374257206916809","843","843","843"
"84499","0.13413724303245544","0.13413724303245544","0.13413724303245544","844","844","844"
"84599","0.1378406137228012","0.1378406137228012","0.1378406137228012","845","845","845"
"84699","0.13728958368301392","0.13728958368301392","0.13728958368301392","846","846","846"
"84799","0.1371263712644577","0.1371263712644577","0.1371263712644577","847","847","847"
"84899","0.1328577846288681","0.1328577846288681","0.1328577846288681","848","848","848"
"84999","0.1329968124628067","0.1329968124628067","0.1329968124628067","849","849","849"
"85099","0.13611090183258057","0.13611090183258057","0.13611090183258057","850","850","850"
"85199","0.13845695555210114","0.13845695555210114","0.13845695555210114","851","851","851"
"85299","0.1373300999403","0.1373300999403","0.1373300999403","852","852","852"
"85399","0.12573647499084473","0.12573647499084473","0.12573647499084473","853","853","853"
"85499","0.1297006756067276","0.1297006756067276","0.1297006756067276","854","854","854"
"85599","0.13192470371723175","0.13192470371723175","0.13192470371723175","855","855","855"
"85699","0.13333068788051605","0.13333068788051605","0.13333068788051605","856","856","856"
"85799","0.13274626433849335","0.13274626433849335","0.13274626433849335","857","857","857"
"85899","0.13707531988620758","0.13707531988620758","0.13707531988620758","858","858","858"
"85999","0.1315077245235443","0.1315077245235443","0.1315077245235443","859","859","859"
"86099","0.14012911915779114","0.14012911915779114","0.14012911915779114","860","860","860"
"86199","0.1353229284286499","0.1353229284286499","0.1353229284286499","861","861","861"
"86299","0.13138414919376373","0.13138414919376373","0.13138414919376373","862","862","862"
"86399","0.13024960458278656","0.13024960458278656","0.13024960458278656","863","863","863"
"86499","0.13887456059455872","0.13887456059455872","0.13887456059455872","864","864","864"
"86599","0.1318138688802719","0.1318138688802719","0.1318138688802719","865","865","865"
"86699","0.13644804060459137","0.13644804060459137","0.13644804060459137","866","866","866"
"86799","0.12534871697425842","0.12534871697425842","0.12534871697425842","867","867","867"
"86899","0.12712043523788452","0.12712043523788452","0.12712043523788452","868","868","868"
"86999","0.13218502700328827","0.13218502700328827","0.13218502700328827","869","869","869"
"87099","0.1370319128036499","0.1370319128036499","0.1370319128036499","870","870","870"
"87199","0.1341010481119156","0.1341010481119156","0.1341010481119156","871","871","871"
"87299","0.1334739327430725","0.1334739327430725","0.1334739327430725","872","872","872"
"87399","0.1409868746995926","0.1409868746995926","0.1409868746995926","873","873","873"
"87499","0.1412993222475052","0.1412993222475052","0.1412993222475052","874","874","874"
"87599","0.14052262902259827","0.14052262902259827","0.14052262902259827","875","875","875"
"87699","0.13035240769386292","0.13035240769386292","0.13035240769386292","876","876","876"
"87799","0.14018367230892181","0.14018367230892181","0.14018367230892181","877","877","877"
"87899","0.1309962421655655","0.1309962421655655","0.1309962421655655","878","878","878"
"87999","0.13462916016578674","0.13462916016578674","0.13462916016578674","879","879","879"
"88099","0.13444386422634125","0.13444386422634125","0.13444386422634125","880","880","880"
"88199","0.13392333686351776","0.13392333686351776","0.13392333686351776","881","881","881"
"88299","0.13138462603092194","0.13138462603092194","0.13138462603092194","882","882","882"
"88399","0.1319090723991394","0.1319090723991394","0.1319090723991394","883","883","883"
"88499","0.13067403435707092","0.13067403435707092","0.13067403435707092","884","884","884"
"88599","0.13403183221817017","0.13403183221817017","0.13403183221817017","885","885","885"
"88699","0.1319592446088791","0.1319592446088791","0.1319592446088791","886","886","886"
"88799","0.1351454257965088","0.1351454257965088","0.1351454257965088","887","887","887"
"88899","0.1384768933057785","0.1384768933057785","0.1384768933057785","888","888","888"
"88999","0.1261492818593979","0.1261492818593979","0.1261492818593979","889","889","889"
"89099","0.1406421810388565","0.1406421810388565","0.1406421810388565","890","890","890"
"89199","0.1346844583749771","0.1346844583749771","0.1346844583749771","891","891","891"
"89299","0.13404184579849243","0.13404184579849243","0.13404184579849243","892","892","892"
"89399","0.13712896406650543","0.13712896406650543","0.13712896406650543","893","893","893"
"89499","0.13251900672912598","0.13251900672912598","0.13251900672912598","894","894","894"
"89599","0.1364716738462448","0.1364716738462448","0.1364716738462448","895","895","895"
"89699","0.14014293253421783","0.14014293253421783","0.14014293253421783","896","896","896"
"89799","0.12954358756542206","0.12954358756542206","0.12954358756542206","897","897","897"
"89899","0.13607938587665558","0.13607938587665558","0.13607938587665558","898","898","898"
"89999","0.13656726479530334","0.13656726479530334","0.13656726479530334","899","899","899"
"90099","0.13115397095680237","0.13115397095680237","0.13115397095680237","900","900","900"
"90199","0.14145706593990326","0.14145706593990326","0.14145706593990326","901","901","901"
"90299","0.1408570557832718","0.1408570557832718","0.1408570557832718","902","902","902"
"90399","0.13433244824409485","0.13433244824409485","0.13433244824409485","903","903","903"
"90499","0.13306176662445068","0.13306176662445068","0.13306176662445068","904","904","904"
"90599","0.1293826550245285","0.1293826550245285","0.1293826550245285","905","905","905"
"90699","0.13237762451171875","0.13237762451171875","0.13237762451171875","906","906","906"
"90799","0.13906779885292053","0.13906779885292053","0.13906779885292053","907","907","907"
"90899","0.13491934537887573","0.13491934537887573","0.13491934537887573","908","908","908"
"90999","0.1355559080839157","0.1355559080839157","0.1355559080839157","909","909","909"
"91099","0.13296863436698914","0.13296863436698914","0.13296863436698914","910","910","910"
"91199","0.1296178102493286","0.1296178102493286","0.1296178102493286","911","911","911"
"91299","0.13693749904632568","0.13693749904632568","0.13693749904632568","912","912","912"
"91399","0.13605064153671265","0.13605064153671265","0.13605064153671265","913","913","913"
"91499","0.13201428949832916","0.13201428949832916","0.13201428949832916","914","914","914"
"91599","0.14323680102825165","0.14323680102825165","0.14323680102825165","915","915","915"
"91699","0.1343526989221573","0.1343526989221573","0.1343526989221573","916","916","916"
"91799","0.13555634021759033","0.13555634021759033","0.13555634021759033","917","917","917"
"91899","0.13448533415794373","0.13448533415794373","0.13448533415794373","918","918","918"
"91999","0.13183699548244476","0.13183699548244476","0.13183699548244476","919","919","919"
"92099","0.13579398393630981","0.13579398393630981","0.13579398393630981","920","920","920"
"92199","0.13136278092861176","0.13136278092861176","0.13136278092861176","921","921","921"
"92299","0.1259416788816452","0.1259416788816452","0.1259416788816452","922","922","922"
"92399","0.1359124779701233","0.1359124779701233","0.1359124779701233","923","923","923"
"92499","0.13531087338924408","0.13531087338924408","0.13531087338924408","924","924","924"
"92599","0.141814723610878","0.141814723610878","0.141814723610878","925","925","925"
"92699","0.13474075496196747","0.13474075496196747","0.13474075496196747","926","926","926"
"92799","0.13697129487991333","0.13697129487991333","0.13697129487991333","927","927","927"
"92899","0.13207313418388367","0.13207313418388367","0.13207313418388367","928","928","928"
"92999","0.1257246732711792","0.1257246732711792","0.1257246732711792","929","929","929"
"93099","0.1347893327474594","0.1347893327474594","0.1347893327474594","930","930","930"
"93199","0.13523845374584198","0.13523845374584198","0.13523845374584198","931","931","931"
"93299","0.13435637950897217","0.13435637950897217","0.13435637950897217","932","932","932"
"93399","0.13207805156707764","0.13207805156707764","0.13207805156707764","933","933","933"
"93499","0.13258126378059387","0.13258126378059387","0.13258126378059387","934","934","934"
"93599","0.13566277921199799","0.13566277921199799","0.13566277921199799","935","935","935"
"93699","0.1314060240983963","0.1314060240983963","0.1314060240983963","936","936","936"
"93799","0.1322057843208313","0.1322057843208313","0.1322057843208313","937","937","937"
"93899","0.13923437893390656","0.13923437893390656","0.13923437893390656","938","938","938"
"93999","0.13524192571640015","0.13524192571640015","0.13524192571640015","939","939","939"
"94099","0.1385161131620407","0.1385161131620407","0.1385161131620407","940","940","940"
"94199","0.13953177630901337","0.13953177630901337","0.13953177630901337","941","941","941"
"94299","0.13888998329639435","0.13888998329639435","0.13888998329639435","942","942","942"
"94399","0.13910119235515594","0.13910119235515594","0.13910119235515594","943","943","943"
"94499","0.1361139416694641","0.1361139416694641","0.1361139416694641","944","944","944"
"94599","0.13069961965084076","0.13069961965084076","0.13069961965084076","945","945","945"
"94699","0.1307278722524643","0.1307278722524643","0.1307278722524643","946","946","946"
"94799","0.1311526745557785","0.1311526745557785","0.1311526745557785","947","947","947"
"94899","0.1344713419675827","0.1344713419675827","0.1344713419675827","948","948","948"
"94999","0.1330571472644806","0.1330571472644806","0.1330571472644806","949","949","949"
"95099","0.1363152712583542","0.1363152712583542","0.1363152712583542","950","950","950"
"95199","0.13059990108013153","0.13059990108013153","0.13059990108013153","951","951","951"
"95299","0.13477186858654022","0.13477186858654022","0.13477186858654022","952","952","952"
"95399","0.1328597068786621","0.1328597068786621","0.1328597068786621","953","953","953"
"95499","0.13099555671215057","0.13099555671215057","0.13099555671215057","954","954","954"
"95599","0.13055823743343353","0.13055823743343353","0.13055823743343353","955","955","955"
"95699","0.1391158252954483","0.1391158252954483","0.1391158252954483","956","956","956"
"95799","0.1331055909395218","0.1331055909395218","0.1331055909395218","957","957","957"
"95899","0.1330113559961319","0.1330113559961319","0.1330113559961319","958","958","958"
"95999","0.1362064778804779","0.1362064778804779","0.1362064778804779","959","959","959"
"96099","0.1292893886566162","0.1292893886566162","0.1292893886566162","960","960","960"
"96199","0.12829864025115967","0.12829864025115967","0.12829864025115967","961","961","961"
"96299","0.13206279277801514","0.13206279277801514","0.13206279277801514","962","962","962"
"96399","0.13545681536197662","0.13545681536197662","0.13545681536197662","963","963","963"
"96499","0.13611415028572083","0.13611415028572083","0.13611415028572083","964","964","964"
"96599","0.13305513560771942","0.13305513560771942","0.13305513560771942","965","965","965"
"96699","0.12842310965061188","0.12842310965061188","0.12842310965061188","966","966","966"
"96799","0.13903065025806427","0.13903065025806427","0.13903065025806427","967","967","967"
"96899","0.14029017090797424","0.14029017090797424","0.14029017090797424","968","968","968"
"96999","0.13618025183677673","0.13618025183677673","0.13618025183677673","969","969","969"
"97099","0.1362001597881317","0.1362001597881317","0.1362001597881317","970","970","970"
"97199","0.12644582986831665","0.12644582986831665","0.12644582986831665","971","971","971"
"97299","0.13831371068954468","0.13831371068954468","0.13831371068954468","972","972","972"
"97399","0.12917771935462952","0.12917771935462952","0.12917771935462952","973","973","973"
"97499","0.13402801752090454","0.13402801752090454","0.13402801752090454","974","974","974"
"97599","0.1365816593170166","0.1365816593170166","0.1365816593170166","975","975","975"
"97699","0.13323962688446045","0.13323962688446045","0.13323962688446045","976","976","976"
"97799","0.1320100575685501","0.1320100575685501","0.1320100575685501","977","977","977"
"97899","0.13029682636260986","0.13029682636260986","0.13029682636260986","978","978","978"
"97999","0.13500873744487762","0.13500873744487762","0.13500873744487762","979","979","979"
"98099","0.129601389169693","0.129601389169693","0.129601389169693","980","980","980"
"98199","0.1304434835910797","0.1304434835910797","0.1304434835910797","981","981","981"
"98299","0.1352795660495758","0.1352795660495758","0.1352795660495758","982","982","982"
"98399","0.13332782685756683","0.13332782685756683","0.13332782685756683","983","983","983"
"98499","0.1330478936433792","0.1330478936433792","0.1330478936433792","984","984","984"
"98599","0.1276218146085739","0.1276218146085739","0.1276218146085739","985","985","985"
"98699","0.1305260956287384","0.1305260956287384","0.1305260956287384","986","986","986"
"98799","0.12942154705524445","0.12942154705524445","0.12942154705524445","987","987","987"
"98899","0.13284333050251007","0.13284333050251007","0.13284333050251007","988","988","988"
"98999","0.12756365537643433","0.12756365537643433","0.12756365537643433","989","989","989"
"99099","0.13869436085224152","0.13869436085224152","0.13869436085224152","990","990","990"
"99199","0.1363467276096344","0.1363467276096344","0.1363467276096344","991","991","991"
"99299","0.13364970684051514","0.13364970684051514","0.13364970684051514","992","992","992"
"99399","0.13545826077461243","0.13545826077461243","0.13545826077461243","993","993","993"
"99499","0.13092127442359924","0.13092127442359924","0.13092127442359924","994","994","994"
"99599","0.13274610042572021","0.13274610042572021","0.13274610042572021","995","995","995"
"99699","0.1320054531097412","0.1320054531097412","0.1320054531097412","996","996","996"
"99799","0.13562926650047302","0.13562926650047302","0.13562926650047302","997","997","997"
"99899","0.1358095407485962","0.1358095407485962","0.1358095407485962","998","998","998"
"99999","0.13213476538658142","0.13213476538658142","0.13213476538658142","999","999","999"
"100099","0.13683809340000153","0.13683809340000153","0.13683809340000153","1000","1000","1000"
"100199","0.13405701518058777","0.13405701518058777","0.13405701518058777","1001","1001","1001"
"100299","0.13214123249053955","0.13214123249053955","0.13214123249053955","1002","1002","1002"
"100399","0.13453133404254913","0.13453133404254913","0.13453133404254913","1003","1003","1003"
"100499","0.13251811265945435","0.13251811265945435","0.13251811265945435","1004","1004","1004"
"100599","0.1368420422077179","0.1368420422077179","0.1368420422077179","1005","1005","1005"
"100699","0.13418909907341003","0.13418909907341003","0.13418909907341003","1006","1006","1006"
"100799","0.13484545052051544","0.13484545052051544","0.13484545052051544","1007","1007","1007"
"100899","0.13427568972110748","0.13427568972110748","0.13427568972110748","1008","1008","1008"
"100999","0.13676998019218445","0.13676998019218445","0.13676998019218445","1009","1009","1009"
"101099","0.13647307455539703","0.13647307455539703","0.13647307455539703","1010","1010","1010"
"101199","0.12567947804927826","0.12567947804927826","0.12567947804927826","1011","1011","1011"
"101299","0.13349168002605438","0.13349168002605438","0.13349168002605438","1012","1012","1012"
"101399","0.13406844437122345","0.13406844437122345","0.13406844437122345","1013","1013","1013"
"101499","0.13258612155914307","0.13258612155914307","0.13258612155914307","1014","1014","1014"
"101599","0.12765417993068695","0.12765417993068695","0.12765417993068695","1015","1015","1015"
"101699","0.13353602588176727","0.13353602588176727","0.13353602588176727","1016","1016","1016"
"101799","0.13623200356960297","0.13623200356960297","0.13623200356960297","1017","1017","1017"
"101899","0.1321406215429306","0.1321406215429306","0.1321406215429306","1018","1018","1018"
"101999","0.13604041934013367","0.13604041934013367","0.13604041934013367","1019","1019","1019"
"102099","0.13655443489551544","0.13655443489551544","0.13655443489551544","1020","1020","1020"
"102199","0.13661563396453857","0.13661563396453857","0.13661563396453857","1021","1021","1021"
"102299","0.14088402688503265","0.14088402688503265","0.14088402688503265","1022","1022","1022"
"102399","0.13324013352394104","0.13324013352394104","0.13324013352394104","1023","1023","1023"
"102499","0.1343056708574295","0.1343056708574295","0.1343056708574295","1024","1024","1024"
"102599","0.138097882270813","0.138097882270813","0.138097882270813","1025","1025","1025"
"102699","0.14049366116523743","0.14049366116523743","0.14049366116523743","1026","1026","1026"
"102799","0.13896667957305908","0.13896667957305908","0.13896667957305908","1027","1027","1027"
"102899","0.13149847090244293","0.13149847090244293","0.13149847090244293","1028","1028","1028"
"102999","0.1354459524154663","0.1354459524154663","0.1354459524154663","1029","1029","1029"
"103099","0.13468341529369354","0.13468341529369354","0.13468341529369354","1030","1030","1030"
"103199","0.13563476502895355","0.13563476502895355","0.13563476502895355","1031","1031","1031"
"103299","0.13187089562416077","0.13187089562416077","0.13187089562416077","1032","1032","1032"
"103399","0.1365761011838913","0.1365761011838913","0.1365761011838913","1033","1033","1033"
"103499","0.1332179754972458","0.1332179754972458","0.1332179754972458","1034","1034","1034"
"103599","0.13033844530582428","0.13033844530582428","0.13033844530582428","1035","1035","1035"
"103699","0.1375284641981125","0.1375284641981125","0.1375284641981125","1036","1036","1036"
"103799","0.134140282869339","0.134140282869339","0.134140282869339","1037","1037","1037"
"103899","0.13877148926258087","0.13877148926258087","0.13877148926258087","1038","1038","1038"
"103999","0.1320832222700119","0.1320832222700119","0.1320832222700119","1039","1039","1039"
"104099","0.12971873581409454","0.12971873581409454","0.12971873581409454","1040","1040","1040"
"104199","0.13505332171916962","0.13505332171916962","0.13505332171916962","1041","1041","1041"
"104299","0.13062609732151031","0.13062609732151031","0.13062609732151031","1042","1042","1042"
"104399","0.1340249925851822","0.1340249925851822","0.1340249925851822","1043","1043","1043"
"104499","0.13389845192432404","0.13389845192432404","0.13389845192432404","1044","1044","1044"
"104599","0.13705267012119293","0.13705267012119293","0.13705267012119293","1045","1045","1045"
"104699","0.13071192800998688","0.13071192800998688","0.13071192800998688","1046","1046","1046"
"104799","0.1292354017496109","0.1292354017496109","0.1292354017496109","1047","1047","1047"
"104899","0.13444726169109344","0.13444726169109344","0.13444726169109344","1048","1048","1048"
"104999","0.12769415974617004","0.12769415974617004","0.12769415974617004","1049","1049","1049"
"105099","0.1349150389432907","0.1349150389432907","0.1349150389432907","1050","1050","1050"
"105199","0.1388547569513321","0.1388547569513321","0.1388547569513321","1051","1051","1051"
"105299","0.13586166501045227","0.13586166501045227","0.13586166501045227","1052","1052","1052"
"105399","0.1318320333957672","0.1318320333957672","0.1318320333957672","1053","1053","1053"
"105499","0.12984949350357056","0.12984949350357056","0.12984949350357056","1054","1054","1054"
"105599","0.13343700766563416","0.13343700766563416","0.13343700766563416","1055","1055","1055"
"105699","0.1342317759990692","0.1342317759990692","0.1342317759990692","1056","1056","1056"
"105799","0.12981091439723969","0.12981091439723969","0.12981091439723969","1057","1057","1057"
"105899","0.13692058622837067","0.13692058622837067","0.13692058622837067","1058","1058","1058"
"105999","0.13357236981391907","0.13357236981391907","0.13357236981391907","1059","1059","1059"
"106099","0.13280442357063293","0.13280442357063293","0.13280442357063293","1060","1060","1060"
"106199","0.13382411003112793","0.13382411003112793","0.13382411003112793","1061","1061","1061"
"106299","0.13509264588356018","0.13509264588356018","0.13509264588356018","1062","1062","1062"
"106399","0.1297411024570465","0.1297411024570465","0.1297411024570465","1063","1063","1063"
"106499","0.13482068479061127","0.13482068479061127","0.13482068479061127","1064","1064","1064"
"106599","0.13893312215805054","0.13893312215805054","0.13893312215805054","1065","1065","1065"
"106699","0.13480781018733978","0.13480781018733978","0.13480781018733978","1066","1066","1066"
"106799","0.12940597534179688","0.12940597534179688","0.12940597534179688","1067","1067","1067"
"106899","0.13131201267242432","0.13131201267242432","0.13131201267242432","1068","1068","1068"
"106999","0.13366378843784332","0.13366378843784332","0.13366378843784332","1069","1069","1069"
"107099","0.13024628162384033","0.13024628162384033","0.13024628162384033","1070","1070","1070"
"107199","0.13345687091350555","0.13345687091350555","0.13345687091350555","1071","1071","1071"
"107299","0.1337985247373581","0.1337985247373581","0.1337985247373581","1072","1072","1072"
"107399","0.129865825176239","0.129865825176239","0.129865825176239","1073","1073","1073"
"107499","0.12951746582984924","0.12951746582984924","0.12951746582984924","1074","1074","1074"
"107599","0.1324494630098343","0.1324494630098343","0.1324494630098343","1075","1075","1075"
"107699","0.12946102023124695","0.12946102023124695","0.12946102023124695","1076","1076","1076"
"107799","0.13346175849437714","0.13346175849437714","0.13346175849437714","1077","1077","1077"
"107899","0.13047152757644653","0.13047152757644653","0.13047152757644653","1078","1078","1078"
"107999","0.13987043499946594","0.13987043499946594","0.13987043499946594","1079","1079","1079"
"108099","0.13497178256511688","0.13497178256511688","0.13497178256511688","1080","1080","1080"
"108199","0.1327773481607437","0.1327773481607437","0.1327773481607437","1081","1081","1081"
"108299","0.12968267500400543","0.12968267500400543","0.12968267500400543","1082","1082","1082"
"108399","0.13235770165920258","0.13235770165920258","0.13235770165920258","1083","1083","1083"
"108499","0.13191798329353333","0.13191798329353333","0.13191798329353333","1084","1084","1084"
"108599","0.13042281568050385","0.13042281568050385","0.13042281568050385","1085","1085","1085"
"108699","0.13459371030330658","0.13459371030330658","0.13459371030330658","1086","1086","1086"
"108799","0.13265548646450043","0.13265548646450043","0.13265548646450043","1087","1087","1087"
"108899","0.13051533699035645","0.13051533699035645","0.13051533699035645","1088","1088","1088"
"108999","0.13942745327949524","0.13942745327949524","0.13942745327949524","1089","1089","1089"
"109099","0.13262982666492462","0.13262982666492462","0.13262982666492462","1090","1090","1090"
"109199","0.13586102426052094","0.13586102426052094","0.13586102426052094","1091","1091","1091"
"109299","0.13443440198898315","0.13443440198898315","0.13443440198898315","1092","1092","1092"
"109399","0.12666107714176178","0.12666107714176178","0.12666107714176178","1093","1093","1093"
"109499","0.13330863416194916","0.13330863416194916","0.13330863416194916","1094","1094","1094"
"109599","0.136616513133049","0.136616513133049","0.136616513133049","1095","1095","1095"
"109699","0.13600413501262665","0.13600413501262665","0.13600413501262665","1096","1096","1096"
"109799","0.13128498196601868","0.13128498196601868","0.13128498196601868","1097","1097","1097"
"109899","0.13240328431129456","0.13240328431129456","0.13240328431129456","1098","1098","1098"
"109999","0.1298697590827942","0.1298697590827942","0.1298697590827942","1099","1099","1099"
"110099","0.13295787572860718","0.13295787572860718","0.13295787572860718","1100","1100","1100"
"110199","0.13828037679195404","0.13828037679195404","0.13828037679195404","1101","1101","1101"
"110299","0.12804365158081055","0.12804365158081055","0.12804365158081055","1102","1102","1102"
"110399","0.13168670237064362","0.13168670237064362","0.13168670237064362","1103","1103","1103"
"110499","0.13216152787208557","0.13216152787208557","0.13216152787208557","1104","1104","1104"
"110599","0.13176646828651428","0.13176646828651428","0.13176646828651428","1105","1105","1105"
"110699","0.13527904450893402","0.13527904450893402","0.13527904450893402","1106","1106","1106"
"110799","0.13229848444461823","0.13229848444461823","0.13229848444461823","1107","1107","1107"
"110899","0.13481834530830383","0.13481834530830383","0.13481834530830383","1108","1108","1108"
"110999","0.13224925100803375","0.13224925100803375","0.13224925100803375","1109","1109","1109"
"111099","0.13216327130794525","0.13216327130794525","0.13216327130794525","1110","1110","1110"
"111199","0.1380542516708374","0.1380542516708374","0.1380542516708374","1111","1111","1111"
"111299","0.1295030564069748","0.1295030564069748","0.1295030564069748","1112","1112","1112"
"111399","0.13718292117118835","0.13718292117118835","0.13718292117118835","1113","1113","1113"
"111499","0.1319843977689743","0.1319843977689743","0.1319843977689743","1114","1114","1114"
"111599","0.1350129395723343","0.1350129395723343","0.1350129395723343","1115","1115","1115"
"111699","0.13322722911834717","0.13322722911834717","0.13322722911834717","1116","1116","1116"
"111799","0.1256144642829895","0.1256144642829895","0.1256144642829895","1117","1117","1117"
"111899","0.13763247430324554","0.13763247430324554","0.13763247430324554","1118","1118","1118"
"111999","0.1333436220884323","0.1333436220884323","0.1333436220884323","1119","1119","1119"
"112099","0.1333640217781067","0.1333640217781067","0.1333640217781067","1120","1120","1120"
"112199","0.13674068450927734","0.13674068450927734","0.13674068450927734","1121","1121","1121"
"112299","0.13151554763317108","0.13151554763317108","0.13151554763317108","1122","1122","1122"
"112399","0.13544295728206635","0.13544295728206635","0.13544295728206635","1123","1123","1123"
"112499","0.1345539391040802","0.1345539391040802","0.1345539391040802","1124","1124","1124"
"112599","0.13404420018196106","0.13404420018196106","0.13404420018196106","1125","1125","1125"
"112699","0.12871624529361725","0.12871624529361725","0.12871624529361725","1126","1126","1126"
"112799","0.13665644824504852","0.13665644824504852","0.13665644824504852","1127","1127","1127"
"112899","0.13457879424095154","0.13457879424095154","0.13457879424095154","1128","1128","1128"
"112999","0.13903912901878357","0.13903912901878357","0.13903912901878357","1129","1129","1129"
"113099","0.13072305917739868","0.13072305917739868","0.13072305917739868","1130","1130","1130"
"113199","0.13147619366645813","0.13147619366645813","0.13147619366645813","1131","1131","1131"
"113299","0.12613430619239807","0.12613430619239807","0.12613430619239807","1132","1132","1132"
"113399","0.1350780427455902","0.1350780427455902","0.1350780427455902","1133","1133","1133"
"113499","0.13943219184875488","0.13943219184875488","0.13943219184875488","1134","1134","1134"
"113599","0.13446971774101257","0.13446971774101257","0.13446971774101257","1135","1135","1135"
"113699","0.13344034552574158","0.13344034552574158","0.13344034552574158","1136","1136","1136"
"113799","0.1324053555727005","0.1324053555727005","0.1324053555727005","1137","1137","1137"
"113899","0.12836892902851105","0.12836892902851105","0.12836892902851105","1138","1138","1138"
"113999","0.13247601687908173","0.13247601687908173","0.13247601687908173","1139","1139","1139"
"114099","0.13570381700992584","0.13570381700992584","0.13570381700992584","1140","1140","1140"
"114199","0.13485470414161682","0.13485470414161682","0.13485470414161682","1141","1141","1141"
"114299","0.13672617077827454","0.13672617077827454","0.13672617077827454","1142","1142","1142"
"114399","0.1324293613433838","0.1324293613433838","0.1324293613433838","1143","1143","1143"
"114499","0.13844645023345947","0.13844645023345947","0.13844645023345947","1144","1144","1144"
"114599","0.13393117487430573","0.13393117487430573","0.13393117487430573","1145","1145","1145"
"114699","0.13526178896427155","0.13526178896427155","0.13526178896427155","1146","1146","1146"
"114799","0.13822872936725616","0.13822872936725616","0.13822872936725616","1147","1147","1147"
"114899","0.12954172492027283","0.12954172492027283","0.12954172492027283","1148","1148","1148"
"114999","0.13295072317123413","0.13295072317123413","0.13295072317123413","1149","1149","1149"
"115099","0.13308973610401154","0.13308973610401154","0.13308973610401154","1150","1150","1150"
"115199","0.1298549920320511","0.1298549920320511","0.1298549920320511","1151","1151","1151"
"115299","0.1289648562669754","0.1289648562669754","0.1289648562669754","1152","1152","1152"
"115399","0.1295202523469925","0.1295202523469925","0.1295202523469925","1153","1153","1153"
"115499","0.13092021644115448","0.13092021644115448","0.13092021644115448","1154","1154","1154"
"115599","0.13242298364639282","0.13242298364639282","0.13242298364639282","1155","1155","1155"
"115699","0.13484574854373932","0.13484574854373932","0.13484574854373932","1156","1156","1156"
"115799","0.13297824561595917","0.13297824561595917","0.13297824561595917","1157","1157","1157"
"115899","0.12834668159484863","0.12834668159484863","0.12834668159484863","1158","1158","1158"
"115999","0.13536562025547028","0.13536562025547028","0.13536562025547028","1159","1159","1159"
"116099","0.1381564885377884","0.1381564885377884","0.1381564885377884","1160","1160","1160"
"116199","0.14241647720336914","0.14241647720336914","0.14241647720336914","1161","1161","1161"
"116299","0.133365660905838","0.133365660905838","0.133365660905838","1162","1162","1162"
"116399","0.13421250879764557","0.13421250879764557","0.13421250879764557","1163","1163","1163"
"116499","0.1362304538488388","0.1362304538488388","0.1362304538488388","1164","1164","1164"
"116599","0.13763734698295593","0.13763734698295593","0.13763734698295593","1165","1165","1165"
"116699","0.12980210781097412","0.12980210781097412","0.12980210781097412","1166","1166","1166"
"116799","0.1346823275089264","0.1346823275089264","0.1346823275089264","1167","1167","1167"
"116899","0.13081790506839752","0.13081790506839752","0.13081790506839752","1168","1168","1168"
"116999","0.13566572964191437","0.13566572964191437","0.13566572964191437","1169","1169","1169"
"117099","0.13286328315734863","0.13286328315734863","0.13286328315734863","1170","1170","1170"
"117199","0.13219571113586426","0.13219571113586426","0.13219571113586426","1171","1171","1171"
"117299","0.13161469995975494","0.13161469995975494","0.13161469995975494","1172","1172","1172"
"117399","0.12842625379562378","0.12842625379562378","0.12842625379562378","1173","1173","1173"
"117499","0.13673236966133118","0.13673236966133118","0.13673236966133118","1174","1174","1174"
"117599","0.12997400760650635","0.12997400760650635","0.12997400760650635","1175","1175","1175"
"117699","0.1412387639284134","0.1412387639284134","0.1412387639284134","1176","1176","1176"
"117799","0.13911645114421844","0.13911645114421844","0.13911645114421844","1177","1177","1177"
"117899","0.13258470594882965","0.13258470594882965","0.13258470594882965","1178","1178","1178"
"117999","0.13679423928260803","0.13679423928260803","0.13679423928260803","1179","1179","1179"
"118099","0.13886423408985138","0.13886423408985138","0.13886423408985138","1180","1180","1180"
"118199","0.127582386136055","0.127582386136055","0.127582386136055","1181","1181","1181"
"118299","0.13865308463573456","0.13865308463573456","0.13865308463573456","1182","1182","1182"
"118399","0.1355201154947281","0.1355201154947281","0.1355201154947281","1183","1183","1183"
"118499","0.13635201752185822","0.13635201752185822","0.13635201752185822","1184","1184","1184"
"118599","0.13080281019210815","0.13080281019210815","0.13080281019210815","1185","1185","1185"
"118699","0.13195474445819855","0.13195474445819855","0.13195474445819855","1186","1186","1186"
"118799","0.1294109970331192","0.1294109970331192","0.1294109970331192","1187","1187","1187"
"118899","0.13305652141571045","0.13305652141571045","0.13305652141571045","1188","1188","1188"
"118999","0.13091635704040527","0.13091635704040527","0.13091635704040527","1189","1189","1189"
"119099","0.1268596053123474","0.1268596053123474","0.1268596053123474","1190","1190","1190"
"119199","0.13034631311893463","0.13034631311893463","0.13034631311893463","1191","1191","1191"
"119299","0.13891348242759705","0.13891348242759705","0.13891348242759705","1192","1192","1192"
"119399","0.1377374827861786","0.1377374827861786","0.1377374827861786","1193","1193","1193"
"119499","0.13097824156284332","0.13097824156284332","0.13097824156284332","1194","1194","1194"
"119599","0.1358121931552887","0.1358121931552887","0.1358121931552887","1195","1195","1195"
"119699","0.13494279980659485","0.13494279980659485","0.13494279980659485","1196","1196","1196"
"119799","0.1301146298646927","0.1301146298646927","0.1301146298646927","1197","1197","1197"
"119899","0.13368378579616547","0.13368378579616547","0.13368378579616547","1198","1198","1198"
"119999","0.13780182600021362","0.13780182600021362","0.13780182600021362","1199","1199","1199"
"120099","0.13384582102298737","0.13384582102298737","0.13384582102298737","1200","1200","1200"
"120199","0.131560817360878","0.131560817360878","0.131560817360878","1201","1201","1201"
"120299","0.1303870975971222","0.1303870975971222","0.1303870975971222","1202","1202","1202"
"120399","0.1314801573753357","0.1314801573753357","0.1314801573753357","1203","1203","1203"
"120499","0.13430754840373993","0.13430754840373993","0.13430754840373993","1204","1204","1204"
"120599","0.1357201486825943","0.1357201486825943","0.1357201486825943","1205","1205","1205"
"120699","0.13523977994918823","0.13523977994918823","0.13523977994918823","1206","1206","1206"
"120799","0.12787219882011414","0.12787219882011414","0.12787219882011414","1207","1207","1207"
"120899","0.13249026238918304","0.13249026238918304","0.13249026238918304","1208","1208","1208"
"120999","0.13284491002559662","0.13284491002559662","0.13284491002559662","1209","1209","1209"
"121099","0.13224337995052338","0.13224337995052338","0.13224337995052338","1210","1210","1210"
"121199","0.13297195732593536","0.13297195732593536","0.13297195732593536","1211","1211","1211"
"121299","0.13355425000190735","0.13355425000190735","0.13355425000190735","1212","1212","1212"
"121399","0.13110356032848358","0.13110356032848358","0.13110356032848358","1213","1213","1213"
"121499","0.13890279829502106","0.13890279829502106","0.13890279829502106","1214","1214","1214"
"121599","0.13266631960868835","0.13266631960868835","0.13266631960868835","1215","1215","1215"
"121699","0.12837542593479156","0.12837542593479156","0.12837542593479156","1216","1216","1216"
"121799","0.1326163411140442","0.1326163411140442","0.1326163411140442","1217","1217","1217"
"121899","0.13538016378879547","0.13538016378879547","0.13538016378879547","1218","1218","1218"
"121999","0.12879426777362823","0.12879426777362823","0.12879426777362823","1219","1219","1219"
"122099","0.13697439432144165","0.13697439432144165","0.13697439432144165","1220","1220","1220"
"122199","0.12925660610198975","0.12925660610198975","0.12925660610198975","1221","1221","1221"
"122299","0.1316080540418625","0.1316080540418625","0.1316080540418625","1222","1222","1222"
"122399","0.1278962343931198","0.1278962343931198","0.1278962343931198","1223","1223","1223"
"122499","0.13321428000926971","0.13321428000926971","0.13321428000926971","1224","1224","1224"
"122599","0.13130342960357666","0.13130342960357666","0.13130342960357666","1225","1225","1225"
"122699","0.13590894639492035","0.13590894639492035","0.13590894639492035","1226","1226","1226"
"122799","0.13312920928001404","0.13312920928001404","0.13312920928001404","1227","1227","1227"
"122899","0.13580885529518127","0.13580885529518127","0.13580885529518127","1228","1228","1228"
"122999","0.12956759333610535","0.12956759333610535","0.12956759333610535","1229","1229","1229"
"123099","0.12975406646728516","0.12975406646728516","0.12975406646728516","1230","1230","1230"
"123199","0.13016121089458466","0.13016121089458466","0.13016121089458466","1231","1231","1231"
"123299","0.13694900274276733","0.13694900274276733","0.13694900274276733","1232","1232","1232"
"123399","0.1348579227924347","0.1348579227924347","0.1348579227924347","1233","1233","1233"
"123499","0.1360904425382614","0.1360904425382614","0.1360904425382614","1234","1234","1234"
"123599","0.13864301145076752","0.13864301145076752","0.13864301145076752","1235","1235","1235"
"123699","0.13094334304332733","0.13094334304332733","0.13094334304332733","1236","1236","1236"
"123799","0.1303659975528717","0.1303659975528717","0.1303659975528717","1237","1237","1237"
"123899","0.1226300373673439","0.1226300373673439","0.1226300373673439","1238","1238","1238"
"123999","0.1367899775505066","0.1367899775505066","0.1367899775505066","1239","1239","1239"
"124099","0.13276803493499756","0.13276803493499756","0.13276803493499756","1240","1240","1240"
"124199","0.131840318441391","0.131840318441391","0.131840318441391","1241","1241","1241"
"124299","0.1358531415462494","0.1358531415462494","0.1358531415462494","1242","1242","1242"
"124399","0.12910105288028717","0.12910105288028717","0.12910105288028717","1243","1243","1243"
"124499","0.13135825097560883","0.13135825097560883","0.13135825097560883","1244","1244","1244"
"124599","0.1350088119506836","0.1350088119506836","0.1350088119506836","1245","1245","1245"
"124699","0.1313420832157135","0.1313420832157135","0.1313420832157135","1246","1246","1246"
"124799","0.13632071018218994","0.13632071018218994","0.13632071018218994","1247","1247","1247"
"124899","0.12961266934871674","0.12961266934871674","0.12961266934871674","1248","1248","1248"
"124999","0.12863844633102417","0.12863844633102417","0.12863844633102417","1249","1249","1249"
"125099","0.1368703991174698","0.1368703991174698","0.1368703991174698","1250","1250","1250"
"125199","0.12935028970241547","0.12935028970241547","0.12935028970241547","1251","1251","1251"
"125299","0.13443973660469055","0.13443973660469055","0.13443973660469055","1252","1252","1252"
"125399","0.12166522443294525","0.12166522443294525","0.12166522443294525","1253","1253","1253"
"125499","0.13729910552501678","0.13729910552501678","0.13729910552501678","1254","1254","1254"
"125599","0.13631252944469452","0.13631252944469452","0.13631252944469452","1255","1255","1255"
"125699","0.12485811859369278","0.12485811859369278","0.12485811859369278","1256","1256","1256"
"125799","0.1271730363368988","0.1271730363368988","0.1271730363368988","1257","1257","1257"
"125899","0.12879520654678345","0.12879520654678345","0.12879520654678345","1258","1258","1258"
"125999","0.12976722419261932","0.12976722419261932","0.12976722419261932","1259","1259","1259"
"126099","0.1357729136943817","0.1357729136943817","0.1357729136943817","1260","1260","1260"
"126199","0.13766172528266907","0.13766172528266907","0.13766172528266907","1261","1261","1261"
"126299","0.13501180708408356","0.13501180708408356","0.13501180708408356","1262","1262","1262"
"126399","0.12496943771839142","0.12496943771839142","0.12496943771839142","1263","1263","1263"
"126499","0.13426543772220612","0.13426543772220612","0.13426543772220612","1264","1264","1264"
"126599","0.13020464777946472","0.13020464777946472","0.13020464777946472","1265","1265","1265"
"126699","0.13238295912742615","0.13238295912742615","0.13238295912742615","1266","1266","1266"
"126799","0.12684811651706696","0.12684811651706696","0.12684811651706696","1267","1267","1267"
"126899","0.13150763511657715","0.13150763511657715","0.13150763511657715","1268","1268","1268"
"126999","0.12906529009342194","0.12906529009342194","0.12906529009342194","1269","1269","1269"
"127099","0.12669049203395844","0.12669049203395844","0.12669049203395844","1270","1270","1270"
"127199","0.13125738501548767","0.13125738501548767","0.13125738501548767","1271","1271","1271"
"127299","0.13667181134223938","0.13667181134223938","0.13667181134223938","1272","1272","1272"
"127399","0.14011211693286896","0.14011211693286896","0.14011211693286896","1273","1273","1273"
"127499","0.1341189742088318","0.1341189742088318","0.1341189742088318","1274","1274","1274"
"127599","0.13104264438152313","0.13104264438152313","0.13104264438152313","1275","1275","1275"
"127699","0.13367995619773865","0.13367995619773865","0.13367995619773865","1276","1276","1276"
"127799","0.13057421147823334","0.13057421147823334","0.13057421147823334","1277","1277","1277"
"127899","0.1339932382106781","0.1339932382106781","0.1339932382106781","1278","1278","1278"
"127999","0.13425911962985992","0.13425911962985992","0.13425911962985992","1279","1279","1279"
"128099","0.13682197034358978","0.13682197034358978","0.13682197034358978","1280","1280","1280"
"128199","0.14034730195999146","0.14034730195999146","0.14034730195999146","1281","1281","1281"
"128299","0.13103707134723663","0.13103707134723663","0.13103707134723663","1282","1282","1282"
"128399","0.13403081893920898","0.13403081893920898","0.13403081893920898","1283","1283","1283"
"128499","0.13288265466690063","0.13288265466690063","0.13288265466690063","1284","1284","1284"
"128599","0.13121290504932404","0.13121290504932404","0.13121290504932404","1285","1285","1285"
"128699","0.13628631830215454","0.13628631830215454","0.13628631830215454","1286","1286","1286"
"128799","0.13667480647563934","0.13667480647563934","0.13667480647563934","1287","1287","1287"
"128899","0.14469684660434723","0.14469684660434723","0.14469684660434723","1288","1288","1288"
"128999","0.1385878026485443","0.1385878026485443","0.1385878026485443","1289","1289","1289"
"129099","0.13043247163295746","0.13043247163295746","0.13043247163295746","1290","1290","1290"
"129199","0.1361471265554428","0.1361471265554428","0.1361471265554428","1291","1291","1291"
"129299","0.13226871192455292","0.13226871192455292","0.13226871192455292","1292","1292","1292"
"129399","0.1328083574771881","0.1328083574771881","0.1328083574771881","1293","1293","1293"
"129499","0.13374680280685425","0.13374680280685425","0.13374680280685425","1294","1294","1294"
"129599","0.13847705721855164","0.13847705721855164","0.13847705721855164","1295","1295","1295"
"129699","0.13286593556404114","0.13286593556404114","0.13286593556404114","1296","1296","1296"
"129799","0.13175441324710846","0.13175441324710846","0.13175441324710846","1297","1297","1297"
"129899","0.13097430765628815","0.13097430765628815","0.13097430765628815","1298","1298","1298"
"129999","0.12879511713981628","0.12879511713981628","0.12879511713981628","1299","1299","1299"
"130099","0.13055886328220367","0.13055886328220367","0.13055886328220367","1300","1300","1300"
"130199","0.1404794156551361","0.1404794156551361","0.1404794156551361","1301","1301","1301"
"130299","0.13480357825756073","0.13480357825756073","0.13480357825756073","1302","1302","1302"
"130399","0.13203448057174683","0.13203448057174683","0.13203448057174683","1303","1303","1303"
"130499","0.12477698177099228","0.12477698177099228","0.12477698177099228","1304","1304","1304"
"130599","0.12905558943748474","0.12905558943748474","0.12905558943748474","1305","1305","1305"
"130699","0.13543690741062164","0.13543690741062164","0.13543690741062164","1306","1306","1306"
"130799","0.13451121747493744","0.13451121747493744","0.13451121747493744","1307","1307","1307"
"130899","0.1337159276008606","0.1337159276008606","0.1337159276008606","1308","1308","1308"
"130999","0.13540346920490265","0.13540346920490265","0.13540346920490265","1309","1309","1309"
"131099","0.1357080340385437","0.1357080340385437","0.1357080340385437","1310","1310","1310"
"131199","0.13394184410572052","0.13394184410572052","0.13394184410572052","1311","1311","1311"
"131299","0.1331016570329666","0.1331016570329666","0.1331016570329666","1312","1312","1312"
"131399","0.1331218034029007","0.1331218034029007","0.1331218034029007","1313","1313","1313"
"131499","0.1332729011774063","0.1332729011774063","0.1332729011774063","1314","1314","1314"
"131599","0.13256633281707764","0.13256633281707764","0.13256633281707764","1315","1315","1315"
"131699","0.12999063730239868","0.12999063730239868","0.12999063730239868","1316","1316","1316"
"131799","0.13689154386520386","0.13689154386520386","0.13689154386520386","1317","1317","1317"
"131899","0.1344325691461563","0.1344325691461563","0.1344325691461563","1318","1318","1318"
"131999","0.13551916182041168","0.13551916182041168","0.13551916182041168","1319","1319","1319"
"132099","0.13036230206489563","0.13036230206489563","0.13036230206489563","1320","1320","1320"
"132199","0.13349026441574097","0.13349026441574097","0.13349026441574097","1321","1321","1321"
"132299","0.13329677283763885","0.13329677283763885","0.13329677283763885","1322","1322","1322"
"132399","0.13078708946704865","0.13078708946704865","0.13078708946704865","1323","1323","1323"
"132499","0.1384982317686081","0.1384982317686081","0.1384982317686081","1324","1324","1324"
"132599","0.12848247587680817","0.12848247587680817","0.12848247587680817","1325","1325","1325"
"132699","0.12615206837654114","0.12615206837654114","0.12615206837654114","1326","1326","1326"
"132799","0.13324004411697388","0.13324004411697388","0.13324004411697388","1327","1327","1327"
"132899","0.1375894397497177","0.1375894397497177","0.1375894397497177","1328","1328","1328"
"132999","0.13835325837135315","0.13835325837135315","0.13835325837135315","1329","1329","1329"
"133099","0.13786734640598297","0.13786734640598297","0.13786734640598297","1330","1330","1330"
"133199","0.1287362426519394","0.1287362426519394","0.1287362426519394","1331","1331","1331"
"133299","0.13444814085960388","0.13444814085960388","0.13444814085960388","1332","1332","1332"
"133399","0.1375473290681839","0.1375473290681839","0.1375473290681839","1333","1333","1333"
"133499","0.1353740096092224","0.1353740096092224","0.1353740096092224","1334","1334","1334"
"133599","0.129131481051445","0.129131481051445","0.129131481051445","1335","1335","1335"
"133699","0.12768808007240295","0.12768808007240295","0.12768808007240295","1336","1336","1336"
"133799","0.1363787204027176","0.1363787204027176","0.1363787204027176","1337","1337","1337"
"133899","0.1298302710056305","0.1298302710056305","0.1298302710056305","1338","1338","1338"
"133999","0.13408240675926208","0.13408240675926208","0.13408240675926208","1339","1339","1339"
"134099","0.13374175131320953","0.13374175131320953","0.13374175131320953","1340","1340","1340"
"134199","0.1349874585866928","0.1349874585866928","0.1349874585866928","1341","1341","1341"
"134299","0.13425032794475555","0.13425032794475555","0.13425032794475555","1342","1342","1342"
"134399","0.1293591856956482","0.1293591856956482","0.1293591856956482","1343","1343","1343"
"134499","0.1326514333486557","0.1326514333486557","0.1326514333486557","1344","1344","1344"
"134599","0.13354627788066864","0.13354627788066864","0.13354627788066864","1345","1345","1345"
"134699","0.13671857118606567","0.13671857118606567","0.13671857118606567","1346","1346","1346"
"134799","0.1366254985332489","0.1366254985332489","0.1366254985332489","1347","1347","1347"
"134899","0.1319637894630432","0.1319637894630432","0.1319637894630432","1348","1348","1348"
"134999","0.13104644417762756","0.13104644417762756","0.13104644417762756","1349","1349","1349"
"135099","0.126693457365036","0.126693457365036","0.126693457365036","1350","1350","1350"
"135199","0.13113979995250702","0.13113979995250702","0.13113979995250702","1351","1351","1351"
"135299","0.12745526432991028","0.12745526432991028","0.12745526432991028","1352","1352","1352"
"135399","0.1311701238155365","0.1311701238155365","0.1311701238155365","1353","1353","1353"
"135499","0.13298344612121582","0.13298344612121582","0.13298344612121582","1354","1354","1354"
"135599","0.13315574824810028","0.13315574824810028","0.13315574824810028","1355","1355","1355"
"135699","0.1430470049381256","0.1430470049381256","0.1430470049381256","1356","1356","1356"
"135799","0.1339389979839325","0.1339389979839325","0.1339389979839325","1357","1357","1357"
"135899","0.13508959114551544","0.13508959114551544","0.13508959114551544","1358","1358","1358"
"135999","0.1371963620185852","0.1371963620185852","0.1371963620185852","1359","1359","1359"
"136099","0.1263602375984192","0.1263602375984192","0.1263602375984192","1360","1360","1360"
"136199","0.13765420019626617","0.13765420019626617","0.13765420019626617","1361","1361","1361"
"136299","0.13599087297916412","0.13599087297916412","0.13599087297916412","1362","1362","1362"
"136399","0.14067904651165009","0.14067904651165009","0.14067904651165009","1363","1363","1363"
"136499","0.13144074380397797","0.13144074380397797","0.13144074380397797","1364","1364","1364"
"136599","0.13054142892360687","0.13054142892360687","0.13054142892360687","1365","1365","1365"
"136699","0.1296742707490921","0.1296742707490921","0.1296742707490921","1366","1366","1366"
"136799","0.133463516831398","0.133463516831398","0.133463516831398","1367","1367","1367"
"136899","0.13067345321178436","0.13067345321178436","0.13067345321178436","1368","1368","1368"
"136999","0.12778662145137787","0.12778662145137787","0.12778662145137787","1369","1369","1369"
"137099","0.13064101338386536","0.13064101338386536","0.13064101338386536","1370","1370","1370"
"137199","0.13530971109867096","0.13530971109867096","0.13530971109867096","1371","1371","1371"
"137299","0.13276763260364532","0.13276763260364532","0.13276763260364532","1372","1372","1372"
"137399","0.14055012166500092","0.14055012166500092","0.14055012166500092","1373","1373","1373"
"137499","0.12762345373630524","0.12762345373630524","0.12762345373630524","1374","1374","1374"
"137599","0.13408489525318146","0.13408489525318146","0.13408489525318146","1375","1375","1375"
"137699","0.13616065680980682","0.13616065680980682","0.13616065680980682","1376","1376","1376"
"137799","0.13204717636108398","0.13204717636108398","0.13204717636108398","1377","1377","1377"
"137899","0.13445469737052917","0.13445469737052917","0.13445469737052917","1378","1378","1378"
"137999","0.13303229212760925","0.13303229212760925","0.13303229212760925","1379","1379","1379"
"138099","0.13089150190353394","0.13089150190353394","0.13089150190353394","1380","1380","1380"
"138199","0.1283508986234665","0.1283508986234665","0.1283508986234665","1381","1381","1381"
"138299","0.1333232820034027","0.1333232820034027","0.1333232820034027","1382","1382","1382"
"138399","0.13579848408699036","0.13579848408699036","0.13579848408699036","1383","1383","1383"
"138499","0.13589391112327576","0.13589391112327576","0.13589391112327576","1384","1384","1384"
"138599","0.13093961775302887","0.13093961775302887","0.13093961775302887","1385","1385","1385"
"138699","0.12886130809783936","0.12886130809783936","0.12886130809783936","1386","1386","1386"
"138799","0.12906789779663086","0.12906789779663086","0.12906789779663086","1387","1387","1387"
"138899","0.13236352801322937","0.13236352801322937","0.13236352801322937","1388","1388","1388"
"138999","0.1323583722114563","0.1323583722114563","0.1323583722114563","1389","1389","1389"
"139099","0.12386219203472137","0.12386219203472137","0.12386219203472137","1390","1390","1390"
"139199","0.12932612001895905","0.12932612001895905","0.12932612001895905","1391","1391","1391"
"139299","0.13643918931484222","0.13643918931484222","0.13643918931484222","1392","1392","1392"
"139399","0.13426142930984497","0.13426142930984497","0.13426142930984497","1393","1393","1393"
"139499","0.137505441904068","0.137505441904068","0.137505441904068","1394","1394","1394"
"139599","0.13338902592658997","0.13338902592658997","0.13338902592658997","1395","1395","1395"
"139699","0.13193106651306152","0.13193106651306152","0.13193106651306152","1396","1396","1396"
"139799","0.13332335650920868","0.13332335650920868","0.13332335650920868","1397","1397","1397"
"139899","0.1280374974012375","0.1280374974012375","0.1280374974012375","1398","1398","1398"
"139999","0.13021120429039001","0.13021120429039001","0.13021120429039001","1399","1399","1399"
"140099","0.13102202117443085","0.13102202117443085","0.13102202117443085","1400","1400","1400"
"140199","0.13108094036579132","0.13108094036579132","0.13108094036579132","1401","1401","1401"
"140299","0.13603678345680237","0.13603678345680237","0.13603678345680237","1402","1402","1402"
"140399","0.13160836696624756","0.13160836696624756","0.13160836696624756","1403","1403","1403"
"140499","0.13234134018421173","0.13234134018421173","0.13234134018421173","1404","1404","1404"
"140599","0.1321706920862198","0.1321706920862198","0.1321706920862198","1405","1405","1405"
"140699","0.13426488637924194","0.13426488637924194","0.13426488637924194","1406","1406","1406"
"140799","0.13481763005256653","0.13481763005256653","0.13481763005256653","1407","1407","1407"
"140899","0.12957340478897095","0.12957340478897095","0.12957340478897095","1408","1408","1408"
"140999","0.13433469831943512","0.13433469831943512","0.13433469831943512","1409","1409","1409"
"141099","0.13961482048034668","0.13961482048034668","0.13961482048034668","1410","1410","1410"
"141199","0.12565262615680695","0.12565262615680695","0.12565262615680695","1411","1411","1411"
"141299","0.12560217082500458","0.12560217082500458","0.12560217082500458","1412","1412","1412"
"141399","0.13574659824371338","0.13574659824371338","0.13574659824371338","1413","1413","1413"
"141499","0.13615868985652924","0.13615868985652924","0.13615868985652924","1414","1414","1414"
"141599","0.13321641087532043","0.13321641087532043","0.13321641087532043","1415","1415","1415"
"141699","0.1369006484746933","0.1369006484746933","0.1369006484746933","1416","1416","1416"
"141799","0.13580283522605896","0.13580283522605896","0.13580283522605896","1417","1417","1417"
"141899","0.1298792064189911","0.1298792064189911","0.1298792064189911","1418","1418","1418"
"141999","0.12891459465026855","0.12891459465026855","0.12891459465026855","1419","1419","1419"
"142099","0.13377881050109863","0.13377881050109863","0.13377881050109863","1420","1420","1420"
"142199","0.1316010057926178","0.1316010057926178","0.1316010057926178","1421","1421","1421"
"142299","0.1349976807832718","0.1349976807832718","0.1349976807832718","1422","1422","1422"
"142399","0.1253177374601364","0.1253177374601364","0.1253177374601364","1423","1423","1423"
"142499","0.13139156997203827","0.13139156997203827","0.13139156997203827","1424","1424","1424"
"142599","0.1314515769481659","0.1314515769481659","0.1314515769481659","1425","1425","1425"
"142699","0.13398312032222748","0.13398312032222748","0.13398312032222748","1426","1426","1426"
"142799","0.13264714181423187","0.13264714181423187","0.13264714181423187","1427","1427","1427"
"142899","0.1305415779352188","0.1305415779352188","0.1305415779352188","1428","1428","1428"
"142999","0.12538354098796844","0.12538354098796844","0.12538354098796844","1429","1429","1429"
"143099","0.13755692541599274","0.13755692541599274","0.13755692541599274","1430","1430","1430"
"143199","0.13559237122535706","0.13559237122535706","0.13559237122535706","1431","1431","1431"
"143299","0.13467411696910858","0.13467411696910858","0.13467411696910858","1432","1432","1432"
"143399","0.126613050699234","0.126613050699234","0.126613050699234","1433","1433","1433"
"143499","0.1427232325077057","0.1427232325077057","0.1427232325077057","1434","1434","1434"
"143599","0.1368003487586975","0.1368003487586975","0.1368003487586975","1435","1435","1435"
"143699","0.13511177897453308","0.13511177897453308","0.13511177897453308","1436","1436","1436"
"143799","0.13791988790035248","0.13791988790035248","0.13791988790035248","1437","1437","1437"
"143899","0.13439875841140747","0.13439875841140747","0.13439875841140747","1438","1438","1438"
"143999","0.1357002854347229","0.1357002854347229","0.1357002854347229","1439","1439","1439"
"144099","0.1293945610523224","0.1293945610523224","0.1293945610523224","1440","1440","1440"
"144199","0.13382799923419952","0.13382799923419952","0.13382799923419952","1441","1441","1441"
"144299","0.13050590455532074","0.13050590455532074","0.13050590455532074","1442","1442","1442"
"144399","0.13455331325531006","0.13455331325531006","0.13455331325531006","1443","1443","1443"
"144499","0.13044065237045288","0.13044065237045288","0.13044065237045288","1444","1444","1444"
"144599","0.13154293596744537","0.13154293596744537","0.13154293596744537","1445","1445","1445"
"144699","0.13613954186439514","0.13613954186439514","0.13613954186439514","1446","1446","1446"
"144799","0.13169851899147034","0.13169851899147034","0.13169851899147034","1447","1447","1447"
"144899","0.13571013510227203","0.13571013510227203","0.13571013510227203","1448","1448","1448"
"144999","0.1319904625415802","0.1319904625415802","0.1319904625415802","1449","1449","1449"
"145099","0.1298763006925583","0.1298763006925583","0.1298763006925583","1450","1450","1450"
"145199","0.13439612090587616","0.13439612090587616","0.13439612090587616","1451","1451","1451"
"145299","0.13241563737392426","0.13241563737392426","0.13241563737392426","1452","1452","1452"
"145399","0.13053275644779205","0.13053275644779205","0.13053275644779205","1453","1453","1453"
"145499","0.1359606236219406","0.1359606236219406","0.1359606236219406","1454","1454","1454"
"145599","0.12918490171432495","0.12918490171432495","0.12918490171432495","1455","1455","1455"
"145699","0.1336846947669983","0.1336846947669983","0.1336846947669983","1456","1456","1456"
"145799","0.12375307828187943","0.12375307828187943","0.12375307828187943","1457","1457","1457"
"145899","0.1285456269979477","0.1285456269979477","0.1285456269979477","1458","1458","1458"
"145999","0.13592855632305145","0.13592855632305145","0.13592855632305145","1459","1459","1459"
"146099","0.13529707491397858","0.13529707491397858","0.13529707491397858","1460","1460","1460"
"146199","0.12727580964565277","0.12727580964565277","0.12727580964565277","1461","1461","1461"
"146299","0.12782956659793854","0.12782956659793854","0.12782956659793854","1462","1462","1462"
"146399","0.12952575087547302","0.12952575087547302","0.12952575087547302","1463","1463","1463"
"146499","0.13147924840450287","0.13147924840450287","0.13147924840450287","1464","1464","1464"
"146599","0.12679797410964966","0.12679797410964966","0.12679797410964966","1465","1465","1465"
"146699","0.132393017411232","0.132393017411232","0.132393017411232","1466","1466","1466"
"146799","0.13604308664798737","0.13604308664798737","0.13604308664798737","1467","1467","1467"
"146899","0.12966158986091614","0.12966158986091614","0.12966158986091614","1468","1468","1468"
"146999","0.12948431074619293","0.12948431074619293","0.12948431074619293","1469","1469","1469"
"147099","0.12616319954395294","0.12616319954395294","0.12616319954395294","1470","1470","1470"
"147199","0.12876591086387634","0.12876591086387634","0.12876591086387634","1471","1471","1471"
"147299","0.12876753509044647","0.12876753509044647","0.12876753509044647","1472","1472","1472"
"147399","0.13642650842666626","0.13642650842666626","0.13642650842666626","1473","1473","1473"
"147499","0.12834963202476501","0.12834963202476501","0.12834963202476501","1474","1474","1474"
"147599","0.13519227504730225","0.13519227504730225","0.13519227504730225","1475","1475","1475"
"147699","0.13204960525035858","0.13204960525035858","0.13204960525035858","1476","1476","1476"
"147799","0.13863104581832886","0.13863104581832886","0.13863104581832886","1477","1477","1477"
"147899","0.1373191475868225","0.1373191475868225","0.1373191475868225","1478","1478","1478"
"147999","0.14123935997486115","0.14123935997486115","0.14123935997486115","1479","1479","1479"
"148099","0.1295074075460434","0.1295074075460434","0.1295074075460434","1480","1480","1480"
"148199","0.13157936930656433","0.13157936930656433","0.13157936930656433","1481","1481","1481"
"148299","0.12979285418987274","0.12979285418987274","0.12979285418987274","1482","1482","1482"
"148399","0.13056296110153198","0.13056296110153198","0.13056296110153198","1483","1483","1483"
"148499","0.1382860243320465","0.1382860243320465","0.1382860243320465","1484","1484","1484"
"148599","0.1372172087430954","0.1372172087430954","0.1372172087430954","1485","1485","1485"
"148699","0.13500070571899414","0.13500070571899414","0.13500070571899414","1486","1486","1486"
"148799","0.1332715004682541","0.1332715004682541","0.1332715004682541","1487","1487","1487"
"148899","0.13350191712379456","0.13350191712379456","0.13350191712379456","1488","1488","1488"
"148999","0.1341835856437683","0.1341835856437683","0.1341835856437683","1489","1489","1489"
"149099","0.13412989675998688","0.13412989675998688","0.13412989675998688","1490","1490","1490"
"149199","0.13129964470863342","0.13129964470863342","0.13129964470863342","1491","1491","1491"
"149299","0.13196155428886414","0.13196155428886414","0.13196155428886414","1492","1492","1492"
"149399","0.12897823750972748","0.12897823750972748","0.12897823750972748","1493","1493","1493"
"149499","0.13125759363174438","0.13125759363174438","0.13125759363174438","1494","1494","1494"
"149599","0.13381420075893402","0.13381420075893402","0.13381420075893402","1495","1495","1495"
"149699","0.12900127470493317","0.12900127470493317","0.12900127470493317","1496","1496","1496"
"149799","0.1306198388338089","0.1306198388338089","0.1306198388338089","1497","1497","1497"
"149899","0.1332230567932129","0.1332230567932129","0.1332230567932129","1498","1498","1498"
"149999","0.12842798233032227","0.12842798233032227","0.12842798233032227","1499","1499","1499"
"150099","0.12726949155330658","0.12726949155330658","0.12726949155330658","1500","1500","1500"
"150199","0.12951108813285828","0.12951108813285828","0.12951108813285828","1501","1501","1501"
"150299","0.13349933922290802","0.13349933922290802","0.13349933922290802","1502","1502","1502"
"150399","0.1331373155117035","0.1331373155117035","0.1331373155117035","1503","1503","1503"
"150499","0.1321401745080948","0.1321401745080948","0.1321401745080948","1504","1504","1504"
"150599","0.13282565772533417","0.13282565772533417","0.13282565772533417","1505","1505","1505"
"150699","0.1285952478647232","0.1285952478647232","0.1285952478647232","1506","1506","1506"
"150799","0.12622210383415222","0.12622210383415222","0.12622210383415222","1507","1507","1507"
"150899","0.1364683359861374","0.1364683359861374","0.1364683359861374","1508","1508","1508"
"150999","0.13130883872509003","0.13130883872509003","0.13130883872509003","1509","1509","1509"
"151099","0.1317421793937683","0.1317421793937683","0.1317421793937683","1510","1510","1510"
"151199","0.1338725984096527","0.1338725984096527","0.1338725984096527","1511","1511","1511"
"151299","0.13141895830631256","0.13141895830631256","0.13141895830631256","1512","1512","1512"
"151399","0.12911543250083923","0.12911543250083923","0.12911543250083923","1513","1513","1513"
"151499","0.1348131000995636","0.1348131000995636","0.1348131000995636","1514","1514","1514"
"151599","0.13684342801570892","0.13684342801570892","0.13684342801570892","1515","1515","1515"
"151699","0.13611561059951782","0.13611561059951782","0.13611561059951782","1516","1516","1516"
"151799","0.12951013445854187","0.12951013445854187","0.12951013445854187","1517","1517","1517"
"151899","0.13259753584861755","0.13259753584861755","0.13259753584861755","1518","1518","1518"
"151999","0.13276420533657074","0.13276420533657074","0.13276420533657074","1519","1519","1519"
"152099","0.1286611407995224","0.1286611407995224","0.1286611407995224","1520","1520","1520"
"152199","0.13126204907894135","0.13126204907894135","0.13126204907894135","1521","1521","1521"
"152299","0.13154993951320648","0.13154993951320648","0.13154993951320648","1522","1522","1522"
"152399","0.1352398693561554","0.1352398693561554","0.1352398693561554","1523","1523","1523"
"152499","0.13130611181259155","0.13130611181259155","0.13130611181259155","1524","1524","1524"
"152599","0.131318598985672","0.131318598985672","0.131318598985672","1525","1525","1525"
"152699","0.13465911149978638","0.13465911149978638","0.13465911149978638","1526","1526","1526"
"152799","0.13001711666584015","0.13001711666584015","0.13001711666584015","1527","1527","1527"
"152899","0.13438081741333008","0.13438081741333008","0.13438081741333008","1528","1528","1528"
"152999","0.13688796758651733","0.13688796758651733","0.13688796758651733","1529","1529","1529"
"153099","0.13391324877738953","0.13391324877738953","0.13391324877738953","1530","1530","1530"
"153199","0.1346309632062912","0.1346309632062912","0.1346309632062912","1531","1531","1531"
"153299","0.13774380087852478","0.13774380087852478","0.13774380087852478","1532","1532","1532"
"153399","0.1278185397386551","0.1278185397386551","0.1278185397386551","1533","1533","1533"
"153499","0.13321013748645782","0.13321013748645782","0.13321013748645782","1534","1534","1534"
"153599","0.1301330029964447","0.1301330029964447","0.1301330029964447","1535","1535","1535"
"153699","0.13248670101165771","0.13248670101165771","0.13248670101165771","1536","1536","1536"
"153799","0.13085800409317017","0.13085800409317017","0.13085800409317017","1537","1537","1537"
"153899","0.13272254168987274","0.13272254168987274","0.13272254168987274","1538","1538","1538"
"153999","0.13035523891448975","0.13035523891448975","0.13035523891448975","1539","1539","1539"
"154099","0.13028699159622192","0.13028699159622192","0.13028699159622192","1540","1540","1540"
"154199","0.12937384843826294","0.12937384843826294","0.12937384843826294","1541","1541","1541"
"154299","0.13481537997722626","0.13481537997722626","0.13481537997722626","1542","1542","1542"
"154399","0.12445753067731857","0.12445753067731857","0.12445753067731857","1543","1543","1543"
"154499","0.13857658207416534","0.13857658207416534","0.13857658207416534","1544","1544","1544"
"154599","0.1390717774629593","0.1390717774629593","0.1390717774629593","1545","1545","1545"
"154699","0.13603119552135468","0.13603119552135468","0.13603119552135468","1546","1546","1546"
"154799","0.13488613069057465","0.13488613069057465","0.13488613069057465","1547","1547","1547"
"154899","0.12922678887844086","0.12922678887844086","0.12922678887844086","1548","1548","1548"
"154999","0.13048626482486725","0.13048626482486725","0.13048626482486725","1549","1549","1549"
"155099","0.13299234211444855","0.13299234211444855","0.13299234211444855","1550","1550","1550"
"155199","0.13676974177360535","0.13676974177360535","0.13676974177360535","1551","1551","1551"
"155299","0.13717631995677948","0.13717631995677948","0.13717631995677948","1552","1552","1552"
"155399","0.13134503364562988","0.13134503364562988","0.13134503364562988","1553","1553","1553"
"155499","0.13311982154846191","0.13311982154846191","0.13311982154846191","1554","1554","1554"
"155599","0.13222214579582214","0.13222214579582214","0.13222214579582214","1555","1555","1555"
"155699","0.12938788533210754","0.12938788533210754","0.12938788533210754","1556","1556","1556"
"155799","0.12454542517662048","0.12454542517662048","0.12454542517662048","1557","1557","1557"
"155899","0.13335579633712769","0.13335579633712769","0.13335579633712769","1558","1558","1558"
"155999","0.13129769265651703","0.13129769265651703","0.13129769265651703","1559","1559","1559"
"156099","0.13175137341022491","0.13175137341022491","0.13175137341022491","1560","1560","1560"
"156199","0.1310146301984787","0.1310146301984787","0.1310146301984787","1561","1561","1561"
"156299","0.13184748589992523","0.13184748589992523","0.13184748589992523","1562","1562","1562"
"156399","0.13060663640499115","0.13060663640499115","0.13060663640499115","1563","1563","1563"
"156499","0.1351390928030014","0.1351390928030014","0.1351390928030014","1564","1564","1564"
"156599","0.1270514726638794","0.1270514726638794","0.1270514726638794","1565","1565","1565"
"156699","0.13472001254558563","0.13472001254558563","0.13472001254558563","1566","1566","1566"
"156799","0.1310499757528305","0.1310499757528305","0.1310499757528305","1567","1567","1567"
"156899","0.13258670270442963","0.13258670270442963","0.13258670270442963","1568","1568","1568"
"156999","0.13247190415859222","0.13247190415859222","0.13247190415859222","1569","1569","1569"
"157099","0.13319961726665497","0.13319961726665497","0.13319961726665497","1570","1570","1570"
"157199","0.13379594683647156","0.13379594683647156","0.13379594683647156","1571","1571","1571"
"157299","0.12672755122184753","0.12672755122184753","0.12672755122184753","1572","1572","1572"
"157399","0.13041038811206818","0.13041038811206818","0.13041038811206818","1573","1573","1573"
"157499","0.1320958137512207","0.1320958137512207","0.1320958137512207","1574","1574","1574"
"157599","0.14078283309936523","0.14078283309936523","0.14078283309936523","1575","1575","1575"
"157699","0.1334894597530365","0.1334894597530365","0.1334894597530365","1576","1576","1576"
"157799","0.12665529549121857","0.12665529549121857","0.12665529549121857","1577","1577","1577"
"157899","0.12999700009822845","0.12999700009822845","0.12999700009822845","1578","1578","1578"
"157999","0.12990815937519073","0.12990815937519073","0.12990815937519073","1579","1579","1579"
"158099","0.1337755173444748","0.1337755173444748","0.1337755173444748","1580","1580","1580"
"158199","0.12905791401863098","0.12905791401863098","0.12905791401863098","1581","1581","1581"
"158299","0.13169904053211212","0.13169904053211212","0.13169904053211212","1582","1582","1582"
"158399","0.13138769567012787","0.13138769567012787","0.13138769567012787","1583","1583","1583"
"158499","0.13159354031085968","0.13159354031085968","0.13159354031085968","1584","1584","1584"
"158599","0.13411597907543182","0.13411597907543182","0.13411597907543182","1585","1585","1585"
"158699","0.1335025429725647","0.1335025429725647","0.1335025429725647","1586","1586","1586"
"158799","0.1292048841714859","0.1292048841714859","0.1292048841714859","1587","1587","1587"
"158899","0.13337911665439606","0.13337911665439606","0.13337911665439606","1588","1588","1588"
"158999","0.13889357447624207","0.13889357447624207","0.13889357447624207","1589","1589","1589"
"159099","0.13052833080291748","0.13052833080291748","0.13052833080291748","1590","1590","1590"
"159199","0.1360548734664917","0.1360548734664917","0.1360548734664917","1591","1591","1591"
"159299","0.142830953001976","0.142830953001976","0.142830953001976","1592","1592","1592"
"159399","0.1311732679605484","0.1311732679605484","0.1311732679605484","1593","1593","1593"
"159499","0.12800312042236328","0.12800312042236328","0.12800312042236328","1594","1594","1594"
"159599","0.13469892740249634","0.13469892740249634","0.13469892740249634","1595","1595","1595"
"159699","0.13261514902114868","0.13261514902114868","0.13261514902114868","1596","1596","1596"
"159799","0.1354767233133316","0.1354767233133316","0.1354767233133316","1597","1597","1597"
"159899","0.1281348019838333","0.1281348019838333","0.1281348019838333","1598","1598","1598"
"159999","0.1278083473443985","0.1278083473443985","0.1278083473443985","1599","1599","1599"
"160099","0.12950502336025238","0.12950502336025238","0.12950502336025238","1600","1600","1600"
"160199","0.13317544758319855","0.13317544758319855","0.13317544758319855","1601","1601","1601"
"160299","0.1317623108625412","0.1317623108625412","0.1317623108625412","1602","1602","1602"
"160399","0.13077950477600098","0.13077950477600098","0.13077950477600098","1603","1603","1603"
"160499","0.12661607563495636","0.12661607563495636","0.12661607563495636","1604","1604","1604"
"160599","0.13326169550418854","0.13326169550418854","0.13326169550418854","1605","1605","1605"
"160699","0.13870327174663544","0.13870327174663544","0.13870327174663544","1606","1606","1606"
"160799","0.1344442516565323","0.1344442516565323","0.1344442516565323","1607","1607","1607"
"160899","0.13527406752109528","0.13527406752109528","0.13527406752109528","1608","1608","1608"
"160999","0.13273859024047852","0.13273859024047852","0.13273859024047852","1609","1609","1609"
"161099","0.13461275398731232","0.13461275398731232","0.13461275398731232","1610","1610","1610"
"161199","0.12891751527786255","0.12891751527786255","0.12891751527786255","1611","1611","1611"
"161299","0.13471297919750214","0.13471297919750214","0.13471297919750214","1612","1612","1612"
"161399","0.13015994429588318","0.13015994429588318","0.13015994429588318","1613","1613","1613"
"161499","0.1308606117963791","0.1308606117963791","0.1308606117963791","1614","1614","1614"
"161599","0.1407833844423294","0.1407833844423294","0.1407833844423294","1615","1615","1615"
"161699","0.13580617308616638","0.13580617308616638","0.13580617308616638","1616","1616","1616"
"161799","0.1351802796125412","0.1351802796125412","0.1351802796125412","1617","1617","1617"
"161899","0.13693253695964813","0.13693253695964813","0.13693253695964813","1618","1618","1618"
"161999","0.13570502400398254","0.13570502400398254","0.13570502400398254","1619","1619","1619"
"162099","0.13234014809131622","0.13234014809131622","0.13234014809131622","1620","1620","1620"
"162199","0.12486648559570312","0.12486648559570312","0.12486648559570312","1621","1621","1621"
"162299","0.13093841075897217","0.13093841075897217","0.13093841075897217","1622","1622","1622"
"162399","0.13087008893489838","0.13087008893489838","0.13087008893489838","1623","1623","1623"
"162499","0.12787474691867828","0.12787474691867828","0.12787474691867828","1624","1624","1624"
"162599","0.1337304711341858","0.1337304711341858","0.1337304711341858","1625","1625","1625"
"162699","0.13081473112106323","0.13081473112106323","0.13081473112106323","1626","1626","1626"
"162799","0.1320899873971939","0.1320899873971939","0.1320899873971939","1627","1627","1627"
"162899","0.13043580949306488","0.13043580949306488","0.13043580949306488","1628","1628","1628"
"162999","0.13024891912937164","0.13024891912937164","0.13024891912937164","1629","1629","1629"
"163099","0.12855957448482513","0.12855957448482513","0.12855957448482513","1630","1630","1630"
"163199","0.14400994777679443","0.14400994777679443","0.14400994777679443","1631","1631","1631"
"163299","0.134364053606987","0.134364053606987","0.134364053606987","1632","1632","1632"
"163399","0.1279372125864029","0.1279372125864029","0.1279372125864029","1633","1633","1633"
"163499","0.13356710970401764","0.13356710970401764","0.13356710970401764","1634","1634","1634"
"163599","0.13481974601745605","0.13481974601745605","0.13481974601745605","1635","1635","1635"
"163699","0.1284126341342926","0.1284126341342926","0.1284126341342926","1636","1636","1636"
"163799","0.13617315888404846","0.13617315888404846","0.13617315888404846","1637","1637","1637"
"163899","0.13441839814186096","0.13441839814186096","0.13441839814186096","1638","1638","1638"
"163999","0.13359391689300537","0.13359391689300537","0.13359391689300537","1639","1639","1639"
"164099","0.13439713418483734","0.13439713418483734","0.13439713418483734","1640","1640","1640"
"164199","0.13287131488323212","0.13287131488323212","0.13287131488323212","1641","1641","1641"
"164299","0.13150596618652344","0.13150596618652344","0.13150596618652344","1642","1642","1642"
"164399","0.13216793537139893","0.13216793537139893","0.13216793537139893","1643","1643","1643"
"164499","0.13684514164924622","0.13684514164924622","0.13684514164924622","1644","1644","1644"
"164599","0.13320289552211761","0.13320289552211761","0.13320289552211761","1645","1645","1645"
"164699","0.127182736992836","0.127182736992836","0.127182736992836","1646","1646","1646"
"164799","0.13187947869300842","0.13187947869300842","0.13187947869300842","1647","1647","1647"
"164899","0.13406899571418762","0.13406899571418762","0.13406899571418762","1648","1648","1648"
"164999","0.13185161352157593","0.13185161352157593","0.13185161352157593","1649","1649","1649"
"165099","0.1318354457616806","0.1318354457616806","0.1318354457616806","1650","1650","1650"
"165199","0.13717786967754364","0.13717786967754364","0.13717786967754364","1651","1651","1651"
"165299","0.1309949904680252","0.1309949904680252","0.1309949904680252","1652","1652","1652"
"165399","0.14572878181934357","0.14572878181934357","0.14572878181934357","1653","1653","1653"
"165499","0.13170652091503143","0.13170652091503143","0.13170652091503143","1654","1654","1654"
"165599","0.12920132279396057","0.12920132279396057","0.12920132279396057","1655","1655","1655"
"165699","0.13034245371818542","0.13034245371818542","0.13034245371818542","1656","1656","1656"
"165799","0.13990850746631622","0.13990850746631622","0.13990850746631622","1657","1657","1657"
"165899","0.12811881303787231","0.12811881303787231","0.12811881303787231","1658","1658","1658"
"165999","0.1347937434911728","0.1347937434911728","0.1347937434911728","1659","1659","1659"
"166099","0.13915953040122986","0.13915953040122986","0.13915953040122986","1660","1660","1660"
"166199","0.1325186789035797","0.1325186789035797","0.1325186789035797","1661","1661","1661"
"166299","0.13324835896492004","0.13324835896492004","0.13324835896492004","1662","1662","1662"
"166399","0.1357390135526657","0.1357390135526657","0.1357390135526657","1663","1663","1663"
"166499","0.13309621810913086","0.13309621810913086","0.13309621810913086","1664","1664","1664"
"166599","0.137693852186203","0.137693852186203","0.137693852186203","1665","1665","1665"
"166699","0.1350334733724594","0.1350334733724594","0.1350334733724594","1666","1666","1666"
"166799","0.1255383938550949","0.1255383938550949","0.1255383938550949","1667","1667","1667"
"166899","0.13698774576187134","0.13698774576187134","0.13698774576187134","1668","1668","1668"
"166999","0.13061970472335815","0.13061970472335815","0.13061970472335815","1669","1669","1669"
"167099","0.13480550050735474","0.13480550050735474","0.13480550050735474","1670","1670","1670"
"167199","0.13420987129211426","0.13420987129211426","0.13420987129211426","1671","1671","1671"
"167299","0.1317642480134964","0.1317642480134964","0.1317642480134964","1672","1672","1672"
"167399","0.1292600780725479","0.1292600780725479","0.1292600780725479","1673","1673","1673"
"167499","0.12672017514705658","0.12672017514705658","0.12672017514705658","1674","1674","1674"
"167599","0.1354179084300995","0.1354179084300995","0.1354179084300995","1675","1675","1675"
"167699","0.13223199546337128","0.13223199546337128","0.13223199546337128","1676","1676","1676"
"167799","0.1317013055086136","0.1317013055086136","0.1317013055086136","1677","1677","1677"
"167899","0.13340264558792114","0.13340264558792114","0.13340264558792114","1678","1678","1678"
"167999","0.13269422948360443","0.13269422948360443","0.13269422948360443","1679","1679","1679"
"168099","0.12916725873947144","0.12916725873947144","0.12916725873947144","1680","1680","1680"
"168199","0.12611734867095947","0.12611734867095947","0.12611734867095947","1681","1681","1681"
"168299","0.1347237527370453","0.1347237527370453","0.1347237527370453","1682","1682","1682"
"168399","0.13271690905094147","0.13271690905094147","0.13271690905094147","1683","1683","1683"
"168499","0.13201771676540375","0.13201771676540375","0.13201771676540375","1684","1684","1684"
"168599","0.13681089878082275","0.13681089878082275","0.13681089878082275","1685","1685","1685"
"168699","0.12906275689601898","0.12906275689601898","0.12906275689601898","1686","1686","1686"
"168799","0.13351066410541534","0.13351066410541534","0.13351066410541534","1687","1687","1687"
"168899","0.13298356533050537","0.13298356533050537","0.13298356533050537","1688","1688","1688"
"168999","0.1259857565164566","0.1259857565164566","0.1259857565164566","1689","1689","1689"
"169099","0.1308603584766388","0.1308603584766388","0.1308603584766388","1690","1690","1690"
"169199","0.13461066782474518","0.13461066782474518","0.13461066782474518","1691","1691","1691"
"169299","0.1301584541797638","0.1301584541797638","0.1301584541797638","1692","1692","1692"
"169399","0.1340714693069458","0.1340714693069458","0.1340714693069458","1693","1693","1693"
"169499","0.13614943623542786","0.13614943623542786","0.13614943623542786","1694","1694","1694"
"169599","0.13415057957172394","0.13415057957172394","0.13415057957172394","1695","1695","1695"
"169699","0.1322418600320816","0.1322418600320816","0.1322418600320816","1696","1696","1696"
"169799","0.1370294988155365","0.1370294988155365","0.1370294988155365","1697","1697","1697"
"169899","0.13192501664161682","0.13192501664161682","0.13192501664161682","1698","1698","1698"
"169999","0.1269531548023224","0.1269531548023224","0.1269531548023224","1699","1699","1699"
"170099","0.13142092525959015","0.13142092525959015","0.13142092525959015","1700","1700","1700"
"170199","0.13421855866909027","0.13421855866909027","0.13421855866909027","1701","1701","1701"
"170299","0.13397331535816193","0.13397331535816193","0.13397331535816193","1702","1702","1702"
"170399","0.1285824477672577","0.1285824477672577","0.1285824477672577","1703","1703","1703"
"170499","0.1313757747411728","0.1313757747411728","0.1313757747411728","1704","1704","1704"
"170599","0.1288253515958786","0.1288253515958786","0.1288253515958786","1705","1705","1705"
"170699","0.13402530550956726","0.13402530550956726","0.13402530550956726","1706","1706","1706"
"170799","0.13570670783519745","0.13570670783519745","0.13570670783519745","1707","1707","1707"
"170899","0.13379473984241486","0.13379473984241486","0.13379473984241486","1708","1708","1708"
"170999","0.13534016907215118","0.13534016907215118","0.13534016907215118","1709","1709","1709"
"171099","0.13258643448352814","0.13258643448352814","0.13258643448352814","1710","1710","1710"
"171199","0.13632142543792725","0.13632142543792725","0.13632142543792725","1711","1711","1711"
"171299","0.12850873172283173","0.12850873172283173","0.12850873172283173","1712","1712","1712"
"171399","0.1374470740556717","0.1374470740556717","0.1374470740556717","1713","1713","1713"
"171499","0.12779423594474792","0.12779423594474792","0.12779423594474792","1714","1714","1714"
"171599","0.1291787326335907","0.1291787326335907","0.1291787326335907","1715","1715","1715"
"171699","0.13275973498821259","0.13275973498821259","0.13275973498821259","1716","1716","1716"
"171799","0.131937175989151","0.131937175989151","0.131937175989151","1717","1717","1717"
"171899","0.12937667965888977","0.12937667965888977","0.12937667965888977","1718","1718","1718"
"171999","0.12657485902309418","0.12657485902309418","0.12657485902309418","1719","1719","1719"
"172099","0.12832511961460114","0.12832511961460114","0.12832511961460114","1720","1720","1720"
"172199","0.13687117397785187","0.13687117397785187","0.13687117397785187","1721","1721","1721"
"172299","0.131149560213089","0.131149560213089","0.131149560213089","1722","1722","1722"
"172399","0.13479240238666534","0.13479240238666534","0.13479240238666534","1723","1723","1723"
"172499","0.12335044890642166","0.12335044890642166","0.12335044890642166","1724","1724","1724"
"172599","0.13239285349845886","0.13239285349845886","0.13239285349845886","1725","1725","1725"
"172699","0.12310187518596649","0.12310187518596649","0.12310187518596649","1726","1726","1726"
"172799","0.13027337193489075","0.13027337193489075","0.13027337193489075","1727","1727","1727"
"172899","0.13681650161743164","0.13681650161743164","0.13681650161743164","1728","1728","1728"
"172999","0.13256582617759705","0.13256582617759705","0.13256582617759705","1729","1729","1729"
"173099","0.13219864666461945","0.13219864666461945","0.13219864666461945","1730","1730","1730"
"173199","0.12297362089157104","0.12297362089157104","0.12297362089157104","1731","1731","1731"
"173299","0.1375586986541748","0.1375586986541748","0.1375586986541748","1732","1732","1732"
"173399","0.1353277713060379","0.1353277713060379","0.1353277713060379","1733","1733","1733"
"173499","0.13600118458271027","0.13600118458271027","0.13600118458271027","1734","1734","1734"
"173599","0.13412266969680786","0.13412266969680786","0.13412266969680786","1735","1735","1735"
"173699","0.13338756561279297","0.13338756561279297","0.13338756561279297","1736","1736","1736"
"173799","0.1279568374156952","0.1279568374156952","0.1279568374156952","1737","1737","1737"
"173899","0.13224361836910248","0.13224361836910248","0.13224361836910248","1738","1738","1738"
"173999","0.1346421241760254","0.1346421241760254","0.1346421241760254","1739","1739","1739"
"174099","0.12959961593151093","0.12959961593151093","0.12959961593151093","1740","1740","1740"
"174199","0.13119523227214813","0.13119523227214813","0.13119523227214813","1741","1741","1741"
"174299","0.133797749876976","0.133797749876976","0.133797749876976","1742","1742","1742"
"174399","0.13525938987731934","0.13525938987731934","0.13525938987731934","1743","1743","1743"
"174499","0.1324717104434967","0.1324717104434967","0.1324717104434967","1744","1744","1744"
"174599","0.1303989440202713","0.1303989440202713","0.1303989440202713","1745","1745","1745"
"174699","0.13486908376216888","0.13486908376216888","0.13486908376216888","1746","1746","1746"
"174799","0.1337905079126358","0.1337905079126358","0.1337905079126358","1747","1747","1747"
"174899","0.13414418697357178","0.13414418697357178","0.13414418697357178","1748","1748","1748"
"174999","0.13058915734291077","0.13058915734291077","0.13058915734291077","1749","1749","1749"
"175099","0.12849436700344086","0.12849436700344086","0.12849436700344086","1750","1750","1750"
"175199","0.1315804123878479","0.1315804123878479","0.1315804123878479","1751","1751","1751"
"175299","0.12999169528484344","0.12999169528484344","0.12999169528484344","1752","1752","1752"
"175399","0.1317797750234604","0.1317797750234604","0.1317797750234604","1753","1753","1753"
"175499","0.13168396055698395","0.13168396055698395","0.13168396055698395","1754","1754","1754"
"175599","0.13370440900325775","0.13370440900325775","0.13370440900325775","1755","1755","1755"
"175699","0.13064712285995483","0.13064712285995483","0.13064712285995483","1756","1756","1756"
"175799","0.13431227207183838","0.13431227207183838","0.13431227207183838","1757","1757","1757"
"175899","0.13006962835788727","0.13006962835788727","0.13006962835788727","1758","1758","1758"
"175999","0.13284388184547424","0.13284388184547424","0.13284388184547424","1759","1759","1759"
"176099","0.13736577332019806","0.13736577332019806","0.13736577332019806","1760","1760","1760"
"176199","0.13479046523571014","0.13479046523571014","0.13479046523571014","1761","1761","1761"
"176299","0.13679511845111847","0.13679511845111847","0.13679511845111847","1762","1762","1762"
"176399","0.12691964209079742","0.12691964209079742","0.12691964209079742","1763","1763","1763"
"176499","0.1323760449886322","0.1323760449886322","0.1323760449886322","1764","1764","1764"
"176599","0.1291062831878662","0.1291062831878662","0.1291062831878662","1765","1765","1765"
"176699","0.13924704492092133","0.13924704492092133","0.13924704492092133","1766","1766","1766"
"176799","0.13484255969524384","0.13484255969524384","0.13484255969524384","1767","1767","1767"
"176899","0.12994542717933655","0.12994542717933655","0.12994542717933655","1768","1768","1768"
"176999","0.13003623485565186","0.13003623485565186","0.13003623485565186","1769","1769","1769"
"177099","0.13087603449821472","0.13087603449821472","0.13087603449821472","1770","1770","1770"
"177199","0.13479004800319672","0.13479004800319672","0.13479004800319672","1771","1771","1771"
"177299","0.13129374384880066","0.13129374384880066","0.13129374384880066","1772","1772","1772"
"177399","0.13155297935009003","0.13155297935009003","0.13155297935009003","1773","1773","1773"
"177499","0.13359099626541138","0.13359099626541138","0.13359099626541138","1774","1774","1774"
"177599","0.13612203299999237","0.13612203299999237","0.13612203299999237","1775","1775","1775"
"177699","0.13525110483169556","0.13525110483169556","0.13525110483169556","1776","1776","1776"
"177799","0.1346091628074646","0.1346091628074646","0.1346091628074646","1777","1777","1777"
"177899","0.12938609719276428","0.12938609719276428","0.12938609719276428","1778","1778","1778"
"177999","0.13449685275554657","0.13449685275554657","0.13449685275554657","1779","1779","1779"
"178099","0.1323544830083847","0.1323544830083847","0.1323544830083847","1780","1780","1780"
"178199","0.1301577389240265","0.1301577389240265","0.1301577389240265","1781","1781","1781"
"178299","0.13511796295642853","0.13511796295642853","0.13511796295642853","1782","1782","1782"
"178399","0.13138347864151","0.13138347864151","0.13138347864151","1783","1783","1783"
"178499","0.12467674911022186","0.12467674911022186","0.12467674911022186","1784","1784","1784"
"178599","0.1343352049589157","0.1343352049589157","0.1343352049589157","1785","1785","1785"
"178699","0.13057971000671387","0.13057971000671387","0.13057971000671387","1786","1786","1786"
"178799","0.1347956508398056","0.1347956508398056","0.1347956508398056","1787","1787","1787"
"178899","0.13323070108890533","0.13323070108890533","0.13323070108890533","1788","1788","1788"
"178999","0.13448356091976166","0.13448356091976166","0.13448356091976166","1789","1789","1789"
"179099","0.13735105097293854","0.13735105097293854","0.13735105097293854","1790","1790","1790"
"179199","0.13543784618377686","0.13543784618377686","0.13543784618377686","1791","1791","1791"
"179299","0.13049034774303436","0.13049034774303436","0.13049034774303436","1792","1792","1792"
"179399","0.13338221609592438","0.13338221609592438","0.13338221609592438","1793","1793","1793"
"179499","0.13568554818630219","0.13568554818630219","0.13568554818630219","1794","1794","1794"
"179599","0.13246527314186096","0.13246527314186096","0.13246527314186096","1795","1795","1795"
"179699","0.1286872774362564","0.1286872774362564","0.1286872774362564","1796","1796","1796"
"179799","0.13044025003910065","0.13044025003910065","0.13044025003910065","1797","1797","1797"
"179899","0.13504405319690704","0.13504405319690704","0.13504405319690704","1798","1798","1798"
"179999","0.13858850300312042","0.13858850300312042","0.13858850300312042","1799","1799","1799"
"180099","0.12778304517269135","0.12778304517269135","0.12778304517269135","1800","1800","1800"
"180199","0.1298031508922577","0.1298031508922577","0.1298031508922577","1801","1801","1801"
"180299","0.1368802934885025","0.1368802934885025","0.1368802934885025","1802","1802","1802"
"180399","0.13411787152290344","0.13411787152290344","0.13411787152290344","1803","1803","1803"
"180499","0.13459864258766174","0.13459864258766174","0.13459864258766174","1804","1804","1804"
"180599","0.1333959400653839","0.1333959400653839","0.1333959400653839","1805","1805","1805"
"180699","0.13534273207187653","0.13534273207187653","0.13534273207187653","1806","1806","1806"
"180799","0.1354450285434723","0.1354450285434723","0.1354450285434723","1807","1807","1807"
"180899","0.13301891088485718","0.13301891088485718","0.13301891088485718","1808","1808","1808"
"180999","0.12513108551502228","0.12513108551502228","0.12513108551502228","1809","1809","1809"
"181099","0.12776832282543182","0.12776832282543182","0.12776832282543182","1810","1810","1810"
"181199","0.1283479481935501","0.1283479481935501","0.1283479481935501","1811","1811","1811"
"181299","0.13335847854614258","0.13335847854614258","0.13335847854614258","1812","1812","1812"
"181399","0.1271035522222519","0.1271035522222519","0.1271035522222519","1813","1813","1813"
"181499","0.12603041529655457","0.12603041529655457","0.12603041529655457","1814","1814","1814"
"181599","0.1318625956773758","0.1318625956773758","0.1318625956773758","1815","1815","1815"
"181699","0.13055916130542755","0.13055916130542755","0.13055916130542755","1816","1816","1816"
"181799","0.13328857719898224","0.13328857719898224","0.13328857719898224","1817","1817","1817"
"181899","0.1316508650779724","0.1316508650779724","0.1316508650779724","1818","1818","1818"
"181999","0.13365080952644348","0.13365080952644348","0.13365080952644348","1819","1819","1819"
"182099","0.12602795660495758","0.12602795660495758","0.12602795660495758","1820","1820","1820"
"182199","0.12599977850914001","0.12599977850914001","0.12599977850914001","1821","1821","1821"
"182299","0.13698288798332214","0.13698288798332214","0.13698288798332214","1822","1822","1822"
"182399","0.13022035360336304","0.13022035360336304","0.13022035360336304","1823","1823","1823"
"182499","0.1371384859085083","0.1371384859085083","0.1371384859085083","1824","1824","1824"
"182599","0.1314031481742859","0.1314031481742859","0.1314031481742859","1825","1825","1825"
"182699","0.13463199138641357","0.13463199138641357","0.13463199138641357","1826","1826","1826"
"182799","0.13136516511440277","0.13136516511440277","0.13136516511440277","1827","1827","1827"
"182899","0.13279615342617035","0.13279615342617035","0.13279615342617035","1828","1828","1828"
"182999","0.12646253407001495","0.12646253407001495","0.12646253407001495","1829","1829","1829"
"183099","0.1333184689283371","0.1333184689283371","0.1333184689283371","1830","1830","1830"
"183199","0.13139423727989197","0.13139423727989197","0.13139423727989197","1831","1831","1831"
"183299","0.1252204030752182","0.1252204030752182","0.1252204030752182","1832","1832","1832"
"183399","0.12976187467575073","0.12976187467575073","0.12976187467575073","1833","1833","1833"
"183499","0.1268278956413269","0.1268278956413269","0.1268278956413269","1834","1834","1834"
"183599","0.13149471580982208","0.13149471580982208","0.13149471580982208","1835","1835","1835"
"183699","0.13259077072143555","0.13259077072143555","0.13259077072143555","1836","1836","1836"
"183799","0.13585595786571503","0.13585595786571503","0.13585595786571503","1837","1837","1837"
"183899","0.12568634748458862","0.12568634748458862","0.12568634748458862","1838","1838","1838"
"183999","0.13081558048725128","0.13081558048725128","0.13081558048725128","1839","1839","1839"
"184099","0.1280219852924347","0.1280219852924347","0.1280219852924347","1840","1840","1840"
"184199","0.12839993834495544","0.12839993834495544","0.12839993834495544","1841","1841","1841"
"184299","0.13311867415905","0.13311867415905","0.13311867415905","1842","1842","1842"
"184399","0.12570300698280334","0.12570300698280334","0.12570300698280334","1843","1843","1843"
"184499","0.13325557112693787","0.13325557112693787","0.13325557112693787","1844","1844","1844"
"184599","0.12886224687099457","0.12886224687099457","0.12886224687099457","1845","1845","1845"
"184699","0.1334545761346817","0.1334545761346817","0.1334545761346817","1846","1846","1846"
"184799","0.13218650221824646","0.13218650221824646","0.13218650221824646","1847","1847","1847"
"184899","0.13549771904945374","0.13549771904945374","0.13549771904945374","1848","1848","1848"
"184999","0.13625381886959076","0.13625381886959076","0.13625381886959076","1849","1849","1849"
"185099","0.12904943525791168","0.12904943525791168","0.12904943525791168","1850","1850","1850"
"185199","0.13022038340568542","0.13022038340568542","0.13022038340568542","1851","1851","1851"
"185299","0.1350899040699005","0.1350899040699005","0.1350899040699005","1852","1852","1852"
"185399","0.13271237909793854","0.13271237909793854","0.13271237909793854","1853","1853","1853"
"185499","0.12903068959712982","0.12903068959712982","0.12903068959712982","1854","1854","1854"
"185599","0.1307174265384674","0.1307174265384674","0.1307174265384674","1855","1855","1855"
"185699","0.13731002807617188","0.13731002807617188","0.13731002807617188","1856","1856","1856"
"185799","0.12751783430576324","0.12751783430576324","0.12751783430576324","1857","1857","1857"
"185899","0.13157106935977936","0.13157106935977936","0.13157106935977936","1858","1858","1858"
"185999","0.13693296909332275","0.13693296909332275","0.13693296909332275","1859","1859","1859"
"186099","0.13658061623573303","0.13658061623573303","0.13658061623573303","1860","1860","1860"
"186199","0.1299157440662384","0.1299157440662384","0.1299157440662384","1861","1861","1861"
"186299","0.13420388102531433","0.13420388102531433","0.13420388102531433","1862","1862","1862"
"186399","0.1333017796278","0.1333017796278","0.1333017796278","1863","1863","1863"
"186499","0.1359788477420807","0.1359788477420807","0.1359788477420807","1864","1864","1864"
"186599","0.12998609244823456","0.12998609244823456","0.12998609244823456","1865","1865","1865"
"186699","0.13745678961277008","0.13745678961277008","0.13745678961277008","1866","1866","1866"
"186799","0.13795557618141174","0.13795557618141174","0.13795557618141174","1867","1867","1867"
"186899","0.13649865984916687","0.13649865984916687","0.13649865984916687","1868","1868","1868"
"186999","0.12665380537509918","0.12665380537509918","0.12665380537509918","1869","1869","1869"
"187099","0.12938088178634644","0.12938088178634644","0.12938088178634644","1870","1870","1870"
"187199","0.13279232382774353","0.13279232382774353","0.13279232382774353","1871","1871","1871"
"187299","0.13805972039699554","0.13805972039699554","0.13805972039699554","1872","1872","1872"
"187399","0.13732106983661652","0.13732106983661652","0.13732106983661652","1873","1873","1873"
"187499","0.13487254083156586","0.13487254083156586","0.13487254083156586","1874","1874","1874"
"187599","0.13328111171722412","0.13328111171722412","0.13328111171722412","1875","1875","1875"
"187699","0.13231438398361206","0.13231438398361206","0.13231438398361206","1876","1876","1876"
"187799","0.13256941735744476","0.13256941735744476","0.13256941735744476","1877","1877","1877"
"187899","0.13368141651153564","0.13368141651153564","0.13368141651153564","1878","1878","1878"
"187999","0.12470334768295288","0.12470334768295288","0.12470334768295288","1879","1879","1879"
"188099","0.1344672292470932","0.1344672292470932","0.1344672292470932","1880","1880","1880"
"188199","0.1363619565963745","0.1363619565963745","0.1363619565963745","1881","1881","1881"
"188299","0.1282198429107666","0.1282198429107666","0.1282198429107666","1882","1882","1882"
"188399","0.14133481681346893","0.14133481681346893","0.14133481681346893","1883","1883","1883"
"188499","0.1301954686641693","0.1301954686641693","0.1301954686641693","1884","1884","1884"
"188599","0.13139693439006805","0.13139693439006805","0.13139693439006805","1885","1885","1885"
"188699","0.13037171959877014","0.13037171959877014","0.13037171959877014","1886","1886","1886"
"188799","0.12877629697322845","0.12877629697322845","0.12877629697322845","1887","1887","1887"
"188899","0.13627271354198456","0.13627271354198456","0.13627271354198456","1888","1888","1888"
"188999","0.12632809579372406","0.12632809579372406","0.12632809579372406","1889","1889","1889"
"189099","0.1323552280664444","0.1323552280664444","0.1323552280664444","1890","1890","1890"
"189199","0.1262919008731842","0.1262919008731842","0.1262919008731842","1891","1891","1891"
"189299","0.13363587856292725","0.13363587856292725","0.13363587856292725","1892","1892","1892"
"189399","0.13311955332756042","0.13311955332756042","0.13311955332756042","1893","1893","1893"
"189499","0.1305791288614273","0.1305791288614273","0.1305791288614273","1894","1894","1894"
"189599","0.12945806980133057","0.12945806980133057","0.12945806980133057","1895","1895","1895"
"189699","0.1299658864736557","0.1299658864736557","0.1299658864736557","1896","1896","1896"
"189799","0.13563591241836548","0.13563591241836548","0.13563591241836548","1897","1897","1897"
"189899","0.1306949257850647","0.1306949257850647","0.1306949257850647","1898","1898","1898"
"189999","0.13079774379730225","0.13079774379730225","0.13079774379730225","1899","1899","1899"
"190099","0.13353991508483887","0.13353991508483887","0.13353991508483887","1900","1900","1900"
"190199","0.13773877918720245","0.13773877918720245","0.13773877918720245","1901","1901","1901"
"190299","0.133529931306839","0.133529931306839","0.133529931306839","1902","1902","1902"
"190399","0.13259541988372803","0.13259541988372803","0.13259541988372803","1903","1903","1903"
"190499","0.1301496922969818","0.1301496922969818","0.1301496922969818","1904","1904","1904"
"190599","0.1316102296113968","0.1316102296113968","0.1316102296113968","1905","1905","1905"
"190699","0.13240206241607666","0.13240206241607666","0.13240206241607666","1906","1906","1906"
"190799","0.13057759404182434","0.13057759404182434","0.13057759404182434","1907","1907","1907"
"190899","0.13626302778720856","0.13626302778720856","0.13626302778720856","1908","1908","1908"
"190999","0.1335255652666092","0.1335255652666092","0.1335255652666092","1909","1909","1909"
"191099","0.12764646112918854","0.12764646112918854","0.12764646112918854","1910","1910","1910"
"191199","0.13429485261440277","0.13429485261440277","0.13429485261440277","1911","1911","1911"
"191299","0.13338389992713928","0.13338389992713928","0.13338389992713928","1912","1912","1912"
"191399","0.13423515856266022","0.13423515856266022","0.13423515856266022","1913","1913","1913"
"191499","0.13977307081222534","0.13977307081222534","0.13977307081222534","1914","1914","1914"
"191599","0.13111776113510132","0.13111776113510132","0.13111776113510132","1915","1915","1915"
"191699","0.12707236409187317","0.12707236409187317","0.12707236409187317","1916","1916","1916"
"191799","0.13071614503860474","0.13071614503860474","0.13071614503860474","1917","1917","1917"
"191899","0.12982527911663055","0.12982527911663055","0.12982527911663055","1918","1918","1918"
"191999","0.12557950615882874","0.12557950615882874","0.12557950615882874","1919","1919","1919"
"192099","0.13409315049648285","0.13409315049648285","0.13409315049648285","1920","1920","1920"
"192199","0.13266755640506744","0.13266755640506744","0.13266755640506744","1921","1921","1921"
"192299","0.13018877804279327","0.13018877804279327","0.13018877804279327","1922","1922","1922"
"192399","0.13026736676692963","0.13026736676692963","0.13026736676692963","1923","1923","1923"
"192499","0.12539467215538025","0.12539467215538025","0.12539467215538025","1924","1924","1924"
"192599","0.13215380907058716","0.13215380907058716","0.13215380907058716","1925","1925","1925"
"192699","0.1308312565088272","0.1308312565088272","0.1308312565088272","1926","1926","1926"
"192799","0.13162721693515778","0.13162721693515778","0.13162721693515778","1927","1927","1927"
"192899","0.13152819871902466","0.13152819871902466","0.13152819871902466","1928","1928","1928"
"192999","0.13385801017284393","0.13385801017284393","0.13385801017284393","1929","1929","1929"
"193099","0.13505487143993378","0.13505487143993378","0.13505487143993378","1930","1930","1930"
"193199","0.127720907330513","0.127720907330513","0.127720907330513","1931","1931","1931"
"193299","0.13111023604869843","0.13111023604869843","0.13111023604869843","1932","1932","1932"
"193399","0.13147211074829102","0.13147211074829102","0.13147211074829102","1933","1933","1933"
"193499","0.13189594447612762","0.13189594447612762","0.13189594447612762","1934","1934","1934"
"193599","0.13181114196777344","0.13181114196777344","0.13181114196777344","1935","1935","1935"
"193699","0.13365350663661957","0.13365350663661957","0.13365350663661957","1936","1936","1936"
"193799","0.13149122893810272","0.13149122893810272","0.13149122893810272","1937","1937","1937"
"193899","0.13194221258163452","0.13194221258163452","0.13194221258163452","1938","1938","1938"
"193999","0.1399373561143875","0.1399373561143875","0.1399373561143875","1939","1939","1939"
"194099","0.13601283729076385","0.13601283729076385","0.13601283729076385","1940","1940","1940"
"194199","0.12943273782730103","0.12943273782730103","0.12943273782730103","1941","1941","1941"
"194299","0.13153710961341858","0.13153710961341858","0.13153710961341858","1942","1942","1942"
"194399","0.13123835623264313","0.13123835623264313","0.13123835623264313","1943","1943","1943"
"194499","0.129498690366745","0.129498690366745","0.129498690366745","1944","1944","1944"
"194599","0.1325816512107849","0.1325816512107849","0.1325816512107849","1945","1945","1945"
"194699","0.12631967663764954","0.12631967663764954","0.12631967663764954","1946","1946","1946"
"194799","0.1311757117509842","0.1311757117509842","0.1311757117509842","1947","1947","1947"
"194899","0.12921863794326782","0.12921863794326782","0.12921863794326782","1948","1948","1948"
"194999","0.12641951441764832","0.12641951441764832","0.12641951441764832","1949","1949","1949"
"195099","0.12727786600589752","0.12727786600589752","0.12727786600589752","1950","1950","1950"
"195199","0.1311061531305313","0.1311061531305313","0.1311061531305313","1951","1951","1951"
"195299","0.1389799565076828","0.1389799565076828","0.1389799565076828","1952","1952","1952"
"195399","0.1274385005235672","0.1274385005235672","0.1274385005235672","1953","1953","1953"
"195499","0.1290292888879776","0.1290292888879776","0.1290292888879776","1954","1954","1954"
"195599","0.1362796127796173","0.1362796127796173","0.1362796127796173","1955","1955","1955"
"195699","0.13336043059825897","0.13336043059825897","0.13336043059825897","1956","1956","1956"
"195799","0.13713593780994415","0.13713593780994415","0.13713593780994415","1957","1957","1957"
"195899","0.13359911739826202","0.13359911739826202","0.13359911739826202","1958","1958","1958"
"195999","0.13873034715652466","0.13873034715652466","0.13873034715652466","1959","1959","1959"
"196099","0.13512058556079865","0.13512058556079865","0.13512058556079865","1960","1960","1960"
"196199","0.14205005764961243","0.14205005764961243","0.14205005764961243","1961","1961","1961"
"196299","0.1315782070159912","0.1315782070159912","0.1315782070159912","1962","1962","1962"
"196399","0.13132914900779724","0.13132914900779724","0.13132914900779724","1963","1963","1963"
"196499","0.12819987535476685","0.12819987535476685","0.12819987535476685","1964","1964","1964"
"196599","0.13045088946819305","0.13045088946819305","0.13045088946819305","1965","1965","1965"
"196699","0.13356898725032806","0.13356898725032806","0.13356898725032806","1966","1966","1966"
"196799","0.13536383211612701","0.13536383211612701","0.13536383211612701","1967","1967","1967"
"196899","0.13256773352622986","0.13256773352622986","0.13256773352622986","1968","1968","1968"
"196999","0.12801098823547363","0.12801098823547363","0.12801098823547363","1969","1969","1969"
"197099","0.13400603830814362","0.13400603830814362","0.13400603830814362","1970","1970","1970"
"197199","0.13364391028881073","0.13364391028881073","0.13364391028881073","1971","1971","1971"
"197299","0.12941856682300568","0.12941856682300568","0.12941856682300568","1972","1972","1972"
"197399","0.13069383800029755","0.13069383800029755","0.13069383800029755","1973","1973","1973"
"197499","0.1261984258890152","0.1261984258890152","0.1261984258890152","1974","1974","1974"
"197599","0.12961269915103912","0.12961269915103912","0.12961269915103912","1975","1975","1975"
"197699","0.1360802799463272","0.1360802799463272","0.1360802799463272","1976","1976","1976"
"197799","0.13065290451049805","0.13065290451049805","0.13065290451049805","1977","1977","1977"
"197899","0.13510499894618988","0.13510499894618988","0.13510499894618988","1978","1978","1978"
"197999","0.13815385103225708","0.13815385103225708","0.13815385103225708","1979","1979","1979"
"198099","0.13496842980384827","0.13496842980384827","0.13496842980384827","1980","1980","1980"
"198199","0.1279354989528656","0.1279354989528656","0.1279354989528656","1981","1981","1981"
"198299","0.13891078531742096","0.13891078531742096","0.13891078531742096","1982","1982","1982"
"198399","0.13139484822750092","0.13139484822750092","0.13139484822750092","1983","1983","1983"
"198499","0.13252462446689606","0.13252462446689606","0.13252462446689606","1984","1984","1984"
"198599","0.13705728948116302","0.13705728948116302","0.13705728948116302","1985","1985","1985"
"198699","0.1337066888809204","0.1337066888809204","0.1337066888809204","1986","1986","1986"
"198799","0.13374920189380646","0.13374920189380646","0.13374920189380646","1987","1987","1987"
"198899","0.1398242563009262","0.1398242563009262","0.1398242563009262","1988","1988","1988"
"198999","0.13860340416431427","0.13860340416431427","0.13860340416431427","1989","1989","1989"
"199099","0.13383248448371887","0.13383248448371887","0.13383248448371887","1990","1990","1990"
"199199","0.13073095679283142","0.13073095679283142","0.13073095679283142","1991","1991","1991"
"199299","0.13236701488494873","0.13236701488494873","0.13236701488494873","1992","1992","1992"
"199399","0.13553942739963531","0.13553942739963531","0.13553942739963531","1993","1993","1993"
"199499","0.1334947794675827","0.1334947794675827","0.1334947794675827","1994","1994","1994"
"199599","0.1392240822315216","0.1392240822315216","0.1392240822315216","1995","1995","1995"
"199699","0.13828693330287933","0.13828693330287933","0.13828693330287933","1996","1996","1996"
"199799","0.12781275808811188","0.12781275808811188","0.12781275808811188","1997","1997","1997"
"199899","0.1336032897233963","0.1336032897233963","0.1336032897233963","1998","1998","1998"
"199999","0.1352050006389618","0.1352050006389618","0.1352050006389618","1999","1999","1999"
"200099","0.128940612077713","0.128940612077713","0.128940612077713","2000","2000","2000"
"200199","0.12766684591770172","0.12766684591770172","0.12766684591770172","2001","2001","2001"
"200299","0.13170677423477173","0.13170677423477173","0.13170677423477173","2002","2002","2002"
"200399","0.13634812831878662","0.13634812831878662","0.13634812831878662","2003","2003","2003"
"200499","0.13454203307628632","0.13454203307628632","0.13454203307628632","2004","2004","2004"
"200599","0.138264998793602","0.138264998793602","0.138264998793602","2005","2005","2005"
"200699","0.13396094739437103","0.13396094739437103","0.13396094739437103","2006","2006","2006"
"200799","0.130353644490242","0.130353644490242","0.130353644490242","2007","2007","2007"
"200899","0.14072729647159576","0.14072729647159576","0.14072729647159576","2008","2008","2008"
"200999","0.13343288004398346","0.13343288004398346","0.13343288004398346","2009","2009","2009"
"201099","0.12980720400810242","0.12980720400810242","0.12980720400810242","2010","2010","2010"
"201199","0.13696373999118805","0.13696373999118805","0.13696373999118805","2011","2011","2011"
"201299","0.13313695788383484","0.13313695788383484","0.13313695788383484","2012","2012","2012"
"201399","0.1301182061433792","0.1301182061433792","0.1301182061433792","2013","2013","2013"
"201499","0.1319001168012619","0.1319001168012619","0.1319001168012619","2014","2014","2014"
"201599","0.12839457392692566","0.12839457392692566","0.12839457392692566","2015","2015","2015"
"201699","0.1347626894712448","0.1347626894712448","0.1347626894712448","2016","2016","2016"
"201799","0.12976257503032684","0.12976257503032684","0.12976257503032684","2017","2017","2017"
"201899","0.13488629460334778","0.13488629460334778","0.13488629460334778","2018","2018","2018"
"201999","0.13073234260082245","0.13073234260082245","0.13073234260082245","2019","2019","2019"
"202099","0.1339551955461502","0.1339551955461502","0.1339551955461502","2020","2020","2020"
"202199","0.13240543007850647","0.13240543007850647","0.13240543007850647","2021","2021","2021"
"202299","0.1290988177061081","0.1290988177061081","0.1290988177061081","2022","2022","2022"
"202399","0.13416503369808197","0.13416503369808197","0.13416503369808197","2023","2023","2023"
"202499","0.12634527683258057","0.12634527683258057","0.12634527683258057","2024","2024","2024"
"202599","0.12850332260131836","0.12850332260131836","0.12850332260131836","2025","2025","2025"
"202699","0.13309624791145325","0.13309624791145325","0.13309624791145325","2026","2026","2026"
"202799","0.13325002789497375","0.13325002789497375","0.13325002789497375","2027","2027","2027"
"202899","0.12512311339378357","0.12512311339378357","0.12512311339378357","2028","2028","2028"
"202999","0.1348377764225006","0.1348377764225006","0.1348377764225006","2029","2029","2029"
"203099","0.13558460772037506","0.13558460772037506","0.13558460772037506","2030","2030","2030"
"203199","0.13157011568546295","0.13157011568546295","0.13157011568546295","2031","2031","2031"
"203299","0.12885189056396484","0.12885189056396484","0.12885189056396484","2032","2032","2032"
"203399","0.13031737506389618","0.13031737506389618","0.13031737506389618","2033","2033","2033"
"203499","0.1294533908367157","0.1294533908367157","0.1294533908367157","2034","2034","2034"
"203599","0.1316639631986618","0.1316639631986618","0.1316639631986618","2035","2035","2035"
"203699","0.1351621448993683","0.1351621448993683","0.1351621448993683","2036","2036","2036"
"203799","0.1292439103126526","0.1292439103126526","0.1292439103126526","2037","2037","2037"
"203899","0.12818078696727753","0.12818078696727753","0.12818078696727753","2038","2038","2038"
"203999","0.13495364785194397","0.13495364785194397","0.13495364785194397","2039","2039","2039"
"204099","0.1289025843143463","0.1289025843143463","0.1289025843143463","2040","2040","2040"
"204199","0.1321336030960083","0.1321336030960083","0.1321336030960083","2041","2041","2041"
"204299","0.1333179473876953","0.1333179473876953","0.1333179473876953","2042","2042","2042"
"204399","0.12997965514659882","0.12997965514659882","0.12997965514659882","2043","2043","2043"
"204499","0.13505761325359344","0.13505761325359344","0.13505761325359344","2044","2044","2044"
"204599","0.13069747388362885","0.13069747388362885","0.13069747388362885","2045","2045","2045"
"204699","0.12968234717845917","0.12968234717845917","0.12968234717845917","2046","2046","2046"
"204799","0.13405010104179382","0.13405010104179382","0.13405010104179382","2047","2047","2047"
"204899","0.13265123963356018","0.13265123963356018","0.13265123963356018","2048","2048","2048"
"204999","0.13025574386119843","0.13025574386119843","0.13025574386119843","2049","2049","2049"
"205099","0.13388779759407043","0.13388779759407043","0.13388779759407043","2050","2050","2050"
"205199","0.13266034424304962","0.13266034424304962","0.13266034424304962","2051","2051","2051"
"205299","0.1312977373600006","0.1312977373600006","0.1312977373600006","2052","2052","2052"
"205399","0.12651853263378143","0.12651853263378143","0.12651853263378143","2053","2053","2053"
"205499","0.13486075401306152","0.13486075401306152","0.13486075401306152","2054","2054","2054"
"205599","0.13366112112998962","0.13366112112998962","0.13366112112998962","2055","2055","2055"
"205699","0.13324199616909027","0.13324199616909027","0.13324199616909027","2056","2056","2056"
"205799","0.12900948524475098","0.12900948524475098","0.12900948524475098","2057","2057","2057"
"205899","0.13177816569805145","0.13177816569805145","0.13177816569805145","2058","2058","2058"
"205999","0.1297079175710678","0.1297079175710678","0.1297079175710678","2059","2059","2059"
"206099","0.1307917982339859","0.1307917982339859","0.1307917982339859","2060","2060","2060"
"206199","0.12719744443893433","0.12719744443893433","0.12719744443893433","2061","2061","2061"
"206299","0.13047125935554504","0.13047125935554504","0.13047125935554504","2062","2062","2062"
"206399","0.12935076653957367","0.12935076653957367","0.12935076653957367","2063","2063","2063"
"206499","0.12907446920871735","0.12907446920871735","0.12907446920871735","2064","2064","2064"
"206599","0.1290440559387207","0.1290440559387207","0.1290440559387207","2065","2065","2065"
"206699","0.13349048793315887","0.13349048793315887","0.13349048793315887","2066","2066","2066"
"206799","0.12983980774879456","0.12983980774879456","0.12983980774879456","2067","2067","2067"
"206899","0.13090091943740845","0.13090091943740845","0.13090091943740845","2068","2068","2068"
"206999","0.1281074583530426","0.1281074583530426","0.1281074583530426","2069","2069","2069"
"207099","0.1315487027168274","0.1315487027168274","0.1315487027168274","2070","2070","2070"
"207199","0.14096857607364655","0.14096857607364655","0.14096857607364655","2071","2071","2071"
"207299","0.12441398948431015","0.12441398948431015","0.12441398948431015","2072","2072","2072"
"207399","0.13255338370800018","0.13255338370800018","0.13255338370800018","2073","2073","2073"
"207499","0.13562433421611786","0.13562433421611786","0.13562433421611786","2074","2074","2074"
"207599","0.12679651379585266","0.12679651379585266","0.12679651379585266","2075","2075","2075"
"207699","0.13135917484760284","0.13135917484760284","0.13135917484760284","2076","2076","2076"
"207799","0.13439127802848816","0.13439127802848816","0.13439127802848816","2077","2077","2077"
"207899","0.13103125989437103","0.13103125989437103","0.13103125989437103","2078","2078","2078"
"207999","0.1366046667098999","0.1366046667098999","0.1366046667098999","2079","2079","2079"
"208099","0.13014402985572815","0.13014402985572815","0.13014402985572815","2080","2080","2080"
"208199","0.13677731156349182","0.13677731156349182","0.13677731156349182","2081","2081","2081"
"208299","0.1295657902956009","0.1295657902956009","0.1295657902956009","2082","2082","2082"
"208399","0.1315217763185501","0.1315217763185501","0.1315217763185501","2083","2083","2083"
"208499","0.12787000834941864","0.12787000834941864","0.12787000834941864","2084","2084","2084"
"208599","0.1289023905992508","0.1289023905992508","0.1289023905992508","2085","2085","2085"
"208699","0.1361362785100937","0.1361362785100937","0.1361362785100937","2086","2086","2086"
"208799","0.13238629698753357","0.13238629698753357","0.13238629698753357","2087","2087","2087"
"208899","0.12945252656936646","0.12945252656936646","0.12945252656936646","2088","2088","2088"
"208999","0.13077904284000397","0.13077904284000397","0.13077904284000397","2089","2089","2089"
"209099","0.1331404447555542","0.1331404447555542","0.1331404447555542","2090","2090","2090"
"209199","0.1282232403755188","0.1282232403755188","0.1282232403755188","2091","2091","2091"
"209299","0.1309191882610321","0.1309191882610321","0.1309191882610321","2092","2092","2092"
"209399","0.13553009927272797","0.13553009927272797","0.13553009927272797","2093","2093","2093"
"209499","0.1262892484664917","0.1262892484664917","0.1262892484664917","2094","2094","2094"
"209599","0.13714607059955597","0.13714607059955597","0.13714607059955597","2095","2095","2095"
"209699","0.13245728611946106","0.13245728611946106","0.13245728611946106","2096","2096","2096"
"209799","0.1319958120584488","0.1319958120584488","0.1319958120584488","2097","2097","2097"
"209899","0.13666623830795288","0.13666623830795288","0.13666623830795288","2098","2098","2098"
"209999","0.1372106671333313","0.1372106671333313","0.1372106671333313","2099","2099","2099"
"210099","0.1325664073228836","0.1325664073228836","0.1325664073228836","2100","2100","2100"
"210199","0.12884990870952606","0.12884990870952606","0.12884990870952606","2101","2101","2101"
"210299","0.1282385140657425","0.1282385140657425","0.1282385140657425","2102","2102","2102"
"210399","0.12747947871685028","0.12747947871685028","0.12747947871685028","2103","2103","2103"
"210499","0.13758200407028198","0.13758200407028198","0.13758200407028198","2104","2104","2104"
"210599","0.13512304425239563","0.13512304425239563","0.13512304425239563","2105","2105","2105"
"210699","0.12941747903823853","0.12941747903823853","0.12941747903823853","2106","2106","2106"
"210799","0.13556185364723206","0.13556185364723206","0.13556185364723206","2107","2107","2107"
"210899","0.1330905705690384","0.1330905705690384","0.1330905705690384","2108","2108","2108"
"210999","0.13363343477249146","0.13363343477249146","0.13363343477249146","2109","2109","2109"
"211099","0.1266857087612152","0.1266857087612152","0.1266857087612152","2110","2110","2110"
"211199","0.13890185952186584","0.13890185952186584","0.13890185952186584","2111","2111","2111"
"211299","0.1289057582616806","0.1289057582616806","0.1289057582616806","2112","2112","2112"
"211399","0.13427366316318512","0.13427366316318512","0.13427366316318512","2113","2113","2113"
"211499","0.13027754426002502","0.13027754426002502","0.13027754426002502","2114","2114","2114"
"211599","0.13016660511493683","0.13016660511493683","0.13016660511493683","2115","2115","2115"
"211699","0.13241535425186157","0.13241535425186157","0.13241535425186157","2116","2116","2116"
"211799","0.1331918090581894","0.1331918090581894","0.1331918090581894","2117","2117","2117"
"211899","0.13403268158435822","0.13403268158435822","0.13403268158435822","2118","2118","2118"
"211999","0.13463525474071503","0.13463525474071503","0.13463525474071503","2119","2119","2119"
"212099","0.131010964512825","0.131010964512825","0.131010964512825","2120","2120","2120"
"212199","0.1336316466331482","0.1336316466331482","0.1336316466331482","2121","2121","2121"
"212299","0.13785111904144287","0.13785111904144287","0.13785111904144287","2122","2122","2122"
"212399","0.13060541450977325","0.13060541450977325","0.13060541450977325","2123","2123","2123"
"212499","0.13694226741790771","0.13694226741790771","0.13694226741790771","2124","2124","2124"
"212599","0.1314498484134674","0.1314498484134674","0.1314498484134674","2125","2125","2125"
"212699","0.13131050765514374","0.13131050765514374","0.13131050765514374","2126","2126","2126"
"212799","0.13978257775306702","0.13978257775306702","0.13978257775306702","2127","2127","2127"
"212899","0.13308799266815186","0.13308799266815186","0.13308799266815186","2128","2128","2128"
"212999","0.13274112343788147","0.13274112343788147","0.13274112343788147","2129","2129","2129"
"213099","0.1349729746580124","0.1349729746580124","0.1349729746580124","2130","2130","2130"
"213199","0.13918079435825348","0.13918079435825348","0.13918079435825348","2131","2131","2131"
"213299","0.13008412718772888","0.13008412718772888","0.13008412718772888","2132","2132","2132"
"213399","0.1301850825548172","0.1301850825548172","0.1301850825548172","2133","2133","2133"
"213499","0.13349312543869019","0.13349312543869019","0.13349312543869019","2134","2134","2134"
"213599","0.13525468111038208","0.13525468111038208","0.13525468111038208","2135","2135","2135"
"213699","0.1369188278913498","0.1369188278913498","0.1369188278913498","2136","2136","2136"
"213799","0.13226641714572906","0.13226641714572906","0.13226641714572906","2137","2137","2137"
"213899","0.1291865110397339","0.1291865110397339","0.1291865110397339","2138","2138","2138"
"213999","0.13259927928447723","0.13259927928447723","0.13259927928447723","2139","2139","2139"
"214099","0.13368144631385803","0.13368144631385803","0.13368144631385803","2140","2140","2140"
"214199","0.13840213418006897","0.13840213418006897","0.13840213418006897","2141","2141","2141"
"214299","0.13038702309131622","0.13038702309131622","0.13038702309131622","2142","2142","2142"
"214399","0.13119111955165863","0.13119111955165863","0.13119111955165863","2143","2143","2143"
"214499","0.13450056314468384","0.13450056314468384","0.13450056314468384","2144","2144","2144"
"214599","0.13204176723957062","0.13204176723957062","0.13204176723957062","2145","2145","2145"
"214699","0.13661818206310272","0.13661818206310272","0.13661818206310272","2146","2146","2146"
"214799","0.12970055639743805","0.12970055639743805","0.12970055639743805","2147","2147","2147"
"214899","0.12859530746936798","0.12859530746936798","0.12859530746936798","2148","2148","2148"
"214999","0.1338529884815216","0.1338529884815216","0.1338529884815216","2149","2149","2149"
"215099","0.12780238687992096","0.12780238687992096","0.12780238687992096","2150","2150","2150"
"215199","0.13122569024562836","0.13122569024562836","0.13122569024562836","2151","2151","2151"
"215299","0.13502630591392517","0.13502630591392517","0.13502630591392517","2152","2152","2152"
"215399","0.129135400056839","0.129135400056839","0.129135400056839","2153","2153","2153"
"215499","0.13371050357818604","0.13371050357818604","0.13371050357818604","2154","2154","2154"
"215599","0.1370372623205185","0.1370372623205185","0.1370372623205185","2155","2155","2155"
"215699","0.1361362785100937","0.1361362785100937","0.1361362785100937","2156","2156","2156"
"215799","0.134530171751976","0.134530171751976","0.134530171751976","2157","2157","2157"
"215899","0.13700120151042938","0.13700120151042938","0.13700120151042938","2158","2158","2158"
"215999","0.13074705004692078","0.13074705004692078","0.13074705004692078","2159","2159","2159"
"216099","0.12726762890815735","0.12726762890815735","0.12726762890815735","2160","2160","2160"
"216199","0.12939517199993134","0.12939517199993134","0.12939517199993134","2161","2161","2161"
"216299","0.13168004155158997","0.13168004155158997","0.13168004155158997","2162","2162","2162"
"216399","0.1270385980606079","0.1270385980606079","0.1270385980606079","2163","2163","2163"
"216499","0.12468424439430237","0.12468424439430237","0.12468424439430237","2164","2164","2164"
"216599","0.13084405660629272","0.13084405660629272","0.13084405660629272","2165","2165","2165"
"216699","0.13395632803440094","0.13395632803440094","0.13395632803440094","2166","2166","2166"
"216799","0.13260364532470703","0.13260364532470703","0.13260364532470703","2167","2167","2167"
"216899","0.12892553210258484","0.12892553210258484","0.12892553210258484","2168","2168","2168"
"216999","0.1315038502216339","0.1315038502216339","0.1315038502216339","2169","2169","2169"
"217099","0.13439391553401947","0.13439391553401947","0.13439391553401947","2170","2170","2170"
"217199","0.12498565018177032","0.12498565018177032","0.12498565018177032","2171","2171","2171"
"217299","0.1333840936422348","0.1333840936422348","0.1333840936422348","2172","2172","2172"
"217399","0.13541528582572937","0.13541528582572937","0.13541528582572937","2173","2173","2173"
"217499","0.13443751633167267","0.13443751633167267","0.13443751633167267","2174","2174","2174"
"217599","0.130801260471344","0.130801260471344","0.130801260471344","2175","2175","2175"
"217699","0.13023151457309723","0.13023151457309723","0.13023151457309723","2176","2176","2176"
"217799","0.13012942671775818","0.13012942671775818","0.13012942671775818","2177","2177","2177"
"217899","0.13367056846618652","0.13367056846618652","0.13367056846618652","2178","2178","2178"
"217999","0.1333557367324829","0.1333557367324829","0.1333557367324829","2179","2179","2179"
"218099","0.1342378556728363","0.1342378556728363","0.1342378556728363","2180","2180","2180"
"218199","0.12696410715579987","0.12696410715579987","0.12696410715579987","2181","2181","2181"
"218299","0.14172707498073578","0.14172707498073578","0.14172707498073578","2182","2182","2182"
"218399","0.12782320380210876","0.12782320380210876","0.12782320380210876","2183","2183","2183"
"218499","0.125085711479187","0.125085711479187","0.125085711479187","2184","2184","2184"
"218599","0.12984177470207214","0.12984177470207214","0.12984177470207214","2185","2185","2185"
"218699","0.1308189332485199","0.1308189332485199","0.1308189332485199","2186","2186","2186"
"218799","0.134381964802742","0.134381964802742","0.134381964802742","2187","2187","2187"
"218899","0.13955430686473846","0.13955430686473846","0.13955430686473846","2188","2188","2188"
"218999","0.13498464226722717","0.13498464226722717","0.13498464226722717","2189","2189","2189"
"219099","0.12915335595607758","0.12915335595607758","0.12915335595607758","2190","2190","2190"
"219199","0.13395193219184875","0.13395193219184875","0.13395193219184875","2191","2191","2191"
"219299","0.13708046078681946","0.13708046078681946","0.13708046078681946","2192","2192","2192"
"219399","0.12840785086154938","0.12840785086154938","0.12840785086154938","2193","2193","2193"
"219499","0.13220015168190002","0.13220015168190002","0.13220015168190002","2194","2194","2194"
"219599","0.13475920259952545","0.13475920259952545","0.13475920259952545","2195","2195","2195"
"219699","0.12807109951972961","0.12807109951972961","0.12807109951972961","2196","2196","2196"
"219799","0.12784668803215027","0.12784668803215027","0.12784668803215027","2197","2197","2197"
"219899","0.12966254353523254","0.12966254353523254","0.12966254353523254","2198","2198","2198"
"219999","0.13021589815616608","0.13021589815616608","0.13021589815616608","2199","2199","2199"
"220099","0.13446420431137085","0.13446420431137085","0.13446420431137085","2200","2200","2200"
"220199","0.13014358282089233","0.13014358282089233","0.13014358282089233","2201","2201","2201"
"220299","0.13033390045166016","0.13033390045166016","0.13033390045166016","2202","2202","2202"
"220399","0.13979355990886688","0.13979355990886688","0.13979355990886688","2203","2203","2203"
"220499","0.12993596494197845","0.12993596494197845","0.12993596494197845","2204","2204","2204"
"220599","0.13399046659469604","0.13399046659469604","0.13399046659469604","2205","2205","2205"
"220699","0.13030171394348145","0.13030171394348145","0.13030171394348145","2206","2206","2206"
"220799","0.12592248618602753","0.12592248618602753","0.12592248618602753","2207","2207","2207"
"220899","0.12953674793243408","0.12953674793243408","0.12953674793243408","2208","2208","2208"
"220999","0.12558495998382568","0.12558495998382568","0.12558495998382568","2209","2209","2209"
"221099","0.13481558859348297","0.13481558859348297","0.13481558859348297","2210","2210","2210"
"221199","0.13268333673477173","0.13268333673477173","0.13268333673477173","2211","2211","2211"
"221299","0.1320982128381729","0.1320982128381729","0.1320982128381729","2212","2212","2212"
"221399","0.13752524554729462","0.13752524554729462","0.13752524554729462","2213","2213","2213"
"221499","0.13934007287025452","0.13934007287025452","0.13934007287025452","2214","2214","2214"
"221599","0.13114716112613678","0.13114716112613678","0.13114716112613678","2215","2215","2215"
"221699","0.13932746648788452","0.13932746648788452","0.13932746648788452","2216","2216","2216"
"221799","0.13276472687721252","0.13276472687721252","0.13276472687721252","2217","2217","2217"
"221899","0.1278291940689087","0.1278291940689087","0.1278291940689087","2218","2218","2218"
"221999","0.13857561349868774","0.13857561349868774","0.13857561349868774","2219","2219","2219"
"222099","0.13438792526721954","0.13438792526721954","0.13438792526721954","2220","2220","2220"
"222199","0.1257835477590561","0.1257835477590561","0.1257835477590561","2221","2221","2221"
"222299","0.1339329183101654","0.1339329183101654","0.1339329183101654","2222","2222","2222"
"222399","0.13196608424186707","0.13196608424186707","0.13196608424186707","2223","2223","2223"
"222499","0.13139735162258148","0.13139735162258148","0.13139735162258148","2224","2224","2224"
"222599","0.12423504889011383","0.12423504889011383","0.12423504889011383","2225","2225","2225"
"222699","0.13508692383766174","0.13508692383766174","0.13508692383766174","2226","2226","2226"
"222799","0.1329607516527176","0.1329607516527176","0.1329607516527176","2227","2227","2227"
"222899","0.1310615837574005","0.1310615837574005","0.1310615837574005","2228","2228","2228"
"222999","0.13303999602794647","0.13303999602794647","0.13303999602794647","2229","2229","2229"
"223099","0.1280175745487213","0.1280175745487213","0.1280175745487213","2230","2230","2230"
"223199","0.12973614037036896","0.12973614037036896","0.12973614037036896","2231","2231","2231"
"223299","0.14177048206329346","0.14177048206329346","0.14177048206329346","2232","2232","2232"
"223399","0.13290271162986755","0.13290271162986755","0.13290271162986755","2233","2233","2233"
"223499","0.13094834983348846","0.13094834983348846","0.13094834983348846","2234","2234","2234"
"223599","0.1322619616985321","0.1322619616985321","0.1322619616985321","2235","2235","2235"
"223699","0.1391017884016037","0.1391017884016037","0.1391017884016037","2236","2236","2236"
"223799","0.1319272369146347","0.1319272369146347","0.1319272369146347","2237","2237","2237"
"223899","0.13330884277820587","0.13330884277820587","0.13330884277820587","2238","2238","2238"
"223999","0.1282624453306198","0.1282624453306198","0.1282624453306198","2239","2239","2239"
"224099","0.12902145087718964","0.12902145087718964","0.12902145087718964","2240","2240","2240"
"224199","0.13299189507961273","0.13299189507961273","0.13299189507961273","2241","2241","2241"
"224299","0.1306179016828537","0.1306179016828537","0.1306179016828537","2242","2242","2242"
"224399","0.1288336217403412","0.1288336217403412","0.1288336217403412","2243","2243","2243"
"224499","0.12922075390815735","0.12922075390815735","0.12922075390815735","2244","2244","2244"
"224599","0.13264647126197815","0.13264647126197815","0.13264647126197815","2245","2245","2245"
"224699","0.1353534460067749","0.1353534460067749","0.1353534460067749","2246","2246","2246"
"224799","0.12728524208068848","0.12728524208068848","0.12728524208068848","2247","2247","2247"
"224899","0.1335780769586563","0.1335780769586563","0.1335780769586563","2248","2248","2248"
"224999","0.13545314967632294","0.13545314967632294","0.13545314967632294","2249","2249","2249"
"225099","0.13300025463104248","0.13300025463104248","0.13300025463104248","2250","2250","2250"
"225199","0.13466890156269073","0.13466890156269073","0.13466890156269073","2251","2251","2251"
"225299","0.128856360912323","0.128856360912323","0.128856360912323","2252","2252","2252"
"225399","0.13602180778980255","0.13602180778980255","0.13602180778980255","2253","2253","2253"
"225499","0.132807195186615","0.132807195186615","0.132807195186615","2254","2254","2254"
"225599","0.13317254185676575","0.13317254185676575","0.13317254185676575","2255","2255","2255"
"225699","0.13590803742408752","0.13590803742408752","0.13590803742408752","2256","2256","2256"
"225799","0.13019295036792755","0.13019295036792755","0.13019295036792755","2257","2257","2257"
"225899","0.13202004134655","0.13202004134655","0.13202004134655","2258","2258","2258"
"225999","0.13183894753456116","0.13183894753456116","0.13183894753456116","2259","2259","2259"
"226099","0.12510091066360474","0.12510091066360474","0.12510091066360474","2260","2260","2260"
"226199","0.13062863051891327","0.13062863051891327","0.13062863051891327","2261","2261","2261"
"226299","0.13640239834785461","0.13640239834785461","0.13640239834785461","2262","2262","2262"
"226399","0.13356457650661469","0.13356457650661469","0.13356457650661469","2263","2263","2263"
"226499","0.13313741981983185","0.13313741981983185","0.13313741981983185","2264","2264","2264"
"226599","0.12770110368728638","0.12770110368728638","0.12770110368728638","2265","2265","2265"
"226699","0.136107936501503","0.136107936501503","0.136107936501503","2266","2266","2266"
"226799","0.12840475142002106","0.12840475142002106","0.12840475142002106","2267","2267","2267"
"226899","0.12854492664337158","0.12854492664337158","0.12854492664337158","2268","2268","2268"
"226999","0.13238978385925293","0.13238978385925293","0.13238978385925293","2269","2269","2269"
"227099","0.12911376357078552","0.12911376357078552","0.12911376357078552","2270","2270","2270"
"227199","0.12994416058063507","0.12994416058063507","0.12994416058063507","2271","2271","2271"
"227299","0.1377718597650528","0.1377718597650528","0.1377718597650528","2272","2272","2272"
"227399","0.13337650895118713","0.13337650895118713","0.13337650895118713","2273","2273","2273"
"227499","0.12913236021995544","0.12913236021995544","0.12913236021995544","2274","2274","2274"
"227599","0.13524821400642395","0.13524821400642395","0.13524821400642395","2275","2275","2275"
"227699","0.13018061220645905","0.13018061220645905","0.13018061220645905","2276","2276","2276"
"227799","0.13366343080997467","0.13366343080997467","0.13366343080997467","2277","2277","2277"
"227899","0.1251154989004135","0.1251154989004135","0.1251154989004135","2278","2278","2278"
"227999","0.1261359602212906","0.1261359602212906","0.1261359602212906","2279","2279","2279"
"228099","0.1299857646226883","0.1299857646226883","0.1299857646226883","2280","2280","2280"
"228199","0.13123390078544617","0.13123390078544617","0.13123390078544617","2281","2281","2281"
"228299","0.13136611878871918","0.13136611878871918","0.13136611878871918","2282","2282","2282"
"228399","0.13843455910682678","0.13843455910682678","0.13843455910682678","2283","2283","2283"
"228499","0.12997880578041077","0.12997880578041077","0.12997880578041077","2284","2284","2284"
"228599","0.13233917951583862","0.13233917951583862","0.13233917951583862","2285","2285","2285"
"228699","0.13395801186561584","0.13395801186561584","0.13395801186561584","2286","2286","2286"
"228799","0.1235664114356041","0.1235664114356041","0.1235664114356041","2287","2287","2287"
"228899","0.12572422623634338","0.12572422623634338","0.12572422623634338","2288","2288","2288"
"228999","0.1392514556646347","0.1392514556646347","0.1392514556646347","2289","2289","2289"
"229099","0.1341329663991928","0.1341329663991928","0.1341329663991928","2290","2290","2290"
"229199","0.12909914553165436","0.12909914553165436","0.12909914553165436","2291","2291","2291"
"229299","0.1307729333639145","0.1307729333639145","0.1307729333639145","2292","2292","2292"
"229399","0.13943862915039062","0.13943862915039062","0.13943862915039062","2293","2293","2293"
"229499","0.13773378729820251","0.13773378729820251","0.13773378729820251","2294","2294","2294"
"229599","0.1312609165906906","0.1312609165906906","0.1312609165906906","2295","2295","2295"
"229699","0.13310858607292175","0.13310858607292175","0.13310858607292175","2296","2296","2296"
"229799","0.12732551991939545","0.12732551991939545","0.12732551991939545","2297","2297","2297"
"229899","0.13861000537872314","0.13861000537872314","0.13861000537872314","2298","2298","2298"
"229999","0.13217997550964355","0.13217997550964355","0.13217997550964355","2299","2299","2299"
"230099","0.12648499011993408","0.12648499011993408","0.12648499011993408","2300","2300","2300"
"230199","0.13066907227039337","0.13066907227039337","0.13066907227039337","2301","2301","2301"
"230299","0.1333344280719757","0.1333344280719757","0.1333344280719757","2302","2302","2302"
"230399","0.13649627566337585","0.13649627566337585","0.13649627566337585","2303","2303","2303"
"230499","0.13067370653152466","0.13067370653152466","0.13067370653152466","2304","2304","2304"
"230599","0.13230012357234955","0.13230012357234955","0.13230012357234955","2305","2305","2305"
"230699","0.135874405503273","0.135874405503273","0.135874405503273","2306","2306","2306"
"230799","0.1309046596288681","0.1309046596288681","0.1309046596288681","2307","2307","2307"
"230899","0.13371817767620087","0.13371817767620087","0.13371817767620087","2308","2308","2308"
"230999","0.12861573696136475","0.12861573696136475","0.12861573696136475","2309","2309","2309"
"231099","0.13454189896583557","0.13454189896583557","0.13454189896583557","2310","2310","2310"
"231199","0.13427112996578217","0.13427112996578217","0.13427112996578217","2311","2311","2311"
"231299","0.13150177896022797","0.13150177896022797","0.13150177896022797","2312","2312","2312"
"231399","0.13391107320785522","0.13391107320785522","0.13391107320785522","2313","2313","2313"
"231499","0.13414612412452698","0.13414612412452698","0.13414612412452698","2314","2314","2314"
"231599","0.1332419067621231","0.1332419067621231","0.1332419067621231","2315","2315","2315"
"231699","0.13516740500926971","0.13516740500926971","0.13516740500926971","2316","2316","2316"
"231799","0.12851065397262573","0.12851065397262573","0.12851065397262573","2317","2317","2317"
"231899","0.13505354523658752","0.13505354523658752","0.13505354523658752","2318","2318","2318"
"231999","0.1333111822605133","0.1333111822605133","0.1333111822605133","2319","2319","2319"
"232099","0.13328580558300018","0.13328580558300018","0.13328580558300018","2320","2320","2320"
"232199","0.13453848659992218","0.13453848659992218","0.13453848659992218","2321","2321","2321"
"232299","0.12417058646678925","0.12417058646678925","0.12417058646678925","2322","2322","2322"
"232399","0.13452930748462677","0.13452930748462677","0.13452930748462677","2323","2323","2323"
"232499","0.13069313764572144","0.13069313764572144","0.13069313764572144","2324","2324","2324"
"232599","0.12792325019836426","0.12792325019836426","0.12792325019836426","2325","2325","2325"
"232699","0.13503187894821167","0.13503187894821167","0.13503187894821167","2326","2326","2326"
"232799","0.125368133187294","0.125368133187294","0.125368133187294","2327","2327","2327"
"232899","0.13541360199451447","0.13541360199451447","0.13541360199451447","2328","2328","2328"
"232999","0.13431982696056366","0.13431982696056366","0.13431982696056366","2329","2329","2329"
"233099","0.131753072142601","0.131753072142601","0.131753072142601","2330","2330","2330"
"233199","0.1343717873096466","0.1343717873096466","0.1343717873096466","2331","2331","2331"
"233299","0.12979429960250854","0.12979429960250854","0.12979429960250854","2332","2332","2332"
"233399","0.1330660581588745","0.1330660581588745","0.1330660581588745","2333","2333","2333"
"233499","0.126814067363739","0.126814067363739","0.126814067363739","2334","2334","2334"
"233599","0.13260328769683838","0.13260328769683838","0.13260328769683838","2335","2335","2335"
"233699","0.1256997436285019","0.1256997436285019","0.1256997436285019","2336","2336","2336"
"233799","0.12838293612003326","0.12838293612003326","0.12838293612003326","2337","2337","2337"
"233899","0.1279960721731186","0.1279960721731186","0.1279960721731186","2338","2338","2338"
"233999","0.12367658317089081","0.12367658317089081","0.12367658317089081","2339","2339","2339"
"234099","0.1275213658809662","0.1275213658809662","0.1275213658809662","2340","2340","2340"
"234199","0.1385790854692459","0.1385790854692459","0.1385790854692459","2341","2341","2341"
"234299","0.13693712651729584","0.13693712651729584","0.13693712651729584","2342","2342","2342"
"234399","0.12813566625118256","0.12813566625118256","0.12813566625118256","2343","2343","2343"
"234499","0.13615351915359497","0.13615351915359497","0.13615351915359497","2344","2344","2344"
"234599","0.12899760901927948","0.12899760901927948","0.12899760901927948","2345","2345","2345"
"234699","0.13094648718833923","0.13094648718833923","0.13094648718833923","2346","2346","2346"
"234799","0.13440708816051483","0.13440708816051483","0.13440708816051483","2347","2347","2347"
"234899","0.13410642743110657","0.13410642743110657","0.13410642743110657","2348","2348","2348"
"234999","0.1368839591741562","0.1368839591741562","0.1368839591741562","2349","2349","2349"
"235099","0.13168583810329437","0.13168583810329437","0.13168583810329437","2350","2350","2350"
"235199","0.13079431653022766","0.13079431653022766","0.13079431653022766","2351","2351","2351"
"235299","0.13691012561321259","0.13691012561321259","0.13691012561321259","2352","2352","2352"
"235399","0.13265840709209442","0.13265840709209442","0.13265840709209442","2353","2353","2353"
"235499","0.1314876228570938","0.1314876228570938","0.1314876228570938","2354","2354","2354"
"235599","0.1307041198015213","0.1307041198015213","0.1307041198015213","2355","2355","2355"
"235699","0.13496489822864532","0.13496489822864532","0.13496489822864532","2356","2356","2356"
"235799","0.13449044525623322","0.13449044525623322","0.13449044525623322","2357","2357","2357"
"235899","0.1378004401922226","0.1378004401922226","0.1378004401922226","2358","2358","2358"
"235999","0.1327049881219864","0.1327049881219864","0.1327049881219864","2359","2359","2359"
"236099","0.12791810929775238","0.12791810929775238","0.12791810929775238","2360","2360","2360"
"236199","0.13192793726921082","0.13192793726921082","0.13192793726921082","2361","2361","2361"
"236299","0.12858889997005463","0.12858889997005463","0.12858889997005463","2362","2362","2362"
"236399","0.13483275473117828","0.13483275473117828","0.13483275473117828","2363","2363","2363"
"236499","0.12815795838832855","0.12815795838832855","0.12815795838832855","2364","2364","2364"
"236599","0.13370704650878906","0.13370704650878906","0.13370704650878906","2365","2365","2365"
"236699","0.1361575573682785","0.1361575573682785","0.1361575573682785","2366","2366","2366"
"236799","0.12864592671394348","0.12864592671394348","0.12864592671394348","2367","2367","2367"
"236899","0.13082686066627502","0.13082686066627502","0.13082686066627502","2368","2368","2368"
"236999","0.13664363324642181","0.13664363324642181","0.13664363324642181","2369","2369","2369"
"237099","0.1314862072467804","0.1314862072467804","0.1314862072467804","2370","2370","2370"
"237199","0.13529765605926514","0.13529765605926514","0.13529765605926514","2371","2371","2371"
"237299","0.13526642322540283","0.13526642322540283","0.13526642322540283","2372","2372","2372"
"237399","0.13488033413887024","0.13488033413887024","0.13488033413887024","2373","2373","2373"
"237499","0.13985809683799744","0.13985809683799744","0.13985809683799744","2374","2374","2374"
"237599","0.13425566256046295","0.13425566256046295","0.13425566256046295","2375","2375","2375"
"237699","0.133914515376091","0.133914515376091","0.133914515376091","2376","2376","2376"
"237799","0.1299866884946823","0.1299866884946823","0.1299866884946823","2377","2377","2377"
"237899","0.12843546271324158","0.12843546271324158","0.12843546271324158","2378","2378","2378"
"237999","0.13172298669815063","0.13172298669815063","0.13172298669815063","2379","2379","2379"
"238099","0.125557079911232","0.125557079911232","0.125557079911232","2380","2380","2380"
"238199","0.1342107653617859","0.1342107653617859","0.1342107653617859","2381","2381","2381"
"238299","0.1358814835548401","0.1358814835548401","0.1358814835548401","2382","2382","2382"
"238399","0.13650014996528625","0.13650014996528625","0.13650014996528625","2383","2383","2383"
"238499","0.13277950882911682","0.13277950882911682","0.13277950882911682","2384","2384","2384"
"238599","0.12732595205307007","0.12732595205307007","0.12732595205307007","2385","2385","2385"
"238699","0.1310620903968811","0.1310620903968811","0.1310620903968811","2386","2386","2386"
"238799","0.13593190908432007","0.13593190908432007","0.13593190908432007","2387","2387","2387"
"238899","0.13273411989212036","0.13273411989212036","0.13273411989212036","2388","2388","2388"
"238999","0.13174346089363098","0.13174346089363098","0.13174346089363098","2389","2389","2389"
"239099","0.12634916603565216","0.12634916603565216","0.12634916603565216","2390","2390","2390"
"239199","0.13490508496761322","0.13490508496761322","0.13490508496761322","2391","2391","2391"
"239299","0.12888655066490173","0.12888655066490173","0.12888655066490173","2392","2392","2392"
"239399","0.13166986405849457","0.13166986405849457","0.13166986405849457","2393","2393","2393"
"239499","0.12744267284870148","0.12744267284870148","0.12744267284870148","2394","2394","2394"
"239599","0.1309226155281067","0.1309226155281067","0.1309226155281067","2395","2395","2395"
"239699","0.12554140388965607","0.12554140388965607","0.12554140388965607","2396","2396","2396"
"239799","0.1283024549484253","0.1283024549484253","0.1283024549484253","2397","2397","2397"
"239899","0.1356571763753891","0.1356571763753891","0.1356571763753891","2398","2398","2398"
"239999","0.13229650259017944","0.13229650259017944","0.13229650259017944","2399","2399","2399"
"240099","0.1360625922679901","0.1360625922679901","0.1360625922679901","2400","2400","2400"
"240199","0.12883032858371735","0.12883032858371735","0.12883032858371735","2401","2401","2401"
"240299","0.13391390442848206","0.13391390442848206","0.13391390442848206","2402","2402","2402"
"240399","0.13270902633666992","0.13270902633666992","0.13270902633666992","2403","2403","2403"
"240499","0.13083970546722412","0.13083970546722412","0.13083970546722412","2404","2404","2404"
"240599","0.1330152153968811","0.1330152153968811","0.1330152153968811","2405","2405","2405"
"240699","0.13060493767261505","0.13060493767261505","0.13060493767261505","2406","2406","2406"
"240799","0.13731275498867035","0.13731275498867035","0.13731275498867035","2407","2407","2407"
"240899","0.13156519830226898","0.13156519830226898","0.13156519830226898","2408","2408","2408"
"240999","0.12794779241085052","0.12794779241085052","0.12794779241085052","2409","2409","2409"
"241099","0.13665662705898285","0.13665662705898285","0.13665662705898285","2410","2410","2410"
"241199","0.13470199704170227","0.13470199704170227","0.13470199704170227","2411","2411","2411"
"241299","0.13815078139305115","0.13815078139305115","0.13815078139305115","2412","2412","2412"
"241399","0.13152846693992615","0.13152846693992615","0.13152846693992615","2413","2413","2413"
"241499","0.13265173137187958","0.13265173137187958","0.13265173137187958","2414","2414","2414"
"241599","0.1258067488670349","0.1258067488670349","0.1258067488670349","2415","2415","2415"
"241699","0.13621926307678223","0.13621926307678223","0.13621926307678223","2416","2416","2416"
"241799","0.13789360225200653","0.13789360225200653","0.13789360225200653","2417","2417","2417"
"241899","0.13044364750385284","0.13044364750385284","0.13044364750385284","2418","2418","2418"
"241999","0.13772211968898773","0.13772211968898773","0.13772211968898773","2419","2419","2419"
"242099","0.13336336612701416","0.13336336612701416","0.13336336612701416","2420","2420","2420"
"242199","0.13384312391281128","0.13384312391281128","0.13384312391281128","2421","2421","2421"
"242299","0.13233642280101776","0.13233642280101776","0.13233642280101776","2422","2422","2422"
"242399","0.12928058207035065","0.12928058207035065","0.12928058207035065","2423","2423","2423"
"242499","0.13352876901626587","0.13352876901626587","0.13352876901626587","2424","2424","2424"
"242599","0.130626380443573","0.130626380443573","0.130626380443573","2425","2425","2425"
"242699","0.13245512545108795","0.13245512545108795","0.13245512545108795","2426","2426","2426"
"242799","0.12847529351711273","0.12847529351711273","0.12847529351711273","2427","2427","2427"
"242899","0.13443022966384888","0.13443022966384888","0.13443022966384888","2428","2428","2428"
"242999","0.13316619396209717","0.13316619396209717","0.13316619396209717","2429","2429","2429"
"243099","0.13086503744125366","0.13086503744125366","0.13086503744125366","2430","2430","2430"
"243199","0.1336061954498291","0.1336061954498291","0.1336061954498291","2431","2431","2431"
"243299","0.13312603533267975","0.13312603533267975","0.13312603533267975","2432","2432","2432"
"243399","0.13348622620105743","0.13348622620105743","0.13348622620105743","2433","2433","2433"
"243499","0.13217875361442566","0.13217875361442566","0.13217875361442566","2434","2434","2434"
"243599","0.13403037190437317","0.13403037190437317","0.13403037190437317","2435","2435","2435"
"243699","0.13425585627555847","0.13425585627555847","0.13425585627555847","2436","2436","2436"
"243799","0.132267564535141","0.132267564535141","0.132267564535141","2437","2437","2437"
"243899","0.12796802818775177","0.12796802818775177","0.12796802818775177","2438","2438","2438"
"243999","0.13315677642822266","0.13315677642822266","0.13315677642822266","2439","2439","2439"
"244099","0.13340134918689728","0.13340134918689728","0.13340134918689728","2440","2440","2440"
"244199","0.12776648998260498","0.12776648998260498","0.12776648998260498","2441","2441","2441"
"244299","0.13631591200828552","0.13631591200828552","0.13631591200828552","2442","2442","2442"
"244399","0.13236573338508606","0.13236573338508606","0.13236573338508606","2443","2443","2443"
"244499","0.1369195580482483","0.1369195580482483","0.1369195580482483","2444","2444","2444"
"244599","0.12857472896575928","0.12857472896575928","0.12857472896575928","2445","2445","2445"
"244699","0.13814371824264526","0.13814371824264526","0.13814371824264526","2446","2446","2446"
"244799","0.13268686830997467","0.13268686830997467","0.13268686830997467","2447","2447","2447"
"244899","0.13522891700267792","0.13522891700267792","0.13522891700267792","2448","2448","2448"
"244999","0.1346488893032074","0.1346488893032074","0.1346488893032074","2449","2449","2449"
"245099","0.13482974469661713","0.13482974469661713","0.13482974469661713","2450","2450","2450"
"245199","0.1324593424797058","0.1324593424797058","0.1324593424797058","2451","2451","2451"
"245299","0.13117700815200806","0.13117700815200806","0.13117700815200806","2452","2452","2452"
"245399","0.13239362835884094","0.13239362835884094","0.13239362835884094","2453","2453","2453"
"245499","0.12873780727386475","0.12873780727386475","0.12873780727386475","2454","2454","2454"
"245599","0.12912198901176453","0.12912198901176453","0.12912198901176453","2455","2455","2455"
"245699","0.1356779932975769","0.1356779932975769","0.1356779932975769","2456","2456","2456"
"245799","0.1328980028629303","0.1328980028629303","0.1328980028629303","2457","2457","2457"
"245899","0.13598711788654327","0.13598711788654327","0.13598711788654327","2458","2458","2458"
"245999","0.13605155050754547","0.13605155050754547","0.13605155050754547","2459","2459","2459"
"246099","0.13005881011486053","0.13005881011486053","0.13005881011486053","2460","2460","2460"
"246199","0.14129433035850525","0.14129433035850525","0.14129433035850525","2461","2461","2461"
"246299","0.13171888887882233","0.13171888887882233","0.13171888887882233","2462","2462","2462"
"246399","0.13130880892276764","0.13130880892276764","0.13130880892276764","2463","2463","2463"
"246499","0.12738128006458282","0.12738128006458282","0.12738128006458282","2464","2464","2464"
"246599","0.1410064995288849","0.1410064995288849","0.1410064995288849","2465","2465","2465"
"246699","0.13739942014217377","0.13739942014217377","0.13739942014217377","2466","2466","2466"
"246799","0.1292131394147873","0.1292131394147873","0.1292131394147873","2467","2467","2467"
"246899","0.1384279578924179","0.1384279578924179","0.1384279578924179","2468","2468","2468"
"246999","0.1326828896999359","0.1326828896999359","0.1326828896999359","2469","2469","2469"
"247099","0.13519760966300964","0.13519760966300964","0.13519760966300964","2470","2470","2470"
"247199","0.13074558973312378","0.13074558973312378","0.13074558973312378","2471","2471","2471"
"247299","0.13985057175159454","0.13985057175159454","0.13985057175159454","2472","2472","2472"
"247399","0.13421466946601868","0.13421466946601868","0.13421466946601868","2473","2473","2473"
"247499","0.1343255341053009","0.1343255341053009","0.1343255341053009","2474","2474","2474"
"247599","0.1311272233724594","0.1311272233724594","0.1311272233724594","2475","2475","2475"
"247699","0.13449570536613464","0.13449570536613464","0.13449570536613464","2476","2476","2476"
"247799","0.13453181087970734","0.13453181087970734","0.13453181087970734","2477","2477","2477"
"247899","0.1363913118839264","0.1363913118839264","0.1363913118839264","2478","2478","2478"
"247999","0.13546045124530792","0.13546045124530792","0.13546045124530792","2479","2479","2479"
"248099","0.13217170536518097","0.13217170536518097","0.13217170536518097","2480","2480","2480"
"248199","0.13052769005298615","0.13052769005298615","0.13052769005298615","2481","2481","2481"
"248299","0.13348077237606049","0.13348077237606049","0.13348077237606049","2482","2482","2482"
"248399","0.13490313291549683","0.13490313291549683","0.13490313291549683","2483","2483","2483"
"248499","0.129003643989563","0.129003643989563","0.129003643989563","2484","2484","2484"
"248599","0.13545389473438263","0.13545389473438263","0.13545389473438263","2485","2485","2485"
"248699","0.12978911399841309","0.12978911399841309","0.12978911399841309","2486","2486","2486"
"248799","0.13254624605178833","0.13254624605178833","0.13254624605178833","2487","2487","2487"
"248899","0.13150903582572937","0.13150903582572937","0.13150903582572937","2488","2488","2488"
"248999","0.12792454659938812","0.12792454659938812","0.12792454659938812","2489","2489","2489"
"249099","0.12866820394992828","0.12866820394992828","0.12866820394992828","2490","2490","2490"
"249199","0.13184453547000885","0.13184453547000885","0.13184453547000885","2491","2491","2491"
"249299","0.1323092132806778","0.1323092132806778","0.1323092132806778","2492","2492","2492"
"249399","0.1333688646554947","0.1333688646554947","0.1333688646554947","2493","2493","2493"
"249499","0.14097903668880463","0.14097903668880463","0.14097903668880463","2494","2494","2494"
"249599","0.1348581612110138","0.1348581612110138","0.1348581612110138","2495","2495","2495"
"249699","0.1316426694393158","0.1316426694393158","0.1316426694393158","2496","2496","2496"
"249799","0.1290486454963684","0.1290486454963684","0.1290486454963684","2497","2497","2497"
"249899","0.13681794703006744","0.13681794703006744","0.13681794703006744","2498","2498","2498"
"249999","0.1290394514799118","0.1290394514799118","0.1290394514799118","2499","2499","2499"
"250099","0.13037003576755524","0.13037003576755524","0.13037003576755524","2500","2500","2500"
"250199","0.13053356111049652","0.13053356111049652","0.13053356111049652","2501","2501","2501"
"250299","0.1417572796344757","0.1417572796344757","0.1417572796344757","2502","2502","2502"
"250399","0.12997861206531525","0.12997861206531525","0.12997861206531525","2503","2503","2503"
"250499","0.135213702917099","0.135213702917099","0.135213702917099","2504","2504","2504"
"250599","0.1352502405643463","0.1352502405643463","0.1352502405643463","2505","2505","2505"
"250699","0.12870930135250092","0.12870930135250092","0.12870930135250092","2506","2506","2506"
"250799","0.12825162708759308","0.12825162708759308","0.12825162708759308","2507","2507","2507"
"250899","0.1368001252412796","0.1368001252412796","0.1368001252412796","2508","2508","2508"
"250999","0.13808636367321014","0.13808636367321014","0.13808636367321014","2509","2509","2509"
"251099","0.134893536567688","0.134893536567688","0.134893536567688","2510","2510","2510"
"251199","0.13037283718585968","0.13037283718585968","0.13037283718585968","2511","2511","2511"
"251299","0.1357365846633911","0.1357365846633911","0.1357365846633911","2512","2512","2512"
"251399","0.12618666887283325","0.12618666887283325","0.12618666887283325","2513","2513","2513"
"251499","0.13933736085891724","0.13933736085891724","0.13933736085891724","2514","2514","2514"
"251599","0.13446779549121857","0.13446779549121857","0.13446779549121857","2515","2515","2515"
"251699","0.129131481051445","0.129131481051445","0.129131481051445","2516","2516","2516"
"251799","0.132486030459404","0.132486030459404","0.132486030459404","2517","2517","2517"
"251899","0.1324891895055771","0.1324891895055771","0.1324891895055771","2518","2518","2518"
"251999","0.13707534968852997","0.13707534968852997","0.13707534968852997","2519","2519","2519"
"252099","0.13116852939128876","0.13116852939128876","0.13116852939128876","2520","2520","2520"
"252199","0.13142447173595428","0.13142447173595428","0.13142447173595428","2521","2521","2521"
"252299","0.13403241336345673","0.13403241336345673","0.13403241336345673","2522","2522","2522"
"252399","0.133844256401062","0.133844256401062","0.133844256401062","2523","2523","2523"
"252499","0.13348399102687836","0.13348399102687836","0.13348399102687836","2524","2524","2524"
"252599","0.12947089970111847","0.12947089970111847","0.12947089970111847","2525","2525","2525"
"252699","0.13310465216636658","0.13310465216636658","0.13310465216636658","2526","2526","2526"
"252799","0.13848520815372467","0.13848520815372467","0.13848520815372467","2527","2527","2527"
"252899","0.1367332935333252","0.1367332935333252","0.1367332935333252","2528","2528","2528"
"252999","0.12920060753822327","0.12920060753822327","0.12920060753822327","2529","2529","2529"
"253099","0.13793408870697021","0.13793408870697021","0.13793408870697021","2530","2530","2530"
"253199","0.12961462140083313","0.12961462140083313","0.12961462140083313","2531","2531","2531"
"253299","0.13154515624046326","0.13154515624046326","0.13154515624046326","2532","2532","2532"
"253399","0.1340615302324295","0.1340615302324295","0.1340615302324295","2533","2533","2533"
"253499","0.13640719652175903","0.13640719652175903","0.13640719652175903","2534","2534","2534"
"253599","0.13528883457183838","0.13528883457183838","0.13528883457183838","2535","2535","2535"
"253699","0.13287506997585297","0.13287506997585297","0.13287506997585297","2536","2536","2536"
"253799","0.13484802842140198","0.13484802842140198","0.13484802842140198","2537","2537","2537"
"253899","0.13652518391609192","0.13652518391609192","0.13652518391609192","2538","2538","2538"
"253999","0.1347784399986267","0.1347784399986267","0.1347784399986267","2539","2539","2539"
"254099","0.1327456682920456","0.1327456682920456","0.1327456682920456","2540","2540","2540"
"254199","0.13117247819900513","0.13117247819900513","0.13117247819900513","2541","2541","2541"
"254299","0.12831541895866394","0.12831541895866394","0.12831541895866394","2542","2542","2542"
"254399","0.13458119332790375","0.13458119332790375","0.13458119332790375","2543","2543","2543"
"254499","0.12851420044898987","0.12851420044898987","0.12851420044898987","2544","2544","2544"
"254599","0.13280092179775238","0.13280092179775238","0.13280092179775238","2545","2545","2545"
"254699","0.1344125121831894","0.1344125121831894","0.1344125121831894","2546","2546","2546"
"254799","0.12596853077411652","0.12596853077411652","0.12596853077411652","2547","2547","2547"
"254899","0.12889140844345093","0.12889140844345093","0.12889140844345093","2548","2548","2548"
"254999","0.126418337225914","0.126418337225914","0.126418337225914","2549","2549","2549"
"255099","0.13708259165287018","0.13708259165287018","0.13708259165287018","2550","2550","2550"
"255199","0.1299007534980774","0.1299007534980774","0.1299007534980774","2551","2551","2551"
"255299","0.13039156794548035","0.13039156794548035","0.13039156794548035","2552","2552","2552"
"255399","0.13069742918014526","0.13069742918014526","0.13069742918014526","2553","2553","2553"
"255499","0.1332668960094452","0.1332668960094452","0.1332668960094452","2554","2554","2554"
"255599","0.14078573882579803","0.14078573882579803","0.14078573882579803","2555","2555","2555"
"255699","0.13469308614730835","0.13469308614730835","0.13469308614730835","2556","2556","2556"
"255799","0.1344740390777588","0.1344740390777588","0.1344740390777588","2557","2557","2557"
"255899","0.1350850611925125","0.1350850611925125","0.1350850611925125","2558","2558","2558"
"255999","0.1325817108154297","0.1325817108154297","0.1325817108154297","2559","2559","2559"
"256099","0.12513212859630585","0.12513212859630585","0.12513212859630585","2560","2560","2560"
"256199","0.12920072674751282","0.12920072674751282","0.12920072674751282","2561","2561","2561"
"256299","0.129402294754982","0.129402294754982","0.129402294754982","2562","2562","2562"
"256399","0.1334456205368042","0.1334456205368042","0.1334456205368042","2563","2563","2563"
"256499","0.1336490362882614","0.1336490362882614","0.1336490362882614","2564","2564","2564"
"256599","0.13218680024147034","0.13218680024147034","0.13218680024147034","2565","2565","2565"
"256699","0.13007691502571106","0.13007691502571106","0.13007691502571106","2566","2566","2566"
"256799","0.12967771291732788","0.12967771291732788","0.12967771291732788","2567","2567","2567"
"256899","0.13036099076271057","0.13036099076271057","0.13036099076271057","2568","2568","2568"
"256999","0.13617481291294098","0.13617481291294098","0.13617481291294098","2569","2569","2569"
"257099","0.13886232674121857","0.13886232674121857","0.13886232674121857","2570","2570","2570"
"257199","0.13638606667518616","0.13638606667518616","0.13638606667518616","2571","2571","2571"
"257299","0.13249264657497406","0.13249264657497406","0.13249264657497406","2572","2572","2572"
"257399","0.13846422731876373","0.13846422731876373","0.13846422731876373","2573","2573","2573"
"257499","0.13815049827098846","0.13815049827098846","0.13815049827098846","2574","2574","2574"
"257599","0.1292131543159485","0.1292131543159485","0.1292131543159485","2575","2575","2575"
"257699","0.13014152646064758","0.13014152646064758","0.13014152646064758","2576","2576","2576"
"257799","0.13612617552280426","0.13612617552280426","0.13612617552280426","2577","2577","2577"
"257899","0.12816765904426575","0.12816765904426575","0.12816765904426575","2578","2578","2578"
"257999","0.13441206514835358","0.13441206514835358","0.13441206514835358","2579","2579","2579"
"258099","0.133420929312706","0.133420929312706","0.133420929312706","2580","2580","2580"
"258199","0.1336861252784729","0.1336861252784729","0.1336861252784729","2581","2581","2581"
"258299","0.12885315716266632","0.12885315716266632","0.12885315716266632","2582","2582","2582"
"258399","0.13400715589523315","0.13400715589523315","0.13400715589523315","2583","2583","2583"
"258499","0.1330679953098297","0.1330679953098297","0.1330679953098297","2584","2584","2584"
"258599","0.1363174021244049","0.1363174021244049","0.1363174021244049","2585","2585","2585"
"258699","0.13931956887245178","0.13931956887245178","0.13931956887245178","2586","2586","2586"
"258799","0.13098709285259247","0.13098709285259247","0.13098709285259247","2587","2587","2587"
"258899","0.13325956463813782","0.13325956463813782","0.13325956463813782","2588","2588","2588"
"258999","0.12984085083007812","0.12984085083007812","0.12984085083007812","2589","2589","2589"
"259099","0.13125954568386078","0.13125954568386078","0.13125954568386078","2590","2590","2590"
"259199","0.13034892082214355","0.13034892082214355","0.13034892082214355","2591","2591","2591"
"259299","0.1307019144296646","0.1307019144296646","0.1307019144296646","2592","2592","2592"
"259399","0.1263839602470398","0.1263839602470398","0.1263839602470398","2593","2593","2593"
"259499","0.1340373158454895","0.1340373158454895","0.1340373158454895","2594","2594","2594"
"259599","0.13878537714481354","0.13878537714481354","0.13878537714481354","2595","2595","2595"
"259699","0.12907925248146057","0.12907925248146057","0.12907925248146057","2596","2596","2596"
"259799","0.13333465158939362","0.13333465158939362","0.13333465158939362","2597","2597","2597"
"259899","0.13415266573429108","0.13415266573429108","0.13415266573429108","2598","2598","2598"
"259999","0.13496556878089905","0.13496556878089905","0.13496556878089905","2599","2599","2599"
"260099","0.13019153475761414","0.13019153475761414","0.13019153475761414","2600","2600","2600"
"260199","0.13354122638702393","0.13354122638702393","0.13354122638702393","2601","2601","2601"
"260299","0.13396254181861877","0.13396254181861877","0.13396254181861877","2602","2602","2602"
"260399","0.13640356063842773","0.13640356063842773","0.13640356063842773","2603","2603","2603"
"260499","0.13339532911777496","0.13339532911777496","0.13339532911777496","2604","2604","2604"
"260599","0.14179372787475586","0.14179372787475586","0.14179372787475586","2605","2605","2605"
"260699","0.1259869784116745","0.1259869784116745","0.1259869784116745","2606","2606","2606"
"260799","0.130213662981987","0.130213662981987","0.130213662981987","2607","2607","2607"
"260899","0.13722750544548035","0.13722750544548035","0.13722750544548035","2608","2608","2608"
"260999","0.13010254502296448","0.13010254502296448","0.13010254502296448","2609","2609","2609"
"261099","0.13417120277881622","0.13417120277881622","0.13417120277881622","2610","2610","2610"
"261199","0.13588230311870575","0.13588230311870575","0.13588230311870575","2611","2611","2611"
"261299","0.12480957061052322","0.12480957061052322","0.12480957061052322","2612","2612","2612"
"261399","0.1294199377298355","0.1294199377298355","0.1294199377298355","2613","2613","2613"
"261499","0.13496065139770508","0.13496065139770508","0.13496065139770508","2614","2614","2614"
"261599","0.1325768083333969","0.1325768083333969","0.1325768083333969","2615","2615","2615"
"261699","0.13797494769096375","0.13797494769096375","0.13797494769096375","2616","2616","2616"
"261799","0.13813899457454681","0.13813899457454681","0.13813899457454681","2617","2617","2617"
"261899","0.13531704246997833","0.13531704246997833","0.13531704246997833","2618","2618","2618"
"261999","0.12788721919059753","0.12788721919059753","0.12788721919059753","2619","2619","2619"
"262099","0.1314222812652588","0.1314222812652588","0.1314222812652588","2620","2620","2620"
"262199","0.1351454108953476","0.1351454108953476","0.1351454108953476","2621","2621","2621"
"262299","0.13432416319847107","0.13432416319847107","0.13432416319847107","2622","2622","2622"
"262399","0.1270028054714203","0.1270028054714203","0.1270028054714203","2623","2623","2623"
"262499","0.13264447450637817","0.13264447450637817","0.13264447450637817","2624","2624","2624"
"262599","0.1346672624349594","0.1346672624349594","0.1346672624349594","2625","2625","2625"
"262699","0.13330833613872528","0.13330833613872528","0.13330833613872528","2626","2626","2626"
"262799","0.13462360203266144","0.13462360203266144","0.13462360203266144","2627","2627","2627"
"262899","0.1262938380241394","0.1262938380241394","0.1262938380241394","2628","2628","2628"
"262999","0.12918879091739655","0.12918879091739655","0.12918879091739655","2629","2629","2629"
"263099","0.129176527261734","0.129176527261734","0.129176527261734","2630","2630","2630"
"263199","0.13085299730300903","0.13085299730300903","0.13085299730300903","2631","2631","2631"
"263299","0.1324044167995453","0.1324044167995453","0.1324044167995453","2632","2632","2632"
"263399","0.12938174605369568","0.12938174605369568","0.12938174605369568","2633","2633","2633"
"263499","0.13247516751289368","0.13247516751289368","0.13247516751289368","2634","2634","2634"
"263599","0.1350935846567154","0.1350935846567154","0.1350935846567154","2635","2635","2635"
"263699","0.12755706906318665","0.12755706906318665","0.12755706906318665","2636","2636","2636"
"263799","0.13015998899936676","0.13015998899936676","0.13015998899936676","2637","2637","2637"
"263899","0.12867330014705658","0.12867330014705658","0.12867330014705658","2638","2638","2638"
"263999","0.12562274932861328","0.12562274932861328","0.12562274932861328","2639","2639","2639"
"264099","0.1302160769701004","0.1302160769701004","0.1302160769701004","2640","2640","2640"
"264199","0.12717530131340027","0.12717530131340027","0.12717530131340027","2641","2641","2641"
"264299","0.1333058625459671","0.1333058625459671","0.1333058625459671","2642","2642","2642"
"264399","0.1282501220703125","0.1282501220703125","0.1282501220703125","2643","2643","2643"
"264499","0.1342276632785797","0.1342276632785797","0.1342276632785797","2644","2644","2644"
"264599","0.13683965802192688","0.13683965802192688","0.13683965802192688","2645","2645","2645"
"264699","0.1270589977502823","0.1270589977502823","0.1270589977502823","2646","2646","2646"
"264799","0.12850888073444366","0.12850888073444366","0.12850888073444366","2647","2647","2647"
"264899","0.12563753128051758","0.12563753128051758","0.12563753128051758","2648","2648","2648"
"264999","0.12699545919895172","0.12699545919895172","0.12699545919895172","2649","2649","2649"
"265099","0.13302317261695862","0.13302317261695862","0.13302317261695862","2650","2650","2650"
"265199","0.13604433834552765","0.13604433834552765","0.13604433834552765","2651","2651","2651"
"265299","0.13191035389900208","0.13191035389900208","0.13191035389900208","2652","2652","2652"
"265399","0.1347368359565735","0.1347368359565735","0.1347368359565735","2653","2653","2653"
"265499","0.12885263562202454","0.12885263562202454","0.12885263562202454","2654","2654","2654"
"265599","0.132330060005188","0.132330060005188","0.132330060005188","2655","2655","2655"
"265699","0.13158848881721497","0.13158848881721497","0.13158848881721497","2656","2656","2656"
"265799","0.12873409688472748","0.12873409688472748","0.12873409688472748","2657","2657","2657"
"265899","0.13409867882728577","0.13409867882728577","0.13409867882728577","2658","2658","2658"
"265999","0.12960542738437653","0.12960542738437653","0.12960542738437653","2659","2659","2659"
"266099","0.13406409323215485","0.13406409323215485","0.13406409323215485","2660","2660","2660"
"266199","0.1314179003238678","0.1314179003238678","0.1314179003238678","2661","2661","2661"
"266299","0.13090746104717255","0.13090746104717255","0.13090746104717255","2662","2662","2662"
"266399","0.13498708605766296","0.13498708605766296","0.13498708605766296","2663","2663","2663"
"266499","0.13078579306602478","0.13078579306602478","0.13078579306602478","2664","2664","2664"
"266599","0.13499698042869568","0.13499698042869568","0.13499698042869568","2665","2665","2665"
"266699","0.13236452639102936","0.13236452639102936","0.13236452639102936","2666","2666","2666"
"266799","0.13772377371788025","0.13772377371788025","0.13772377371788025","2667","2667","2667"
"266899","0.1428610384464264","0.1428610384464264","0.1428610384464264","2668","2668","2668"
"266999","0.13480763137340546","0.13480763137340546","0.13480763137340546","2669","2669","2669"
"267099","0.13019134104251862","0.13019134104251862","0.13019134104251862","2670","2670","2670"
"267199","0.13042722642421722","0.13042722642421722","0.13042722642421722","2671","2671","2671"
"267299","0.13911020755767822","0.13911020755767822","0.13911020755767822","2672","2672","2672"
"267399","0.13284412026405334","0.13284412026405334","0.13284412026405334","2673","2673","2673"
"267499","0.13218314945697784","0.13218314945697784","0.13218314945697784","2674","2674","2674"
"267599","0.1355733573436737","0.1355733573436737","0.1355733573436737","2675","2675","2675"
"267699","0.13016867637634277","0.13016867637634277","0.13016867637634277","2676","2676","2676"
"267799","0.1376221776008606","0.1376221776008606","0.1376221776008606","2677","2677","2677"
"267899","0.13436810672283173","0.13436810672283173","0.13436810672283173","2678","2678","2678"
"267999","0.1308320164680481","0.1308320164680481","0.1308320164680481","2679","2679","2679"
"268099","0.13191793859004974","0.13191793859004974","0.13191793859004974","2680","2680","2680"
"268199","0.12567710876464844","0.12567710876464844","0.12567710876464844","2681","2681","2681"
"268299","0.12691518664360046","0.12691518664360046","0.12691518664360046","2682","2682","2682"
"268399","0.13479898869991302","0.13479898869991302","0.13479898869991302","2683","2683","2683"
"268499","0.13080668449401855","0.13080668449401855","0.13080668449401855","2684","2684","2684"
"268599","0.12975089251995087","0.12975089251995087","0.12975089251995087","2685","2685","2685"
"268699","0.12919560074806213","0.12919560074806213","0.12919560074806213","2686","2686","2686"
"268799","0.12710124254226685","0.12710124254226685","0.12710124254226685","2687","2687","2687"
"268899","0.13392247259616852","0.13392247259616852","0.13392247259616852","2688","2688","2688"
"268999","0.12635403871536255","0.12635403871536255","0.12635403871536255","2689","2689","2689"
"269099","0.12957477569580078","0.12957477569580078","0.12957477569580078","2690","2690","2690"
"269199","0.132185161113739","0.132185161113739","0.132185161113739","2691","2691","2691"
"269299","0.13443559408187866","0.13443559408187866","0.13443559408187866","2692","2692","2692"
"269399","0.1324443817138672","0.1324443817138672","0.1324443817138672","2693","2693","2693"
"269499","0.13578172028064728","0.13578172028064728","0.13578172028064728","2694","2694","2694"
"269599","0.13400422036647797","0.13400422036647797","0.13400422036647797","2695","2695","2695"
"269699","0.13130246102809906","0.13130246102809906","0.13130246102809906","2696","2696","2696"
"269799","0.13082736730575562","0.13082736730575562","0.13082736730575562","2697","2697","2697"
"269899","0.14472061395645142","0.14472061395645142","0.14472061395645142","2698","2698","2698"
"269999","0.1253211349248886","0.1253211349248886","0.1253211349248886","2699","2699","2699"
"270099","0.13244159519672394","0.13244159519672394","0.13244159519672394","2700","2700","2700"
"270199","0.1301238238811493","0.1301238238811493","0.1301238238811493","2701","2701","2701"
"270299","0.129613995552063","0.129613995552063","0.129613995552063","2702","2702","2702"
"270399","0.13360626995563507","0.13360626995563507","0.13360626995563507","2703","2703","2703"
"270499","0.13180115818977356","0.13180115818977356","0.13180115818977356","2704","2704","2704"
"270599","0.12789246439933777","0.12789246439933777","0.12789246439933777","2705","2705","2705"
"270699","0.13113951683044434","0.13113951683044434","0.13113951683044434","2706","2706","2706"
"270799","0.1320374757051468","0.1320374757051468","0.1320374757051468","2707","2707","2707"
"270899","0.1317344307899475","0.1317344307899475","0.1317344307899475","2708","2708","2708"
"270999","0.13707929849624634","0.13707929849624634","0.13707929849624634","2709","2709","2709"
"271099","0.13277797400951385","0.13277797400951385","0.13277797400951385","2710","2710","2710"
"271199","0.1329251229763031","0.1329251229763031","0.1329251229763031","2711","2711","2711"
"271299","0.13539257645606995","0.13539257645606995","0.13539257645606995","2712","2712","2712"
"271399","0.14262895286083221","0.14262895286083221","0.14262895286083221","2713","2713","2713"
"271499","0.1343270242214203","0.1343270242214203","0.1343270242214203","2714","2714","2714"
"271599","0.13365931808948517","0.13365931808948517","0.13365931808948517","2715","2715","2715"
"271699","0.13578712940216064","0.13578712940216064","0.13578712940216064","2716","2716","2716"
"271799","0.13411898910999298","0.13411898910999298","0.13411898910999298","2717","2717","2717"
"271899","0.12997014820575714","0.12997014820575714","0.12997014820575714","2718","2718","2718"
"271999","0.12850534915924072","0.12850534915924072","0.12850534915924072","2719","2719","2719"
"272099","0.12895724177360535","0.12895724177360535","0.12895724177360535","2720","2720","2720"
"272199","0.13501040637493134","0.13501040637493134","0.13501040637493134","2721","2721","2721"
"272299","0.12875086069107056","0.12875086069107056","0.12875086069107056","2722","2722","2722"
"272399","0.1296071857213974","0.1296071857213974","0.1296071857213974","2723","2723","2723"
"272499","0.12996144592761993","0.12996144592761993","0.12996144592761993","2724","2724","2724"
"272599","0.13273932039737701","0.13273932039737701","0.13273932039737701","2725","2725","2725"
"272699","0.1304699033498764","0.1304699033498764","0.1304699033498764","2726","2726","2726"
"272799","0.1334061324596405","0.1334061324596405","0.1334061324596405","2727","2727","2727"
"272899","0.12920017540454865","0.12920017540454865","0.12920017540454865","2728","2728","2728"
"272999","0.1331065595149994","0.1331065595149994","0.1331065595149994","2729","2729","2729"
"273099","0.13528050482273102","0.13528050482273102","0.13528050482273102","2730","2730","2730"
"273199","0.1291704624891281","0.1291704624891281","0.1291704624891281","2731","2731","2731"
"273299","0.1307467222213745","0.1307467222213745","0.1307467222213745","2732","2732","2732"
"273399","0.13250859081745148","0.13250859081745148","0.13250859081745148","2733","2733","2733"
"273499","0.1295936107635498","0.1295936107635498","0.1295936107635498","2734","2734","2734"
"273599","0.13712309300899506","0.13712309300899506","0.13712309300899506","2735","2735","2735"
"273699","0.12873516976833344","0.12873516976833344","0.12873516976833344","2736","2736","2736"
"273799","0.1300603151321411","0.1300603151321411","0.1300603151321411","2737","2737","2737"
"273899","0.13022683560848236","0.13022683560848236","0.13022683560848236","2738","2738","2738"
"273999","0.12981785833835602","0.12981785833835602","0.12981785833835602","2739","2739","2739"
"274099","0.13160748779773712","0.13160748779773712","0.13160748779773712","2740","2740","2740"
"274199","0.1282208114862442","0.1282208114862442","0.1282208114862442","2741","2741","2741"
"274299","0.139283686876297","0.139283686876297","0.139283686876297","2742","2742","2742"
"274399","0.13432711362838745","0.13432711362838745","0.13432711362838745","2743","2743","2743"
"274499","0.1259288191795349","0.1259288191795349","0.1259288191795349","2744","2744","2744"
"274599","0.1290178745985031","0.1290178745985031","0.1290178745985031","2745","2745","2745"
"274699","0.12941083312034607","0.12941083312034607","0.12941083312034607","2746","2746","2746"
"274799","0.13511529564857483","0.13511529564857483","0.13511529564857483","2747","2747","2747"
"274899","0.13273200392723083","0.13273200392723083","0.13273200392723083","2748","2748","2748"
"274999","0.1331404745578766","0.1331404745578766","0.1331404745578766","2749","2749","2749"
"275099","0.13102379441261292","0.13102379441261292","0.13102379441261292","2750","2750","2750"
"275199","0.1317303329706192","0.1317303329706192","0.1317303329706192","2751","2751","2751"
"275299","0.12998826801776886","0.12998826801776886","0.12998826801776886","2752","2752","2752"
"275399","0.1305076628923416","0.1305076628923416","0.1305076628923416","2753","2753","2753"
"275499","0.13189727067947388","0.13189727067947388","0.13189727067947388","2754","2754","2754"
"275599","0.13002783060073853","0.13002783060073853","0.13002783060073853","2755","2755","2755"
"275699","0.13951845467090607","0.13951845467090607","0.13951845467090607","2756","2756","2756"
"275799","0.13376617431640625","0.13376617431640625","0.13376617431640625","2757","2757","2757"
"275899","0.13363580405712128","0.13363580405712128","0.13363580405712128","2758","2758","2758"
"275999","0.13404235243797302","0.13404235243797302","0.13404235243797302","2759","2759","2759"
"276099","0.12841878831386566","0.12841878831386566","0.12841878831386566","2760","2760","2760"
"276199","0.12747806310653687","0.12747806310653687","0.12747806310653687","2761","2761","2761"
"276299","0.13534104824066162","0.13534104824066162","0.13534104824066162","2762","2762","2762"
"276399","0.13950100541114807","0.13950100541114807","0.13950100541114807","2763","2763","2763"
"276499","0.13363608717918396","0.13363608717918396","0.13363608717918396","2764","2764","2764"
"276599","0.12836572527885437","0.12836572527885437","0.12836572527885437","2765","2765","2765"
"276699","0.13443243503570557","0.13443243503570557","0.13443243503570557","2766","2766","2766"
"276799","0.13070154190063477","0.13070154190063477","0.13070154190063477","2767","2767","2767"
"276899","0.13361971080303192","0.13361971080303192","0.13361971080303192","2768","2768","2768"
"276999","0.1321413218975067","0.1321413218975067","0.1321413218975067","2769","2769","2769"
"277099","0.13097430765628815","0.13097430765628815","0.13097430765628815","2770","2770","2770"
"277199","0.12935931980609894","0.12935931980609894","0.12935931980609894","2771","2771","2771"
"277299","0.12655873596668243","0.12655873596668243","0.12655873596668243","2772","2772","2772"
"277399","0.13719329237937927","0.13719329237937927","0.13719329237937927","2773","2773","2773"
"277499","0.12953130900859833","0.12953130900859833","0.12953130900859833","2774","2774","2774"
"277599","0.13492673635482788","0.13492673635482788","0.13492673635482788","2775","2775","2775"
"277699","0.13626259565353394","0.13626259565353394","0.13626259565353394","2776","2776","2776"
"277799","0.12885013222694397","0.12885013222694397","0.12885013222694397","2777","2777","2777"
"277899","0.13294953107833862","0.13294953107833862","0.13294953107833862","2778","2778","2778"
"277999","0.13278232514858246","0.13278232514858246","0.13278232514858246","2779","2779","2779"
"278099","0.12940184772014618","0.12940184772014618","0.12940184772014618","2780","2780","2780"
"278199","0.13123439252376556","0.13123439252376556","0.13123439252376556","2781","2781","2781"
"278299","0.13025911152362823","0.13025911152362823","0.13025911152362823","2782","2782","2782"
"278399","0.13396240770816803","0.13396240770816803","0.13396240770816803","2783","2783","2783"
"278499","0.13138261437416077","0.13138261437416077","0.13138261437416077","2784","2784","2784"
"278599","0.132860466837883","0.132860466837883","0.132860466837883","2785","2785","2785"
"278699","0.13423213362693787","0.13423213362693787","0.13423213362693787","2786","2786","2786"
"278799","0.13787537813186646","0.13787537813186646","0.13787537813186646","2787","2787","2787"
"278899","0.13098187744617462","0.13098187744617462","0.13098187744617462","2788","2788","2788"
"278999","0.13296592235565186","0.13296592235565186","0.13296592235565186","2789","2789","2789"
"279099","0.12939289212226868","0.12939289212226868","0.12939289212226868","2790","2790","2790"
"279199","0.13332442939281464","0.13332442939281464","0.13332442939281464","2791","2791","2791"
"279299","0.1325991302728653","0.1325991302728653","0.1325991302728653","2792","2792","2792"
"279399","0.1355411857366562","0.1355411857366562","0.1355411857366562","2793","2793","2793"
"279499","0.13389641046524048","0.13389641046524048","0.13389641046524048","2794","2794","2794"
"279599","0.1345537155866623","0.1345537155866623","0.1345537155866623","2795","2795","2795"
"279699","0.13559240102767944","0.13559240102767944","0.13559240102767944","2796","2796","2796"
"279799","0.13241617381572723","0.13241617381572723","0.13241617381572723","2797","2797","2797"
"279899","0.13437853753566742","0.13437853753566742","0.13437853753566742","2798","2798","2798"
"279999","0.12615899741649628","0.12615899741649628","0.12615899741649628","2799","2799","2799"
"280099","0.12651395797729492","0.12651395797729492","0.12651395797729492","2800","2800","2800"
"280199","0.12955215573310852","0.12955215573310852","0.12955215573310852","2801","2801","2801"
"280299","0.13367947936058044","0.13367947936058044","0.13367947936058044","2802","2802","2802"
"280399","0.13363580405712128","0.13363580405712128","0.13363580405712128","2803","2803","2803"
"280499","0.13669241964817047","0.13669241964817047","0.13669241964817047","2804","2804","2804"
"280599","0.1286776065826416","0.1286776065826416","0.1286776065826416","2805","2805","2805"
"280699","0.135635107755661","0.135635107755661","0.135635107755661","2806","2806","2806"
"280799","0.13464045524597168","0.13464045524597168","0.13464045524597168","2807","2807","2807"
"280899","0.12793965637683868","0.12793965637683868","0.12793965637683868","2808","2808","2808"
"280999","0.1306883543729782","0.1306883543729782","0.1306883543729782","2809","2809","2809"
"281099","0.13168439269065857","0.13168439269065857","0.13168439269065857","2810","2810","2810"
"281199","0.13644939661026","0.13644939661026","0.13644939661026","2811","2811","2811"
"281299","0.1330544501543045","0.1330544501543045","0.1330544501543045","2812","2812","2812"
"281399","0.13533347845077515","0.13533347845077515","0.13533347845077515","2813","2813","2813"
"281499","0.13235150277614594","0.13235150277614594","0.13235150277614594","2814","2814","2814"
"281599","0.1357382833957672","0.1357382833957672","0.1357382833957672","2815","2815","2815"
"281699","0.12986359000205994","0.12986359000205994","0.12986359000205994","2816","2816","2816"
"281799","0.13480421900749207","0.13480421900749207","0.13480421900749207","2817","2817","2817"
"281899","0.137769877910614","0.137769877910614","0.137769877910614","2818","2818","2818"
"281999","0.1281050443649292","0.1281050443649292","0.1281050443649292","2819","2819","2819"
"282099","0.13492010533809662","0.13492010533809662","0.13492010533809662","2820","2820","2820"
"282199","0.1274268478155136","0.1274268478155136","0.1274268478155136","2821","2821","2821"
"282299","0.13408316671848297","0.13408316671848297","0.13408316671848297","2822","2822","2822"
"282399","0.14042465388774872","0.14042465388774872","0.14042465388774872","2823","2823","2823"
"282499","0.13503365218639374","0.13503365218639374","0.13503365218639374","2824","2824","2824"
"282599","0.13148140907287598","0.13148140907287598","0.13148140907287598","2825","2825","2825"
"282699","0.13376487791538239","0.13376487791538239","0.13376487791538239","2826","2826","2826"
"282799","0.13398760557174683","0.13398760557174683","0.13398760557174683","2827","2827","2827"
"282899","0.13452881574630737","0.13452881574630737","0.13452881574630737","2828","2828","2828"
"282999","0.13780559599399567","0.13780559599399567","0.13780559599399567","2829","2829","2829"
"283099","0.13241907954216003","0.13241907954216003","0.13241907954216003","2830","2830","2830"
"283199","0.13072086870670319","0.13072086870670319","0.13072086870670319","2831","2831","2831"
"283299","0.1370934545993805","0.1370934545993805","0.1370934545993805","2832","2832","2832"
"283399","0.13545829057693481","0.13545829057693481","0.13545829057693481","2833","2833","2833"
"283499","0.13111566007137299","0.13111566007137299","0.13111566007137299","2834","2834","2834"
"283599","0.13238462805747986","0.13238462805747986","0.13238462805747986","2835","2835","2835"
"283699","0.1362680345773697","0.1362680345773697","0.1362680345773697","2836","2836","2836"
"283799","0.12320667505264282","0.12320667505264282","0.12320667505264282","2837","2837","2837"
"283899","0.13311517238616943","0.13311517238616943","0.13311517238616943","2838","2838","2838"
"283999","0.13035520911216736","0.13035520911216736","0.13035520911216736","2839","2839","2839"
"284099","0.13946180045604706","0.13946180045604706","0.13946180045604706","2840","2840","2840"
"284199","0.13502900302410126","0.13502900302410126","0.13502900302410126","2841","2841","2841"
"284299","0.13296948373317719","0.13296948373317719","0.13296948373317719","2842","2842","2842"
"284399","0.13274109363555908","0.13274109363555908","0.13274109363555908","2843","2843","2843"
"284499","0.13586924970149994","0.13586924970149994","0.13586924970149994","2844","2844","2844"
"284599","0.13134214282035828","0.13134214282035828","0.13134214282035828","2845","2845","2845"
"284699","0.12806706130504608","0.12806706130504608","0.12806706130504608","2846","2846","2846"
"284799","0.1322712004184723","0.1322712004184723","0.1322712004184723","2847","2847","2847"
"284899","0.12492953985929489","0.12492953985929489","0.12492953985929489","2848","2848","2848"
"284999","0.13101613521575928","0.13101613521575928","0.13101613521575928","2849","2849","2849"
"285099","0.13328817486763","0.13328817486763","0.13328817486763","2850","2850","2850"
"285199","0.127287819981575","0.127287819981575","0.127287819981575","2851","2851","2851"
"285299","0.12365798652172089","0.12365798652172089","0.12365798652172089","2852","2852","2852"
"285399","0.1300288587808609","0.1300288587808609","0.1300288587808609","2853","2853","2853"
"285499","0.13021299242973328","0.13021299242973328","0.13021299242973328","2854","2854","2854"
"285599","0.12323559075593948","0.12323559075593948","0.12323559075593948","2855","2855","2855"
"285699","0.12867870926856995","0.12867870926856995","0.12867870926856995","2856","2856","2856"
"285799","0.12733739614486694","0.12733739614486694","0.12733739614486694","2857","2857","2857"
"285899","0.1351786106824875","0.1351786106824875","0.1351786106824875","2858","2858","2858"
"285999","0.12865546345710754","0.12865546345710754","0.12865546345710754","2859","2859","2859"
"286099","0.13788343966007233","0.13788343966007233","0.13788343966007233","2860","2860","2860"
"286199","0.12690986692905426","0.12690986692905426","0.12690986692905426","2861","2861","2861"
"286299","0.12734198570251465","0.12734198570251465","0.12734198570251465","2862","2862","2862"
"286399","0.13368076086044312","0.13368076086044312","0.13368076086044312","2863","2863","2863"
"286499","0.13223987817764282","0.13223987817764282","0.13223987817764282","2864","2864","2864"
"286599","0.12773911654949188","0.12773911654949188","0.12773911654949188","2865","2865","2865"
"286699","0.13036052882671356","0.13036052882671356","0.13036052882671356","2866","2866","2866"
"286799","0.13429692387580872","0.13429692387580872","0.13429692387580872","2867","2867","2867"
"286899","0.1315896064043045","0.1315896064043045","0.1315896064043045","2868","2868","2868"
"286999","0.13370972871780396","0.13370972871780396","0.13370972871780396","2869","2869","2869"
"287099","0.13176830112934113","0.13176830112934113","0.13176830112934113","2870","2870","2870"
"287199","0.13781476020812988","0.13781476020812988","0.13781476020812988","2871","2871","2871"
"287299","0.1342451572418213","0.1342451572418213","0.1342451572418213","2872","2872","2872"
"287399","0.13122214376926422","0.13122214376926422","0.13122214376926422","2873","2873","2873"
"287499","0.13041463494300842","0.13041463494300842","0.13041463494300842","2874","2874","2874"
"287599","0.13240696489810944","0.13240696489810944","0.13240696489810944","2875","2875","2875"
"287699","0.1309168040752411","0.1309168040752411","0.1309168040752411","2876","2876","2876"
"287799","0.13448572158813477","0.13448572158813477","0.13448572158813477","2877","2877","2877"
"287899","0.1300853192806244","0.1300853192806244","0.1300853192806244","2878","2878","2878"
"287999","0.12979094684123993","0.12979094684123993","0.12979094684123993","2879","2879","2879"
"288099","0.12492915242910385","0.12492915242910385","0.12492915242910385","2880","2880","2880"
"288199","0.13606595993041992","0.13606595993041992","0.13606595993041992","2881","2881","2881"
"288299","0.13089212775230408","0.13089212775230408","0.13089212775230408","2882","2882","2882"
"288399","0.13404279947280884","0.13404279947280884","0.13404279947280884","2883","2883","2883"
"288499","0.13444910943508148","0.13444910943508148","0.13444910943508148","2884","2884","2884"
"288599","0.13214752078056335","0.13214752078056335","0.13214752078056335","2885","2885","2885"
"288699","0.1335270255804062","0.1335270255804062","0.1335270255804062","2886","2886","2886"
"288799","0.13155503571033478","0.13155503571033478","0.13155503571033478","2887","2887","2887"
"288899","0.1278197467327118","0.1278197467327118","0.1278197467327118","2888","2888","2888"
"288999","0.1293610781431198","0.1293610781431198","0.1293610781431198","2889","2889","2889"
"289099","0.1281268298625946","0.1281268298625946","0.1281268298625946","2890","2890","2890"
"289199","0.1291261613368988","0.1291261613368988","0.1291261613368988","2891","2891","2891"
"289299","0.1270374059677124","0.1270374059677124","0.1270374059677124","2892","2892","2892"
"289399","0.13521143794059753","0.13521143794059753","0.13521143794059753","2893","2893","2893"
"289499","0.1319267898797989","0.1319267898797989","0.1319267898797989","2894","2894","2894"
"289599","0.13668030500411987","0.13668030500411987","0.13668030500411987","2895","2895","2895"
"289699","0.1279568076133728","0.1279568076133728","0.1279568076133728","2896","2896","2896"
"289799","0.1367381066083908","0.1367381066083908","0.1367381066083908","2897","2897","2897"
"289899","0.12759865820407867","0.12759865820407867","0.12759865820407867","2898","2898","2898"
"289999","0.13390208780765533","0.13390208780765533","0.13390208780765533","2899","2899","2899"
"290099","0.1292889565229416","0.1292889565229416","0.1292889565229416","2900","2900","2900"
"290199","0.13676907122135162","0.13676907122135162","0.13676907122135162","2901","2901","2901"
"290299","0.1335359811782837","0.1335359811782837","0.1335359811782837","2902","2902","2902"
"290399","0.12897424399852753","0.12897424399852753","0.12897424399852753","2903","2903","2903"
"290499","0.1347672939300537","0.1347672939300537","0.1347672939300537","2904","2904","2904"
"290599","0.1297493726015091","0.1297493726015091","0.1297493726015091","2905","2905","2905"
"290699","0.13653916120529175","0.13653916120529175","0.13653916120529175","2906","2906","2906"
"290799","0.12924312055110931","0.12924312055110931","0.12924312055110931","2907","2907","2907"
"290899","0.13030195236206055","0.13030195236206055","0.13030195236206055","2908","2908","2908"
"290999","0.13110385835170746","0.13110385835170746","0.13110385835170746","2909","2909","2909"
"291099","0.13347893953323364","0.13347893953323364","0.13347893953323364","2910","2910","2910"
"291199","0.1289171576499939","0.1289171576499939","0.1289171576499939","2911","2911","2911"
"291299","0.13400204479694366","0.13400204479694366","0.13400204479694366","2912","2912","2912"
"291399","0.13545069098472595","0.13545069098472595","0.13545069098472595","2913","2913","2913"
"291499","0.13136307895183563","0.13136307895183563","0.13136307895183563","2914","2914","2914"
"291599","0.13083913922309875","0.13083913922309875","0.13083913922309875","2915","2915","2915"
"291699","0.13292407989501953","0.13292407989501953","0.13292407989501953","2916","2916","2916"
"291799","0.12873788177967072","0.12873788177967072","0.12873788177967072","2917","2917","2917"
"291899","0.13113024830818176","0.13113024830818176","0.13113024830818176","2918","2918","2918"
"291999","0.12959690392017365","0.12959690392017365","0.12959690392017365","2919","2919","2919"
"292099","0.1364305019378662","0.1364305019378662","0.1364305019378662","2920","2920","2920"
"292199","0.13045522570610046","0.13045522570610046","0.13045522570610046","2921","2921","2921"
"292299","0.1291114240884781","0.1291114240884781","0.1291114240884781","2922","2922","2922"
"292399","0.13681575655937195","0.13681575655937195","0.13681575655937195","2923","2923","2923"
"292499","0.12429733574390411","0.12429733574390411","0.12429733574390411","2924","2924","2924"
"292599","0.13482676446437836","0.13482676446437836","0.13482676446437836","2925","2925","2925"
"292699","0.13028118014335632","0.13028118014335632","0.13028118014335632","2926","2926","2926"
"292799","0.13938677310943604","0.13938677310943604","0.13938677310943604","2927","2927","2927"
"292899","0.12914440035820007","0.12914440035820007","0.12914440035820007","2928","2928","2928"
"292999","0.1361539512872696","0.1361539512872696","0.1361539512872696","2929","2929","2929"
"293099","0.1328224092721939","0.1328224092721939","0.1328224092721939","2930","2930","2930"
"293199","0.132679745554924","0.132679745554924","0.132679745554924","2931","2931","2931"
"293299","0.1318284422159195","0.1318284422159195","0.1318284422159195","2932","2932","2932"
"293399","0.13645446300506592","0.13645446300506592","0.13645446300506592","2933","2933","2933"
"293499","0.1293259859085083","0.1293259859085083","0.1293259859085083","2934","2934","2934"
"293599","0.13662923872470856","0.13662923872470856","0.13662923872470856","2935","2935","2935"
"293699","0.12971359491348267","0.12971359491348267","0.12971359491348267","2936","2936","2936"
"293799","0.1338113248348236","0.1338113248348236","0.1338113248348236","2937","2937","2937"
"293899","0.13634757697582245","0.13634757697582245","0.13634757697582245","2938","2938","2938"
"293999","0.13017567992210388","0.13017567992210388","0.13017567992210388","2939","2939","2939"
"294099","0.1306367814540863","0.1306367814540863","0.1306367814540863","2940","2940","2940"
"294199","0.12382025271654129","0.12382025271654129","0.12382025271654129","2941","2941","2941"
"294299","0.1360836923122406","0.1360836923122406","0.1360836923122406","2942","2942","2942"
"294399","0.127335324883461","0.127335324883461","0.127335324883461","2943","2943","2943"
"294499","0.131356880068779","0.131356880068779","0.131356880068779","2944","2944","2944"
"294599","0.13539153337478638","0.13539153337478638","0.13539153337478638","2945","2945","2945"
"294699","0.13478700816631317","0.13478700816631317","0.13478700816631317","2946","2946","2946"
"294799","0.12695328891277313","0.12695328891277313","0.12695328891277313","2947","2947","2947"
"294899","0.1321197748184204","0.1321197748184204","0.1321197748184204","2948","2948","2948"
"294999","0.13614636659622192","0.13614636659622192","0.13614636659622192","2949","2949","2949"
"295099","0.13357006013393402","0.13357006013393402","0.13357006013393402","2950","2950","2950"
"295199","0.13435524702072144","0.13435524702072144","0.13435524702072144","2951","2951","2951"
"295299","0.1280394345521927","0.1280394345521927","0.1280394345521927","2952","2952","2952"
"295399","0.1347416639328003","0.1347416639328003","0.1347416639328003","2953","2953","2953"
"295499","0.13206249475479126","0.13206249475479126","0.13206249475479126","2954","2954","2954"
"295599","0.12727975845336914","0.12727975845336914","0.12727975845336914","2955","2955","2955"
"295699","0.13497568666934967","0.13497568666934967","0.13497568666934967","2956","2956","2956"
"295799","0.13289861381053925","0.13289861381053925","0.13289861381053925","2957","2957","2957"
"295899","0.1362897753715515","0.1362897753715515","0.1362897753715515","2958","2958","2958"
"295999","0.13056740164756775","0.13056740164756775","0.13056740164756775","2959","2959","2959"
"296099","0.13289855420589447","0.13289855420589447","0.13289855420589447","2960","2960","2960"
"296199","0.12728315591812134","0.12728315591812134","0.12728315591812134","2961","2961","2961"
"296299","0.1312672644853592","0.1312672644853592","0.1312672644853592","2962","2962","2962"
"296399","0.12593987584114075","0.12593987584114075","0.12593987584114075","2963","2963","2963"
"296499","0.13718253374099731","0.13718253374099731","0.13718253374099731","2964","2964","2964"
"296599","0.13136571645736694","0.13136571645736694","0.13136571645736694","2965","2965","2965"
"296699","0.1306672841310501","0.1306672841310501","0.1306672841310501","2966","2966","2966"
"296799","0.1331469714641571","0.1331469714641571","0.1331469714641571","2967","2967","2967"
"296899","0.1311078667640686","0.1311078667640686","0.1311078667640686","2968","2968","2968"
"296999","0.1334272027015686","0.1334272027015686","0.1334272027015686","2969","2969","2969"
"297099","0.130355566740036","0.130355566740036","0.130355566740036","2970","2970","2970"
"297199","0.13092650473117828","0.13092650473117828","0.13092650473117828","2971","2971","2971"
"297299","0.13006238639354706","0.13006238639354706","0.13006238639354706","2972","2972","2972"
"297399","0.13628888130187988","0.13628888130187988","0.13628888130187988","2973","2973","2973"
"297499","0.13132908940315247","0.13132908940315247","0.13132908940315247","2974","2974","2974"
"297599","0.1289631426334381","0.1289631426334381","0.1289631426334381","2975","2975","2975"
"297699","0.13686899840831757","0.13686899840831757","0.13686899840831757","2976","2976","2976"
"297799","0.13363851606845856","0.13363851606845856","0.13363851606845856","2977","2977","2977"
"297899","0.13381579518318176","0.13381579518318176","0.13381579518318176","2978","2978","2978"
"297999","0.13146476447582245","0.13146476447582245","0.13146476447582245","2979","2979","2979"
"298099","0.1267184168100357","0.1267184168100357","0.1267184168100357","2980","2980","2980"
"298199","0.1255895048379898","0.1255895048379898","0.1255895048379898","2981","2981","2981"
"298299","0.1360597312450409","0.1360597312450409","0.1360597312450409","2982","2982","2982"
"298399","0.12964482605457306","0.12964482605457306","0.12964482605457306","2983","2983","2983"
"298499","0.13206344842910767","0.13206344842910767","0.13206344842910767","2984","2984","2984"
"298599","0.13119512796401978","0.13119512796401978","0.13119512796401978","2985","2985","2985"
"298699","0.12662310898303986","0.12662310898303986","0.12662310898303986","2986","2986","2986"
"298799","0.13895419239997864","0.13895419239997864","0.13895419239997864","2987","2987","2987"
"298899","0.13200439512729645","0.13200439512729645","0.13200439512729645","2988","2988","2988"
"298999","0.1352134495973587","0.1352134495973587","0.1352134495973587","2989","2989","2989"
"299099","0.13737815618515015","0.13737815618515015","0.13737815618515015","2990","2990","2990"
"299199","0.13305731117725372","0.13305731117725372","0.13305731117725372","2991","2991","2991"
"299299","0.13652777671813965","0.13652777671813965","0.13652777671813965","2992","2992","2992"
"299399","0.13203507661819458","0.13203507661819458","0.13203507661819458","2993","2993","2993"
"299499","0.13538827002048492","0.13538827002048492","0.13538827002048492","2994","2994","2994"
"299599","0.13342919945716858","0.13342919945716858","0.13342919945716858","2995","2995","2995"
"299699","0.14011728763580322","0.14011728763580322","0.14011728763580322","2996","2996","2996"
"299799","0.13428576290607452","0.13428576290607452","0.13428576290607452","2997","2997","2997"
"299899","0.1299082487821579","0.1299082487821579","0.1299082487821579","2998","2998","2998"
"299999","0.13135871291160583","0.13135871291160583","0.13135871291160583","2999","2999","2999"
"300099","0.1344299614429474","0.1344299614429474","0.1344299614429474","3000","3000","3000"
"300199","0.12617142498493195","0.12617142498493195","0.12617142498493195","3001","3001","3001"
"300299","0.13421544432640076","0.13421544432640076","0.13421544432640076","3002","3002","3002"
"300399","0.13338463008403778","0.13338463008403778","0.13338463008403778","3003","3003","3003"
"300499","0.1395818144083023","0.1395818144083023","0.1395818144083023","3004","3004","3004"
"300599","0.13355855643749237","0.13355855643749237","0.13355855643749237","3005","3005","3005"
"300699","0.13081391155719757","0.13081391155719757","0.13081391155719757","3006","3006","3006"
"300799","0.1318254917860031","0.1318254917860031","0.1318254917860031","3007","3007","3007"
"300899","0.13403820991516113","0.13403820991516113","0.13403820991516113","3008","3008","3008"
"300999","0.13356991112232208","0.13356991112232208","0.13356991112232208","3009","3009","3009"
"301099","0.13260632753372192","0.13260632753372192","0.13260632753372192","3010","3010","3010"
"301199","0.13611994683742523","0.13611994683742523","0.13611994683742523","3011","3011","3011"
"301299","0.13586106896400452","0.13586106896400452","0.13586106896400452","3012","3012","3012"
"301399","0.1287844032049179","0.1287844032049179","0.1287844032049179","3013","3013","3013"
"301499","0.1323353797197342","0.1323353797197342","0.1323353797197342","3014","3014","3014"
"301599","0.13057665526866913","0.13057665526866913","0.13057665526866913","3015","3015","3015"
"301699","0.13407117128372192","0.13407117128372192","0.13407117128372192","3016","3016","3016"
"301799","0.13301745057106018","0.13301745057106018","0.13301745057106018","3017","3017","3017"
"301899","0.13152992725372314","0.13152992725372314","0.13152992725372314","3018","3018","3018"
"301999","0.12622907757759094","0.12622907757759094","0.12622907757759094","3019","3019","3019"
"302099","0.13042527437210083","0.13042527437210083","0.13042527437210083","3020","3020","3020"
"302199","0.13171692192554474","0.13171692192554474","0.13171692192554474","3021","3021","3021"
"302299","0.1296260803937912","0.1296260803937912","0.1296260803937912","3022","3022","3022"
"302399","0.1334461271762848","0.1334461271762848","0.1334461271762848","3023","3023","3023"
"302499","0.13378185033798218","0.13378185033798218","0.13378185033798218","3024","3024","3024"
"302599","0.13538458943367004","0.13538458943367004","0.13538458943367004","3025","3025","3025"
"302699","0.12978048622608185","0.12978048622608185","0.12978048622608185","3026","3026","3026"
"302799","0.1352403461933136","0.1352403461933136","0.1352403461933136","3027","3027","3027"
"302899","0.13491421937942505","0.13491421937942505","0.13491421937942505","3028","3028","3028"
"302999","0.12958703935146332","0.12958703935146332","0.12958703935146332","3029","3029","3029"
"303099","0.13070032000541687","0.13070032000541687","0.13070032000541687","3030","3030","3030"
"303199","0.13007205724716187","0.13007205724716187","0.13007205724716187","3031","3031","3031"
"303299","0.1365155279636383","0.1365155279636383","0.1365155279636383","3032","3032","3032"
"303399","0.1319551020860672","0.1319551020860672","0.1319551020860672","3033","3033","3033"
"303499","0.13317571580410004","0.13317571580410004","0.13317571580410004","3034","3034","3034"
"303599","0.13188859820365906","0.13188859820365906","0.13188859820365906","3035","3035","3035"
"303699","0.13699644804000854","0.13699644804000854","0.13699644804000854","3036","3036","3036"
"303799","0.13432437181472778","0.13432437181472778","0.13432437181472778","3037","3037","3037"
"303899","0.13348127901554108","0.13348127901554108","0.13348127901554108","3038","3038","3038"
"303999","0.1347547173500061","0.1347547173500061","0.1347547173500061","3039","3039","3039"
"304099","0.13406085968017578","0.13406085968017578","0.13406085968017578","3040","3040","3040"
"304199","0.12882956862449646","0.12882956862449646","0.12882956862449646","3041","3041","3041"
"304299","0.12769845128059387","0.12769845128059387","0.12769845128059387","3042","3042","3042"
"304399","0.13250182569026947","0.13250182569026947","0.13250182569026947","3043","3043","3043"
"304499","0.13161587715148926","0.13161587715148926","0.13161587715148926","3044","3044","3044"
"304599","0.13058315217494965","0.13058315217494965","0.13058315217494965","3045","3045","3045"
"304699","0.13265283405780792","0.13265283405780792","0.13265283405780792","3046","3046","3046"
"304799","0.13574427366256714","0.13574427366256714","0.13574427366256714","3047","3047","3047"
"304899","0.1312304139137268","0.1312304139137268","0.1312304139137268","3048","3048","3048"
"304999","0.13093610107898712","0.13093610107898712","0.13093610107898712","3049","3049","3049"
"305099","0.13165679574012756","0.13165679574012756","0.13165679574012756","3050","3050","3050"
"305199","0.12836557626724243","0.12836557626724243","0.12836557626724243","3051","3051","3051"
"305299","0.13251888751983643","0.13251888751983643","0.13251888751983643","3052","3052","3052"
"305399","0.13654403388500214","0.13654403388500214","0.13654403388500214","3053","3053","3053"
"305499","0.1349688321352005","0.1349688321352005","0.1349688321352005","3054","3054","3054"
"305599","0.14058858156204224","0.14058858156204224","0.14058858156204224","3055","3055","3055"
"305699","0.12837260961532593","0.12837260961532593","0.12837260961532593","3056","3056","3056"
"305799","0.1326281577348709","0.1326281577348709","0.1326281577348709","3057","3057","3057"
"305899","0.13275617361068726","0.13275617361068726","0.13275617361068726","3058","3058","3058"
"305999","0.13676340878009796","0.13676340878009796","0.13676340878009796","3059","3059","3059"
"306099","0.12849770486354828","0.12849770486354828","0.12849770486354828","3060","3060","3060"
"306199","0.1389131098985672","0.1389131098985672","0.1389131098985672","3061","3061","3061"
"306299","0.13574180006980896","0.13574180006980896","0.13574180006980896","3062","3062","3062"
"306399","0.132847398519516","0.132847398519516","0.132847398519516","3063","3063","3063"
"306499","0.13034379482269287","0.13034379482269287","0.13034379482269287","3064","3064","3064"
"306599","0.12921497225761414","0.12921497225761414","0.12921497225761414","3065","3065","3065"
"306699","0.13054348528385162","0.13054348528385162","0.13054348528385162","3066","3066","3066"
"306799","0.1304970234632492","0.1304970234632492","0.1304970234632492","3067","3067","3067"
"306899","0.1295631378889084","0.1295631378889084","0.1295631378889084","3068","3068","3068"
"306999","0.13588714599609375","0.13588714599609375","0.13588714599609375","3069","3069","3069"
"307099","0.13118743896484375","0.13118743896484375","0.13118743896484375","3070","3070","3070"
"307199","0.13694867491722107","0.13694867491722107","0.13694867491722107","3071","3071","3071"
"307299","0.12542124092578888","0.12542124092578888","0.12542124092578888","3072","3072","3072"
"307399","0.12863126397132874","0.12863126397132874","0.12863126397132874","3073","3073","3073"
"307499","0.12483003735542297","0.12483003735542297","0.12483003735542297","3074","3074","3074"
"307599","0.1373000293970108","0.1373000293970108","0.1373000293970108","3075","3075","3075"
"307699","0.13168078660964966","0.13168078660964966","0.13168078660964966","3076","3076","3076"
"307799","0.13203471899032593","0.13203471899032593","0.13203471899032593","3077","3077","3077"
"307899","0.1376372128725052","0.1376372128725052","0.1376372128725052","3078","3078","3078"
"307999","0.1337054967880249","0.1337054967880249","0.1337054967880249","3079","3079","3079"
"308099","0.12940773367881775","0.12940773367881775","0.12940773367881775","3080","3080","3080"
"308199","0.13413698971271515","0.13413698971271515","0.13413698971271515","3081","3081","3081"
"308299","0.13726156949996948","0.13726156949996948","0.13726156949996948","3082","3082","3082"
"308399","0.1353732943534851","0.1353732943534851","0.1353732943534851","3083","3083","3083"
"308499","0.13710059225559235","0.13710059225559235","0.13710059225559235","3084","3084","3084"
"308599","0.12983784079551697","0.12983784079551697","0.12983784079551697","3085","3085","3085"
"308699","0.13127471506595612","0.13127471506595612","0.13127471506595612","3086","3086","3086"
"308799","0.1350012570619583","0.1350012570619583","0.1350012570619583","3087","3087","3087"
"308899","0.13368897140026093","0.13368897140026093","0.13368897140026093","3088","3088","3088"
"308999","0.13096098601818085","0.13096098601818085","0.13096098601818085","3089","3089","3089"
"309099","0.1372358351945877","0.1372358351945877","0.1372358351945877","3090","3090","3090"
"309199","0.1338547021150589","0.1338547021150589","0.1338547021150589","3091","3091","3091"
"309299","0.13304750621318817","0.13304750621318817","0.13304750621318817","3092","3092","3092"
"309399","0.13187314569950104","0.13187314569950104","0.13187314569950104","3093","3093","3093"
"309499","0.12889938056468964","0.12889938056468964","0.12889938056468964","3094","3094","3094"
"309599","0.13065935671329498","0.13065935671329498","0.13065935671329498","3095","3095","3095"
"309699","0.13170690834522247","0.13170690834522247","0.13170690834522247","3096","3096","3096"
"309799","0.13505885004997253","0.13505885004997253","0.13505885004997253","3097","3097","3097"
"309899","0.12881679832935333","0.12881679832935333","0.12881679832935333","3098","3098","3098"
"309999","0.1303565800189972","0.1303565800189972","0.1303565800189972","3099","3099","3099"
"310099","0.1274961680173874","0.1274961680173874","0.1274961680173874","3100","3100","3100"
"310199","0.13614322245121002","0.13614322245121002","0.13614322245121002","3101","3101","3101"
"310299","0.13714811205863953","0.13714811205863953","0.13714811205863953","3102","3102","3102"
"310399","0.1381370723247528","0.1381370723247528","0.1381370723247528","3103","3103","3103"
"310499","0.1345781534910202","0.1345781534910202","0.1345781534910202","3104","3104","3104"
"310599","0.13843214511871338","0.13843214511871338","0.13843214511871338","3105","3105","3105"
"310699","0.13548512756824493","0.13548512756824493","0.13548512756824493","3106","3106","3106"
"310799","0.1301790475845337","0.1301790475845337","0.1301790475845337","3107","3107","3107"
"310899","0.13442158699035645","0.13442158699035645","0.13442158699035645","3108","3108","3108"
"310999","0.13074557483196259","0.13074557483196259","0.13074557483196259","3109","3109","3109"
"311099","0.13401630520820618","0.13401630520820618","0.13401630520820618","3110","3110","3110"
"311199","0.1311619132757187","0.1311619132757187","0.1311619132757187","3111","3111","3111"
"311299","0.13292205333709717","0.13292205333709717","0.13292205333709717","3112","3112","3112"
"311399","0.13285964727401733","0.13285964727401733","0.13285964727401733","3113","3113","3113"
"311499","0.12857043743133545","0.12857043743133545","0.12857043743133545","3114","3114","3114"
"311599","0.1325642168521881","0.1325642168521881","0.1325642168521881","3115","3115","3115"
"311699","0.12424973398447037","0.12424973398447037","0.12424973398447037","3116","3116","3116"
"311799","0.13654369115829468","0.13654369115829468","0.13654369115829468","3117","3117","3117"
"311899","0.130828857421875","0.130828857421875","0.130828857421875","3118","3118","3118"
"311999","0.1387578248977661","0.1387578248977661","0.1387578248977661","3119","3119","3119"
"312099","0.13693870604038239","0.13693870604038239","0.13693870604038239","3120","3120","3120"
"312199","0.13435325026512146","0.13435325026512146","0.13435325026512146","3121","3121","3121"
"312299","0.13617996871471405","0.13617996871471405","0.13617996871471405","3122","3122","3122"
"312399","0.1323765069246292","0.1323765069246292","0.1323765069246292","3123","3123","3123"
"312499","0.13375824689865112","0.13375824689865112","0.13375824689865112","3124","3124","3124"
"312599","0.13541604578495026","0.13541604578495026","0.13541604578495026","3125","3125","3125"
"312699","0.1288997083902359","0.1288997083902359","0.1288997083902359","3126","3126","3126"
"312799","0.1294412761926651","0.1294412761926651","0.1294412761926651","3127","3127","3127"
"312899","0.1293777972459793","0.1293777972459793","0.1293777972459793","3128","3128","3128"
"312999","0.1372232884168625","0.1372232884168625","0.1372232884168625","3129","3129","3129"
"313099","0.13491474092006683","0.13491474092006683","0.13491474092006683","3130","3130","3130"
"313199","0.12451335787773132","0.12451335787773132","0.12451335787773132","3131","3131","3131"
"313299","0.13179521262645721","0.13179521262645721","0.13179521262645721","3132","3132","3132"
"313399","0.13459113240242004","0.13459113240242004","0.13459113240242004","3133","3133","3133"
"313499","0.13000299036502838","0.13000299036502838","0.13000299036502838","3134","3134","3134"
"313599","0.1340658813714981","0.1340658813714981","0.1340658813714981","3135","3135","3135"
"313699","0.1335281878709793","0.1335281878709793","0.1335281878709793","3136","3136","3136"
"313799","0.1286565512418747","0.1286565512418747","0.1286565512418747","3137","3137","3137"
"313899","0.1298670619726181","0.1298670619726181","0.1298670619726181","3138","3138","3138"
"313999","0.1320837289094925","0.1320837289094925","0.1320837289094925","3139","3139","3139"
"314099","0.13491202890872955","0.13491202890872955","0.13491202890872955","3140","3140","3140"
"314199","0.13191534578800201","0.13191534578800201","0.13191534578800201","3141","3141","3141"
"314299","0.1320435106754303","0.1320435106754303","0.1320435106754303","3142","3142","3142"
"314399","0.13237518072128296","0.13237518072128296","0.13237518072128296","3143","3143","3143"
"314499","0.12826554477214813","0.12826554477214813","0.12826554477214813","3144","3144","3144"
"314599","0.1317795366048813","0.1317795366048813","0.1317795366048813","3145","3145","3145"
"314699","0.12945158779621124","0.12945158779621124","0.12945158779621124","3146","3146","3146"
"314799","0.1396462321281433","0.1396462321281433","0.1396462321281433","3147","3147","3147"
"314899","0.13153991103172302","0.13153991103172302","0.13153991103172302","3148","3148","3148"
"314999","0.1332053542137146","0.1332053542137146","0.1332053542137146","3149","3149","3149"
"315099","0.13020789623260498","0.13020789623260498","0.13020789623260498","3150","3150","3150"
"315199","0.13682611286640167","0.13682611286640167","0.13682611286640167","3151","3151","3151"