"trainer/global_step","vanillasinh_small - train_loss","vanillasinh_small - train_loss__MIN","vanillasinh_small - train_loss__MAX","vanillasinh_small - _step","vanillasinh_small - _step__MIN","vanillasinh_small - _step__MAX"
"99","0.24208560585975647","0.24208560585975647","0.24208560585975647","0","0","0"
"199","0.21504178643226624","0.21504178643226624","0.21504178643226624","1","1","1"
"299","0.19937628507614136","0.19937628507614136","0.19937628507614136","2","2","2"
"399","0.19094161689281464","0.19094161689281464","0.19094161689281464","3","3","3"
"499","0.18640026450157166","0.18640026450157166","0.18640026450157166","4","4","4"
"599","0.1827908605337143","0.1827908605337143","0.1827908605337143","5","5","5"
"699","0.17978766560554504","0.17978766560554504","0.17978766560554504","6","6","6"
"799","0.17646485567092896","0.17646485567092896","0.17646485567092896","7","7","7"
"899","0.18351522088050842","0.18351522088050842","0.18351522088050842","8","8","8"
"999","0.17749159038066864","0.17749159038066864","0.17749159038066864","9","9","9"
"1099","0.16820305585861206","0.16820305585861206","0.16820305585861206","10","10","10"
"1199","0.16846588253974915","0.16846588253974915","0.16846588253974915","11","11","11"
"1299","0.1623339056968689","0.1623339056968689","0.1623339056968689","12","12","12"
"1399","0.16497297585010529","0.16497297585010529","0.16497297585010529","13","13","13"
"1499","0.1616041213274002","0.1616041213274002","0.1616041213274002","14","14","14"
"1599","0.15669015049934387","0.15669015049934387","0.15669015049934387","15","15","15"
"1699","0.16847878694534302","0.16847878694534302","0.16847878694534302","16","16","16"
"1799","0.1629689335823059","0.1629689335823059","0.1629689335823059","17","17","17"
"1899","0.15598063170909882","0.15598063170909882","0.15598063170909882","18","18","18"
"1999","0.1541905701160431","0.1541905701160431","0.1541905701160431","19","19","19"
"2099","0.1589020937681198","0.1589020937681198","0.1589020937681198","20","20","20"
"2199","0.15357010066509247","0.15357010066509247","0.15357010066509247","21","21","21"
"2299","0.1531943827867508","0.1531943827867508","0.1531943827867508","22","22","22"
"2399","0.15459804236888885","0.15459804236888885","0.15459804236888885","23","23","23"
"2499","0.1464097499847412","0.1464097499847412","0.1464097499847412","24","24","24"
"2599","0.1515691876411438","0.1515691876411438","0.1515691876411438","25","25","25"
"2699","0.14859621226787567","0.14859621226787567","0.14859621226787567","26","26","26"
"2799","0.14770884811878204","0.14770884811878204","0.14770884811878204","27","27","27"
"2899","0.15039114654064178","0.15039114654064178","0.15039114654064178","28","28","28"
"2999","0.14748932421207428","0.14748932421207428","0.14748932421207428","29","29","29"
"3099","0.1518518328666687","0.1518518328666687","0.1518518328666687","30","30","30"
"3199","0.14700311422348022","0.14700311422348022","0.14700311422348022","31","31","31"
"3299","0.1438065469264984","0.1438065469264984","0.1438065469264984","32","32","32"
"3399","0.1433401107788086","0.1433401107788086","0.1433401107788086","33","33","33"
"3499","0.1476811170578003","0.1476811170578003","0.1476811170578003","34","34","34"
"3599","0.14656318724155426","0.14656318724155426","0.14656318724155426","35","35","35"
"3699","0.14272397756576538","0.14272397756576538","0.14272397756576538","36","36","36"
"3799","0.14407657086849213","0.14407657086849213","0.14407657086849213","37","37","37"
"3899","0.1446395218372345","0.1446395218372345","0.1446395218372345","38","38","38"
"3999","0.14230337738990784","0.14230337738990784","0.14230337738990784","39","39","39"
"4099","0.14067329466342926","0.14067329466342926","0.14067329466342926","40","40","40"
"4199","0.14491207897663116","0.14491207897663116","0.14491207897663116","41","41","41"
"4299","0.15055733919143677","0.15055733919143677","0.15055733919143677","42","42","42"
"4399","0.13858109712600708","0.13858109712600708","0.13858109712600708","43","43","43"
"4499","0.14559122920036316","0.14559122920036316","0.14559122920036316","44","44","44"
"4599","0.14369890093803406","0.14369890093803406","0.14369890093803406","45","45","45"
"4699","0.14286695420742035","0.14286695420742035","0.14286695420742035","46","46","46"
"4799","0.13786432147026062","0.13786432147026062","0.13786432147026062","47","47","47"
"4899","0.14409105479717255","0.14409105479717255","0.14409105479717255","48","48","48"
"4999","0.138823464512825","0.138823464512825","0.138823464512825","49","49","49"
"5099","0.13601826131343842","0.13601826131343842","0.13601826131343842","50","50","50"
"5199","0.1362164318561554","0.1362164318561554","0.1362164318561554","51","51","51"
"5299","0.14023874700069427","0.14023874700069427","0.14023874700069427","52","52","52"
"5399","0.137647345662117","0.137647345662117","0.137647345662117","53","53","53"
"5499","0.13443103432655334","0.13443103432655334","0.13443103432655334","54","54","54"
"5599","0.13620968163013458","0.13620968163013458","0.13620968163013458","55","55","55"
"5699","0.13873128592967987","0.13873128592967987","0.13873128592967987","56","56","56"
"5799","0.13282284140586853","0.13282284140586853","0.13282284140586853","57","57","57"
"5899","0.1404990702867508","0.1404990702867508","0.1404990702867508","58","58","58"
"5999","0.13661004602909088","0.13661004602909088","0.13661004602909088","59","59","59"
"6099","0.13355597853660583","0.13355597853660583","0.13355597853660583","60","60","60"
"6199","0.13768155872821808","0.13768155872821808","0.13768155872821808","61","61","61"
"6299","0.1391865760087967","0.1391865760087967","0.1391865760087967","62","62","62"
"6399","0.1329803466796875","0.1329803466796875","0.1329803466796875","63","63","63"
"6499","0.1327367126941681","0.1327367126941681","0.1327367126941681","64","64","64"
"6599","0.13766761124134064","0.13766761124134064","0.13766761124134064","65","65","65"
"6699","0.13419507443904877","0.13419507443904877","0.13419507443904877","66","66","66"
"6799","0.13239000737667084","0.13239000737667084","0.13239000737667084","67","67","67"
"6899","0.13704273104667664","0.13704273104667664","0.13704273104667664","68","68","68"
"6999","0.13496358692646027","0.13496358692646027","0.13496358692646027","69","69","69"
"7099","0.13839282095432281","0.13839282095432281","0.13839282095432281","70","70","70"
"7199","0.13451077044010162","0.13451077044010162","0.13451077044010162","71","71","71"
"7299","0.1337214857339859","0.1337214857339859","0.1337214857339859","72","72","72"
"7399","0.13553881645202637","0.13553881645202637","0.13553881645202637","73","73","73"
"7499","0.13559061288833618","0.13559061288833618","0.13559061288833618","74","74","74"
"7599","0.1338619887828827","0.1338619887828827","0.1338619887828827","75","75","75"
"7699","0.13885486125946045","0.13885486125946045","0.13885486125946045","76","76","76"
"7799","0.1339390128850937","0.1339390128850937","0.1339390128850937","77","77","77"
"7899","0.13420462608337402","0.13420462608337402","0.13420462608337402","78","78","78"
"7999","0.13032042980194092","0.13032042980194092","0.13032042980194092","79","79","79"
"8099","0.1376039832830429","0.1376039832830429","0.1376039832830429","80","80","80"
"8199","0.13175110518932343","0.13175110518932343","0.13175110518932343","81","81","81"
"8299","0.1346534788608551","0.1346534788608551","0.1346534788608551","82","82","82"
"8399","0.13102278113365173","0.13102278113365173","0.13102278113365173","83","83","83"
"8499","0.134721577167511","0.134721577167511","0.134721577167511","84","84","84"
"8599","0.13256841897964478","0.13256841897964478","0.13256841897964478","85","85","85"
"8699","0.13200388848781586","0.13200388848781586","0.13200388848781586","86","86","86"
"8799","0.1322256177663803","0.1322256177663803","0.1322256177663803","87","87","87"
"8899","0.13469712436199188","0.13469712436199188","0.13469712436199188","88","88","88"
"8999","0.13514669239521027","0.13514669239521027","0.13514669239521027","89","89","89"
"9099","0.128065824508667","0.128065824508667","0.128065824508667","90","90","90"
"9199","0.12871313095092773","0.12871313095092773","0.12871313095092773","91","91","91"
"9299","0.12795594334602356","0.12795594334602356","0.12795594334602356","92","92","92"
"9399","0.1297493278980255","0.1297493278980255","0.1297493278980255","93","93","93"
"9499","0.13286802172660828","0.13286802172660828","0.13286802172660828","94","94","94"
"9599","0.12929102778434753","0.12929102778434753","0.12929102778434753","95","95","95"
"9699","0.1289428174495697","0.1289428174495697","0.1289428174495697","96","96","96"
"9799","0.12864099442958832","0.12864099442958832","0.12864099442958832","97","97","97"
"9899","0.12782350182533264","0.12782350182533264","0.12782350182533264","98","98","98"
"9999","0.12766975164413452","0.12766975164413452","0.12766975164413452","99","99","99"
"10099","0.13132154941558838","0.13132154941558838","0.13132154941558838","100","100","100"
"10199","0.13038896024227142","0.13038896024227142","0.13038896024227142","101","101","101"
"10299","0.12532632052898407","0.12532632052898407","0.12532632052898407","102","102","102"
"10399","0.12950275838375092","0.12950275838375092","0.12950275838375092","103","103","103"
"10499","0.13029839098453522","0.13029839098453522","0.13029839098453522","104","104","104"
"10599","0.124577596783638","0.124577596783638","0.124577596783638","105","105","105"
"10699","0.1282511204481125","0.1282511204481125","0.1282511204481125","106","106","106"
"10799","0.1314435601234436","0.1314435601234436","0.1314435601234436","107","107","107"
"10899","0.12989674508571625","0.12989674508571625","0.12989674508571625","108","108","108"
"10999","0.12606662511825562","0.12606662511825562","0.12606662511825562","109","109","109"
"11099","0.1294986605644226","0.1294986605644226","0.1294986605644226","110","110","110"
"11199","0.1251392960548401","0.1251392960548401","0.1251392960548401","111","111","111"
"11299","0.12762117385864258","0.12762117385864258","0.12762117385864258","112","112","112"
"11399","0.1354128122329712","0.1354128122329712","0.1354128122329712","113","113","113"
"11499","0.125173881649971","0.125173881649971","0.125173881649971","114","114","114"
"11599","0.12833386659622192","0.12833386659622192","0.12833386659622192","115","115","115"
"11699","0.12976305186748505","0.12976305186748505","0.12976305186748505","116","116","116"
"11799","0.13269560039043427","0.13269560039043427","0.13269560039043427","117","117","117"
"11899","0.13162803649902344","0.13162803649902344","0.13162803649902344","118","118","118"
"11999","0.13259729743003845","0.13259729743003845","0.13259729743003845","119","119","119"
"12099","0.12673580646514893","0.12673580646514893","0.12673580646514893","120","120","120"
"12199","0.12741565704345703","0.12741565704345703","0.12741565704345703","121","121","121"
"12299","0.12294167280197144","0.12294167280197144","0.12294167280197144","122","122","122"
"12399","0.12893132865428925","0.12893132865428925","0.12893132865428925","123","123","123"
"12499","0.1273990422487259","0.1273990422487259","0.1273990422487259","124","124","124"
"12599","0.12754617631435394","0.12754617631435394","0.12754617631435394","125","125","125"
"12699","0.12387827038764954","0.12387827038764954","0.12387827038764954","126","126","126"
"12799","0.13395527005195618","0.13395527005195618","0.13395527005195618","127","127","127"
"12899","0.12588177621364594","0.12588177621364594","0.12588177621364594","128","128","128"
"12999","0.12709034979343414","0.12709034979343414","0.12709034979343414","129","129","129"
"13099","0.1231740266084671","0.1231740266084671","0.1231740266084671","130","130","130"
"13199","0.1289658397436142","0.1289658397436142","0.1289658397436142","131","131","131"
"13299","0.12469503283500671","0.12469503283500671","0.12469503283500671","132","132","132"
"13399","0.12885232269763947","0.12885232269763947","0.12885232269763947","133","133","133"
"13499","0.1285068839788437","0.1285068839788437","0.1285068839788437","134","134","134"
"13599","0.13127410411834717","0.13127410411834717","0.13127410411834717","135","135","135"
"13699","0.1268353909254074","0.1268353909254074","0.1268353909254074","136","136","136"
"13799","0.13299629092216492","0.13299629092216492","0.13299629092216492","137","137","137"
"13899","0.12328872084617615","0.12328872084617615","0.12328872084617615","138","138","138"
"13999","0.12399235367774963","0.12399235367774963","0.12399235367774963","139","139","139"
"14099","0.12247782945632935","0.12247782945632935","0.12247782945632935","140","140","140"
"14199","0.12622395157814026","0.12622395157814026","0.12622395157814026","141","141","141"
"14299","0.12977656722068787","0.12977656722068787","0.12977656722068787","142","142","142"
"14399","0.11708720028400421","0.11708720028400421","0.11708720028400421","143","143","143"
"14499","0.12605926394462585","0.12605926394462585","0.12605926394462585","144","144","144"
"14599","0.12293112277984619","0.12293112277984619","0.12293112277984619","145","145","145"
"14699","0.1309347301721573","0.1309347301721573","0.1309347301721573","146","146","146"
"14799","0.1233106404542923","0.1233106404542923","0.1233106404542923","147","147","147"
"14899","0.11823408305644989","0.11823408305644989","0.11823408305644989","148","148","148"
"14999","0.1230442225933075","0.1230442225933075","0.1230442225933075","149","149","149"
"15099","0.12729330360889435","0.12729330360889435","0.12729330360889435","150","150","150"
"15199","0.12566404044628143","0.12566404044628143","0.12566404044628143","151","151","151"
"15299","0.12748251855373383","0.12748251855373383","0.12748251855373383","152","152","152"
"15399","0.12479471415281296","0.12479471415281296","0.12479471415281296","153","153","153"
"15499","0.12755556404590607","0.12755556404590607","0.12755556404590607","154","154","154"
"15599","0.1268678605556488","0.1268678605556488","0.1268678605556488","155","155","155"
"15699","0.12069957703351974","0.12069957703351974","0.12069957703351974","156","156","156"
"15799","0.12212462723255157","0.12212462723255157","0.12212462723255157","157","157","157"
"15899","0.12814681231975555","0.12814681231975555","0.12814681231975555","158","158","158"
"15999","0.12380906939506531","0.12380906939506531","0.12380906939506531","159","159","159"
"16099","0.12425608187913895","0.12425608187913895","0.12425608187913895","160","160","160"
"16199","0.12049388885498047","0.12049388885498047","0.12049388885498047","161","161","161"
"16299","0.1255154013633728","0.1255154013633728","0.1255154013633728","162","162","162"
"16399","0.13034288585186005","0.13034288585186005","0.13034288585186005","163","163","163"
"16499","0.12274925410747528","0.12274925410747528","0.12274925410747528","164","164","164"
"16599","0.12084558606147766","0.12084558606147766","0.12084558606147766","165","165","165"
"16699","0.1275991052389145","0.1275991052389145","0.1275991052389145","166","166","166"
"16799","0.12200631201267242","0.12200631201267242","0.12200631201267242","167","167","167"
"16899","0.1241583526134491","0.1241583526134491","0.1241583526134491","168","168","168"
"16999","0.12657339870929718","0.12657339870929718","0.12657339870929718","169","169","169"
"17099","0.1258792132139206","0.1258792132139206","0.1258792132139206","170","170","170"
"17199","0.12456957250833511","0.12456957250833511","0.12456957250833511","171","171","171"
"17299","0.12165308743715286","0.12165308743715286","0.12165308743715286","172","172","172"
"17399","0.13154147565364838","0.13154147565364838","0.13154147565364838","173","173","173"
"17499","0.12807466089725494","0.12807466089725494","0.12807466089725494","174","174","174"
"17599","0.11811818927526474","0.11811818927526474","0.11811818927526474","175","175","175"
"17699","0.12200310826301575","0.12200310826301575","0.12200310826301575","176","176","176"
"17799","0.12233369052410126","0.12233369052410126","0.12233369052410126","177","177","177"
"17899","0.11946984380483627","0.11946984380483627","0.11946984380483627","178","178","178"
"17999","0.12893320620059967","0.12893320620059967","0.12893320620059967","179","179","179"
"18099","0.12406717985868454","0.12406717985868454","0.12406717985868454","180","180","180"
"18199","0.12159478664398193","0.12159478664398193","0.12159478664398193","181","181","181"
"18299","0.12186113744974136","0.12186113744974136","0.12186113744974136","182","182","182"
"18399","0.12457560002803802","0.12457560002803802","0.12457560002803802","183","183","183"
"18499","0.12410895526409149","0.12410895526409149","0.12410895526409149","184","184","184"
"18599","0.12281858175992966","0.12281858175992966","0.12281858175992966","185","185","185"
"18699","0.12234476208686829","0.12234476208686829","0.12234476208686829","186","186","186"
"18799","0.11972124874591827","0.11972124874591827","0.11972124874591827","187","187","187"
"18899","0.12134305387735367","0.12134305387735367","0.12134305387735367","188","188","188"
"18999","0.12197217345237732","0.12197217345237732","0.12197217345237732","189","189","189"
"19099","0.1251051276922226","0.1251051276922226","0.1251051276922226","190","190","190"
"19199","0.11562202870845795","0.11562202870845795","0.11562202870845795","191","191","191"
"19299","0.12234414368867874","0.12234414368867874","0.12234414368867874","192","192","192"
"19399","0.12562498450279236","0.12562498450279236","0.12562498450279236","193","193","193"
"19499","0.12402745336294174","0.12402745336294174","0.12402745336294174","194","194","194"
"19599","0.12365340441465378","0.12365340441465378","0.12365340441465378","195","195","195"
"19699","0.11863744258880615","0.11863744258880615","0.11863744258880615","196","196","196"
"19799","0.12406549602746964","0.12406549602746964","0.12406549602746964","197","197","197"
"19899","0.1201557070016861","0.1201557070016861","0.1201557070016861","198","198","198"
"19999","0.12316969782114029","0.12316969782114029","0.12316969782114029","199","199","199"
"20099","0.12267450988292694","0.12267450988292694","0.12267450988292694","200","200","200"
"20199","0.12008276581764221","0.12008276581764221","0.12008276581764221","201","201","201"
"20299","0.1300930678844452","0.1300930678844452","0.1300930678844452","202","202","202"
"20399","0.12553483247756958","0.12553483247756958","0.12553483247756958","203","203","203"
"20499","0.11795977503061295","0.11795977503061295","0.11795977503061295","204","204","204"
"20599","0.12756912410259247","0.12756912410259247","0.12756912410259247","205","205","205"
"20699","0.11922594159841537","0.11922594159841537","0.11922594159841537","206","206","206"
"20799","0.12351343780755997","0.12351343780755997","0.12351343780755997","207","207","207"
"20899","0.12167632579803467","0.12167632579803467","0.12167632579803467","208","208","208"
"20999","0.12491077184677124","0.12491077184677124","0.12491077184677124","209","209","209"
"21099","0.1238880306482315","0.1238880306482315","0.1238880306482315","210","210","210"
"21199","0.12188387662172318","0.12188387662172318","0.12188387662172318","211","211","211"
"21299","0.12417016923427582","0.12417016923427582","0.12417016923427582","212","212","212"
"21399","0.11945857852697372","0.11945857852697372","0.11945857852697372","213","213","213"
"21499","0.12287439405918121","0.12287439405918121","0.12287439405918121","214","214","214"
"21599","0.12487716972827911","0.12487716972827911","0.12487716972827911","215","215","215"
"21699","0.12377344071865082","0.12377344071865082","0.12377344071865082","216","216","216"
"21799","0.12599225342273712","0.12599225342273712","0.12599225342273712","217","217","217"
"21899","0.12143560498952866","0.12143560498952866","0.12143560498952866","218","218","218"
"21999","0.11887186020612717","0.11887186020612717","0.11887186020612717","219","219","219"
"22099","0.1344464123249054","0.1344464123249054","0.1344464123249054","220","220","220"
"22199","0.12106642127037048","0.12106642127037048","0.12106642127037048","221","221","221"
"22299","0.11426687985658646","0.11426687985658646","0.11426687985658646","222","222","222"
"22399","0.12335532903671265","0.12335532903671265","0.12335532903671265","223","223","223"
"22499","0.1238401010632515","0.1238401010632515","0.1238401010632515","224","224","224"
"22599","0.12493013590574265","0.12493013590574265","0.12493013590574265","225","225","225"
"22699","0.12027130275964737","0.12027130275964737","0.12027130275964737","226","226","226"
"22799","0.12227841466665268","0.12227841466665268","0.12227841466665268","227","227","227"
"22899","0.11910403519868851","0.11910403519868851","0.11910403519868851","228","228","228"
"22999","0.11920714378356934","0.11920714378356934","0.11920714378356934","229","229","229"
"23099","0.12470796704292297","0.12470796704292297","0.12470796704292297","230","230","230"
"23199","0.11795318126678467","0.11795318126678467","0.11795318126678467","231","231","231"
"23299","0.1178223118185997","0.1178223118185997","0.1178223118185997","232","232","232"
"23399","0.11627943813800812","0.11627943813800812","0.11627943813800812","233","233","233"
"23499","0.12420571595430374","0.12420571595430374","0.12420571595430374","234","234","234"
"23599","0.12482661753892899","0.12482661753892899","0.12482661753892899","235","235","235"
"23699","0.12134639173746109","0.12134639173746109","0.12134639173746109","236","236","236"
"23799","0.12156102061271667","0.12156102061271667","0.12156102061271667","237","237","237"
"23899","0.11876081675291061","0.11876081675291061","0.11876081675291061","238","238","238"
"23999","0.12419227510690689","0.12419227510690689","0.12419227510690689","239","239","239"
"24099","0.11509077250957489","0.11509077250957489","0.11509077250957489","240","240","240"
"24199","0.1262153536081314","0.1262153536081314","0.1262153536081314","241","241","241"
"24299","0.12344901263713837","0.12344901263713837","0.12344901263713837","242","242","242"
"24399","0.12227028608322144","0.12227028608322144","0.12227028608322144","243","243","243"
"24499","0.1253601461648941","0.1253601461648941","0.1253601461648941","244","244","244"
"24599","0.12077754735946655","0.12077754735946655","0.12077754735946655","245","245","245"
"24699","0.12514954805374146","0.12514954805374146","0.12514954805374146","246","246","246"
"24799","0.11422766745090485","0.11422766745090485","0.11422766745090485","247","247","247"
"24899","0.1242227703332901","0.1242227703332901","0.1242227703332901","248","248","248"
"24999","0.12209958583116531","0.12209958583116531","0.12209958583116531","249","249","249"
"25099","0.11326389014720917","0.11326389014720917","0.11326389014720917","250","250","250"
"25199","0.1207205280661583","0.1207205280661583","0.1207205280661583","251","251","251"
"25299","0.11533364653587341","0.11533364653587341","0.11533364653587341","252","252","252"
"25399","0.12301566451787949","0.12301566451787949","0.12301566451787949","253","253","253"
"25499","0.12065435200929642","0.12065435200929642","0.12065435200929642","254","254","254"
"25599","0.12233635783195496","0.12233635783195496","0.12233635783195496","255","255","255"
"25699","0.12337472289800644","0.12337472289800644","0.12337472289800644","256","256","256"
"25799","0.12131443619728088","0.12131443619728088","0.12131443619728088","257","257","257"
"25899","0.12094429135322571","0.12094429135322571","0.12094429135322571","258","258","258"
"25999","0.11709848791360855","0.11709848791360855","0.11709848791360855","259","259","259"
"26099","0.12023676186800003","0.12023676186800003","0.12023676186800003","260","260","260"
"26199","0.11832301318645477","0.11832301318645477","0.11832301318645477","261","261","261"
"26299","0.11864425241947174","0.11864425241947174","0.11864425241947174","262","262","262"
"26399","0.1264016181230545","0.1264016181230545","0.1264016181230545","263","263","263"
"26499","0.12613403797149658","0.12613403797149658","0.12613403797149658","264","264","264"
"26599","0.12321799993515015","0.12321799993515015","0.12321799993515015","265","265","265"
"26699","0.12609606981277466","0.12609606981277466","0.12609606981277466","266","266","266"
"26799","0.12412454187870026","0.12412454187870026","0.12412454187870026","267","267","267"
"26899","0.11377356201410294","0.11377356201410294","0.11377356201410294","268","268","268"
"26999","0.12444902211427689","0.12444902211427689","0.12444902211427689","269","269","269"
"27099","0.11938256770372391","0.11938256770372391","0.11938256770372391","270","270","270"
"27199","0.1176895946264267","0.1176895946264267","0.1176895946264267","271","271","271"
"27299","0.1246495172381401","0.1246495172381401","0.1246495172381401","272","272","272"
"27399","0.12247326970100403","0.12247326970100403","0.12247326970100403","273","273","273"
"27499","0.11584402620792389","0.11584402620792389","0.11584402620792389","274","274","274"
"27599","0.12090520560741425","0.12090520560741425","0.12090520560741425","275","275","275"
"27699","0.1200219988822937","0.1200219988822937","0.1200219988822937","276","276","276"
"27799","0.12025744467973709","0.12025744467973709","0.12025744467973709","277","277","277"
"27899","0.12021712958812714","0.12021712958812714","0.12021712958812714","278","278","278"
"27999","0.10864701867103577","0.10864701867103577","0.10864701867103577","279","279","279"
"28099","0.1269846111536026","0.1269846111536026","0.1269846111536026","280","280","280"
"28199","0.12124695628881454","0.12124695628881454","0.12124695628881454","281","281","281"
"28299","0.11867398023605347","0.11867398023605347","0.11867398023605347","282","282","282"
"28399","0.12054448574781418","0.12054448574781418","0.12054448574781418","283","283","283"
"28499","0.12084998190402985","0.12084998190402985","0.12084998190402985","284","284","284"
"28599","0.11780812591314316","0.11780812591314316","0.11780812591314316","285","285","285"
"28699","0.1208040863275528","0.1208040863275528","0.1208040863275528","286","286","286"
"28799","0.121406190097332","0.121406190097332","0.121406190097332","287","287","287"
"28899","0.11879827827215195","0.11879827827215195","0.11879827827215195","288","288","288"
"28999","0.12604071199893951","0.12604071199893951","0.12604071199893951","289","289","289"
"29099","0.12122892588376999","0.12122892588376999","0.12122892588376999","290","290","290"
"29199","0.11837473511695862","0.11837473511695862","0.11837473511695862","291","291","291"
"29299","0.12176018208265305","0.12176018208265305","0.12176018208265305","292","292","292"
"29399","0.12008611112833023","0.12008611112833023","0.12008611112833023","293","293","293"
"29499","0.11735541373491287","0.11735541373491287","0.11735541373491287","294","294","294"
"29599","0.11504766345024109","0.11504766345024109","0.11504766345024109","295","295","295"
"29699","0.12217036634683609","0.12217036634683609","0.12217036634683609","296","296","296"
"29799","0.11389531195163727","0.11389531195163727","0.11389531195163727","297","297","297"
"29899","0.12333701550960541","0.12333701550960541","0.12333701550960541","298","298","298"
"29999","0.12358071655035019","0.12358071655035019","0.12358071655035019","299","299","299"
"30099","0.12063684314489365","0.12063684314489365","0.12063684314489365","300","300","300"
"30199","0.1265924572944641","0.1265924572944641","0.1265924572944641","301","301","301"
"30299","0.12369546294212341","0.12369546294212341","0.12369546294212341","302","302","302"
"30399","0.12666739523410797","0.12666739523410797","0.12666739523410797","303","303","303"
"30499","0.11667951941490173","0.11667951941490173","0.11667951941490173","304","304","304"
"30599","0.11994054913520813","0.11994054913520813","0.11994054913520813","305","305","305"
"30699","0.12044243514537811","0.12044243514537811","0.12044243514537811","306","306","306"
"30799","0.11934536695480347","0.11934536695480347","0.11934536695480347","307","307","307"
"30899","0.1214691624045372","0.1214691624045372","0.1214691624045372","308","308","308"
"30999","0.1210736334323883","0.1210736334323883","0.1210736334323883","309","309","309"
"31099","0.11464030295610428","0.11464030295610428","0.11464030295610428","310","310","310"
"31199","0.12148971110582352","0.12148971110582352","0.12148971110582352","311","311","311"
"31299","0.11390478163957596","0.11390478163957596","0.11390478163957596","312","312","312"
"31399","0.11955852806568146","0.11955852806568146","0.11955852806568146","313","313","313"
"31499","0.12511786818504333","0.12511786818504333","0.12511786818504333","314","314","314"
"31599","0.11909955739974976","0.11909955739974976","0.11909955739974976","315","315","315"
"31699","0.11375576257705688","0.11375576257705688","0.11375576257705688","316","316","316"
"31799","0.12020815908908844","0.12020815908908844","0.12020815908908844","317","317","317"
"31899","0.11815789341926575","0.11815789341926575","0.11815789341926575","318","318","318"
"31999","0.12269574403762817","0.12269574403762817","0.12269574403762817","319","319","319"
"32099","0.11898627132177353","0.11898627132177353","0.11898627132177353","320","320","320"
"32199","0.12156519293785095","0.12156519293785095","0.12156519293785095","321","321","321"
"32299","0.12158091366291046","0.12158091366291046","0.12158091366291046","322","322","322"
"32399","0.12032005935907364","0.12032005935907364","0.12032005935907364","323","323","323"
"32499","0.12395180761814117","0.12395180761814117","0.12395180761814117","324","324","324"
"32599","0.12081363797187805","0.12081363797187805","0.12081363797187805","325","325","325"
"32699","0.1169409230351448","0.1169409230351448","0.1169409230351448","326","326","326"
"32799","0.12149834632873535","0.12149834632873535","0.12149834632873535","327","327","327"
"32899","0.11376030743122101","0.11376030743122101","0.11376030743122101","328","328","328"
"32999","0.12519891560077667","0.12519891560077667","0.12519891560077667","329","329","329"
"33099","0.11744276434183121","0.11744276434183121","0.11744276434183121","330","330","330"
"33199","0.1141221895813942","0.1141221895813942","0.1141221895813942","331","331","331"
"33299","0.11621467769145966","0.11621467769145966","0.11621467769145966","332","332","332"
"33399","0.11869025975465775","0.11869025975465775","0.11869025975465775","333","333","333"
"33499","0.12217642366886139","0.12217642366886139","0.12217642366886139","334","334","334"
"33599","0.12731489539146423","0.12731489539146423","0.12731489539146423","335","335","335"
"33699","0.12430110573768616","0.12430110573768616","0.12430110573768616","336","336","336"
"33799","0.12142836302518845","0.12142836302518845","0.12142836302518845","337","337","337"
"33899","0.11913974583148956","0.11913974583148956","0.11913974583148956","338","338","338"
"33999","0.12138186395168304","0.12138186395168304","0.12138186395168304","339","339","339"
"34099","0.12175440788269043","0.12175440788269043","0.12175440788269043","340","340","340"
"34199","0.12714600563049316","0.12714600563049316","0.12714600563049316","341","341","341"
"34299","0.11890091747045517","0.11890091747045517","0.11890091747045517","342","342","342"
"34399","0.11642177402973175","0.11642177402973175","0.11642177402973175","343","343","343"
"34499","0.11823344975709915","0.11823344975709915","0.11823344975709915","344","344","344"
"34599","0.12077592313289642","0.12077592313289642","0.12077592313289642","345","345","345"
"34699","0.12092527747154236","0.12092527747154236","0.12092527747154236","346","346","346"
"34799","0.1185419112443924","0.1185419112443924","0.1185419112443924","347","347","347"
"34899","0.12172118574380875","0.12172118574380875","0.12172118574380875","348","348","348"
"34999","0.12081432342529297","0.12081432342529297","0.12081432342529297","349","349","349"
"35099","0.1128782108426094","0.1128782108426094","0.1128782108426094","350","350","350"
"35199","0.11607547849416733","0.11607547849416733","0.11607547849416733","351","351","351"
"35299","0.12278564274311066","0.12278564274311066","0.12278564274311066","352","352","352"
"35399","0.11885344982147217","0.11885344982147217","0.11885344982147217","353","353","353"
"35499","0.11725103110074997","0.11725103110074997","0.11725103110074997","354","354","354"
"35599","0.11566990613937378","0.11566990613937378","0.11566990613937378","355","355","355"
"35699","0.12398818135261536","0.12398818135261536","0.12398818135261536","356","356","356"
"35799","0.12164206802845001","0.12164206802845001","0.12164206802845001","357","357","357"
"35899","0.11871209740638733","0.11871209740638733","0.11871209740638733","358","358","358"
"35999","0.12344345450401306","0.12344345450401306","0.12344345450401306","359","359","359"
"36099","0.11764882504940033","0.11764882504940033","0.11764882504940033","360","360","360"
"36199","0.11436375975608826","0.11436375975608826","0.11436375975608826","361","361","361"
"36299","0.11914505809545517","0.11914505809545517","0.11914505809545517","362","362","362"
"36399","0.12282287329435349","0.12282287329435349","0.12282287329435349","363","363","363"
"36499","0.12127465754747391","0.12127465754747391","0.12127465754747391","364","364","364"
"36599","0.11499786376953125","0.11499786376953125","0.11499786376953125","365","365","365"
"36699","0.12105323374271393","0.12105323374271393","0.12105323374271393","366","366","366"
"36799","0.12090563774108887","0.12090563774108887","0.12090563774108887","367","367","367"
"36899","0.11496449261903763","0.11496449261903763","0.11496449261903763","368","368","368"
"36999","0.12168031185865402","0.12168031185865402","0.12168031185865402","369","369","369"
"37099","0.1242678165435791","0.1242678165435791","0.1242678165435791","370","370","370"
"37199","0.11208974570035934","0.11208974570035934","0.11208974570035934","371","371","371"
"37299","0.11819565296173096","0.11819565296173096","0.11819565296173096","372","372","372"
"37399","0.12439613044261932","0.12439613044261932","0.12439613044261932","373","373","373"
"37499","0.12408632785081863","0.12408632785081863","0.12408632785081863","374","374","374"
"37599","0.11699530482292175","0.11699530482292175","0.11699530482292175","375","375","375"
"37699","0.1142544150352478","0.1142544150352478","0.1142544150352478","376","376","376"
"37799","0.1260015368461609","0.1260015368461609","0.1260015368461609","377","377","377"
"37899","0.11991742253303528","0.11991742253303528","0.11991742253303528","378","378","378"
"37999","0.11972925812005997","0.11972925812005997","0.11972925812005997","379","379","379"
"38099","0.11911515146493912","0.11911515146493912","0.11911515146493912","380","380","380"
"38199","0.12197083234786987","0.12197083234786987","0.12197083234786987","381","381","381"
"38299","0.1203077957034111","0.1203077957034111","0.1203077957034111","382","382","382"
"38399","0.11734508723020554","0.11734508723020554","0.11734508723020554","383","383","383"
"38499","0.12103051692247391","0.12103051692247391","0.12103051692247391","384","384","384"
"38599","0.11473454535007477","0.11473454535007477","0.11473454535007477","385","385","385"
"38699","0.11811178177595139","0.11811178177595139","0.11811178177595139","386","386","386"
"38799","0.12446930259466171","0.12446930259466171","0.12446930259466171","387","387","387"
"38899","0.116392582654953","0.116392582654953","0.116392582654953","388","388","388"
"38999","0.11757907271385193","0.11757907271385193","0.11757907271385193","389","389","389"
"39099","0.12208367139101028","0.12208367139101028","0.12208367139101028","390","390","390"
"39199","0.12043607234954834","0.12043607234954834","0.12043607234954834","391","391","391"
"39299","0.11858034133911133","0.11858034133911133","0.11858034133911133","392","392","392"
"39399","0.12217876315116882","0.12217876315116882","0.12217876315116882","393","393","393"
"39499","0.1187288761138916","0.1187288761138916","0.1187288761138916","394","394","394"
"39599","0.12301559746265411","0.12301559746265411","0.12301559746265411","395","395","395"
"39699","0.11601219326257706","0.11601219326257706","0.11601219326257706","396","396","396"
"39799","0.11972575634717941","0.11972575634717941","0.11972575634717941","397","397","397"
"39899","0.12303327769041061","0.12303327769041061","0.12303327769041061","398","398","398"
"39999","0.11808590590953827","0.11808590590953827","0.11808590590953827","399","399","399"
"40099","0.11432938277721405","0.11432938277721405","0.11432938277721405","400","400","400"
"40199","0.12113602459430695","0.12113602459430695","0.12113602459430695","401","401","401"
"40299","0.12601202726364136","0.12601202726364136","0.12601202726364136","402","402","402"
"40399","0.11992250382900238","0.11992250382900238","0.11992250382900238","403","403","403"
"40499","0.1125541552901268","0.1125541552901268","0.1125541552901268","404","404","404"
"40599","0.11394112557172775","0.11394112557172775","0.11394112557172775","405","405","405"
"40699","0.11816197633743286","0.11816197633743286","0.11816197633743286","406","406","406"
"40799","0.12197111546993256","0.12197111546993256","0.12197111546993256","407","407","407"
"40899","0.12550397217273712","0.12550397217273712","0.12550397217273712","408","408","408"
"40999","0.1181405633687973","0.1181405633687973","0.1181405633687973","409","409","409"
"41099","0.11699783802032471","0.11699783802032471","0.11699783802032471","410","410","410"
"41199","0.11535194516181946","0.11535194516181946","0.11535194516181946","411","411","411"
"41299","0.12163517624139786","0.12163517624139786","0.12163517624139786","412","412","412"
"41399","0.12326934933662415","0.12326934933662415","0.12326934933662415","413","413","413"
"41499","0.11707441508769989","0.11707441508769989","0.11707441508769989","414","414","414"
"41599","0.12142372131347656","0.12142372131347656","0.12142372131347656","415","415","415"
"41699","0.11937668919563293","0.11937668919563293","0.11937668919563293","416","416","416"
"41799","0.11878703534603119","0.11878703534603119","0.11878703534603119","417","417","417"
"41899","0.1128968819975853","0.1128968819975853","0.1128968819975853","418","418","418"
"41999","0.12116140127182007","0.12116140127182007","0.12116140127182007","419","419","419"
"42099","0.11792638897895813","0.11792638897895813","0.11792638897895813","420","420","420"
"42199","0.12160178273916245","0.12160178273916245","0.12160178273916245","421","421","421"
"42299","0.11651603132486343","0.11651603132486343","0.11651603132486343","422","422","422"
"42399","0.12419130653142929","0.12419130653142929","0.12419130653142929","423","423","423"
"42499","0.12054911255836487","0.12054911255836487","0.12054911255836487","424","424","424"
"42599","0.11594916880130768","0.11594916880130768","0.11594916880130768","425","425","425"
"42699","0.11723394691944122","0.11723394691944122","0.11723394691944122","426","426","426"
"42799","0.11551488190889359","0.11551488190889359","0.11551488190889359","427","427","427"
"42899","0.12431397289037704","0.12431397289037704","0.12431397289037704","428","428","428"
"42999","0.11686676740646362","0.11686676740646362","0.11686676740646362","429","429","429"
"43099","0.11842747032642365","0.11842747032642365","0.11842747032642365","430","430","430"
"43199","0.12094567716121674","0.12094567716121674","0.12094567716121674","431","431","431"
"43299","0.11232329159975052","0.11232329159975052","0.11232329159975052","432","432","432"
"43399","0.12577547132968903","0.12577547132968903","0.12577547132968903","433","433","433"
"43499","0.1158657968044281","0.1158657968044281","0.1158657968044281","434","434","434"
"43599","0.11974360048770905","0.11974360048770905","0.11974360048770905","435","435","435"
"43699","0.11667417734861374","0.11667417734861374","0.11667417734861374","436","436","436"
"43799","0.12673760950565338","0.12673760950565338","0.12673760950565338","437","437","437"
"43899","0.1189088448882103","0.1189088448882103","0.1189088448882103","438","438","438"
"43999","0.11850440502166748","0.11850440502166748","0.11850440502166748","439","439","439"
"44099","0.1130705401301384","0.1130705401301384","0.1130705401301384","440","440","440"
"44199","0.12058033049106598","0.12058033049106598","0.12058033049106598","441","441","441"
"44299","0.11906047910451889","0.11906047910451889","0.11906047910451889","442","442","442"
"44399","0.11918275058269501","0.11918275058269501","0.11918275058269501","443","443","443"
"44499","0.11995857954025269","0.11995857954025269","0.11995857954025269","444","444","444"
"44599","0.12883886694908142","0.12883886694908142","0.12883886694908142","445","445","445"
"44699","0.11825956404209137","0.11825956404209137","0.11825956404209137","446","446","446"
"44799","0.11265001446008682","0.11265001446008682","0.11265001446008682","447","447","447"
"44899","0.12010283768177032","0.12010283768177032","0.12010283768177032","448","448","448"
"44999","0.11766046285629272","0.11766046285629272","0.11766046285629272","449","449","449"
"45099","0.11659274250268936","0.11659274250268936","0.11659274250268936","450","450","450"
"45199","0.12028758972883224","0.12028758972883224","0.12028758972883224","451","451","451"
"45299","0.11428982019424438","0.11428982019424438","0.11428982019424438","452","452","452"
"45399","0.11440730094909668","0.11440730094909668","0.11440730094909668","453","453","453"
"45499","0.11194761097431183","0.11194761097431183","0.11194761097431183","454","454","454"
"45599","0.11544328182935715","0.11544328182935715","0.11544328182935715","455","455","455"
"45699","0.12004216760396957","0.12004216760396957","0.12004216760396957","456","456","456"
"45799","0.11540309339761734","0.11540309339761734","0.11540309339761734","457","457","457"
"45899","0.11189521104097366","0.11189521104097366","0.11189521104097366","458","458","458"
"45999","0.12262742966413498","0.12262742966413498","0.12262742966413498","459","459","459"
"46099","0.12245948612689972","0.12245948612689972","0.12245948612689972","460","460","460"
"46199","0.12150508910417557","0.12150508910417557","0.12150508910417557","461","461","461"
"46299","0.1199522539973259","0.1199522539973259","0.1199522539973259","462","462","462"
"46399","0.12003588676452637","0.12003588676452637","0.12003588676452637","463","463","463"
"46499","0.11621556431055069","0.11621556431055069","0.11621556431055069","464","464","464"
"46599","0.11830620467662811","0.11830620467662811","0.11830620467662811","465","465","465"
"46699","0.11755351722240448","0.11755351722240448","0.11755351722240448","466","466","466"
"46799","0.11669886857271194","0.11669886857271194","0.11669886857271194","467","467","467"
"46899","0.11593404412269592","0.11593404412269592","0.11593404412269592","468","468","468"
"46999","0.11982643604278564","0.11982643604278564","0.11982643604278564","469","469","469"
"47099","0.1143282875418663","0.1143282875418663","0.1143282875418663","470","470","470"
"47199","0.11887511610984802","0.11887511610984802","0.11887511610984802","471","471","471"
"47299","0.11670473217964172","0.11670473217964172","0.11670473217964172","472","472","472"
"47399","0.11813332885503769","0.11813332885503769","0.11813332885503769","473","473","473"
"47499","0.11348515748977661","0.11348515748977661","0.11348515748977661","474","474","474"
"47599","0.11638732254505157","0.11638732254505157","0.11638732254505157","475","475","475"
"47699","0.11399320513010025","0.11399320513010025","0.11399320513010025","476","476","476"
"47799","0.11795902252197266","0.11795902252197266","0.11795902252197266","477","477","477"
"47899","0.11490960419178009","0.11490960419178009","0.11490960419178009","478","478","478"
"47999","0.11951178312301636","0.11951178312301636","0.11951178312301636","479","479","479"
"48099","0.11976415663957596","0.11976415663957596","0.11976415663957596","480","480","480"
"48199","0.11881014704704285","0.11881014704704285","0.11881014704704285","481","481","481"
"48299","0.115447036921978","0.115447036921978","0.115447036921978","482","482","482"
"48399","0.11754851043224335","0.11754851043224335","0.11754851043224335","483","483","483"
"48499","0.12100609391927719","0.12100609391927719","0.12100609391927719","484","484","484"
"48599","0.1253920942544937","0.1253920942544937","0.1253920942544937","485","485","485"
"48699","0.11994177848100662","0.11994177848100662","0.11994177848100662","486","486","486"
"48799","0.11941581964492798","0.11941581964492798","0.11941581964492798","487","487","487"
"48899","0.12260417640209198","0.12260417640209198","0.12260417640209198","488","488","488"
"48999","0.11402943730354309","0.11402943730354309","0.11402943730354309","489","489","489"
"49099","0.11557202786207199","0.11557202786207199","0.11557202786207199","490","490","490"
"49199","0.1235445886850357","0.1235445886850357","0.1235445886850357","491","491","491"
"49299","0.11956141144037247","0.11956141144037247","0.11956141144037247","492","492","492"
"49399","0.1119309812784195","0.1119309812784195","0.1119309812784195","493","493","493"
"49499","0.11965756118297577","0.11965756118297577","0.11965756118297577","494","494","494"
"49599","0.12766629457473755","0.12766629457473755","0.12766629457473755","495","495","495"
"49699","0.1172659695148468","0.1172659695148468","0.1172659695148468","496","496","496"
"49799","0.12102355062961578","0.12102355062961578","0.12102355062961578","497","497","497"
"49899","0.11910108476877213","0.11910108476877213","0.11910108476877213","498","498","498"
"49999","0.11652596294879913","0.11652596294879913","0.11652596294879913","499","499","499"
"50099","0.12143880128860474","0.12143880128860474","0.12143880128860474","500","500","500"
"50199","0.11626116186380386","0.11626116186380386","0.11626116186380386","501","501","501"
"50299","0.11558713763952255","0.11558713763952255","0.11558713763952255","502","502","502"
"50399","0.11880725622177124","0.11880725622177124","0.11880725622177124","503","503","503"
"50499","0.12242782860994339","0.12242782860994339","0.12242782860994339","504","504","504"
"50599","0.11692583560943604","0.11692583560943604","0.11692583560943604","505","505","505"
"50699","0.11818358302116394","0.11818358302116394","0.11818358302116394","506","506","506"
"50799","0.11412957310676575","0.11412957310676575","0.11412957310676575","507","507","507"
"50899","0.11884710192680359","0.11884710192680359","0.11884710192680359","508","508","508"
"50999","0.11339472234249115","0.11339472234249115","0.11339472234249115","509","509","509"
"51099","0.11486801505088806","0.11486801505088806","0.11486801505088806","510","510","510"
"51199","0.11778827011585236","0.11778827011585236","0.11778827011585236","511","511","511"
"51299","0.12143712490797043","0.12143712490797043","0.12143712490797043","512","512","512"
"51399","0.12007342278957367","0.12007342278957367","0.12007342278957367","513","513","513"
"51499","0.11664768308401108","0.11664768308401108","0.11664768308401108","514","514","514"
"51599","0.11093868315219879","0.11093868315219879","0.11093868315219879","515","515","515"
"51699","0.11830540001392365","0.11830540001392365","0.11830540001392365","516","516","516"
"51799","0.11470358073711395","0.11470358073711395","0.11470358073711395","517","517","517"
"51899","0.11903270334005356","0.11903270334005356","0.11903270334005356","518","518","518"
"51999","0.1150897890329361","0.1150897890329361","0.1150897890329361","519","519","519"
"52099","0.11987577378749847","0.11987577378749847","0.11987577378749847","520","520","520"
"52199","0.11047139763832092","0.11047139763832092","0.11047139763832092","521","521","521"
"52299","0.11793333292007446","0.11793333292007446","0.11793333292007446","522","522","522"
"52399","0.11225080490112305","0.11225080490112305","0.11225080490112305","523","523","523"
"52499","0.11512880027294159","0.11512880027294159","0.11512880027294159","524","524","524"
"52599","0.11795111000537872","0.11795111000537872","0.11795111000537872","525","525","525"
"52699","0.10970717668533325","0.10970717668533325","0.10970717668533325","526","526","526"
"52799","0.11841309815645218","0.11841309815645218","0.11841309815645218","527","527","527"
"52899","0.1251867413520813","0.1251867413520813","0.1251867413520813","528","528","528"
"52999","0.11532691866159439","0.11532691866159439","0.11532691866159439","529","529","529"
"53099","0.12185482680797577","0.12185482680797577","0.12185482680797577","530","530","530"
"53199","0.1182251051068306","0.1182251051068306","0.1182251051068306","531","531","531"
"53299","0.11646713316440582","0.11646713316440582","0.11646713316440582","532","532","532"
"53399","0.11796750128269196","0.11796750128269196","0.11796750128269196","533","533","533"
"53499","0.11869453638792038","0.11869453638792038","0.11869453638792038","534","534","534"
"53599","0.12026074528694153","0.12026074528694153","0.12026074528694153","535","535","535"
"53699","0.12105534225702286","0.12105534225702286","0.12105534225702286","536","536","536"
"53799","0.12002687156200409","0.12002687156200409","0.12002687156200409","537","537","537"
"53899","0.11743438243865967","0.11743438243865967","0.11743438243865967","538","538","538"
"53999","0.1176808625459671","0.1176808625459671","0.1176808625459671","539","539","539"
"54099","0.12218322604894638","0.12218322604894638","0.12218322604894638","540","540","540"
"54199","0.12088713049888611","0.12088713049888611","0.12088713049888611","541","541","541"
"54299","0.11962654441595078","0.11962654441595078","0.11962654441595078","542","542","542"
"54399","0.11486726999282837","0.11486726999282837","0.11486726999282837","543","543","543"
"54499","0.11642105877399445","0.11642105877399445","0.11642105877399445","544","544","544"
"54599","0.12074806541204453","0.12074806541204453","0.12074806541204453","545","545","545"
"54699","0.11890428513288498","0.11890428513288498","0.11890428513288498","546","546","546"
"54799","0.11917433142662048","0.11917433142662048","0.11917433142662048","547","547","547"
"54899","0.11750917136669159","0.11750917136669159","0.11750917136669159","548","548","548"
"54999","0.11682666838169098","0.11682666838169098","0.11682666838169098","549","549","549"
"55099","0.11354099214076996","0.11354099214076996","0.11354099214076996","550","550","550"
"55199","0.1253751665353775","0.1253751665353775","0.1253751665353775","551","551","551"
"55299","0.11922585219144821","0.11922585219144821","0.11922585219144821","552","552","552"
"55399","0.11490470916032791","0.11490470916032791","0.11490470916032791","553","553","553"
"55499","0.11193237453699112","0.11193237453699112","0.11193237453699112","554","554","554"
"55599","0.1141756996512413","0.1141756996512413","0.1141756996512413","555","555","555"
"55699","0.11452280730009079","0.11452280730009079","0.11452280730009079","556","556","556"
"55799","0.11870672553777695","0.11870672553777695","0.11870672553777695","557","557","557"
"55899","0.11754224449396133","0.11754224449396133","0.11754224449396133","558","558","558"
"55999","0.11375407874584198","0.11375407874584198","0.11375407874584198","559","559","559"
"56099","0.12430865317583084","0.12430865317583084","0.12430865317583084","560","560","560"
"56199","0.11684954166412354","0.11684954166412354","0.11684954166412354","561","561","561"
"56299","0.12067489326000214","0.12067489326000214","0.12067489326000214","562","562","562"
"56399","0.12092533707618713","0.12092533707618713","0.12092533707618713","563","563","563"
"56499","0.12172447144985199","0.12172447144985199","0.12172447144985199","564","564","564"
"56599","0.1193818524479866","0.1193818524479866","0.1193818524479866","565","565","565"
"56699","0.12625476717948914","0.12625476717948914","0.12625476717948914","566","566","566"
"56799","0.11857938021421432","0.11857938021421432","0.11857938021421432","567","567","567"
"56899","0.11201555281877518","0.11201555281877518","0.11201555281877518","568","568","568"
"56999","0.11112123727798462","0.11112123727798462","0.11112123727798462","569","569","569"
"57099","0.11700224131345749","0.11700224131345749","0.11700224131345749","570","570","570"
"57199","0.11518945544958115","0.11518945544958115","0.11518945544958115","571","571","571"
"57299","0.11654701828956604","0.11654701828956604","0.11654701828956604","572","572","572"
"57399","0.1208687424659729","0.1208687424659729","0.1208687424659729","573","573","573"
"57499","0.1158420741558075","0.1158420741558075","0.1158420741558075","574","574","574"
"57599","0.11377079039812088","0.11377079039812088","0.11377079039812088","575","575","575"
"57699","0.11796655505895615","0.11796655505895615","0.11796655505895615","576","576","576"
"57799","0.11945664137601852","0.11945664137601852","0.11945664137601852","577","577","577"
"57899","0.11633069068193436","0.11633069068193436","0.11633069068193436","578","578","578"
"57999","0.12079420685768127","0.12079420685768127","0.12079420685768127","579","579","579"
"58099","0.11891239881515503","0.11891239881515503","0.11891239881515503","580","580","580"
"58199","0.11733829230070114","0.11733829230070114","0.11733829230070114","581","581","581"
"58299","0.11737451702356339","0.11737451702356339","0.11737451702356339","582","582","582"
"58399","0.1167130172252655","0.1167130172252655","0.1167130172252655","583","583","583"
"58499","0.1155097559094429","0.1155097559094429","0.1155097559094429","584","584","584"
"58599","0.11438754945993423","0.11438754945993423","0.11438754945993423","585","585","585"
"58699","0.1186748668551445","0.1186748668551445","0.1186748668551445","586","586","586"
"58799","0.12000468373298645","0.12000468373298645","0.12000468373298645","587","587","587"
"58899","0.11926563829183578","0.11926563829183578","0.11926563829183578","588","588","588"
"58999","0.1150452122092247","0.1150452122092247","0.1150452122092247","589","589","589"
"59099","0.11968424916267395","0.11968424916267395","0.11968424916267395","590","590","590"
"59199","0.11706825345754623","0.11706825345754623","0.11706825345754623","591","591","591"
"59299","0.12138732522726059","0.12138732522726059","0.12138732522726059","592","592","592"
"59399","0.11551626771688461","0.11551626771688461","0.11551626771688461","593","593","593"
"59499","0.10977489501237869","0.10977489501237869","0.10977489501237869","594","594","594"
"59599","0.1165478527545929","0.1165478527545929","0.1165478527545929","595","595","595"
"59699","0.11191926151514053","0.11191926151514053","0.11191926151514053","596","596","596"
"59799","0.11324814707040787","0.11324814707040787","0.11324814707040787","597","597","597"
"59899","0.11444514244794846","0.11444514244794846","0.11444514244794846","598","598","598"
"59999","0.11678911000490189","0.11678911000490189","0.11678911000490189","599","599","599"
"60099","0.12175454199314117","0.12175454199314117","0.12175454199314117","600","600","600"
"60199","0.11090295761823654","0.11090295761823654","0.11090295761823654","601","601","601"
"60299","0.11300055682659149","0.11300055682659149","0.11300055682659149","602","602","602"
"60399","0.12035045027732849","0.12035045027732849","0.12035045027732849","603","603","603"
"60499","0.11533030867576599","0.11533030867576599","0.11533030867576599","604","604","604"
"60599","0.11248766630887985","0.11248766630887985","0.11248766630887985","605","605","605"
"60699","0.1138562485575676","0.1138562485575676","0.1138562485575676","606","606","606"
"60799","0.12005842477083206","0.12005842477083206","0.12005842477083206","607","607","607"
"60899","0.12231332063674927","0.12231332063674927","0.12231332063674927","608","608","608"
"60999","0.11412233859300613","0.11412233859300613","0.11412233859300613","609","609","609"
"61099","0.12003608793020248","0.12003608793020248","0.12003608793020248","610","610","610"
"61199","0.11076434701681137","0.11076434701681137","0.11076434701681137","611","611","611"
"61299","0.11932504922151566","0.11932504922151566","0.11932504922151566","612","612","612"
"61399","0.11516521126031876","0.11516521126031876","0.11516521126031876","613","613","613"
"61499","0.11970169842243195","0.11970169842243195","0.11970169842243195","614","614","614"
"61599","0.11462616175413132","0.11462616175413132","0.11462616175413132","615","615","615"
"61699","0.11421267688274384","0.11421267688274384","0.11421267688274384","616","616","616"
"61799","0.11645515263080597","0.11645515263080597","0.11645515263080597","617","617","617"
"61899","0.116726353764534","0.116726353764534","0.116726353764534","618","618","618"
"61999","0.11662030965089798","0.11662030965089798","0.11662030965089798","619","619","619"
"62099","0.11852943897247314","0.11852943897247314","0.11852943897247314","620","620","620"
"62199","0.10519466549158096","0.10519466549158096","0.10519466549158096","621","621","621"
"62299","0.10878036171197891","0.10878036171197891","0.10878036171197891","622","622","622"
"62399","0.11215116828680038","0.11215116828680038","0.11215116828680038","623","623","623"
"62499","0.11816942691802979","0.11816942691802979","0.11816942691802979","624","624","624"
"62599","0.11523735523223877","0.11523735523223877","0.11523735523223877","625","625","625"
"62699","0.11147090047597885","0.11147090047597885","0.11147090047597885","626","626","626"
"62799","0.11460364609956741","0.11460364609956741","0.11460364609956741","627","627","627"
"62899","0.11398325860500336","0.11398325860500336","0.11398325860500336","628","628","628"
"62999","0.11705251038074493","0.11705251038074493","0.11705251038074493","629","629","629"
"63099","0.11327780038118362","0.11327780038118362","0.11327780038118362","630","630","630"
"63199","0.11752788722515106","0.11752788722515106","0.11752788722515106","631","631","631"
"63299","0.11708413064479828","0.11708413064479828","0.11708413064479828","632","632","632"
"63399","0.1120462417602539","0.1120462417602539","0.1120462417602539","633","633","633"
"63499","0.11810518801212311","0.11810518801212311","0.11810518801212311","634","634","634"
"63599","0.11687115579843521","0.11687115579843521","0.11687115579843521","635","635","635"
"63699","0.12038341909646988","0.12038341909646988","0.12038341909646988","636","636","636"
"63799","0.11802662163972855","0.11802662163972855","0.11802662163972855","637","637","637"
"63899","0.10941912978887558","0.10941912978887558","0.10941912978887558","638","638","638"
"63999","0.11979866027832031","0.11979866027832031","0.11979866027832031","639","639","639"
"64099","0.118649423122406","0.118649423122406","0.118649423122406","640","640","640"
"64199","0.11647491902112961","0.11647491902112961","0.11647491902112961","641","641","641"
"64299","0.11698950827121735","0.11698950827121735","0.11698950827121735","642","642","642"
"64399","0.11643389612436295","0.11643389612436295","0.11643389612436295","643","643","643"
"64499","0.11263316869735718","0.11263316869735718","0.11263316869735718","644","644","644"
"64599","0.11843670159578323","0.11843670159578323","0.11843670159578323","645","645","645"
"64699","0.11422093957662582","0.11422093957662582","0.11422093957662582","646","646","646"
"64799","0.1098480075597763","0.1098480075597763","0.1098480075597763","647","647","647"
"64899","0.1147189661860466","0.1147189661860466","0.1147189661860466","648","648","648"
"64999","0.11809099465608597","0.11809099465608597","0.11809099465608597","649","649","649"
"65099","0.11933673918247223","0.11933673918247223","0.11933673918247223","650","650","650"
"65199","0.11017975956201553","0.11017975956201553","0.11017975956201553","651","651","651"
"65299","0.11459255963563919","0.11459255963563919","0.11459255963563919","652","652","652"
"65399","0.11719314754009247","0.11719314754009247","0.11719314754009247","653","653","653"
"65499","0.11072210222482681","0.11072210222482681","0.11072210222482681","654","654","654"
"65599","0.11279400438070297","0.11279400438070297","0.11279400438070297","655","655","655"
"65699","0.12071491032838821","0.12071491032838821","0.12071491032838821","656","656","656"
"65799","0.12000267207622528","0.12000267207622528","0.12000267207622528","657","657","657"
"65899","0.11104697734117508","0.11104697734117508","0.11104697734117508","658","658","658"
"65999","0.1164679080247879","0.1164679080247879","0.1164679080247879","659","659","659"
"66099","0.11227943748235703","0.11227943748235703","0.11227943748235703","660","660","660"
"66199","0.11178786307573318","0.11178786307573318","0.11178786307573318","661","661","661"
"66299","0.10802458226680756","0.10802458226680756","0.10802458226680756","662","662","662"
"66399","0.12394242733716965","0.12394242733716965","0.12394242733716965","663","663","663"
"66499","0.11785250157117844","0.11785250157117844","0.11785250157117844","664","664","664"
"66599","0.12132608890533447","0.12132608890533447","0.12132608890533447","665","665","665"
"66699","0.11224587261676788","0.11224587261676788","0.11224587261676788","666","666","666"
"66799","0.11377718299627304","0.11377718299627304","0.11377718299627304","667","667","667"
"66899","0.1194140687584877","0.1194140687584877","0.1194140687584877","668","668","668"
"66999","0.11280898004770279","0.11280898004770279","0.11280898004770279","669","669","669"
"67099","0.111480213701725","0.111480213701725","0.111480213701725","670","670","670"
"67199","0.11419491469860077","0.11419491469860077","0.11419491469860077","671","671","671"
"67299","0.11972041428089142","0.11972041428089142","0.11972041428089142","672","672","672"
"67399","0.12355659902095795","0.12355659902095795","0.12355659902095795","673","673","673"
"67499","0.11806884407997131","0.11806884407997131","0.11806884407997131","674","674","674"
"67599","0.11256176978349686","0.11256176978349686","0.11256176978349686","675","675","675"
"67699","0.11393427848815918","0.11393427848815918","0.11393427848815918","676","676","676"
"67799","0.11958595365285873","0.11958595365285873","0.11958595365285873","677","677","677"
"67899","0.10532129555940628","0.10532129555940628","0.10532129555940628","678","678","678"
"67999","0.11502914130687714","0.11502914130687714","0.11502914130687714","679","679","679"
"68099","0.12004438787698746","0.12004438787698746","0.12004438787698746","680","680","680"
"68199","0.11446966975927353","0.11446966975927353","0.11446966975927353","681","681","681"
"68299","0.11985675990581512","0.11985675990581512","0.11985675990581512","682","682","682"
"68399","0.11918891221284866","0.11918891221284866","0.11918891221284866","683","683","683"
"68499","0.11275757849216461","0.11275757849216461","0.11275757849216461","684","684","684"
"68599","0.11387461423873901","0.11387461423873901","0.11387461423873901","685","685","685"
"68699","0.11519315838813782","0.11519315838813782","0.11519315838813782","686","686","686"
"68799","0.12076380103826523","0.12076380103826523","0.12076380103826523","687","687","687"
"68899","0.11831588298082352","0.11831588298082352","0.11831588298082352","688","688","688"
"68999","0.1125994324684143","0.1125994324684143","0.1125994324684143","689","689","689"
"69099","0.11674995720386505","0.11674995720386505","0.11674995720386505","690","690","690"
"69199","0.11885672062635422","0.11885672062635422","0.11885672062635422","691","691","691"
"69299","0.11558891832828522","0.11558891832828522","0.11558891832828522","692","692","692"
"69399","0.11515012383460999","0.11515012383460999","0.11515012383460999","693","693","693"
"69499","0.11157498508691788","0.11157498508691788","0.11157498508691788","694","694","694"
"69599","0.12148912996053696","0.12148912996053696","0.12148912996053696","695","695","695"
"69699","0.1143328920006752","0.1143328920006752","0.1143328920006752","696","696","696"
"69799","0.11752573400735855","0.11752573400735855","0.11752573400735855","697","697","697"
"69899","0.11628299206495285","0.11628299206495285","0.11628299206495285","698","698","698"
"69999","0.11489243805408478","0.11489243805408478","0.11489243805408478","699","699","699"
"70099","0.11876655369997025","0.11876655369997025","0.11876655369997025","700","700","700"
"70199","0.11609775573015213","0.11609775573015213","0.11609775573015213","701","701","701"
"70299","0.1152418777346611","0.1152418777346611","0.1152418777346611","702","702","702"
"70399","0.11692424863576889","0.11692424863576889","0.11692424863576889","703","703","703"
"70499","0.10790488868951797","0.10790488868951797","0.10790488868951797","704","704","704"
"70599","0.10944570600986481","0.10944570600986481","0.10944570600986481","705","705","705"
"70699","0.10988438874483109","0.10988438874483109","0.10988438874483109","706","706","706"
"70799","0.1139192208647728","0.1139192208647728","0.1139192208647728","707","707","707"
"70899","0.11311022192239761","0.11311022192239761","0.11311022192239761","708","708","708"
"70999","0.12222915142774582","0.12222915142774582","0.12222915142774582","709","709","709"
"71099","0.12016694247722626","0.12016694247722626","0.12016694247722626","710","710","710"
"71199","0.11534182727336884","0.11534182727336884","0.11534182727336884","711","711","711"
"71299","0.10921036452054977","0.10921036452054977","0.10921036452054977","712","712","712"
"71399","0.1212308332324028","0.1212308332324028","0.1212308332324028","713","713","713"
"71499","0.11512139439582825","0.11512139439582825","0.11512139439582825","714","714","714"
"71599","0.11714839190244675","0.11714839190244675","0.11714839190244675","715","715","715"
"71699","0.12074203789234161","0.12074203789234161","0.12074203789234161","716","716","716"
"71799","0.11153257638216019","0.11153257638216019","0.11153257638216019","717","717","717"
"71899","0.11822084337472916","0.11822084337472916","0.11822084337472916","718","718","718"
"71999","0.11213485151529312","0.11213485151529312","0.11213485151529312","719","719","719"
"72099","0.11304908245801926","0.11304908245801926","0.11304908245801926","720","720","720"
"72199","0.11167474091053009","0.11167474091053009","0.11167474091053009","721","721","721"
"72299","0.1174464002251625","0.1174464002251625","0.1174464002251625","722","722","722"
"72399","0.11333886533975601","0.11333886533975601","0.11333886533975601","723","723","723"
"72499","0.11428701132535934","0.11428701132535934","0.11428701132535934","724","724","724"
"72599","0.11607062071561813","0.11607062071561813","0.11607062071561813","725","725","725"
"72699","0.11603619903326035","0.11603619903326035","0.11603619903326035","726","726","726"
"72799","0.11486536264419556","0.11486536264419556","0.11486536264419556","727","727","727"
"72899","0.12098739296197891","0.12098739296197891","0.12098739296197891","728","728","728"
"72999","0.11620556563138962","0.11620556563138962","0.11620556563138962","729","729","729"
"73099","0.11552528291940689","0.11552528291940689","0.11552528291940689","730","730","730"
"73199","0.11767787486314774","0.11767787486314774","0.11767787486314774","731","731","731"
"73299","0.10800742357969284","0.10800742357969284","0.10800742357969284","732","732","732"
"73399","0.11461583524942398","0.11461583524942398","0.11461583524942398","733","733","733"
"73499","0.12305908650159836","0.12305908650159836","0.12305908650159836","734","734","734"
"73599","0.11339621245861053","0.11339621245861053","0.11339621245861053","735","735","735"
"73699","0.11791621893644333","0.11791621893644333","0.11791621893644333","736","736","736"
"73799","0.11045558750629425","0.11045558750629425","0.11045558750629425","737","737","737"
"73899","0.11429063975811005","0.11429063975811005","0.11429063975811005","738","738","738"
"73999","0.11094140261411667","0.11094140261411667","0.11094140261411667","739","739","739"
"74099","0.11849036067724228","0.11849036067724228","0.11849036067724228","740","740","740"
"74199","0.11379050463438034","0.11379050463438034","0.11379050463438034","741","741","741"
"74299","0.11742976307868958","0.11742976307868958","0.11742976307868958","742","742","742"
"74399","0.11686331778764725","0.11686331778764725","0.11686331778764725","743","743","743"
"74499","0.11543067544698715","0.11543067544698715","0.11543067544698715","744","744","744"
"74599","0.11773763597011566","0.11773763597011566","0.11773763597011566","745","745","745"
"74699","0.11281707882881165","0.11281707882881165","0.11281707882881165","746","746","746"
"74799","0.1109289824962616","0.1109289824962616","0.1109289824962616","747","747","747"
"74899","0.11372057348489761","0.11372057348489761","0.11372057348489761","748","748","748"
"74999","0.11674461513757706","0.11674461513757706","0.11674461513757706","749","749","749"
"75099","0.11117233335971832","0.11117233335971832","0.11117233335971832","750","750","750"
"75199","0.11733738332986832","0.11733738332986832","0.11733738332986832","751","751","751"
"75299","0.11308839917182922","0.11308839917182922","0.11308839917182922","752","752","752"
"75399","0.11398816853761673","0.11398816853761673","0.11398816853761673","753","753","753"
"75499","0.11746557056903839","0.11746557056903839","0.11746557056903839","754","754","754"
"75599","0.11254116892814636","0.11254116892814636","0.11254116892814636","755","755","755"
"75699","0.11826404929161072","0.11826404929161072","0.11826404929161072","756","756","756"
"75799","0.11807791888713837","0.11807791888713837","0.11807791888713837","757","757","757"
"75899","0.11810147762298584","0.11810147762298584","0.11810147762298584","758","758","758"
"75999","0.11785363405942917","0.11785363405942917","0.11785363405942917","759","759","759"
"76099","0.12042612582445145","0.12042612582445145","0.12042612582445145","760","760","760"
"76199","0.11488983780145645","0.11488983780145645","0.11488983780145645","761","761","761"
"76299","0.11338380724191666","0.11338380724191666","0.11338380724191666","762","762","762"
"76399","0.12113320082426071","0.12113320082426071","0.12113320082426071","763","763","763"
"76499","0.11550979316234589","0.11550979316234589","0.11550979316234589","764","764","764"
"76599","0.11423112452030182","0.11423112452030182","0.11423112452030182","765","765","765"
"76699","0.11571414768695831","0.11571414768695831","0.11571414768695831","766","766","766"
"76799","0.11668416112661362","0.11668416112661362","0.11668416112661362","767","767","767"
"76899","0.11220532655715942","0.11220532655715942","0.11220532655715942","768","768","768"
"76999","0.10717655718326569","0.10717655718326569","0.10717655718326569","769","769","769"
"77099","0.1197684109210968","0.1197684109210968","0.1197684109210968","770","770","770"
"77199","0.11509598046541214","0.11509598046541214","0.11509598046541214","771","771","771"
"77299","0.11304157227277756","0.11304157227277756","0.11304157227277756","772","772","772"
"77399","0.11310279369354248","0.11310279369354248","0.11310279369354248","773","773","773"
"77499","0.11752266436815262","0.11752266436815262","0.11752266436815262","774","774","774"
"77599","0.11622488498687744","0.11622488498687744","0.11622488498687744","775","775","775"
"77699","0.11251375079154968","0.11251375079154968","0.11251375079154968","776","776","776"
"77799","0.11297794431447983","0.11297794431447983","0.11297794431447983","777","777","777"
"77899","0.11129145324230194","0.11129145324230194","0.11129145324230194","778","778","778"
"77999","0.11742129176855087","0.11742129176855087","0.11742129176855087","779","779","779"
"78099","0.11955663561820984","0.11955663561820984","0.11955663561820984","780","780","780"
"78199","0.11646481603384018","0.11646481603384018","0.11646481603384018","781","781","781"
"78299","0.11943939328193665","0.11943939328193665","0.11943939328193665","782","782","782"
"78399","0.11634624749422073","0.11634624749422073","0.11634624749422073","783","783","783"
"78499","0.11235601454973221","0.11235601454973221","0.11235601454973221","784","784","784"
"78599","0.11688181012868881","0.11688181012868881","0.11688181012868881","785","785","785"
"78699","0.11730596423149109","0.11730596423149109","0.11730596423149109","786","786","786"
"78799","0.10317345708608627","0.10317345708608627","0.10317345708608627","787","787","787"
"78899","0.11592438071966171","0.11592438071966171","0.11592438071966171","788","788","788"
"78999","0.11922743916511536","0.11922743916511536","0.11922743916511536","789","789","789"
"79099","0.11768695712089539","0.11768695712089539","0.11768695712089539","790","790","790"
"79199","0.11408203840255737","0.11408203840255737","0.11408203840255737","791","791","791"
"79299","0.11896760761737823","0.11896760761737823","0.11896760761737823","792","792","792"
"79399","0.12441153824329376","0.12441153824329376","0.12441153824329376","793","793","793"
"79499","0.11451274156570435","0.11451274156570435","0.11451274156570435","794","794","794"
"79599","0.1254679560661316","0.1254679560661316","0.1254679560661316","795","795","795"
"79699","0.11650034040212631","0.11650034040212631","0.11650034040212631","796","796","796"
"79799","0.11578714847564697","0.11578714847564697","0.11578714847564697","797","797","797"
"79899","0.11747800558805466","0.11747800558805466","0.11747800558805466","798","798","798"
"79999","0.11366701871156693","0.11366701871156693","0.11366701871156693","799","799","799"
"80099","0.11353354156017303","0.11353354156017303","0.11353354156017303","800","800","800"
"80199","0.12378370761871338","0.12378370761871338","0.12378370761871338","801","801","801"
"80299","0.11691165715456009","0.11691165715456009","0.11691165715456009","802","802","802"
"80399","0.1210874617099762","0.1210874617099762","0.1210874617099762","803","803","803"
"80499","0.11734369397163391","0.11734369397163391","0.11734369397163391","804","804","804"
"80599","0.11121891438961029","0.11121891438961029","0.11121891438961029","805","805","805"
"80699","0.11288310587406158","0.11288310587406158","0.11288310587406158","806","806","806"
"80799","0.11897320300340652","0.11897320300340652","0.11897320300340652","807","807","807"
"80899","0.1171201542019844","0.1171201542019844","0.1171201542019844","808","808","808"
"80999","0.12032655626535416","0.12032655626535416","0.12032655626535416","809","809","809"
"81099","0.12088456004858017","0.12088456004858017","0.12088456004858017","810","810","810"
"81199","0.11516713351011276","0.11516713351011276","0.11516713351011276","811","811","811"
"81299","0.12071499228477478","0.12071499228477478","0.12071499228477478","812","812","812"
"81399","0.12059841305017471","0.12059841305017471","0.12059841305017471","813","813","813"
"81499","0.11533418297767639","0.11533418297767639","0.11533418297767639","814","814","814"
"81599","0.12155953049659729","0.12155953049659729","0.12155953049659729","815","815","815"
"81699","0.11407817155122757","0.11407817155122757","0.11407817155122757","816","816","816"
"81799","0.11120688915252686","0.11120688915252686","0.11120688915252686","817","817","817"
"81899","0.1163942962884903","0.1163942962884903","0.1163942962884903","818","818","818"
"81999","0.11715859174728394","0.11715859174728394","0.11715859174728394","819","819","819"
"82099","0.11880772560834885","0.11880772560834885","0.11880772560834885","820","820","820"
"82199","0.12156811356544495","0.12156811356544495","0.12156811356544495","821","821","821"
"82299","0.11472444981336594","0.11472444981336594","0.11472444981336594","822","822","822"
"82399","0.1106291338801384","0.1106291338801384","0.1106291338801384","823","823","823"
"82499","0.10974937677383423","0.10974937677383423","0.10974937677383423","824","824","824"
"82599","0.11419733613729477","0.11419733613729477","0.11419733613729477","825","825","825"
"82699","0.11952418833971024","0.11952418833971024","0.11952418833971024","826","826","826"
"82799","0.11940088123083115","0.11940088123083115","0.11940088123083115","827","827","827"
"82899","0.11839451640844345","0.11839451640844345","0.11839451640844345","828","828","828"
"82999","0.11769039183855057","0.11769039183855057","0.11769039183855057","829","829","829"
"83099","0.11529616266489029","0.11529616266489029","0.11529616266489029","830","830","830"
"83199","0.10962162166833878","0.10962162166833878","0.10962162166833878","831","831","831"
"83299","0.11497443169355392","0.11497443169355392","0.11497443169355392","832","832","832"
"83399","0.11782623827457428","0.11782623827457428","0.11782623827457428","833","833","833"
"83499","0.10830917209386826","0.10830917209386826","0.10830917209386826","834","834","834"
"83599","0.11447320878505707","0.11447320878505707","0.11447320878505707","835","835","835"
"83699","0.12096083164215088","0.12096083164215088","0.12096083164215088","836","836","836"
"83799","0.11847803741693497","0.11847803741693497","0.11847803741693497","837","837","837"
"83899","0.10802289843559265","0.10802289843559265","0.10802289843559265","838","838","838"
"83999","0.10997352749109268","0.10997352749109268","0.10997352749109268","839","839","839"
"84099","0.11178012937307358","0.11178012937307358","0.11178012937307358","840","840","840"
"84199","0.11186479777097702","0.11186479777097702","0.11186479777097702","841","841","841"
"84299","0.12050914764404297","0.12050914764404297","0.12050914764404297","842","842","842"
"84399","0.11434796452522278","0.11434796452522278","0.11434796452522278","843","843","843"
"84499","0.11450470983982086","0.11450470983982086","0.11450470983982086","844","844","844"
"84599","0.1208537369966507","0.1208537369966507","0.1208537369966507","845","845","845"
"84699","0.11713957786560059","0.11713957786560059","0.11713957786560059","846","846","846"
"84799","0.11627455055713654","0.11627455055713654","0.11627455055713654","847","847","847"
"84899","0.1124393567442894","0.1124393567442894","0.1124393567442894","848","848","848"
"84999","0.11280296742916107","0.11280296742916107","0.11280296742916107","849","849","849"
"85099","0.11712987720966339","0.11712987720966339","0.11712987720966339","850","850","850"
"85199","0.11657261103391647","0.11657261103391647","0.11657261103391647","851","851","851"
"85299","0.11957395076751709","0.11957395076751709","0.11957395076751709","852","852","852"
"85399","0.10655950754880905","0.10655950754880905","0.10655950754880905","853","853","853"
"85499","0.11165012419223785","0.11165012419223785","0.11165012419223785","854","854","854"
"85599","0.11266932636499405","0.11266932636499405","0.11266932636499405","855","855","855"
"85699","0.11265052109956741","0.11265052109956741","0.11265052109956741","856","856","856"
"85799","0.11282271146774292","0.11282271146774292","0.11282271146774292","857","857","857"
"85899","0.11862257868051529","0.11862257868051529","0.11862257868051529","858","858","858"
"85999","0.11039473861455917","0.11039473861455917","0.11039473861455917","859","859","859"
"86099","0.12172237038612366","0.12172237038612366","0.12172237038612366","860","860","860"
"86199","0.11664219200611115","0.11664219200611115","0.11664219200611115","861","861","861"
"86299","0.11005466431379318","0.11005466431379318","0.11005466431379318","862","862","862"
"86399","0.111681267619133","0.111681267619133","0.111681267619133","863","863","863"
"86499","0.11818064004182816","0.11818064004182816","0.11818064004182816","864","864","864"
"86599","0.11222334951162338","0.11222334951162338","0.11222334951162338","865","865","865"
"86699","0.11718842387199402","0.11718842387199402","0.11718842387199402","866","866","866"
"86799","0.10506393760442734","0.10506393760442734","0.10506393760442734","867","867","867"
"86899","0.10847695171833038","0.10847695171833038","0.10847695171833038","868","868","868"
"86999","0.11106798052787781","0.11106798052787781","0.11106798052787781","869","869","869"
"87099","0.11627363413572311","0.11627363413572311","0.11627363413572311","870","870","870"
"87199","0.11377709358930588","0.11377709358930588","0.11377709358930588","871","871","871"
"87299","0.1132083535194397","0.1132083535194397","0.1132083535194397","872","872","872"
"87399","0.12061293423175812","0.12061293423175812","0.12061293423175812","873","873","873"
"87499","0.12280081957578659","0.12280081957578659","0.12280081957578659","874","874","874"
"87599","0.11782984435558319","0.11782984435558319","0.11782984435558319","875","875","875"
"87699","0.11257494240999222","0.11257494240999222","0.11257494240999222","876","876","876"
"87799","0.12179885059595108","0.12179885059595108","0.12179885059595108","877","877","877"
"87899","0.11183818429708481","0.11183818429708481","0.11183818429708481","878","878","878"
"87999","0.11485214531421661","0.11485214531421661","0.11485214531421661","879","879","879"
"88099","0.11593937128782272","0.11593937128782272","0.11593937128782272","880","880","880"
"88199","0.11419704556465149","0.11419704556465149","0.11419704556465149","881","881","881"
"88299","0.11236963421106339","0.11236963421106339","0.11236963421106339","882","882","882"
"88399","0.11367938667535782","0.11367938667535782","0.11367938667535782","883","883","883"
"88499","0.11179854720830917","0.11179854720830917","0.11179854720830917","884","884","884"
"88599","0.11401490867137909","0.11401490867137909","0.11401490867137909","885","885","885"
"88699","0.11391234397888184","0.11391234397888184","0.11391234397888184","886","886","886"
"88799","0.11819064617156982","0.11819064617156982","0.11819064617156982","887","887","887"
"88899","0.11842469871044159","0.11842469871044159","0.11842469871044159","888","888","888"
"88999","0.10505072772502899","0.10505072772502899","0.10505072772502899","889","889","889"
"89099","0.11939600855112076","0.11939600855112076","0.11939600855112076","890","890","890"
"89199","0.11465036869049072","0.11465036869049072","0.11465036869049072","891","891","891"
"89299","0.11521217972040176","0.11521217972040176","0.11521217972040176","892","892","892"
"89399","0.11914339661598206","0.11914339661598206","0.11914339661598206","893","893","893"
"89499","0.11117106676101685","0.11117106676101685","0.11117106676101685","894","894","894"
"89599","0.11703264713287354","0.11703264713287354","0.11703264713287354","895","895","895"
"89699","0.12019789218902588","0.12019789218902588","0.12019789218902588","896","896","896"
"89799","0.10828898847103119","0.10828898847103119","0.10828898847103119","897","897","897"
"89899","0.1155090406537056","0.1155090406537056","0.1155090406537056","898","898","898"
"89999","0.1167006716132164","0.1167006716132164","0.1167006716132164","899","899","899"
"90099","0.11327831447124481","0.11327831447124481","0.11327831447124481","900","900","900"
"90199","0.1232152059674263","0.1232152059674263","0.1232152059674263","901","901","901"
"90299","0.120912566781044","0.120912566781044","0.120912566781044","902","902","902"
"90399","0.11635418236255646","0.11635418236255646","0.11635418236255646","903","903","903"
"90499","0.11408977210521698","0.11408977210521698","0.11408977210521698","904","904","904"
"90599","0.10860402882099152","0.10860402882099152","0.10860402882099152","905","905","905"
"90699","0.11320503056049347","0.11320503056049347","0.11320503056049347","906","906","906"
"90799","0.12022259831428528","0.12022259831428528","0.12022259831428528","907","907","907"
"90899","0.1174376904964447","0.1174376904964447","0.1174376904964447","908","908","908"
"90999","0.11637178063392639","0.11637178063392639","0.11637178063392639","909","909","909"
"91099","0.11369162052869797","0.11369162052869797","0.11369162052869797","910","910","910"
"91199","0.10834918916225433","0.10834918916225433","0.10834918916225433","911","911","911"
"91299","0.11864106357097626","0.11864106357097626","0.11864106357097626","912","912","912"
"91399","0.11695196479558945","0.11695196479558945","0.11695196479558945","913","913","913"
"91499","0.11166779696941376","0.11166779696941376","0.11166779696941376","914","914","914"
"91599","0.12319701164960861","0.12319701164960861","0.12319701164960861","915","915","915"
"91699","0.11578305810689926","0.11578305810689926","0.11578305810689926","916","916","916"
"91799","0.11714450269937515","0.11714450269937515","0.11714450269937515","917","917","917"
"91899","0.11389763653278351","0.11389763653278351","0.11389763653278351","918","918","918"
"91999","0.11145935952663422","0.11145935952663422","0.11145935952663422","919","919","919"
"92099","0.11651980876922607","0.11651980876922607","0.11651980876922607","920","920","920"
"92199","0.11254722625017166","0.11254722625017166","0.11254722625017166","921","921","921"
"92299","0.10688566416501999","0.10688566416501999","0.10688566416501999","922","922","922"
"92399","0.11661980301141739","0.11661980301141739","0.11661980301141739","923","923","923"
"92499","0.11735154688358307","0.11735154688358307","0.11735154688358307","924","924","924"
"92599","0.12287143617868423","0.12287143617868423","0.12287143617868423","925","925","925"
"92699","0.11486372351646423","0.11486372351646423","0.11486372351646423","926","926","926"
"92799","0.1162465363740921","0.1162465363740921","0.1162465363740921","927","927","927"
"92899","0.1142897829413414","0.1142897829413414","0.1142897829413414","928","928","928"
"92999","0.10596664994955063","0.10596664994955063","0.10596664994955063","929","929","929"
"93099","0.11249655485153198","0.11249655485153198","0.11249655485153198","930","930","930"
"93199","0.11733978986740112","0.11733978986740112","0.11733978986740112","931","931","931"
"93299","0.11456134170293808","0.11456134170293808","0.11456134170293808","932","932","932"
"93399","0.11268739402294159","0.11268739402294159","0.11268739402294159","933","933","933"
"93499","0.11396238952875137","0.11396238952875137","0.11396238952875137","934","934","934"
"93599","0.11833725869655609","0.11833725869655609","0.11833725869655609","935","935","935"
"93699","0.1123642772436142","0.1123642772436142","0.1123642772436142","936","936","936"
"93799","0.11510264128446579","0.11510264128446579","0.11510264128446579","937","937","937"
"93899","0.11768653988838196","0.11768653988838196","0.11768653988838196","938","938","938"
"93999","0.11484526097774506","0.11484526097774506","0.11484526097774506","939","939","939"
"94099","0.12106931209564209","0.12106931209564209","0.12106931209564209","940","940","940"
"94199","0.11994295567274094","0.11994295567274094","0.11994295567274094","941","941","941"
"94299","0.11797915399074554","0.11797915399074554","0.11797915399074554","942","942","942"
"94399","0.12078092992305756","0.12078092992305756","0.12078092992305756","943","943","943"
"94499","0.11693280935287476","0.11693280935287476","0.11693280935287476","944","944","944"
"94599","0.11000685393810272","0.11000685393810272","0.11000685393810272","945","945","945"
"94699","0.1107994094491005","0.1107994094491005","0.1107994094491005","946","946","946"
"94799","0.11009276658296585","0.11009276658296585","0.11009276658296585","947","947","947"
"94899","0.11330379545688629","0.11330379545688629","0.11330379545688629","948","948","948"
"94999","0.11327182501554489","0.11327182501554489","0.11327182501554489","949","949","949"
"95099","0.11582580208778381","0.11582580208778381","0.11582580208778381","950","950","950"
"95199","0.11030770093202591","0.11030770093202591","0.11030770093202591","951","951","951"
"95299","0.11526013910770416","0.11526013910770416","0.11526013910770416","952","952","952"
"95399","0.11311183869838715","0.11311183869838715","0.11311183869838715","953","953","953"
"95499","0.11364910006523132","0.11364910006523132","0.11364910006523132","954","954","954"
"95599","0.11089857667684555","0.11089857667684555","0.11089857667684555","955","955","955"
"95699","0.11898593604564667","0.11898593604564667","0.11898593604564667","956","956","956"
"95799","0.114908367395401","0.114908367395401","0.114908367395401","957","957","957"
"95899","0.11387771368026733","0.11387771368026733","0.11387771368026733","958","958","958"
"95999","0.1149572879076004","0.1149572879076004","0.1149572879076004","959","959","959"
"96099","0.11016658693552017","0.11016658693552017","0.11016658693552017","960","960","960"
"96199","0.10724546015262604","0.10724546015262604","0.10724546015262604","961","961","961"
"96299","0.11418464034795761","0.11418464034795761","0.11418464034795761","962","962","962"
"96399","0.11494690179824829","0.11494690179824829","0.11494690179824829","963","963","963"
"96499","0.11680266261100769","0.11680266261100769","0.11680266261100769","964","964","964"
"96599","0.11101743578910828","0.11101743578910828","0.11101743578910828","965","965","965"
"96699","0.10887958109378815","0.10887958109378815","0.10887958109378815","966","966","966"
"96799","0.11894917488098145","0.11894917488098145","0.11894917488098145","967","967","967"
"96899","0.12324190139770508","0.12324190139770508","0.12324190139770508","968","968","968"
"96999","0.1172226145863533","0.1172226145863533","0.1172226145863533","969","969","969"
"97099","0.11505653709173203","0.11505653709173203","0.11505653709173203","970","970","970"
"97199","0.10629093647003174","0.10629093647003174","0.10629093647003174","971","971","971"
"97299","0.11808493733406067","0.11808493733406067","0.11808493733406067","972","972","972"
"97399","0.11037671566009521","0.11037671566009521","0.11037671566009521","973","973","973"
"97499","0.1166316419839859","0.1166316419839859","0.1166316419839859","974","974","974"
"97599","0.11508781462907791","0.11508781462907791","0.11508781462907791","975","975","975"
"97699","0.11253101378679276","0.11253101378679276","0.11253101378679276","976","976","976"
"97799","0.1125241369009018","0.1125241369009018","0.1125241369009018","977","977","977"
"97899","0.11057502031326294","0.11057502031326294","0.11057502031326294","978","978","978"
"97999","0.11695495247840881","0.11695495247840881","0.11695495247840881","979","979","979"
"98099","0.11121479421854019","0.11121479421854019","0.11121479421854019","980","980","980"
"98199","0.11404736340045929","0.11404736340045929","0.11404736340045929","981","981","981"
"98299","0.11697610467672348","0.11697610467672348","0.11697610467672348","982","982","982"
"98399","0.111262746155262","0.111262746155262","0.111262746155262","983","983","983"
"98499","0.11272221803665161","0.11272221803665161","0.11272221803665161","984","984","984"
"98599","0.10782492905855179","0.10782492905855179","0.10782492905855179","985","985","985"
"98699","0.11034943163394928","0.11034943163394928","0.11034943163394928","986","986","986"
"98799","0.10960112512111664","0.10960112512111664","0.10960112512111664","987","987","987"
"98899","0.11252688616514206","0.11252688616514206","0.11252688616514206","988","988","988"
"98999","0.10887975990772247","0.10887975990772247","0.10887975990772247","989","989","989"
"99099","0.11826810985803604","0.11826810985803604","0.11826810985803604","990","990","990"
"99199","0.1165078729391098","0.1165078729391098","0.1165078729391098","991","991","991"
"99299","0.11429090797901154","0.11429090797901154","0.11429090797901154","992","992","992"
"99399","0.11573955416679382","0.11573955416679382","0.11573955416679382","993","993","993"
"99499","0.11032894998788834","0.11032894998788834","0.11032894998788834","994","994","994"
"99599","0.11273957043886185","0.11273957043886185","0.11273957043886185","995","995","995"
"99699","0.11090066283941269","0.11090066283941269","0.11090066283941269","996","996","996"
"99799","0.11635860055685043","0.11635860055685043","0.11635860055685043","997","997","997"
"99899","0.11690589785575867","0.11690589785575867","0.11690589785575867","998","998","998"
"99999","0.112913578748703","0.112913578748703","0.112913578748703","999","999","999"
"100099","0.11361396312713623","0.11361396312713623","0.11361396312713623","1000","1000","1000"
"100199","0.11394084244966507","0.11394084244966507","0.11394084244966507","1001","1001","1001"
"100299","0.11093029379844666","0.11093029379844666","0.11093029379844666","1002","1002","1002"
"100399","0.1149013414978981","0.1149013414978981","0.1149013414978981","1003","1003","1003"
"100499","0.11366230994462967","0.11366230994462967","0.11366230994462967","1004","1004","1004"
"100599","0.11583059281110764","0.11583059281110764","0.11583059281110764","1005","1005","1005"
"100699","0.11395292729139328","0.11395292729139328","0.11395292729139328","1006","1006","1006"
"100799","0.11514239013195038","0.11514239013195038","0.11514239013195038","1007","1007","1007"
"100899","0.11410967260599136","0.11410967260599136","0.11410967260599136","1008","1008","1008"
"100999","0.11679007112979889","0.11679007112979889","0.11679007112979889","1009","1009","1009"
"101099","0.11597520112991333","0.11597520112991333","0.11597520112991333","1010","1010","1010"
"101199","0.10582907497882843","0.10582907497882843","0.10582907497882843","1011","1011","1011"
"101299","0.1115647479891777","0.1115647479891777","0.1115647479891777","1012","1012","1012"
"101399","0.11660957336425781","0.11660957336425781","0.11660957336425781","1013","1013","1013"
"101499","0.113311268389225","0.113311268389225","0.113311268389225","1014","1014","1014"
"101599","0.11072025448083878","0.11072025448083878","0.11072025448083878","1015","1015","1015"
"101699","0.11401970684528351","0.11401970684528351","0.11401970684528351","1016","1016","1016"
"101799","0.1149434894323349","0.1149434894323349","0.1149434894323349","1017","1017","1017"
"101899","0.11415940523147583","0.11415940523147583","0.11415940523147583","1018","1018","1018"
"101999","0.11607152968645096","0.11607152968645096","0.11607152968645096","1019","1019","1019"
"102099","0.11413033306598663","0.11413033306598663","0.11413033306598663","1020","1020","1020"
"102199","0.11712798476219177","0.11712798476219177","0.11712798476219177","1021","1021","1021"
"102299","0.11936037987470627","0.11936037987470627","0.11936037987470627","1022","1022","1022"
"102399","0.11436273902654648","0.11436273902654648","0.11436273902654648","1023","1023","1023"
"102499","0.11505244672298431","0.11505244672298431","0.11505244672298431","1024","1024","1024"
"102599","0.11895977705717087","0.11895977705717087","0.11895977705717087","1025","1025","1025"
"102699","0.11926663666963577","0.11926663666963577","0.11926663666963577","1026","1026","1026"
"102799","0.11888807266950607","0.11888807266950607","0.11888807266950607","1027","1027","1027"
"102899","0.11099650710821152","0.11099650710821152","0.11099650710821152","1028","1028","1028"
"102999","0.117047019302845","0.117047019302845","0.117047019302845","1029","1029","1029"
"103099","0.11499496549367905","0.11499496549367905","0.11499496549367905","1030","1030","1030"
"103199","0.11717553436756134","0.11717553436756134","0.11717553436756134","1031","1031","1031"
"103299","0.11202336847782135","0.11202336847782135","0.11202336847782135","1032","1032","1032"
"103399","0.11409205943346024","0.11409205943346024","0.11409205943346024","1033","1033","1033"
"103499","0.11200697720050812","0.11200697720050812","0.11200697720050812","1034","1034","1034"
"103599","0.11103440821170807","0.11103440821170807","0.11103440821170807","1035","1035","1035"
"103699","0.11865508556365967","0.11865508556365967","0.11865508556365967","1036","1036","1036"
"103799","0.11792189627885818","0.11792189627885818","0.11792189627885818","1037","1037","1037"
"103899","0.11746204644441605","0.11746204644441605","0.11746204644441605","1038","1038","1038"
"103999","0.11298417299985886","0.11298417299985886","0.11298417299985886","1039","1039","1039"
"104099","0.10995270311832428","0.10995270311832428","0.10995270311832428","1040","1040","1040"
"104199","0.11751805245876312","0.11751805245876312","0.11751805245876312","1041","1041","1041"
"104299","0.11127617955207825","0.11127617955207825","0.11127617955207825","1042","1042","1042"
"104399","0.11506716907024384","0.11506716907024384","0.11506716907024384","1043","1043","1043"
"104499","0.11390496045351028","0.11390496045351028","0.11390496045351028","1044","1044","1044"
"104599","0.11624212563037872","0.11624212563037872","0.11624212563037872","1045","1045","1045"
"104699","0.11249693483114243","0.11249693483114243","0.11249693483114243","1046","1046","1046"
"104799","0.10990243405103683","0.10990243405103683","0.10990243405103683","1047","1047","1047"
"104899","0.11714411526918411","0.11714411526918411","0.11714411526918411","1048","1048","1048"
"104999","0.10579126328229904","0.10579126328229904","0.10579126328229904","1049","1049","1049"
"105099","0.11630140990018845","0.11630140990018845","0.11630140990018845","1050","1050","1050"
"105199","0.11930902302265167","0.11930902302265167","0.11930902302265167","1051","1051","1051"
"105299","0.11709524691104889","0.11709524691104889","0.11709524691104889","1052","1052","1052"
"105399","0.11249888688325882","0.11249888688325882","0.11249888688325882","1053","1053","1053"
"105499","0.11337203532457352","0.11337203532457352","0.11337203532457352","1054","1054","1054"
"105599","0.11417567729949951","0.11417567729949951","0.11417567729949951","1055","1055","1055"
"105699","0.11510293930768967","0.11510293930768967","0.11510293930768967","1056","1056","1056"
"105799","0.11234419792890549","0.11234419792890549","0.11234419792890549","1057","1057","1057"
"105899","0.1175440326333046","0.1175440326333046","0.1175440326333046","1058","1058","1058"
"105999","0.1147337257862091","0.1147337257862091","0.1147337257862091","1059","1059","1059"
"106099","0.11466202139854431","0.11466202139854431","0.11466202139854431","1060","1060","1060"
"106199","0.11410955339670181","0.11410955339670181","0.11410955339670181","1061","1061","1061"
"106299","0.1161404401063919","0.1161404401063919","0.1161404401063919","1062","1062","1062"
"106399","0.11091064661741257","0.11091064661741257","0.11091064661741257","1063","1063","1063"
"106499","0.11520081013441086","0.11520081013441086","0.11520081013441086","1064","1064","1064"
"106599","0.11848443746566772","0.11848443746566772","0.11848443746566772","1065","1065","1065"
"106699","0.11750897765159607","0.11750897765159607","0.11750897765159607","1066","1066","1066"
"106799","0.11188831925392151","0.11188831925392151","0.11188831925392151","1067","1067","1067"
"106899","0.11455092579126358","0.11455092579126358","0.11455092579126358","1068","1068","1068"
"106999","0.11292684823274612","0.11292684823274612","0.11292684823274612","1069","1069","1069"
"107099","0.11080877482891083","0.11080877482891083","0.11080877482891083","1070","1070","1070"
"107199","0.11702755838632584","0.11702755838632584","0.11702755838632584","1071","1071","1071"
"107299","0.11612403392791748","0.11612403392791748","0.11612403392791748","1072","1072","1072"
"107399","0.11077158898115158","0.11077158898115158","0.11077158898115158","1073","1073","1073"
"107499","0.10938988626003265","0.10938988626003265","0.10938988626003265","1074","1074","1074"
"107599","0.11250653117895126","0.11250653117895126","0.11250653117895126","1075","1075","1075"
"107699","0.10716795176267624","0.10716795176267624","0.10716795176267624","1076","1076","1076"
"107799","0.11214999854564667","0.11214999854564667","0.11214999854564667","1077","1077","1077"
"107899","0.11048516631126404","0.11048516631126404","0.11048516631126404","1078","1078","1078"
"107999","0.12009114772081375","0.12009114772081375","0.12009114772081375","1079","1079","1079"
"108099","0.1151844784617424","0.1151844784617424","0.1151844784617424","1080","1080","1080"
"108199","0.11200880259275436","0.11200880259275436","0.11200880259275436","1081","1081","1081"
"108299","0.10980617254972458","0.10980617254972458","0.10980617254972458","1082","1082","1082"
"108399","0.11208700388669968","0.11208700388669968","0.11208700388669968","1083","1083","1083"
"108499","0.11475011706352234","0.11475011706352234","0.11475011706352234","1084","1084","1084"
"108599","0.1112159863114357","0.1112159863114357","0.1112159863114357","1085","1085","1085"
"108699","0.1158364862203598","0.1158364862203598","0.1158364862203598","1086","1086","1086"
"108799","0.11488217860460281","0.11488217860460281","0.11488217860460281","1087","1087","1087"
"108899","0.11147373914718628","0.11147373914718628","0.11147373914718628","1088","1088","1088"
"108999","0.12048837542533875","0.12048837542533875","0.12048837542533875","1089","1089","1089"
"109099","0.11294789612293243","0.11294789612293243","0.11294789612293243","1090","1090","1090"
"109199","0.11547388136386871","0.11547388136386871","0.11547388136386871","1091","1091","1091"
"109299","0.11400941759347916","0.11400941759347916","0.11400941759347916","1092","1092","1092"
"109399","0.10737041383981705","0.10737041383981705","0.10737041383981705","1093","1093","1093"
"109499","0.11430656909942627","0.11430656909942627","0.11430656909942627","1094","1094","1094"
"109599","0.11707406491041183","0.11707406491041183","0.11707406491041183","1095","1095","1095"
"109699","0.11547251045703888","0.11547251045703888","0.11547251045703888","1096","1096","1096"
"109799","0.11264393478631973","0.11264393478631973","0.11264393478631973","1097","1097","1097"
"109899","0.11325165629386902","0.11325165629386902","0.11325165629386902","1098","1098","1098"
"109999","0.11100133508443832","0.11100133508443832","0.11100133508443832","1099","1099","1099"
"110099","0.11410010606050491","0.11410010606050491","0.11410010606050491","1100","1100","1100"
"110199","0.11978380382061005","0.11978380382061005","0.11978380382061005","1101","1101","1101"
"110299","0.10969357937574387","0.10969357937574387","0.10969357937574387","1102","1102","1102"
"110399","0.11419028788805008","0.11419028788805008","0.11419028788805008","1103","1103","1103"
"110499","0.11237224191427231","0.11237224191427231","0.11237224191427231","1104","1104","1104"
"110599","0.11182469129562378","0.11182469129562378","0.11182469129562378","1105","1105","1105"
"110699","0.11539749801158905","0.11539749801158905","0.11539749801158905","1106","1106","1106"
"110799","0.11383230239152908","0.11383230239152908","0.11383230239152908","1107","1107","1107"
"110899","0.1124986857175827","0.1124986857175827","0.1124986857175827","1108","1108","1108"
"110999","0.11363090574741364","0.11363090574741364","0.11363090574741364","1109","1109","1109"
"111099","0.10967656970024109","0.10967656970024109","0.10967656970024109","1110","1110","1110"
"111199","0.11785007268190384","0.11785007268190384","0.11785007268190384","1111","1111","1111"
"111299","0.10991758853197098","0.10991758853197098","0.10991758853197098","1112","1112","1112"
"111399","0.11580914258956909","0.11580914258956909","0.11580914258956909","1113","1113","1113"
"111499","0.11647377908229828","0.11647377908229828","0.11647377908229828","1114","1114","1114"
"111599","0.11878326535224915","0.11878326535224915","0.11878326535224915","1115","1115","1115"
"111699","0.1127098873257637","0.1127098873257637","0.1127098873257637","1116","1116","1116"
"111799","0.10582327842712402","0.10582327842712402","0.10582327842712402","1117","1117","1117"
"111899","0.1159728467464447","0.1159728467464447","0.1159728467464447","1118","1118","1118"
"111999","0.11434504389762878","0.11434504389762878","0.11434504389762878","1119","1119","1119"
"112099","0.114046610891819","0.114046610891819","0.114046610891819","1120","1120","1120"
"112199","0.11622083932161331","0.11622083932161331","0.11622083932161331","1121","1121","1121"
"112299","0.11144132167100906","0.11144132167100906","0.11144132167100906","1122","1122","1122"
"112399","0.11366976797580719","0.11366976797580719","0.11366976797580719","1123","1123","1123"
"112499","0.11620581895112991","0.11620581895112991","0.11620581895112991","1124","1124","1124"
"112599","0.11525502800941467","0.11525502800941467","0.11525502800941467","1125","1125","1125"
"112699","0.11036228388547897","0.11036228388547897","0.11036228388547897","1126","1126","1126"
"112799","0.11561549454927444","0.11561549454927444","0.11561549454927444","1127","1127","1127"
"112899","0.11435182392597198","0.11435182392597198","0.11435182392597198","1128","1128","1128"
"112999","0.12094417214393616","0.12094417214393616","0.12094417214393616","1129","1129","1129"
"113099","0.11158759891986847","0.11158759891986847","0.11158759891986847","1130","1130","1130"
"113199","0.11158354580402374","0.11158354580402374","0.11158354580402374","1131","1131","1131"
"113299","0.10620392858982086","0.10620392858982086","0.10620392858982086","1132","1132","1132"
"113399","0.11430560052394867","0.11430560052394867","0.11430560052394867","1133","1133","1133"
"113499","0.11831705272197723","0.11831705272197723","0.11831705272197723","1134","1134","1134"
"113599","0.11250650882720947","0.11250650882720947","0.11250650882720947","1135","1135","1135"
"113699","0.1138768270611763","0.1138768270611763","0.1138768270611763","1136","1136","1136"
"113799","0.11249624192714691","0.11249624192714691","0.11249624192714691","1137","1137","1137"
"113899","0.1097080409526825","0.1097080409526825","0.1097080409526825","1138","1138","1138"
"113999","0.11096270382404327","0.11096270382404327","0.11096270382404327","1139","1139","1139"
"114099","0.11705967783927917","0.11705967783927917","0.11705967783927917","1140","1140","1140"
"114199","0.11665685474872589","0.11665685474872589","0.11665685474872589","1141","1141","1141"
"114299","0.11765363067388535","0.11765363067388535","0.11765363067388535","1142","1142","1142"
"114399","0.11548902094364166","0.11548902094364166","0.11548902094364166","1143","1143","1143"
"114499","0.12145928293466568","0.12145928293466568","0.12145928293466568","1144","1144","1144"
"114599","0.11423972249031067","0.11423972249031067","0.11423972249031067","1145","1145","1145"
"114699","0.11587569862604141","0.11587569862604141","0.11587569862604141","1146","1146","1146"
"114799","0.11884136497974396","0.11884136497974396","0.11884136497974396","1147","1147","1147"
"114899","0.10876262933015823","0.10876262933015823","0.10876262933015823","1148","1148","1148"
"114999","0.11349029839038849","0.11349029839038849","0.11349029839038849","1149","1149","1149"
"115099","0.11435713618993759","0.11435713618993759","0.11435713618993759","1150","1150","1150"
"115199","0.11204054951667786","0.11204054951667786","0.11204054951667786","1151","1151","1151"
"115299","0.10982023179531097","0.10982023179531097","0.10982023179531097","1152","1152","1152"
"115399","0.11075861752033234","0.11075861752033234","0.11075861752033234","1153","1153","1153"
"115499","0.11173903197050095","0.11173903197050095","0.11173903197050095","1154","1154","1154"
"115599","0.1121101826429367","0.1121101826429367","0.1121101826429367","1155","1155","1155"
"115699","0.1165473535656929","0.1165473535656929","0.1165473535656929","1156","1156","1156"
"115799","0.112865149974823","0.112865149974823","0.112865149974823","1157","1157","1157"
"115899","0.10942770540714264","0.10942770540714264","0.10942770540714264","1158","1158","1158"
"115999","0.11582357436418533","0.11582357436418533","0.11582357436418533","1159","1159","1159"
"116099","0.11886922270059586","0.11886922270059586","0.11886922270059586","1160","1160","1160"
"116199","0.12554118037223816","0.12554118037223816","0.12554118037223816","1161","1161","1161"
"116299","0.11317344009876251","0.11317344009876251","0.11317344009876251","1162","1162","1162"
"116399","0.1148461177945137","0.1148461177945137","0.1148461177945137","1163","1163","1163"
"116499","0.11795725673437119","0.11795725673437119","0.11795725673437119","1164","1164","1164"
"116599","0.1187485083937645","0.1187485083937645","0.1187485083937645","1165","1165","1165"
"116699","0.11077606678009033","0.11077606678009033","0.11077606678009033","1166","1166","1166"
"116799","0.11552824079990387","0.11552824079990387","0.11552824079990387","1167","1167","1167"
"116899","0.10983438789844513","0.10983438789844513","0.10983438789844513","1168","1168","1168"
"116999","0.1160428449511528","0.1160428449511528","0.1160428449511528","1169","1169","1169"
"117099","0.11518482863903046","0.11518482863903046","0.11518482863903046","1170","1170","1170"
"117199","0.11264826357364655","0.11264826357364655","0.11264826357364655","1171","1171","1171"
"117299","0.11304813623428345","0.11304813623428345","0.11304813623428345","1172","1172","1172"
"117399","0.10764236748218536","0.10764236748218536","0.10764236748218536","1173","1173","1173"
"117499","0.11488939076662064","0.11488939076662064","0.11488939076662064","1174","1174","1174"
"117599","0.1107102483510971","0.1107102483510971","0.1107102483510971","1175","1175","1175"
"117699","0.12122268974781036","0.12122268974781036","0.12122268974781036","1176","1176","1176"
"117799","0.11986749619245529","0.11986749619245529","0.11986749619245529","1177","1177","1177"
"117899","0.11496167629957199","0.11496167629957199","0.11496167629957199","1178","1178","1178"
"117999","0.1185343861579895","0.1185343861579895","0.1185343861579895","1179","1179","1179"
"118099","0.11996112763881683","0.11996112763881683","0.11996112763881683","1180","1180","1180"
"118199","0.10966586321592331","0.10966586321592331","0.10966586321592331","1181","1181","1181"
"118299","0.11880196630954742","0.11880196630954742","0.11880196630954742","1182","1182","1182"
"118399","0.1173831969499588","0.1173831969499588","0.1173831969499588","1183","1183","1183"
"118499","0.11617229133844376","0.11617229133844376","0.11617229133844376","1184","1184","1184"
"118599","0.11189453303813934","0.11189453303813934","0.11189453303813934","1185","1185","1185"
"118699","0.11273116618394852","0.11273116618394852","0.11273116618394852","1186","1186","1186"
"118799","0.1084335520863533","0.1084335520863533","0.1084335520863533","1187","1187","1187"
"118899","0.11404988914728165","0.11404988914728165","0.11404988914728165","1188","1188","1188"
"118999","0.1091976910829544","0.1091976910829544","0.1091976910829544","1189","1189","1189"
"119099","0.1083308756351471","0.1083308756351471","0.1083308756351471","1190","1190","1190"
"119199","0.11145824193954468","0.11145824193954468","0.11145824193954468","1191","1191","1191"
"119299","0.12084236741065979","0.12084236741065979","0.12084236741065979","1192","1192","1192"
"119399","0.11821015924215317","0.11821015924215317","0.11821015924215317","1193","1193","1193"
"119499","0.1125984862446785","0.1125984862446785","0.1125984862446785","1194","1194","1194"
"119599","0.11623456329107285","0.11623456329107285","0.11623456329107285","1195","1195","1195"
"119699","0.11318015307188034","0.11318015307188034","0.11318015307188034","1196","1196","1196"
"119799","0.1108117327094078","0.1108117327094078","0.1108117327094078","1197","1197","1197"
"119899","0.11236190050840378","0.11236190050840378","0.11236190050840378","1198","1198","1198"
"119999","0.11919892579317093","0.11919892579317093","0.11919892579317093","1199","1199","1199"
"120099","0.11223334074020386","0.11223334074020386","0.11223334074020386","1200","1200","1200"
"120199","0.11205927282571793","0.11205927282571793","0.11205927282571793","1201","1201","1201"
"120299","0.1118549332022667","0.1118549332022667","0.1118549332022667","1202","1202","1202"
"120399","0.11265541613101959","0.11265541613101959","0.11265541613101959","1203","1203","1203"
"120499","0.11577726900577545","0.11577726900577545","0.11577726900577545","1204","1204","1204"
"120599","0.11661525070667267","0.11661525070667267","0.11661525070667267","1205","1205","1205"
"120699","0.11543639749288559","0.11543639749288559","0.11543639749288559","1206","1206","1206"
"120799","0.11117719113826752","0.11117719113826752","0.11117719113826752","1207","1207","1207"
"120899","0.1098184809088707","0.1098184809088707","0.1098184809088707","1208","1208","1208"
"120999","0.11423435807228088","0.11423435807228088","0.11423435807228088","1209","1209","1209"
"121099","0.1133248433470726","0.1133248433470726","0.1133248433470726","1210","1210","1210"
"121199","0.11467446386814117","0.11467446386814117","0.11467446386814117","1211","1211","1211"
"121299","0.11368467658758163","0.11368467658758163","0.11368467658758163","1212","1212","1212"
"121399","0.11139880120754242","0.11139880120754242","0.11139880120754242","1213","1213","1213"
"121499","0.11824657022953033","0.11824657022953033","0.11824657022953033","1214","1214","1214"
"121599","0.11627119034528732","0.11627119034528732","0.11627119034528732","1215","1215","1215"
"121699","0.10983571410179138","0.10983571410179138","0.10983571410179138","1216","1216","1216"
"121799","0.1130235567688942","0.1130235567688942","0.1130235567688942","1217","1217","1217"
"121899","0.11765169352293015","0.11765169352293015","0.11765169352293015","1218","1218","1218"
"121999","0.10972979664802551","0.10972979664802551","0.10972979664802551","1219","1219","1219"
"122099","0.11753730475902557","0.11753730475902557","0.11753730475902557","1220","1220","1220"
"122199","0.10968077927827835","0.10968077927827835","0.10968077927827835","1221","1221","1221"
"122299","0.11486934125423431","0.11486934125423431","0.11486934125423431","1222","1222","1222"
"122399","0.10834024846553802","0.10834024846553802","0.10834024846553802","1223","1223","1223"
"122499","0.11419933289289474","0.11419933289289474","0.11419933289289474","1224","1224","1224"
"122599","0.1123763918876648","0.1123763918876648","0.1123763918876648","1225","1225","1225"
"122699","0.11656393110752106","0.11656393110752106","0.11656393110752106","1226","1226","1226"
"122799","0.11338815093040466","0.11338815093040466","0.11338815093040466","1227","1227","1227"
"122899","0.11537180840969086","0.11537180840969086","0.11537180840969086","1228","1228","1228"
"122999","0.11079654097557068","0.11079654097557068","0.11079654097557068","1229","1229","1229"
"123099","0.11195550858974457","0.11195550858974457","0.11195550858974457","1230","1230","1230"
"123199","0.10951965302228928","0.10951965302228928","0.10951965302228928","1231","1231","1231"
"123299","0.1185390055179596","0.1185390055179596","0.1185390055179596","1232","1232","1232"
"123399","0.11642668396234512","0.11642668396234512","0.11642668396234512","1233","1233","1233"
"123499","0.11828580498695374","0.11828580498695374","0.11828580498695374","1234","1234","1234"
"123599","0.11971775442361832","0.11971775442361832","0.11971775442361832","1235","1235","1235"
"123699","0.11138187348842621","0.11138187348842621","0.11138187348842621","1236","1236","1236"
"123799","0.11280544102191925","0.11280544102191925","0.11280544102191925","1237","1237","1237"
"123899","0.10304618626832962","0.10304618626832962","0.10304618626832962","1238","1238","1238"
"123999","0.11471519619226456","0.11471519619226456","0.11471519619226456","1239","1239","1239"
"124099","0.11232422292232513","0.11232422292232513","0.11232422292232513","1240","1240","1240"
"124199","0.11396481096744537","0.11396481096744537","0.11396481096744537","1241","1241","1241"
"124299","0.11598142236471176","0.11598142236471176","0.11598142236471176","1242","1242","1242"
"124399","0.1113276258111","0.1113276258111","0.1113276258111","1243","1243","1243"
"124499","0.11397276073694229","0.11397276073694229","0.11397276073694229","1244","1244","1244"
"124599","0.11658838391304016","0.11658838391304016","0.11658838391304016","1245","1245","1245"
"124699","0.11026976257562637","0.11026976257562637","0.11026976257562637","1246","1246","1246"
"124799","0.11526579409837723","0.11526579409837723","0.11526579409837723","1247","1247","1247"
"124899","0.11024544388055801","0.11024544388055801","0.11024544388055801","1248","1248","1248"
"124999","0.11026044934988022","0.11026044934988022","0.11026044934988022","1249","1249","1249"
"125099","0.11757735162973404","0.11757735162973404","0.11757735162973404","1250","1250","1250"
"125199","0.11088486015796661","0.11088486015796661","0.11088486015796661","1251","1251","1251"
"125299","0.11483850330114365","0.11483850330114365","0.11483850330114365","1252","1252","1252"
"125399","0.10332900285720825","0.10332900285720825","0.10332900285720825","1253","1253","1253"
"125499","0.11930064857006073","0.11930064857006073","0.11930064857006073","1254","1254","1254"
"125599","0.1162695437669754","0.1162695437669754","0.1162695437669754","1255","1255","1255"
"125699","0.10545501857995987","0.10545501857995987","0.10545501857995987","1256","1256","1256"
"125799","0.1081664189696312","0.1081664189696312","0.1081664189696312","1257","1257","1257"
"125899","0.10896331816911697","0.10896331816911697","0.10896331816911697","1258","1258","1258"
"125999","0.10955210030078888","0.10955210030078888","0.10955210030078888","1259","1259","1259"
"126099","0.11773885786533356","0.11773885786533356","0.11773885786533356","1260","1260","1260"
"126199","0.11935281753540039","0.11935281753540039","0.11935281753540039","1261","1261","1261"
"126299","0.11388683319091797","0.11388683319091797","0.11388683319091797","1262","1262","1262"
"126399","0.10731930285692215","0.10731930285692215","0.10731930285692215","1263","1263","1263"
"126499","0.11284167319536209","0.11284167319536209","0.11284167319536209","1264","1264","1264"
"126599","0.11062618345022202","0.11062618345022202","0.11062618345022202","1265","1265","1265"
"126699","0.11181432753801346","0.11181432753801346","0.11181432753801346","1266","1266","1266"
"126799","0.10786368697881699","0.10786368697881699","0.10786368697881699","1267","1267","1267"
"126899","0.11383317410945892","0.11383317410945892","0.11383317410945892","1268","1268","1268"
"126999","0.11067020148038864","0.11067020148038864","0.11067020148038864","1269","1269","1269"
"127099","0.10667222738265991","0.10667222738265991","0.10667222738265991","1270","1270","1270"
"127199","0.11343639343976974","0.11343639343976974","0.11343639343976974","1271","1271","1271"
"127299","0.1160992756485939","0.1160992756485939","0.1160992756485939","1272","1272","1272"
"127399","0.12295165657997131","0.12295165657997131","0.12295165657997131","1273","1273","1273"
"127499","0.11329774558544159","0.11329774558544159","0.11329774558544159","1274","1274","1274"
"127599","0.10905614495277405","0.10905614495277405","0.10905614495277405","1275","1275","1275"
"127699","0.11327984929084778","0.11327984929084778","0.11327984929084778","1276","1276","1276"
"127799","0.11223100870847702","0.11223100870847702","0.11223100870847702","1277","1277","1277"
"127899","0.113821841776371","0.113821841776371","0.113821841776371","1278","1278","1278"
"127999","0.11507686227560043","0.11507686227560043","0.11507686227560043","1279","1279","1279"
"128099","0.11738661676645279","0.11738661676645279","0.11738661676645279","1280","1280","1280"
"128199","0.11822540313005447","0.11822540313005447","0.11822540313005447","1281","1281","1281"
"128299","0.11046234518289566","0.11046234518289566","0.11046234518289566","1282","1282","1282"
"128399","0.11390744894742966","0.11390744894742966","0.11390744894742966","1283","1283","1283"
"128499","0.11404243856668472","0.11404243856668472","0.11404243856668472","1284","1284","1284"
"128599","0.11364180594682693","0.11364180594682693","0.11364180594682693","1285","1285","1285"
"128699","0.11661770194768906","0.11661770194768906","0.11661770194768906","1286","1286","1286"
"128799","0.11722154170274734","0.11722154170274734","0.11722154170274734","1287","1287","1287"
"128899","0.1260305643081665","0.1260305643081665","0.1260305643081665","1288","1288","1288"
"128999","0.11759788542985916","0.11759788542985916","0.11759788542985916","1289","1289","1289"
"129099","0.11106494814157486","0.11106494814157486","0.11106494814157486","1290","1290","1290"
"129199","0.11550214141607285","0.11550214141607285","0.11550214141607285","1291","1291","1291"
"129299","0.11432848125696182","0.11432848125696182","0.11432848125696182","1292","1292","1292"
"129399","0.11423369497060776","0.11423369497060776","0.11423369497060776","1293","1293","1293"
"129499","0.11454897373914719","0.11454897373914719","0.11454897373914719","1294","1294","1294"
"129599","0.11551567912101746","0.11551567912101746","0.11551567912101746","1295","1295","1295"
"129699","0.1144070029258728","0.1144070029258728","0.1144070029258728","1296","1296","1296"
"129799","0.11332890391349792","0.11332890391349792","0.11332890391349792","1297","1297","1297"
"129899","0.11094611138105392","0.11094611138105392","0.11094611138105392","1298","1298","1298"
"129999","0.10897807776927948","0.10897807776927948","0.10897807776927948","1299","1299","1299"
"130099","0.11197128146886826","0.11197128146886826","0.11197128146886826","1300","1300","1300"
"130199","0.12206243723630905","0.12206243723630905","0.12206243723630905","1301","1301","1301"
"130299","0.11459086835384369","0.11459086835384369","0.11459086835384369","1302","1302","1302"
"130399","0.11220664530992508","0.11220664530992508","0.11220664530992508","1303","1303","1303"
"130499","0.10560303181409836","0.10560303181409836","0.10560303181409836","1304","1304","1304"
"130599","0.1106814295053482","0.1106814295053482","0.1106814295053482","1305","1305","1305"
"130699","0.11462422460317612","0.11462422460317612","0.11462422460317612","1306","1306","1306"
"130799","0.11656012386083603","0.11656012386083603","0.11656012386083603","1307","1307","1307"
"130899","0.11390117555856705","0.11390117555856705","0.11390117555856705","1308","1308","1308"
"130999","0.1177537813782692","0.1177537813782692","0.1177537813782692","1309","1309","1309"
"131099","0.11618772149085999","0.11618772149085999","0.11618772149085999","1310","1310","1310"
"131199","0.1140732392668724","0.1140732392668724","0.1140732392668724","1311","1311","1311"
"131299","0.11259748786687851","0.11259748786687851","0.11259748786687851","1312","1312","1312"
"131399","0.11173482239246368","0.11173482239246368","0.11173482239246368","1313","1313","1313"
"131499","0.11179647594690323","0.11179647594690323","0.11179647594690323","1314","1314","1314"
"131599","0.11340347677469254","0.11340347677469254","0.11340347677469254","1315","1315","1315"
"131699","0.11072127521038055","0.11072127521038055","0.11072127521038055","1316","1316","1316"
"131799","0.11705167591571808","0.11705167591571808","0.11705167591571808","1317","1317","1317"
"131899","0.11468032002449036","0.11468032002449036","0.11468032002449036","1318","1318","1318"
"131999","0.11611339449882507","0.11611339449882507","0.11611339449882507","1319","1319","1319"
"132099","0.11253388226032257","0.11253388226032257","0.11253388226032257","1320","1320","1320"
"132199","0.11389609426259995","0.11389609426259995","0.11389609426259995","1321","1321","1321"
"132299","0.11477312445640564","0.11477312445640564","0.11477312445640564","1322","1322","1322"
"132399","0.11171942949295044","0.11171942949295044","0.11171942949295044","1323","1323","1323"
"132499","0.12049473822116852","0.12049473822116852","0.12049473822116852","1324","1324","1324"
"132599","0.10982216149568558","0.10982216149568558","0.10982216149568558","1325","1325","1325"
"132699","0.10862094163894653","0.10862094163894653","0.10862094163894653","1326","1326","1326"
"132799","0.11333619803190231","0.11333619803190231","0.11333619803190231","1327","1327","1327"
"132899","0.11811405420303345","0.11811405420303345","0.11811405420303345","1328","1328","1328"
"132999","0.11993580311536789","0.11993580311536789","0.11993580311536789","1329","1329","1329"
"133099","0.11736949533224106","0.11736949533224106","0.11736949533224106","1330","1330","1330"
"133199","0.10674998909235","0.10674998909235","0.10674998909235","1331","1331","1331"
"133299","0.11787568777799606","0.11787568777799606","0.11787568777799606","1332","1332","1332"
"133399","0.11838884651660919","0.11838884651660919","0.11838884651660919","1333","1333","1333"
"133499","0.1165694072842598","0.1165694072842598","0.1165694072842598","1334","1334","1334"
"133599","0.11010108143091202","0.11010108143091202","0.11010108143091202","1335","1335","1335"
"133699","0.11021683365106583","0.11021683365106583","0.11021683365106583","1336","1336","1336"
"133799","0.11626914143562317","0.11626914143562317","0.11626914143562317","1337","1337","1337"
"133899","0.11171817779541016","0.11171817779541016","0.11171817779541016","1338","1338","1338"
"133999","0.11571316421031952","0.11571316421031952","0.11571316421031952","1339","1339","1339"
"134099","0.1137993186712265","0.1137993186712265","0.1137993186712265","1340","1340","1340"
"134199","0.11738045513629913","0.11738045513629913","0.11738045513629913","1341","1341","1341"
"134299","0.11639495193958282","0.11639495193958282","0.11639495193958282","1342","1342","1342"
"134399","0.1111682653427124","0.1111682653427124","0.1111682653427124","1343","1343","1343"
"134499","0.11467980593442917","0.11467980593442917","0.11467980593442917","1344","1344","1344"
"134599","0.11550074070692062","0.11550074070692062","0.11550074070692062","1345","1345","1345"
"134699","0.11803977936506271","0.11803977936506271","0.11803977936506271","1346","1346","1346"
"134799","0.1184125691652298","0.1184125691652298","0.1184125691652298","1347","1347","1347"
"134899","0.11248742789030075","0.11248742789030075","0.11248742789030075","1348","1348","1348"
"134999","0.11284121870994568","0.11284121870994568","0.11284121870994568","1349","1349","1349"
"135099","0.10885739326477051","0.10885739326477051","0.10885739326477051","1350","1350","1350"
"135199","0.11150254309177399","0.11150254309177399","0.11150254309177399","1351","1351","1351"
"135299","0.10877154767513275","0.10877154767513275","0.10877154767513275","1352","1352","1352"
"135399","0.11138331890106201","0.11138331890106201","0.11138331890106201","1353","1353","1353"
"135499","0.11361454427242279","0.11361454427242279","0.11361454427242279","1354","1354","1354"
"135599","0.11544729769229889","0.11544729769229889","0.11544729769229889","1355","1355","1355"
"135699","0.12587103247642517","0.12587103247642517","0.12587103247642517","1356","1356","1356"
"135799","0.11632267385721207","0.11632267385721207","0.11632267385721207","1357","1357","1357"
"135899","0.11587593704462051","0.11587593704462051","0.11587593704462051","1358","1358","1358"
"135999","0.11500327289104462","0.11500327289104462","0.11500327289104462","1359","1359","1359"
"136099","0.10691102594137192","0.10691102594137192","0.10691102594137192","1360","1360","1360"
"136199","0.11905956268310547","0.11905956268310547","0.11905956268310547","1361","1361","1361"
"136299","0.11851853877305984","0.11851853877305984","0.11851853877305984","1362","1362","1362"
"136399","0.12013544142246246","0.12013544142246246","0.12013544142246246","1363","1363","1363"
"136499","0.11466409265995026","0.11466409265995026","0.11466409265995026","1364","1364","1364"
"136599","0.11162202060222626","0.11162202060222626","0.11162202060222626","1365","1365","1365"
"136699","0.11139961332082748","0.11139961332082748","0.11139961332082748","1366","1366","1366"
"136799","0.11424923688173294","0.11424923688173294","0.11424923688173294","1367","1367","1367"
"136899","0.1131017729640007","0.1131017729640007","0.1131017729640007","1368","1368","1368"
"136999","0.10814131051301956","0.10814131051301956","0.10814131051301956","1369","1369","1369"
"137099","0.11144852638244629","0.11144852638244629","0.11144852638244629","1370","1370","1370"
"137199","0.11547181010246277","0.11547181010246277","0.11547181010246277","1371","1371","1371"
"137299","0.11447381228208542","0.11447381228208542","0.11447381228208542","1372","1372","1372"
"137399","0.12068307399749756","0.12068307399749756","0.12068307399749756","1373","1373","1373"
"137499","0.10781633853912354","0.10781633853912354","0.10781633853912354","1374","1374","1374"
"137599","0.1162397712469101","0.1162397712469101","0.1162397712469101","1375","1375","1375"
"137699","0.11593693494796753","0.11593693494796753","0.11593693494796753","1376","1376","1376"
"137799","0.112616166472435","0.112616166472435","0.112616166472435","1377","1377","1377"
"137899","0.11421515792608261","0.11421515792608261","0.11421515792608261","1378","1378","1378"
"137999","0.11200340837240219","0.11200340837240219","0.11200340837240219","1379","1379","1379"
"138099","0.1109873354434967","0.1109873354434967","0.1109873354434967","1380","1380","1380"
"138199","0.11014929413795471","0.11014929413795471","0.11014929413795471","1381","1381","1381"
"138299","0.11354384571313858","0.11354384571313858","0.11354384571313858","1382","1382","1382"
"138399","0.11739841848611832","0.11739841848611832","0.11739841848611832","1383","1383","1383"
"138499","0.1138571947813034","0.1138571947813034","0.1138571947813034","1384","1384","1384"
"138599","0.11163896322250366","0.11163896322250366","0.11163896322250366","1385","1385","1385"
"138699","0.11041061580181122","0.11041061580181122","0.11041061580181122","1386","1386","1386"
"138799","0.11035371571779251","0.11035371571779251","0.11035371571779251","1387","1387","1387"
"138899","0.11479055136442184","0.11479055136442184","0.11479055136442184","1388","1388","1388"
"138999","0.11500492691993713","0.11500492691993713","0.11500492691993713","1389","1389","1389"
"139099","0.10493409633636475","0.10493409633636475","0.10493409633636475","1390","1390","1390"
"139199","0.10946201533079147","0.10946201533079147","0.10946201533079147","1391","1391","1391"
"139299","0.11874131113290787","0.11874131113290787","0.11874131113290787","1392","1392","1392"
"139399","0.11575260758399963","0.11575260758399963","0.11575260758399963","1393","1393","1393"
"139499","0.12061916291713715","0.12061916291713715","0.12061916291713715","1394","1394","1394"
"139599","0.11295918375253677","0.11295918375253677","0.11295918375253677","1395","1395","1395"
"139699","0.1134212538599968","0.1134212538599968","0.1134212538599968","1396","1396","1396"
"139799","0.11227455735206604","0.11227455735206604","0.11227455735206604","1397","1397","1397"
"139899","0.11061033606529236","0.11061033606529236","0.11061033606529236","1398","1398","1398"
"139999","0.11211040616035461","0.11211040616035461","0.11211040616035461","1399","1399","1399"
"140099","0.1127752736210823","0.1127752736210823","0.1127752736210823","1400","1400","1400"
"140199","0.11330968141555786","0.11330968141555786","0.11330968141555786","1401","1401","1401"
"140299","0.11573172360658646","0.11573172360658646","0.11573172360658646","1402","1402","1402"
"140399","0.1112692654132843","0.1112692654132843","0.1112692654132843","1403","1403","1403"
"140499","0.1112760528922081","0.1112760528922081","0.1112760528922081","1404","1404","1404"
"140599","0.11280521750450134","0.11280521750450134","0.11280521750450134","1405","1405","1405"
"140699","0.11641640216112137","0.11641640216112137","0.11641640216112137","1406","1406","1406"
"140799","0.11699233204126358","0.11699233204126358","0.11699233204126358","1407","1407","1407"
"140899","0.10954228788614273","0.10954228788614273","0.10954228788614273","1408","1408","1408"
"140999","0.11529140919446945","0.11529140919446945","0.11529140919446945","1409","1409","1409"
"141099","0.12023641169071198","0.12023641169071198","0.12023641169071198","1410","1410","1410"
"141199","0.10642560571432114","0.10642560571432114","0.10642560571432114","1411","1411","1411"
"141299","0.1068148985505104","0.1068148985505104","0.1068148985505104","1412","1412","1412"
"141399","0.11520227789878845","0.11520227789878845","0.11520227789878845","1413","1413","1413"
"141499","0.1174735352396965","0.1174735352396965","0.1174735352396965","1414","1414","1414"
"141599","0.11457985639572144","0.11457985639572144","0.11457985639572144","1415","1415","1415"
"141699","0.11720997095108032","0.11720997095108032","0.11720997095108032","1416","1416","1416"
"141799","0.1178327351808548","0.1178327351808548","0.1178327351808548","1417","1417","1417"
"141899","0.11131540685892105","0.11131540685892105","0.11131540685892105","1418","1418","1418"
"141999","0.11142417043447495","0.11142417043447495","0.11142417043447495","1419","1419","1419"
"142099","0.1154632568359375","0.1154632568359375","0.1154632568359375","1420","1420","1420"
"142199","0.11133456975221634","0.11133456975221634","0.11133456975221634","1421","1421","1421"
"142299","0.1166985034942627","0.1166985034942627","0.1166985034942627","1422","1422","1422"
"142399","0.10574314743280411","0.10574314743280411","0.10574314743280411","1423","1423","1423"
"142499","0.11053391546010971","0.11053391546010971","0.11053391546010971","1424","1424","1424"
"142599","0.11055051535367966","0.11055051535367966","0.11055051535367966","1425","1425","1425"
"142699","0.11540509760379791","0.11540509760379791","0.11540509760379791","1426","1426","1426"
"142799","0.11183637380599976","0.11183637380599976","0.11183637380599976","1427","1427","1427"
"142899","0.11221413314342499","0.11221413314342499","0.11221413314342499","1428","1428","1428"
"142999","0.10757166147232056","0.10757166147232056","0.10757166147232056","1429","1429","1429"
"143099","0.11778751760721207","0.11778751760721207","0.11778751760721207","1430","1430","1430"
"143199","0.1162218302488327","0.1162218302488327","0.1162218302488327","1431","1431","1431"
"143299","0.11612465232610703","0.11612465232610703","0.11612465232610703","1432","1432","1432"
"143399","0.10651696473360062","0.10651696473360062","0.10651696473360062","1433","1433","1433"
"143499","0.12552188336849213","0.12552188336849213","0.12552188336849213","1434","1434","1434"
"143599","0.11813999712467194","0.11813999712467194","0.11813999712467194","1435","1435","1435"
"143699","0.1164935827255249","0.1164935827255249","0.1164935827255249","1436","1436","1436"
"143799","0.11873213201761246","0.11873213201761246","0.11873213201761246","1437","1437","1437"
"143899","0.115772545337677","0.115772545337677","0.115772545337677","1438","1438","1438"
"143999","0.11822837591171265","0.11822837591171265","0.11822837591171265","1439","1439","1439"
"144099","0.11170804500579834","0.11170804500579834","0.11170804500579834","1440","1440","1440"
"144199","0.11442148685455322","0.11442148685455322","0.11442148685455322","1441","1441","1441"
"144299","0.11339215189218521","0.11339215189218521","0.11339215189218521","1442","1442","1442"
"144399","0.11626426875591278","0.11626426875591278","0.11626426875591278","1443","1443","1443"
"144499","0.11149405688047409","0.11149405688047409","0.11149405688047409","1444","1444","1444"
"144599","0.112698495388031","0.112698495388031","0.112698495388031","1445","1445","1445"
"144699","0.116739422082901","0.116739422082901","0.116739422082901","1446","1446","1446"
"144799","0.11330853402614594","0.11330853402614594","0.11330853402614594","1447","1447","1447"
"144899","0.11482714861631393","0.11482714861631393","0.11482714861631393","1448","1448","1448"
"144999","0.1156776025891304","0.1156776025891304","0.1156776025891304","1449","1449","1449"
"145099","0.11074192076921463","0.11074192076921463","0.11074192076921463","1450","1450","1450"
"145199","0.11608798801898956","0.11608798801898956","0.11608798801898956","1451","1451","1451"
"145299","0.11335444450378418","0.11335444450378418","0.11335444450378418","1452","1452","1452"
"145399","0.11166457086801529","0.11166457086801529","0.11166457086801529","1453","1453","1453"
"145499","0.11839886009693146","0.11839886009693146","0.11839886009693146","1454","1454","1454"
"145599","0.10987669229507446","0.10987669229507446","0.10987669229507446","1455","1455","1455"
"145699","0.11412637680768967","0.11412637680768967","0.11412637680768967","1456","1456","1456"
"145799","0.10614623129367828","0.10614623129367828","0.10614623129367828","1457","1457","1457"
"145899","0.10722847282886505","0.10722847282886505","0.10722847282886505","1458","1458","1458"
"145999","0.1173492893576622","0.1173492893576622","0.1173492893576622","1459","1459","1459"
"146099","0.11603493243455887","0.11603493243455887","0.11603493243455887","1460","1460","1460"
"146199","0.10830611735582352","0.10830611735582352","0.10830611735582352","1461","1461","1461"
"146299","0.10866867750883102","0.10866867750883102","0.10866867750883102","1462","1462","1462"
"146399","0.10986290127038956","0.10986290127038956","0.10986290127038956","1463","1463","1463"
"146499","0.1106049045920372","0.1106049045920372","0.1106049045920372","1464","1464","1464"
"146599","0.10851509869098663","0.10851509869098663","0.10851509869098663","1465","1465","1465"
"146699","0.11259523034095764","0.11259523034095764","0.11259523034095764","1466","1466","1466"
"146799","0.1181209608912468","0.1181209608912468","0.1181209608912468","1467","1467","1467"
"146899","0.11195656657218933","0.11195656657218933","0.11195656657218933","1468","1468","1468"
"146999","0.11203540861606598","0.11203540861606598","0.11203540861606598","1469","1469","1469"
"147099","0.10836706310510635","0.10836706310510635","0.10836706310510635","1470","1470","1470"
"147199","0.11006056517362595","0.11006056517362595","0.11006056517362595","1471","1471","1471"
"147299","0.10984892398118973","0.10984892398118973","0.10984892398118973","1472","1472","1472"
"147399","0.11822176724672318","0.11822176724672318","0.11822176724672318","1473","1473","1473"
"147499","0.11111757159233093","0.11111757159233093","0.11111757159233093","1474","1474","1474"
"147599","0.11819709092378616","0.11819709092378616","0.11819709092378616","1475","1475","1475"
"147699","0.11353799700737","0.11353799700737","0.11353799700737","1476","1476","1476"
"147799","0.11888071149587631","0.11888071149587631","0.11888071149587631","1477","1477","1477"
"147899","0.11937254667282104","0.11937254667282104","0.11937254667282104","1478","1478","1478"
"147999","0.11827871203422546","0.11827871203422546","0.11827871203422546","1479","1479","1479"
"148099","0.11174599826335907","0.11174599826335907","0.11174599826335907","1480","1480","1480"
"148199","0.11316868662834167","0.11316868662834167","0.11316868662834167","1481","1481","1481"
"148299","0.11061669886112213","0.11061669886112213","0.11061669886112213","1482","1482","1482"
"148399","0.11240485310554504","0.11240485310554504","0.11240485310554504","1483","1483","1483"
"148499","0.12122822552919388","0.12122822552919388","0.12122822552919388","1484","1484","1484"
"148599","0.11899660527706146","0.11899660527706146","0.11899660527706146","1485","1485","1485"
"148699","0.11411114037036896","0.11411114037036896","0.11411114037036896","1486","1486","1486"
"148799","0.11475234478712082","0.11475234478712082","0.11475234478712082","1487","1487","1487"
"148899","0.11305587738752365","0.11305587738752365","0.11305587738752365","1488","1488","1488"
"148999","0.11544710397720337","0.11544710397720337","0.11544710397720337","1489","1489","1489"
"149099","0.1139356791973114","0.1139356791973114","0.1139356791973114","1490","1490","1490"
"149199","0.1114075779914856","0.1114075779914856","0.1114075779914856","1491","1491","1491"
"149299","0.11197478324174881","0.11197478324174881","0.11197478324174881","1492","1492","1492"
"149399","0.10957052558660507","0.10957052558660507","0.10957052558660507","1493","1493","1493"
"149499","0.11312928050756454","0.11312928050756454","0.11312928050756454","1494","1494","1494"
"149599","0.11593002080917358","0.11593002080917358","0.11593002080917358","1495","1495","1495"
"149699","0.10836377739906311","0.10836377739906311","0.10836377739906311","1496","1496","1496"
"149799","0.113926462829113","0.113926462829113","0.113926462829113","1497","1497","1497"
"149899","0.11282626539468765","0.11282626539468765","0.11282626539468765","1498","1498","1498"
"149999","0.11046647280454636","0.11046647280454636","0.11046647280454636","1499","1499","1499"
"150099","0.10959769040346146","0.10959769040346146","0.10959769040346146","1500","1500","1500"
"150199","0.11023321002721786","0.11023321002721786","0.11023321002721786","1501","1501","1501"
"150299","0.11717116087675095","0.11717116087675095","0.11717116087675095","1502","1502","1502"
"150399","0.11424370855093002","0.11424370855093002","0.11424370855093002","1503","1503","1503"
"150499","0.11417104303836823","0.11417104303836823","0.11417104303836823","1504","1504","1504"
"150599","0.11369417607784271","0.11369417607784271","0.11369417607784271","1505","1505","1505"
"150699","0.1103077232837677","0.1103077232837677","0.1103077232837677","1506","1506","1506"
"150799","0.10828690230846405","0.10828690230846405","0.10828690230846405","1507","1507","1507"
"150899","0.11858183145523071","0.11858183145523071","0.11858183145523071","1508","1508","1508"
"150999","0.11145614087581635","0.11145614087581635","0.11145614087581635","1509","1509","1509"
"151099","0.11351075768470764","0.11351075768470764","0.11351075768470764","1510","1510","1510"
"151199","0.11210592836141586","0.11210592836141586","0.11210592836141586","1511","1511","1511"
"151299","0.11338240653276443","0.11338240653276443","0.11338240653276443","1512","1512","1512"
"151399","0.11058691889047623","0.11058691889047623","0.11058691889047623","1513","1513","1513"
"151499","0.1157141923904419","0.1157141923904419","0.1157141923904419","1514","1514","1514"
"151599","0.11779409646987915","0.11779409646987915","0.11779409646987915","1515","1515","1515"
"151699","0.11694169789552689","0.11694169789552689","0.11694169789552689","1516","1516","1516"
"151799","0.11166854202747345","0.11166854202747345","0.11166854202747345","1517","1517","1517"
"151899","0.11371277272701263","0.11371277272701263","0.11371277272701263","1518","1518","1518"
"151999","0.11436594277620316","0.11436594277620316","0.11436594277620316","1519","1519","1519"
"152099","0.11035007983446121","0.11035007983446121","0.11035007983446121","1520","1520","1520"
"152199","0.11006684601306915","0.11006684601306915","0.11006684601306915","1521","1521","1521"
"152299","0.11419427394866943","0.11419427394866943","0.11419427394866943","1522","1522","1522"
"152399","0.11540469527244568","0.11540469527244568","0.11540469527244568","1523","1523","1523"
"152499","0.11477787047624588","0.11477787047624588","0.11477787047624588","1524","1524","1524"
"152599","0.11456325650215149","0.11456325650215149","0.11456325650215149","1525","1525","1525"
"152699","0.1170889362692833","0.1170889362692833","0.1170889362692833","1526","1526","1526"
"152799","0.11139698326587677","0.11139698326587677","0.11139698326587677","1527","1527","1527"
"152899","0.11757885664701462","0.11757885664701462","0.11757885664701462","1528","1528","1528"
"152999","0.1164402887225151","0.1164402887225151","0.1164402887225151","1529","1529","1529"
"153099","0.11433978378772736","0.11433978378772736","0.11433978378772736","1530","1530","1530"
"153199","0.11529795080423355","0.11529795080423355","0.11529795080423355","1531","1531","1531"
"153299","0.11954902857542038","0.11954902857542038","0.11954902857542038","1532","1532","1532"
"153399","0.10761044919490814","0.10761044919490814","0.10761044919490814","1533","1533","1533"
"153499","0.11418893933296204","0.11418893933296204","0.11418893933296204","1534","1534","1534"
"153599","0.1108352318406105","0.1108352318406105","0.1108352318406105","1535","1535","1535"
"153699","0.11488037556409836","0.11488037556409836","0.11488037556409836","1536","1536","1536"
"153799","0.11154786497354507","0.11154786497354507","0.11154786497354507","1537","1537","1537"
"153899","0.11068249493837357","0.11068249493837357","0.11068249493837357","1538","1538","1538"
"153999","0.11135964840650558","0.11135964840650558","0.11135964840650558","1539","1539","1539"
"154099","0.11136792600154877","0.11136792600154877","0.11136792600154877","1540","1540","1540"
"154199","0.10934901982545853","0.10934901982545853","0.10934901982545853","1541","1541","1541"
"154299","0.11523967236280441","0.11523967236280441","0.11523967236280441","1542","1542","1542"
"154399","0.1042766273021698","0.1042766273021698","0.1042766273021698","1543","1543","1543"
"154499","0.1202690452337265","0.1202690452337265","0.1202690452337265","1544","1544","1544"
"154599","0.12006953358650208","0.12006953358650208","0.12006953358650208","1545","1545","1545"
"154699","0.11563780158758163","0.11563780158758163","0.11563780158758163","1546","1546","1546"
"154799","0.11355956643819809","0.11355956643819809","0.11355956643819809","1547","1547","1547"
"154899","0.1089099645614624","0.1089099645614624","0.1089099645614624","1548","1548","1548"
"154999","0.11229938268661499","0.11229938268661499","0.11229938268661499","1549","1549","1549"
"155099","0.11554912477731705","0.11554912477731705","0.11554912477731705","1550","1550","1550"
"155199","0.11828793585300446","0.11828793585300446","0.11828793585300446","1551","1551","1551"
"155299","0.11541327834129333","0.11541327834129333","0.11541327834129333","1552","1552","1552"
"155399","0.11031235009431839","0.11031235009431839","0.11031235009431839","1553","1553","1553"
"155499","0.11420430988073349","0.11420430988073349","0.11420430988073349","1554","1554","1554"
"155599","0.11466345936059952","0.11466345936059952","0.11466345936059952","1555","1555","1555"
"155699","0.10938072949647903","0.10938072949647903","0.10938072949647903","1556","1556","1556"
"155799","0.10611511766910553","0.10611511766910553","0.10611511766910553","1557","1557","1557"
"155899","0.11355771124362946","0.11355771124362946","0.11355771124362946","1558","1558","1558"
"155999","0.1114223524928093","0.1114223524928093","0.1114223524928093","1559","1559","1559"
"156099","0.11263876408338547","0.11263876408338547","0.11263876408338547","1560","1560","1560"
"156199","0.11226937919855118","0.11226937919855118","0.11226937919855118","1561","1561","1561"
"156299","0.11254201084375381","0.11254201084375381","0.11254201084375381","1562","1562","1562"
"156399","0.11216891556978226","0.11216891556978226","0.11216891556978226","1563","1563","1563"
"156499","0.11574114114046097","0.11574114114046097","0.11574114114046097","1564","1564","1564"
"156599","0.10741928964853287","0.10741928964853287","0.10741928964853287","1565","1565","1565"
"156699","0.11570427566766739","0.11570427566766739","0.11570427566766739","1566","1566","1566"
"156799","0.11169776320457458","0.11169776320457458","0.11169776320457458","1567","1567","1567"
"156899","0.11234856396913528","0.11234856396913528","0.11234856396913528","1568","1568","1568"
"156999","0.11220294237136841","0.11220294237136841","0.11220294237136841","1569","1569","1569"
"157099","0.11756279319524765","0.11756279319524765","0.11756279319524765","1570","1570","1570"
"157199","0.11422360688447952","0.11422360688447952","0.11422360688447952","1571","1571","1571"
"157299","0.10640346258878708","0.10640346258878708","0.10640346258878708","1572","1572","1572"
"157399","0.11196448653936386","0.11196448653936386","0.11196448653936386","1573","1573","1573"
"157499","0.11036103963851929","0.11036103963851929","0.11036103963851929","1574","1574","1574"
"157599","0.12136624753475189","0.12136624753475189","0.12136624753475189","1575","1575","1575"
"157699","0.11279205977916718","0.11279205977916718","0.11279205977916718","1576","1576","1576"
"157799","0.10729231685400009","0.10729231685400009","0.10729231685400009","1577","1577","1577"
"157899","0.11187891662120819","0.11187891662120819","0.11187891662120819","1578","1578","1578"
"157999","0.10868771374225616","0.10868771374225616","0.10868771374225616","1579","1579","1579"
"158099","0.11731567233800888","0.11731567233800888","0.11731567233800888","1580","1580","1580"
"158199","0.10993754118680954","0.10993754118680954","0.10993754118680954","1581","1581","1581"
"158299","0.11263605207204819","0.11263605207204819","0.11263605207204819","1582","1582","1582"
"158399","0.1102801263332367","0.1102801263332367","0.1102801263332367","1583","1583","1583"
"158499","0.10981670767068863","0.10981670767068863","0.10981670767068863","1584","1584","1584"
"158599","0.11575309187173843","0.11575309187173843","0.11575309187173843","1585","1585","1585"
"158699","0.11544758826494217","0.11544758826494217","0.11544758826494217","1586","1586","1586"
"158799","0.11148052662611008","0.11148052662611008","0.11148052662611008","1587","1587","1587"
"158899","0.11469821631908417","0.11469821631908417","0.11469821631908417","1588","1588","1588"
"158999","0.12062205374240875","0.12062205374240875","0.12062205374240875","1589","1589","1589"
"159099","0.11132051795721054","0.11132051795721054","0.11132051795721054","1590","1590","1590"
"159199","0.11747144162654877","0.11747144162654877","0.11747144162654877","1591","1591","1591"
"159299","0.12266739457845688","0.12266739457845688","0.12266739457845688","1592","1592","1592"
"159399","0.11274909973144531","0.11274909973144531","0.11274909973144531","1593","1593","1593"
"159499","0.10914980620145798","0.10914980620145798","0.10914980620145798","1594","1594","1594"
"159599","0.11584274470806122","0.11584274470806122","0.11584274470806122","1595","1595","1595"
"159699","0.1152048259973526","0.1152048259973526","0.1152048259973526","1596","1596","1596"
"159799","0.11548756808042526","0.11548756808042526","0.11548756808042526","1597","1597","1597"
"159899","0.11102023720741272","0.11102023720741272","0.11102023720741272","1598","1598","1598"
"159999","0.10988403856754303","0.10988403856754303","0.10988403856754303","1599","1599","1599"
"160099","0.11182349175214767","0.11182349175214767","0.11182349175214767","1600","1600","1600"
"160199","0.11552539467811584","0.11552539467811584","0.11552539467811584","1601","1601","1601"
"160299","0.11366499215364456","0.11366499215364456","0.11366499215364456","1602","1602","1602"
"160399","0.11180196702480316","0.11180196702480316","0.11180196702480316","1603","1603","1603"
"160499","0.10830436646938324","0.10830436646938324","0.10830436646938324","1604","1604","1604"
"160599","0.11570394784212112","0.11570394784212112","0.11570394784212112","1605","1605","1605"
"160699","0.11695710569620132","0.11695710569620132","0.11695710569620132","1606","1606","1606"
"160799","0.11360843479633331","0.11360843479633331","0.11360843479633331","1607","1607","1607"
"160899","0.11316283792257309","0.11316283792257309","0.11316283792257309","1608","1608","1608"
"160999","0.11391212046146393","0.11391212046146393","0.11391212046146393","1609","1609","1609"
"161099","0.11415897309780121","0.11415897309780121","0.11415897309780121","1610","1610","1610"
"161199","0.10905532538890839","0.10905532538890839","0.10905532538890839","1611","1611","1611"
"161299","0.11694319546222687","0.11694319546222687","0.11694319546222687","1612","1612","1612"
"161399","0.11215490847826004","0.11215490847826004","0.11215490847826004","1613","1613","1613"
"161499","0.11190184950828552","0.11190184950828552","0.11190184950828552","1614","1614","1614"
"161599","0.12269460409879684","0.12269460409879684","0.12269460409879684","1615","1615","1615"
"161699","0.11933661997318268","0.11933661997318268","0.11933661997318268","1616","1616","1616"
"161799","0.11439624428749084","0.11439624428749084","0.11439624428749084","1617","1617","1617"
"161899","0.11860575526952744","0.11860575526952744","0.11860575526952744","1618","1618","1618"
"161999","0.11716102808713913","0.11716102808713913","0.11716102808713913","1619","1619","1619"
"162099","0.11521593481302261","0.11521593481302261","0.11521593481302261","1620","1620","1620"
"162199","0.10665065795183182","0.10665065795183182","0.10665065795183182","1621","1621","1621"
"162299","0.11280718445777893","0.11280718445777893","0.11280718445777893","1622","1622","1622"
"162399","0.11083336919546127","0.11083336919546127","0.11083336919546127","1623","1623","1623"
"162499","0.10993082076311111","0.10993082076311111","0.10993082076311111","1624","1624","1624"
"162599","0.11330457776784897","0.11330457776784897","0.11330457776784897","1625","1625","1625"
"162699","0.1134822741150856","0.1134822741150856","0.1134822741150856","1626","1626","1626"
"162799","0.11431292444467545","0.11431292444467545","0.11431292444467545","1627","1627","1627"
"162899","0.10900641977787018","0.10900641977787018","0.10900641977787018","1628","1628","1628"
"162999","0.11175458878278732","0.11175458878278732","0.11175458878278732","1629","1629","1629"
"163099","0.10904224961996078","0.10904224961996078","0.10904224961996078","1630","1630","1630"
"163199","0.1250602900981903","0.1250602900981903","0.1250602900981903","1631","1631","1631"
"163299","0.11590947210788727","0.11590947210788727","0.11590947210788727","1632","1632","1632"
"163399","0.10906559228897095","0.10906559228897095","0.10906559228897095","1633","1633","1633"
"163499","0.11220680177211761","0.11220680177211761","0.11220680177211761","1634","1634","1634"
"163599","0.1143772304058075","0.1143772304058075","0.1143772304058075","1635","1635","1635"
"163699","0.10876717418432236","0.10876717418432236","0.10876717418432236","1636","1636","1636"
"163799","0.11591722071170807","0.11591722071170807","0.11591722071170807","1637","1637","1637"
"163899","0.11435070633888245","0.11435070633888245","0.11435070633888245","1638","1638","1638"
"163999","0.11248786002397537","0.11248786002397537","0.11248786002397537","1639","1639","1639"
"164099","0.11596506834030151","0.11596506834030151","0.11596506834030151","1640","1640","1640"
"164199","0.113347128033638","0.113347128033638","0.113347128033638","1641","1641","1641"
"164299","0.11386522650718689","0.11386522650718689","0.11386522650718689","1642","1642","1642"
"164399","0.11417876929044724","0.11417876929044724","0.11417876929044724","1643","1643","1643"
"164499","0.11727620661258698","0.11727620661258698","0.11727620661258698","1644","1644","1644"
"164599","0.11385411024093628","0.11385411024093628","0.11385411024093628","1645","1645","1645"
"164699","0.10994435101747513","0.10994435101747513","0.10994435101747513","1646","1646","1646"
"164799","0.11166650801897049","0.11166650801897049","0.11166650801897049","1647","1647","1647"
"164899","0.11504706740379333","0.11504706740379333","0.11504706740379333","1648","1648","1648"
"164999","0.11322838068008423","0.11322838068008423","0.11322838068008423","1649","1649","1649"
"165099","0.11007406562566757","0.11007406562566757","0.11007406562566757","1650","1650","1650"
"165199","0.11649880558252335","0.11649880558252335","0.11649880558252335","1651","1651","1651"
"165299","0.11217694729566574","0.11217694729566574","0.11217694729566574","1652","1652","1652"
"165399","0.12611828744411469","0.12611828744411469","0.12611828744411469","1653","1653","1653"
"165499","0.11196979880332947","0.11196979880332947","0.11196979880332947","1654","1654","1654"
"165599","0.10946287959814072","0.10946287959814072","0.10946287959814072","1655","1655","1655"
"165699","0.11061602830886841","0.11061602830886841","0.11061602830886841","1656","1656","1656"
"165799","0.12063515186309814","0.12063515186309814","0.12063515186309814","1657","1657","1657"
"165899","0.11008471995592117","0.11008471995592117","0.11008471995592117","1658","1658","1658"
"165999","0.11776474863290787","0.11776474863290787","0.11776474863290787","1659","1659","1659"
"166099","0.12009815871715546","0.12009815871715546","0.12009815871715546","1660","1660","1660"
"166199","0.11247634142637253","0.11247634142637253","0.11247634142637253","1661","1661","1661"
"166299","0.1160743311047554","0.1160743311047554","0.1160743311047554","1662","1662","1662"
"166399","0.11623048782348633","0.11623048782348633","0.11623048782348633","1663","1663","1663"
"166499","0.1142251119017601","0.1142251119017601","0.1142251119017601","1664","1664","1664"
"166599","0.11660017818212509","0.11660017818212509","0.11660017818212509","1665","1665","1665"
"166699","0.11655187606811523","0.11655187606811523","0.11655187606811523","1666","1666","1666"
"166799","0.10674949735403061","0.10674949735403061","0.10674949735403061","1667","1667","1667"
"166899","0.1203732043504715","0.1203732043504715","0.1203732043504715","1668","1668","1668"
"166999","0.1117296814918518","0.1117296814918518","0.1117296814918518","1669","1669","1669"
"167099","0.11387799680233002","0.11387799680233002","0.11387799680233002","1670","1670","1670"
"167199","0.11497603356838226","0.11497603356838226","0.11497603356838226","1671","1671","1671"
"167299","0.11463858187198639","0.11463858187198639","0.11463858187198639","1672","1672","1672"
"167399","0.1083136573433876","0.1083136573433876","0.1083136573433876","1673","1673","1673"
"167499","0.10675159841775894","0.10675159841775894","0.10675159841775894","1674","1674","1674"
"167599","0.11563637107610703","0.11563637107610703","0.11563637107610703","1675","1675","1675"
"167699","0.11367352306842804","0.11367352306842804","0.11367352306842804","1676","1676","1676"
"167799","0.11369385570287704","0.11369385570287704","0.11369385570287704","1677","1677","1677"
"167899","0.11483494937419891","0.11483494937419891","0.11483494937419891","1678","1678","1678"
"167999","0.11412408947944641","0.11412408947944641","0.11412408947944641","1679","1679","1679"
"168099","0.10812526941299438","0.10812526941299438","0.10812526941299438","1680","1680","1680"
"168199","0.10776698589324951","0.10776698589324951","0.10776698589324951","1681","1681","1681"
"168299","0.11627858877182007","0.11627858877182007","0.11627858877182007","1682","1682","1682"
"168399","0.11130785197019577","0.11130785197019577","0.11130785197019577","1683","1683","1683"
"168499","0.1107940599322319","0.1107940599322319","0.1107940599322319","1684","1684","1684"
"168599","0.1178741529583931","0.1178741529583931","0.1178741529583931","1685","1685","1685"
"168699","0.10999640077352524","0.10999640077352524","0.10999640077352524","1686","1686","1686"
"168799","0.11459214240312576","0.11459214240312576","0.11459214240312576","1687","1687","1687"
"168899","0.11388932168483734","0.11388932168483734","0.11388932168483734","1688","1688","1688"
"168999","0.10762511938810349","0.10762511938810349","0.10762511938810349","1689","1689","1689"
"169099","0.11292609572410583","0.11292609572410583","0.11292609572410583","1690","1690","1690"
"169199","0.11848688870668411","0.11848688870668411","0.11848688870668411","1691","1691","1691"
"169299","0.11384127289056778","0.11384127289056778","0.11384127289056778","1692","1692","1692"
"169399","0.11635109037160873","0.11635109037160873","0.11635109037160873","1693","1693","1693"
"169499","0.11633072048425674","0.11633072048425674","0.11633072048425674","1694","1694","1694"
"169599","0.11587568372488022","0.11587568372488022","0.11587568372488022","1695","1695","1695"
"169699","0.1139458641409874","0.1139458641409874","0.1139458641409874","1696","1696","1696"
"169799","0.11977912485599518","0.11977912485599518","0.11977912485599518","1697","1697","1697"
"169899","0.11418671160936356","0.11418671160936356","0.11418671160936356","1698","1698","1698"
"169999","0.10650722682476044","0.10650722682476044","0.10650722682476044","1699","1699","1699"
"170099","0.112823486328125","0.112823486328125","0.112823486328125","1700","1700","1700"
"170199","0.11587908864021301","0.11587908864021301","0.11587908864021301","1701","1701","1701"
"170299","0.11530070751905441","0.11530070751905441","0.11530070751905441","1702","1702","1702"
"170399","0.11007088422775269","0.11007088422775269","0.11007088422775269","1703","1703","1703"
"170499","0.11429519206285477","0.11429519206285477","0.11429519206285477","1704","1704","1704"
"170599","0.1086522787809372","0.1086522787809372","0.1086522787809372","1705","1705","1705"
"170699","0.11256930977106094","0.11256930977106094","0.11256930977106094","1706","1706","1706"
"170799","0.11366761475801468","0.11366761475801468","0.11366761475801468","1707","1707","1707"
"170899","0.1147778183221817","0.1147778183221817","0.1147778183221817","1708","1708","1708"
"170999","0.11496145278215408","0.11496145278215408","0.11496145278215408","1709","1709","1709"
"171099","0.11352482438087463","0.11352482438087463","0.11352482438087463","1710","1710","1710"
"171199","0.11533935368061066","0.11533935368061066","0.11533935368061066","1711","1711","1711"
"171299","0.10606572777032852","0.10606572777032852","0.10606572777032852","1712","1712","1712"
"171399","0.11872104555368423","0.11872104555368423","0.11872104555368423","1713","1713","1713"
"171499","0.10852697491645813","0.10852697491645813","0.10852697491645813","1714","1714","1714"
"171599","0.10733158141374588","0.10733158141374588","0.10733158141374588","1715","1715","1715"
"171699","0.11471065133810043","0.11471065133810043","0.11471065133810043","1716","1716","1716"
"171799","0.11314970254898071","0.11314970254898071","0.11314970254898071","1717","1717","1717"
"171899","0.11112086474895477","0.11112086474895477","0.11112086474895477","1718","1718","1718"
"171999","0.10734682530164719","0.10734682530164719","0.10734682530164719","1719","1719","1719"
"172099","0.11002364754676819","0.11002364754676819","0.11002364754676819","1720","1720","1720"
"172199","0.11799127608537674","0.11799127608537674","0.11799127608537674","1721","1721","1721"
"172299","0.11274238675832748","0.11274238675832748","0.11274238675832748","1722","1722","1722"
"172399","0.11574353277683258","0.11574353277683258","0.11574353277683258","1723","1723","1723"
"172499","0.1050768792629242","0.1050768792629242","0.1050768792629242","1724","1724","1724"
"172599","0.11400812119245529","0.11400812119245529","0.11400812119245529","1725","1725","1725"
"172699","0.10255524516105652","0.10255524516105652","0.10255524516105652","1726","1726","1726"
"172799","0.1121465265750885","0.1121465265750885","0.1121465265750885","1727","1727","1727"
"172899","0.11824838817119598","0.11824838817119598","0.11824838817119598","1728","1728","1728"
"172999","0.11299566179513931","0.11299566179513931","0.11299566179513931","1729","1729","1729"
"173099","0.11390070617198944","0.11390070617198944","0.11390070617198944","1730","1730","1730"
"173199","0.10416671633720398","0.10416671633720398","0.10416671633720398","1731","1731","1731"
"173299","0.12058355659246445","0.12058355659246445","0.12058355659246445","1732","1732","1732"
"173399","0.11388903856277466","0.11388903856277466","0.11388903856277466","1733","1733","1733"
"173499","0.11764679104089737","0.11764679104089737","0.11764679104089737","1734","1734","1734"
"173599","0.1136978343129158","0.1136978343129158","0.1136978343129158","1735","1735","1735"
"173699","0.11472044140100479","0.11472044140100479","0.11472044140100479","1736","1736","1736"
"173799","0.10995559394359589","0.10995559394359589","0.10995559394359589","1737","1737","1737"
"173899","0.11353714764118195","0.11353714764118195","0.11353714764118195","1738","1738","1738"
"173999","0.1145523265004158","0.1145523265004158","0.1145523265004158","1739","1739","1739"
"174099","0.11265993118286133","0.11265993118286133","0.11265993118286133","1740","1740","1740"
"174199","0.10945829004049301","0.10945829004049301","0.10945829004049301","1741","1741","1741"
"174299","0.11736403405666351","0.11736403405666351","0.11736403405666351","1742","1742","1742"
"174399","0.11651495099067688","0.11651495099067688","0.11651495099067688","1743","1743","1743"
"174499","0.11420554667711258","0.11420554667711258","0.11420554667711258","1744","1744","1744"
"174599","0.11071711033582687","0.11071711033582687","0.11071711033582687","1745","1745","1745"
"174699","0.11757633835077286","0.11757633835077286","0.11757633835077286","1746","1746","1746"
"174799","0.11432240903377533","0.11432240903377533","0.11432240903377533","1747","1747","1747"
"174899","0.11461678147315979","0.11461678147315979","0.11461678147315979","1748","1748","1748"
"174999","0.1113026961684227","0.1113026961684227","0.1113026961684227","1749","1749","1749"
"175099","0.10949826240539551","0.10949826240539551","0.10949826240539551","1750","1750","1750"
"175199","0.11181699484586716","0.11181699484586716","0.11181699484586716","1751","1751","1751"
"175299","0.11164411157369614","0.11164411157369614","0.11164411157369614","1752","1752","1752"
"175399","0.11271661520004272","0.11271661520004272","0.11271661520004272","1753","1753","1753"
"175499","0.1132783368229866","0.1132783368229866","0.1132783368229866","1754","1754","1754"
"175599","0.11509615182876587","0.11509615182876587","0.11509615182876587","1755","1755","1755"
"175699","0.11285288631916046","0.11285288631916046","0.11285288631916046","1756","1756","1756"
"175799","0.11502159386873245","0.11502159386873245","0.11502159386873245","1757","1757","1757"
"175899","0.1114291176199913","0.1114291176199913","0.1114291176199913","1758","1758","1758"
"175999","0.11289382725954056","0.11289382725954056","0.11289382725954056","1759","1759","1759"
"176099","0.11781313270330429","0.11781313270330429","0.11781313270330429","1760","1760","1760"
"176199","0.11514037102460861","0.11514037102460861","0.11514037102460861","1761","1761","1761"
"176299","0.11789605021476746","0.11789605021476746","0.11789605021476746","1762","1762","1762"
"176399","0.10757144540548325","0.10757144540548325","0.10757144540548325","1763","1763","1763"
"176499","0.11202441900968552","0.11202441900968552","0.11202441900968552","1764","1764","1764"
"176599","0.10991814732551575","0.10991814732551575","0.10991814732551575","1765","1765","1765"
"176699","0.11974126100540161","0.11974126100540161","0.11974126100540161","1766","1766","1766"
"176799","0.11513307690620422","0.11513307690620422","0.11513307690620422","1767","1767","1767"
"176899","0.11131315678358078","0.11131315678358078","0.11131315678358078","1768","1768","1768"
"176999","0.11069164425134659","0.11069164425134659","0.11069164425134659","1769","1769","1769"
"177099","0.10921324789524078","0.10921324789524078","0.10921324789524078","1770","1770","1770"
"177199","0.11337976902723312","0.11337976902723312","0.11337976902723312","1771","1771","1771"
"177299","0.11287885159254074","0.11287885159254074","0.11287885159254074","1772","1772","1772"
"177399","0.11201169341802597","0.11201169341802597","0.11201169341802597","1773","1773","1773"
"177499","0.11345202475786209","0.11345202475786209","0.11345202475786209","1774","1774","1774"
"177599","0.11534225940704346","0.11534225940704346","0.11534225940704346","1775","1775","1775"
"177699","0.11702212691307068","0.11702212691307068","0.11702212691307068","1776","1776","1776"
"177799","0.1165250837802887","0.1165250837802887","0.1165250837802887","1777","1777","1777"
"177899","0.11147870868444443","0.11147870868444443","0.11147870868444443","1778","1778","1778"
"177999","0.11388833820819855","0.11388833820819855","0.11388833820819855","1779","1779","1779"
"178099","0.11120260506868362","0.11120260506868362","0.11120260506868362","1780","1780","1780"
"178199","0.11205042153596878","0.11205042153596878","0.11205042153596878","1781","1781","1781"
"178299","0.11309505999088287","0.11309505999088287","0.11309505999088287","1782","1782","1782"
"178399","0.11268164962530136","0.11268164962530136","0.11268164962530136","1783","1783","1783"
"178499","0.10660238564014435","0.10660238564014435","0.10660238564014435","1784","1784","1784"
"178599","0.1153821125626564","0.1153821125626564","0.1153821125626564","1785","1785","1785"
"178699","0.11141065508127213","0.11141065508127213","0.11141065508127213","1786","1786","1786"
"178799","0.11462505906820297","0.11462505906820297","0.11462505906820297","1787","1787","1787"
"178899","0.11596325784921646","0.11596325784921646","0.11596325784921646","1788","1788","1788"
"178999","0.11336704343557358","0.11336704343557358","0.11336704343557358","1789","1789","1789"
"179099","0.11938360333442688","0.11938360333442688","0.11938360333442688","1790","1790","1790"
"179199","0.11833887547254562","0.11833887547254562","0.11833887547254562","1791","1791","1791"
"179299","0.11021121591329575","0.11021121591329575","0.11021121591329575","1792","1792","1792"
"179399","0.11340218782424927","0.11340218782424927","0.11340218782424927","1793","1793","1793"
"179499","0.11705423146486282","0.11705423146486282","0.11705423146486282","1794","1794","1794"
"179599","0.11398086696863174","0.11398086696863174","0.11398086696863174","1795","1795","1795"
"179699","0.10852522403001785","0.10852522403001785","0.10852522403001785","1796","1796","1796"
"179799","0.11228740960359573","0.11228740960359573","0.11228740960359573","1797","1797","1797"
"179899","0.11649075895547867","0.11649075895547867","0.11649075895547867","1798","1798","1798"
"179999","0.11919927597045898","0.11919927597045898","0.11919927597045898","1799","1799","1799"
"180099","0.10860391706228256","0.10860391706228256","0.10860391706228256","1800","1800","1800"
"180199","0.11205781251192093","0.11205781251192093","0.11205781251192093","1801","1801","1801"
"180299","0.1182403564453125","0.1182403564453125","0.1182403564453125","1802","1802","1802"
"180399","0.11539099365472794","0.11539099365472794","0.11539099365472794","1803","1803","1803"
"180499","0.11694198101758957","0.11694198101758957","0.11694198101758957","1804","1804","1804"
"180599","0.1151987686753273","0.1151987686753273","0.1151987686753273","1805","1805","1805"
"180699","0.11748995631933212","0.11748995631933212","0.11748995631933212","1806","1806","1806"
"180799","0.11726655066013336","0.11726655066013336","0.11726655066013336","1807","1807","1807"
"180899","0.1133311539888382","0.1133311539888382","0.1133311539888382","1808","1808","1808"
"180999","0.1059870570898056","0.1059870570898056","0.1059870570898056","1809","1809","1809"
"181099","0.10957662761211395","0.10957662761211395","0.10957662761211395","1810","1810","1810"
"181199","0.10969306528568268","0.10969306528568268","0.10969306528568268","1811","1811","1811"
"181299","0.11505473405122757","0.11505473405122757","0.11505473405122757","1812","1812","1812"
"181399","0.10870234668254852","0.10870234668254852","0.10870234668254852","1813","1813","1813"
"181499","0.10658132284879684","0.10658132284879684","0.10658132284879684","1814","1814","1814"
"181599","0.11248406022787094","0.11248406022787094","0.11248406022787094","1815","1815","1815"
"181699","0.11065272241830826","0.11065272241830826","0.11065272241830826","1816","1816","1816"
"181799","0.11520247161388397","0.11520247161388397","0.11520247161388397","1817","1817","1817"
"181899","0.11542025953531265","0.11542025953531265","0.11542025953531265","1818","1818","1818"
"181999","0.11554864048957825","0.11554864048957825","0.11554864048957825","1819","1819","1819"
"182099","0.1060931459069252","0.1060931459069252","0.1060931459069252","1820","1820","1820"
"182199","0.10624385625123978","0.10624385625123978","0.10624385625123978","1821","1821","1821"
"182299","0.11902543902397156","0.11902543902397156","0.11902543902397156","1822","1822","1822"
"182399","0.11125500500202179","0.11125500500202179","0.11125500500202179","1823","1823","1823"
"182499","0.11747539788484573","0.11747539788484573","0.11747539788484573","1824","1824","1824"
"182599","0.11373718082904816","0.11373718082904816","0.11373718082904816","1825","1825","1825"
"182699","0.11603531241416931","0.11603531241416931","0.11603531241416931","1826","1826","1826"
"182799","0.11153445392847061","0.11153445392847061","0.11153445392847061","1827","1827","1827"
"182899","0.11590438336133957","0.11590438336133957","0.11590438336133957","1828","1828","1828"
"182999","0.10738341510295868","0.10738341510295868","0.10738341510295868","1829","1829","1829"
"183099","0.11405018717050552","0.11405018717050552","0.11405018717050552","1830","1830","1830"
"183199","0.1115245595574379","0.1115245595574379","0.1115245595574379","1831","1831","1831"
"183299","0.10662379115819931","0.10662379115819931","0.10662379115819931","1832","1832","1832"
"183399","0.11103285104036331","0.11103285104036331","0.11103285104036331","1833","1833","1833"
"183499","0.10753718763589859","0.10753718763589859","0.10753718763589859","1834","1834","1834"
"183599","0.11387059092521667","0.11387059092521667","0.11387059092521667","1835","1835","1835"
"183699","0.11407477408647537","0.11407477408647537","0.11407477408647537","1836","1836","1836"
"183799","0.11447759717702866","0.11447759717702866","0.11447759717702866","1837","1837","1837"
"183899","0.1071050614118576","0.1071050614118576","0.1071050614118576","1838","1838","1838"
"183999","0.11428681761026382","0.11428681761026382","0.11428681761026382","1839","1839","1839"
"184099","0.10719004273414612","0.10719004273414612","0.10719004273414612","1840","1840","1840"
"184199","0.10822755843400955","0.10822755843400955","0.10822755843400955","1841","1841","1841"
"184299","0.11396845430135727","0.11396845430135727","0.11396845430135727","1842","1842","1842"
"184399","0.10566055029630661","0.10566055029630661","0.10566055029630661","1843","1843","1843"
"184499","0.11332764476537704","0.11332764476537704","0.11332764476537704","1844","1844","1844"
"184599","0.1084488108754158","0.1084488108754158","0.1084488108754158","1845","1845","1845"
"184699","0.1150488406419754","0.1150488406419754","0.1150488406419754","1846","1846","1846"
"184799","0.11372455954551697","0.11372455954551697","0.11372455954551697","1847","1847","1847"
"184899","0.11752655357122421","0.11752655357122421","0.11752655357122421","1848","1848","1848"
"184999","0.11577723920345306","0.11577723920345306","0.11577723920345306","1849","1849","1849"
"185099","0.11196205019950867","0.11196205019950867","0.11196205019950867","1850","1850","1850"
"185199","0.10989554226398468","0.10989554226398468","0.10989554226398468","1851","1851","1851"
"185299","0.1146097332239151","0.1146097332239151","0.1146097332239151","1852","1852","1852"
"185399","0.1147434413433075","0.1147434413433075","0.1147434413433075","1853","1853","1853"
"185499","0.1098293662071228","0.1098293662071228","0.1098293662071228","1854","1854","1854"
"185599","0.11154428869485855","0.11154428869485855","0.11154428869485855","1855","1855","1855"
"185699","0.11629381775856018","0.11629381775856018","0.11629381775856018","1856","1856","1856"
"185799","0.11005119979381561","0.11005119979381561","0.11005119979381561","1857","1857","1857"
"185899","0.1117883175611496","0.1117883175611496","0.1117883175611496","1858","1858","1858"
"185999","0.11779989302158356","0.11779989302158356","0.11779989302158356","1859","1859","1859"
"186099","0.11659315973520279","0.11659315973520279","0.11659315973520279","1860","1860","1860"
"186199","0.10968586057424545","0.10968586057424545","0.10968586057424545","1861","1861","1861"
"186299","0.11458656936883926","0.11458656936883926","0.11458656936883926","1862","1862","1862"
"186399","0.11372154206037521","0.11372154206037521","0.11372154206037521","1863","1863","1863"
"186499","0.11687426269054413","0.11687426269054413","0.11687426269054413","1864","1864","1864"
"186599","0.11071964353322983","0.11071964353322983","0.11071964353322983","1865","1865","1865"
"186699","0.11966682225465775","0.11966682225465775","0.11966682225465775","1866","1866","1866"
"186799","0.11919976025819778","0.11919976025819778","0.11919976025819778","1867","1867","1867"
"186899","0.11634904146194458","0.11634904146194458","0.11634904146194458","1868","1868","1868"
"186999","0.10819981247186661","0.10819981247186661","0.10819981247186661","1869","1869","1869"
"187099","0.10984116792678833","0.10984116792678833","0.10984116792678833","1870","1870","1870"
"187199","0.11328458040952682","0.11328458040952682","0.11328458040952682","1871","1871","1871"
"187299","0.12100937962532043","0.12100937962532043","0.12100937962532043","1872","1872","1872"
"187399","0.11765548586845398","0.11765548586845398","0.11765548586845398","1873","1873","1873"
"187499","0.11321348696947098","0.11321348696947098","0.11321348696947098","1874","1874","1874"
"187599","0.11331641674041748","0.11331641674041748","0.11331641674041748","1875","1875","1875"
"187699","0.11191333085298538","0.11191333085298538","0.11191333085298538","1876","1876","1876"
"187799","0.1159929633140564","0.1159929633140564","0.1159929633140564","1877","1877","1877"
"187899","0.11481501162052155","0.11481501162052155","0.11481501162052155","1878","1878","1878"
"187999","0.10838967561721802","0.10838967561721802","0.10838967561721802","1879","1879","1879"
"188099","0.1147371307015419","0.1147371307015419","0.1147371307015419","1880","1880","1880"
"188199","0.11812236160039902","0.11812236160039902","0.11812236160039902","1881","1881","1881"
"188299","0.10965918004512787","0.10965918004512787","0.10965918004512787","1882","1882","1882"
"188399","0.12331528961658478","0.12331528961658478","0.12331528961658478","1883","1883","1883"
"188499","0.11202254146337509","0.11202254146337509","0.11202254146337509","1884","1884","1884"
"188599","0.11138498783111572","0.11138498783111572","0.11138498783111572","1885","1885","1885"
"188699","0.11120890080928802","0.11120890080928802","0.11120890080928802","1886","1886","1886"
"188799","0.11192642897367477","0.11192642897367477","0.11192642897367477","1887","1887","1887"
"188899","0.11596693098545074","0.11596693098545074","0.11596693098545074","1888","1888","1888"
"188999","0.10663004964590073","0.10663004964590073","0.10663004964590073","1889","1889","1889"
"189099","0.11408891528844833","0.11408891528844833","0.11408891528844833","1890","1890","1890"
"189199","0.1069919615983963","0.1069919615983963","0.1069919615983963","1891","1891","1891"
"189299","0.11500207334756851","0.11500207334756851","0.11500207334756851","1892","1892","1892"
"189399","0.11414534598588943","0.11414534598588943","0.11414534598588943","1893","1893","1893"
"189499","0.1092488095164299","0.1092488095164299","0.1092488095164299","1894","1894","1894"
"189599","0.11117563396692276","0.11117563396692276","0.11117563396692276","1895","1895","1895"
"189699","0.11025196313858032","0.11025196313858032","0.11025196313858032","1896","1896","1896"
"189799","0.1162443459033966","0.1162443459033966","0.1162443459033966","1897","1897","1897"
"189899","0.11221610009670258","0.11221610009670258","0.11221610009670258","1898","1898","1898"
"189999","0.11431121826171875","0.11431121826171875","0.11431121826171875","1899","1899","1899"
"190099","0.11295672506093979","0.11295672506093979","0.11295672506093979","1900","1900","1900"
"190199","0.11925061047077179","0.11925061047077179","0.11925061047077179","1901","1901","1901"
"190299","0.11543025821447372","0.11543025821447372","0.11543025821447372","1902","1902","1902"
"190399","0.11497968435287476","0.11497968435287476","0.11497968435287476","1903","1903","1903"
"190499","0.1134742796421051","0.1134742796421051","0.1134742796421051","1904","1904","1904"
"190599","0.11043070256710052","0.11043070256710052","0.11043070256710052","1905","1905","1905"
"190699","0.11320816725492477","0.11320816725492477","0.11320816725492477","1906","1906","1906"
"190799","0.10929203033447266","0.10929203033447266","0.10929203033447266","1907","1907","1907"
"190899","0.11785052716732025","0.11785052716732025","0.11785052716732025","1908","1908","1908"
"190999","0.11334957182407379","0.11334957182407379","0.11334957182407379","1909","1909","1909"
"191099","0.10983144491910934","0.10983144491910934","0.10983144491910934","1910","1910","1910"
"191199","0.11436093598604202","0.11436093598604202","0.11436093598604202","1911","1911","1911"
"191299","0.11480357497930527","0.11480357497930527","0.11480357497930527","1912","1912","1912"
"191399","0.11427118629217148","0.11427118629217148","0.11427118629217148","1913","1913","1913"
"191499","0.120876744389534","0.120876744389534","0.120876744389534","1914","1914","1914"
"191599","0.11293582618236542","0.11293582618236542","0.11293582618236542","1915","1915","1915"
"191699","0.1088051125407219","0.1088051125407219","0.1088051125407219","1916","1916","1916"
"191799","0.11034273356199265","0.11034273356199265","0.11034273356199265","1917","1917","1917"
"191899","0.11028733104467392","0.11028733104467392","0.11028733104467392","1918","1918","1918"
"191999","0.10649945586919785","0.10649945586919785","0.10649945586919785","1919","1919","1919"
"192099","0.11421018838882446","0.11421018838882446","0.11421018838882446","1920","1920","1920"
"192199","0.11450134217739105","0.11450134217739105","0.11450134217739105","1921","1921","1921"
"192299","0.11146809160709381","0.11146809160709381","0.11146809160709381","1922","1922","1922"
"192399","0.11021310836076736","0.11021310836076736","0.11021310836076736","1923","1923","1923"
"192499","0.10557433217763901","0.10557433217763901","0.10557433217763901","1924","1924","1924"
"192599","0.11380434781312943","0.11380434781312943","0.11380434781312943","1925","1925","1925"
"192699","0.11078546941280365","0.11078546941280365","0.11078546941280365","1926","1926","1926"
"192799","0.11242551356554031","0.11242551356554031","0.11242551356554031","1927","1927","1927"
"192899","0.11434894800186157","0.11434894800186157","0.11434894800186157","1928","1928","1928"
"192999","0.11405637860298157","0.11405637860298157","0.11405637860298157","1929","1929","1929"
"193099","0.115049809217453","0.115049809217453","0.115049809217453","1930","1930","1930"
"193199","0.10869022458791733","0.10869022458791733","0.10869022458791733","1931","1931","1931"
"193299","0.11212644726037979","0.11212644726037979","0.11212644726037979","1932","1932","1932"
"193399","0.11369968950748444","0.11369968950748444","0.11369968950748444","1933","1933","1933"
"193499","0.11360952258110046","0.11360952258110046","0.11360952258110046","1934","1934","1934"
"193599","0.11421305686235428","0.11421305686235428","0.11421305686235428","1935","1935","1935"
"193699","0.11447809636592865","0.11447809636592865","0.11447809636592865","1936","1936","1936"
"193799","0.11046897619962692","0.11046897619962692","0.11046897619962692","1937","1937","1937"
"193899","0.1128760427236557","0.1128760427236557","0.1128760427236557","1938","1938","1938"
"193999","0.12021438777446747","0.12021438777446747","0.12021438777446747","1939","1939","1939"
"194099","0.11767588555812836","0.11767588555812836","0.11767588555812836","1940","1940","1940"
"194199","0.10972923040390015","0.10972923040390015","0.10972923040390015","1941","1941","1941"
"194299","0.1106363907456398","0.1106363907456398","0.1106363907456398","1942","1942","1942"
"194399","0.11027009785175323","0.11027009785175323","0.11027009785175323","1943","1943","1943"
"194499","0.11100848764181137","0.11100848764181137","0.11100848764181137","1944","1944","1944"
"194599","0.11240425705909729","0.11240425705909729","0.11240425705909729","1945","1945","1945"
"194699","0.10813319683074951","0.10813319683074951","0.10813319683074951","1946","1946","1946"
"194799","0.11227457225322723","0.11227457225322723","0.11227457225322723","1947","1947","1947"
"194899","0.11061577498912811","0.11061577498912811","0.11061577498912811","1948","1948","1948"
"194999","0.10780351608991623","0.10780351608991623","0.10780351608991623","1949","1949","1949"
"195099","0.10852383822202682","0.10852383822202682","0.10852383822202682","1950","1950","1950"
"195199","0.11132143437862396","0.11132143437862396","0.11132143437862396","1951","1951","1951"
"195299","0.11745847761631012","0.11745847761631012","0.11745847761631012","1952","1952","1952"
"195399","0.10853277891874313","0.10853277891874313","0.10853277891874313","1953","1953","1953"
"195499","0.10712713748216629","0.10712713748216629","0.10712713748216629","1954","1954","1954"
"195599","0.11618431657552719","0.11618431657552719","0.11618431657552719","1955","1955","1955"
"195699","0.11529991775751114","0.11529991775751114","0.11529991775751114","1956","1956","1956"
"195799","0.117352195084095","0.117352195084095","0.117352195084095","1957","1957","1957"
"195899","0.11224908381700516","0.11224908381700516","0.11224908381700516","1958","1958","1958"
"195999","0.11725832521915436","0.11725832521915436","0.11725832521915436","1959","1959","1959"
"196099","0.11830452084541321","0.11830452084541321","0.11830452084541321","1960","1960","1960"
"196199","0.1219809353351593","0.1219809353351593","0.1219809353351593","1961","1961","1961"
"196299","0.11386444419622421","0.11386444419622421","0.11386444419622421","1962","1962","1962"
"196399","0.11316952109336853","0.11316952109336853","0.11316952109336853","1963","1963","1963"
"196499","0.1112818494439125","0.1112818494439125","0.1112818494439125","1964","1964","1964"
"196599","0.1110726073384285","0.1110726073384285","0.1110726073384285","1965","1965","1965"
"196699","0.11570969223976135","0.11570969223976135","0.11570969223976135","1966","1966","1966"
"196799","0.11704782396554947","0.11704782396554947","0.11704782396554947","1967","1967","1967"
"196899","0.11123844981193542","0.11123844981193542","0.11123844981193542","1968","1968","1968"
"196999","0.10996165126562119","0.10996165126562119","0.10996165126562119","1969","1969","1969"
"197099","0.11470436304807663","0.11470436304807663","0.11470436304807663","1970","1970","1970"
"197199","0.11412586271762848","0.11412586271762848","0.11412586271762848","1971","1971","1971"
"197299","0.11072796583175659","0.11072796583175659","0.11072796583175659","1972","1972","1972"
"197399","0.11054044961929321","0.11054044961929321","0.11054044961929321","1973","1973","1973"
"197499","0.10661084204912186","0.10661084204912186","0.10661084204912186","1974","1974","1974"
"197599","0.11156889796257019","0.11156889796257019","0.11156889796257019","1975","1975","1975"
"197699","0.11896698921918869","0.11896698921918869","0.11896698921918869","1976","1976","1976"
"197799","0.11267474293708801","0.11267474293708801","0.11267474293708801","1977","1977","1977"
"197899","0.11789187788963318","0.11789187788963318","0.11789187788963318","1978","1978","1978"
"197999","0.11914019286632538","0.11914019286632538","0.11914019286632538","1979","1979","1979"
"198099","0.11643297970294952","0.11643297970294952","0.11643297970294952","1980","1980","1980"
"198199","0.10851944983005524","0.10851944983005524","0.10851944983005524","1981","1981","1981"
"198299","0.12134313583374023","0.12134313583374023","0.12134313583374023","1982","1982","1982"
"198399","0.11167556792497635","0.11167556792497635","0.11167556792497635","1983","1983","1983"
"198499","0.11327781528234482","0.11327781528234482","0.11327781528234482","1984","1984","1984"
"198599","0.11851915717124939","0.11851915717124939","0.11851915717124939","1985","1985","1985"
"198699","0.11411606520414352","0.11411606520414352","0.11411606520414352","1986","1986","1986"
"198799","0.1142856627702713","0.1142856627702713","0.1142856627702713","1987","1987","1987"
"198899","0.12091438472270966","0.12091438472270966","0.12091438472270966","1988","1988","1988"
"198999","0.12072497606277466","0.12072497606277466","0.12072497606277466","1989","1989","1989"
"199099","0.11416666209697723","0.11416666209697723","0.11416666209697723","1990","1990","1990"
"199199","0.11039141565561295","0.11039141565561295","0.11039141565561295","1991","1991","1991"
"199299","0.11161288619041443","0.11161288619041443","0.11161288619041443","1992","1992","1992"
"199399","0.11810914427042007","0.11810914427042007","0.11810914427042007","1993","1993","1993"
"199499","0.11494371294975281","0.11494371294975281","0.11494371294975281","1994","1994","1994"
"199599","0.11983790993690491","0.11983790993690491","0.11983790993690491","1995","1995","1995"
"199699","0.11675256490707397","0.11675256490707397","0.11675256490707397","1996","1996","1996"
"199799","0.1075085699558258","0.1075085699558258","0.1075085699558258","1997","1997","1997"
"199899","0.11472715437412262","0.11472715437412262","0.11472715437412262","1998","1998","1998"
"199999","0.11526701599359512","0.11526701599359512","0.11526701599359512","1999","1999","1999"
"200099","0.11045990884304047","0.11045990884304047","0.11045990884304047","2000","2000","2000"
"200199","0.10696344822645187","0.10696344822645187","0.10696344822645187","2001","2001","2001"
"200299","0.11325826495885849","0.11325826495885849","0.11325826495885849","2002","2002","2002"
"200399","0.1176101416349411","0.1176101416349411","0.1176101416349411","2003","2003","2003"
"200499","0.1169566661119461","0.1169566661119461","0.1169566661119461","2004","2004","2004"
"200599","0.11825095862150192","0.11825095862150192","0.11825095862150192","2005","2005","2005"
"200699","0.11624788492918015","0.11624788492918015","0.11624788492918015","2006","2006","2006"
"200799","0.11233639717102051","0.11233639717102051","0.11233639717102051","2007","2007","2007"
"200899","0.12116430699825287","0.12116430699825287","0.12116430699825287","2008","2008","2008"
"200999","0.1144111379981041","0.1144111379981041","0.1144111379981041","2009","2009","2009"
"201099","0.11127569526433945","0.11127569526433945","0.11127569526433945","2010","2010","2010"
"201199","0.116742342710495","0.116742342710495","0.116742342710495","2011","2011","2011"
"201299","0.11158516258001328","0.11158516258001328","0.11158516258001328","2012","2012","2012"
"201399","0.10941047966480255","0.10941047966480255","0.10941047966480255","2013","2013","2013"
"201499","0.11406342685222626","0.11406342685222626","0.11406342685222626","2014","2014","2014"
"201599","0.10894231498241425","0.10894231498241425","0.10894231498241425","2015","2015","2015"
"201699","0.11534062772989273","0.11534062772989273","0.11534062772989273","2016","2016","2016"
"201799","0.11266722530126572","0.11266722530126572","0.11266722530126572","2017","2017","2017"
"201899","0.11732259392738342","0.11732259392738342","0.11732259392738342","2018","2018","2018"
"201999","0.11023981124162674","0.11023981124162674","0.11023981124162674","2019","2019","2019"
"202099","0.11143559217453003","0.11143559217453003","0.11143559217453003","2020","2020","2020"
"202199","0.11387916654348373","0.11387916654348373","0.11387916654348373","2021","2021","2021"
"202299","0.1115478128194809","0.1115478128194809","0.1115478128194809","2022","2022","2022"
"202399","0.115195631980896","0.115195631980896","0.115195631980896","2023","2023","2023"
"202499","0.10710357874631882","0.10710357874631882","0.10710357874631882","2024","2024","2024"
"202599","0.10940554738044739","0.10940554738044739","0.10940554738044739","2025","2025","2025"
"202699","0.11459745466709137","0.11459745466709137","0.11459745466709137","2026","2026","2026"
"202799","0.11560922116041183","0.11560922116041183","0.11560922116041183","2027","2027","2027"
"202899","0.10855618119239807","0.10855618119239807","0.10855618119239807","2028","2028","2028"
"202999","0.11535810679197311","0.11535810679197311","0.11535810679197311","2029","2029","2029"
"203099","0.11758613586425781","0.11758613586425781","0.11758613586425781","2030","2030","2030"
"203199","0.11315105110406876","0.11315105110406876","0.11315105110406876","2031","2031","2031"
"203299","0.108893983066082","0.108893983066082","0.108893983066082","2032","2032","2032"
"203399","0.11132268607616425","0.11132268607616425","0.11132268607616425","2033","2033","2033"
"203499","0.1107654944062233","0.1107654944062233","0.1107654944062233","2034","2034","2034"
"203599","0.11015353351831436","0.11015353351831436","0.11015353351831436","2035","2035","2035"
"203699","0.11587297916412354","0.11587297916412354","0.11587297916412354","2036","2036","2036"
"203799","0.1100643053650856","0.1100643053650856","0.1100643053650856","2037","2037","2037"
"203899","0.10788474977016449","0.10788474977016449","0.10788474977016449","2038","2038","2038"
"203999","0.11564546823501587","0.11564546823501587","0.11564546823501587","2039","2039","2039"
"204099","0.11106742918491364","0.11106742918491364","0.11106742918491364","2040","2040","2040"
"204199","0.11441908776760101","0.11441908776760101","0.11441908776760101","2041","2041","2041"
"204299","0.11489042639732361","0.11489042639732361","0.11489042639732361","2042","2042","2042"
"204399","0.1111823171377182","0.1111823171377182","0.1111823171377182","2043","2043","2043"
"204499","0.11636357754468918","0.11636357754468918","0.11636357754468918","2044","2044","2044"
"204599","0.10878320038318634","0.10878320038318634","0.10878320038318634","2045","2045","2045"
"204699","0.11047301441431046","0.11047301441431046","0.11047301441431046","2046","2046","2046"
"204799","0.11422663182020187","0.11422663182020187","0.11422663182020187","2047","2047","2047"
"204899","0.11275426298379898","0.11275426298379898","0.11275426298379898","2048","2048","2048"
"204999","0.11231172829866409","0.11231172829866409","0.11231172829866409","2049","2049","2049"
"205099","0.11307352781295776","0.11307352781295776","0.11307352781295776","2050","2050","2050"
"205199","0.11285588890314102","0.11285588890314102","0.11285588890314102","2051","2051","2051"
"205299","0.11205271631479263","0.11205271631479263","0.11205271631479263","2052","2052","2052"
"205399","0.106849305331707","0.106849305331707","0.106849305331707","2053","2053","2053"
"205499","0.11638082563877106","0.11638082563877106","0.11638082563877106","2054","2054","2054"
"205599","0.11649423092603683","0.11649423092603683","0.11649423092603683","2055","2055","2055"
"205699","0.11366067081689835","0.11366067081689835","0.11366067081689835","2056","2056","2056"
"205799","0.10958117991685867","0.10958117991685867","0.10958117991685867","2057","2057","2057"
"205899","0.10992860794067383","0.10992860794067383","0.10992860794067383","2058","2058","2058"
"205999","0.11178454756736755","0.11178454756736755","0.11178454756736755","2059","2059","2059"
"206099","0.11080193519592285","0.11080193519592285","0.11080193519592285","2060","2060","2060"
"206199","0.11011651158332825","0.11011651158332825","0.11011651158332825","2061","2061","2061"
"206299","0.11336050182580948","0.11336050182580948","0.11336050182580948","2062","2062","2062"
"206399","0.11127381771802902","0.11127381771802902","0.11127381771802902","2063","2063","2063"
"206499","0.10960166901350021","0.10960166901350021","0.10960166901350021","2064","2064","2064"
"206599","0.11261220276355743","0.11261220276355743","0.11261220276355743","2065","2065","2065"
"206699","0.11458432674407959","0.11458432674407959","0.11458432674407959","2066","2066","2066"
"206799","0.11220777779817581","0.11220777779817581","0.11220777779817581","2067","2067","2067"
"206899","0.11242207139730453","0.11242207139730453","0.11242207139730453","2068","2068","2068"
"206999","0.11117149889469147","0.11117149889469147","0.11117149889469147","2069","2069","2069"
"207099","0.11170433461666107","0.11170433461666107","0.11170433461666107","2070","2070","2070"
"207199","0.1215200200676918","0.1215200200676918","0.1215200200676918","2071","2071","2071"
"207299","0.1052689179778099","0.1052689179778099","0.1052689179778099","2072","2072","2072"
"207399","0.11571832001209259","0.11571832001209259","0.11571832001209259","2073","2073","2073"
"207499","0.11658560484647751","0.11658560484647751","0.11658560484647751","2074","2074","2074"
"207599","0.10769430547952652","0.10769430547952652","0.10769430547952652","2075","2075","2075"
"207699","0.11212921887636185","0.11212921887636185","0.11212921887636185","2076","2076","2076"
"207799","0.11578048765659332","0.11578048765659332","0.11578048765659332","2077","2077","2077"
"207899","0.11266832053661346","0.11266832053661346","0.11266832053661346","2078","2078","2078"
"207999","0.11585688591003418","0.11585688591003418","0.11585688591003418","2079","2079","2079"
"208099","0.11192259192466736","0.11192259192466736","0.11192259192466736","2080","2080","2080"
"208199","0.11598894000053406","0.11598894000053406","0.11598894000053406","2081","2081","2081"
"208299","0.10950548946857452","0.10950548946857452","0.10950548946857452","2082","2082","2082"
"208399","0.11287262290716171","0.11287262290716171","0.11287262290716171","2083","2083","2083"
"208499","0.11142280697822571","0.11142280697822571","0.11142280697822571","2084","2084","2084"
"208599","0.11062631011009216","0.11062631011009216","0.11062631011009216","2085","2085","2085"
"208699","0.11714845895767212","0.11714845895767212","0.11714845895767212","2086","2086","2086"
"208799","0.11101824790239334","0.11101824790239334","0.11101824790239334","2087","2087","2087"
"208899","0.11202195286750793","0.11202195286750793","0.11202195286750793","2088","2088","2088"
"208999","0.1131942942738533","0.1131942942738533","0.1131942942738533","2089","2089","2089"
"209099","0.11457592993974686","0.11457592993974686","0.11457592993974686","2090","2090","2090"
"209199","0.11114175617694855","0.11114175617694855","0.11114175617694855","2091","2091","2091"
"209299","0.11220816522836685","0.11220816522836685","0.11220816522836685","2092","2092","2092"
"209399","0.11595730483531952","0.11595730483531952","0.11595730483531952","2093","2093","2093"
"209499","0.10806240141391754","0.10806240141391754","0.10806240141391754","2094","2094","2094"
"209599","0.11863882839679718","0.11863882839679718","0.11863882839679718","2095","2095","2095"
"209699","0.11226820200681686","0.11226820200681686","0.11226820200681686","2096","2096","2096"
"209799","0.11394552886486053","0.11394552886486053","0.11394552886486053","2097","2097","2097"
"209899","0.11814166605472565","0.11814166605472565","0.11814166605472565","2098","2098","2098"
"209999","0.11900097876787186","0.11900097876787186","0.11900097876787186","2099","2099","2099"
"210099","0.11394230276346207","0.11394230276346207","0.11394230276346207","2100","2100","2100"
"210199","0.11092519760131836","0.11092519760131836","0.11092519760131836","2101","2101","2101"
"210299","0.1074853390455246","0.1074853390455246","0.1074853390455246","2102","2102","2102"
"210399","0.1087418645620346","0.1087418645620346","0.1087418645620346","2103","2103","2103"
"210499","0.11877014487981796","0.11877014487981796","0.11877014487981796","2104","2104","2104"
"210599","0.11689160764217377","0.11689160764217377","0.11689160764217377","2105","2105","2105"
"210699","0.11128060519695282","0.11128060519695282","0.11128060519695282","2106","2106","2106"
"210799","0.11782198399305344","0.11782198399305344","0.11782198399305344","2107","2107","2107"
"210899","0.11291226744651794","0.11291226744651794","0.11291226744651794","2108","2108","2108"
"210999","0.11378586292266846","0.11378586292266846","0.11378586292266846","2109","2109","2109"
"211099","0.10813546925783157","0.10813546925783157","0.10813546925783157","2110","2110","2110"
"211199","0.11970637738704681","0.11970637738704681","0.11970637738704681","2111","2111","2111"
"211299","0.1078726276755333","0.1078726276755333","0.1078726276755333","2112","2112","2112"
"211399","0.11776255071163177","0.11776255071163177","0.11776255071163177","2113","2113","2113"
"211499","0.11013904213905334","0.11013904213905334","0.11013904213905334","2114","2114","2114"
"211599","0.11281460523605347","0.11281460523605347","0.11281460523605347","2115","2115","2115"
"211699","0.11548060923814774","0.11548060923814774","0.11548060923814774","2116","2116","2116"
"211799","0.11492643505334854","0.11492643505334854","0.11492643505334854","2117","2117","2117"
"211899","0.11355806887149811","0.11355806887149811","0.11355806887149811","2118","2118","2118"
"211999","0.11501716822385788","0.11501716822385788","0.11501716822385788","2119","2119","2119"
"212099","0.10974365472793579","0.10974365472793579","0.10974365472793579","2120","2120","2120"
"212199","0.115167036652565","0.115167036652565","0.115167036652565","2121","2121","2121"
"212299","0.12158171832561493","0.12158171832561493","0.12158171832561493","2122","2122","2122"
"212399","0.11165323853492737","0.11165323853492737","0.11165323853492737","2123","2123","2123"
"212499","0.11924832314252853","0.11924832314252853","0.11924832314252853","2124","2124","2124"
"212599","0.11280043423175812","0.11280043423175812","0.11280043423175812","2125","2125","2125"
"212699","0.11414039134979248","0.11414039134979248","0.11414039134979248","2126","2126","2126"
"212799","0.12034953385591507","0.12034953385591507","0.12034953385591507","2127","2127","2127"
"212899","0.11428676545619965","0.11428676545619965","0.11428676545619965","2128","2128","2128"
"212999","0.1144624724984169","0.1144624724984169","0.1144624724984169","2129","2129","2129"
"213099","0.11732162535190582","0.11732162535190582","0.11732162535190582","2130","2130","2130"
"213199","0.11871695518493652","0.11871695518493652","0.11871695518493652","2131","2131","2131"
"213299","0.10909615457057953","0.10909615457057953","0.10909615457057953","2132","2132","2132"
"213399","0.10865233838558197","0.10865233838558197","0.10865233838558197","2133","2133","2133"
"213499","0.11399699747562408","0.11399699747562408","0.11399699747562408","2134","2134","2134"
"213599","0.11858728528022766","0.11858728528022766","0.11858728528022766","2135","2135","2135"
"213699","0.11550512909889221","0.11550512909889221","0.11550512909889221","2136","2136","2136"
"213799","0.1134842112660408","0.1134842112660408","0.1134842112660408","2137","2137","2137"
"213899","0.10887961089611053","0.10887961089611053","0.10887961089611053","2138","2138","2138"
"213999","0.11149921268224716","0.11149921268224716","0.11149921268224716","2139","2139","2139"
"214099","0.11326487362384796","0.11326487362384796","0.11326487362384796","2140","2140","2140"
"214199","0.11672031134366989","0.11672031134366989","0.11672031134366989","2141","2141","2141"
"214299","0.11186732351779938","0.11186732351779938","0.11186732351779938","2142","2142","2142"
"214399","0.11203861236572266","0.11203861236572266","0.11203861236572266","2143","2143","2143"
"214499","0.11611192673444748","0.11611192673444748","0.11611192673444748","2144","2144","2144"
"214599","0.11319150030612946","0.11319150030612946","0.11319150030612946","2145","2145","2145"
"214699","0.11792610585689545","0.11792610585689545","0.11792610585689545","2146","2146","2146"
"214799","0.11056483536958694","0.11056483536958694","0.11056483536958694","2147","2147","2147"
"214899","0.10930279642343521","0.10930279642343521","0.10930279642343521","2148","2148","2148"
"214999","0.11337055265903473","0.11337055265903473","0.11337055265903473","2149","2149","2149"
"215099","0.109257772564888","0.109257772564888","0.109257772564888","2150","2150","2150"
"215199","0.11263739317655563","0.11263739317655563","0.11263739317655563","2151","2151","2151"
"215299","0.11583554744720459","0.11583554744720459","0.11583554744720459","2152","2152","2152"
"215399","0.11025379598140717","0.11025379598140717","0.11025379598140717","2153","2153","2153"
"215499","0.11242083460092545","0.11242083460092545","0.11242083460092545","2154","2154","2154"
"215599","0.11688800901174545","0.11688800901174545","0.11688800901174545","2155","2155","2155"
"215699","0.11993087828159332","0.11993087828159332","0.11993087828159332","2156","2156","2156"
"215799","0.11620756983757019","0.11620756983757019","0.11620756983757019","2157","2157","2157"
"215899","0.11912216246128082","0.11912216246128082","0.11912216246128082","2158","2158","2158"
"215999","0.11240490525960922","0.11240490525960922","0.11240490525960922","2159","2159","2159"
"216099","0.10854409635066986","0.10854409635066986","0.10854409635066986","2160","2160","2160"
"216199","0.10895795375108719","0.10895795375108719","0.10895795375108719","2161","2161","2161"
"216299","0.11252905428409576","0.11252905428409576","0.11252905428409576","2162","2162","2162"
"216399","0.10846339166164398","0.10846339166164398","0.10846339166164398","2163","2163","2163"
"216499","0.10652410238981247","0.10652410238981247","0.10652410238981247","2164","2164","2164"
"216599","0.11272478103637695","0.11272478103637695","0.11272478103637695","2165","2165","2165"
"216699","0.11739151179790497","0.11739151179790497","0.11739151179790497","2166","2166","2166"
"216799","0.11316563189029694","0.11316563189029694","0.11316563189029694","2167","2167","2167"
"216899","0.10995542258024216","0.10995542258024216","0.10995542258024216","2168","2168","2168"
"216999","0.11158391833305359","0.11158391833305359","0.11158391833305359","2169","2169","2169"
"217099","0.1152368038892746","0.1152368038892746","0.1152368038892746","2170","2170","2170"
"217199","0.10728076100349426","0.10728076100349426","0.10728076100349426","2171","2171","2171"
"217299","0.113807313144207","0.113807313144207","0.113807313144207","2172","2172","2172"
"217399","0.11651978641748428","0.11651978641748428","0.11651978641748428","2173","2173","2173"
"217499","0.11787562072277069","0.11787562072277069","0.11787562072277069","2174","2174","2174"
"217599","0.11285950243473053","0.11285950243473053","0.11285950243473053","2175","2175","2175"
"217699","0.11184055358171463","0.11184055358171463","0.11184055358171463","2176","2176","2176"
"217799","0.1112343966960907","0.1112343966960907","0.1112343966960907","2177","2177","2177"
"217899","0.11533746868371964","0.11533746868371964","0.11533746868371964","2178","2178","2178"
"217999","0.11539500951766968","0.11539500951766968","0.11539500951766968","2179","2179","2179"
"218099","0.11297308653593063","0.11297308653593063","0.11297308653593063","2180","2180","2180"
"218199","0.10979612171649933","0.10979612171649933","0.10979612171649933","2181","2181","2181"
"218299","0.12484576553106308","0.12484576553106308","0.12484576553106308","2182","2182","2182"
"218399","0.10672304779291153","0.10672304779291153","0.10672304779291153","2183","2183","2183"
"218499","0.10679551959037781","0.10679551959037781","0.10679551959037781","2184","2184","2184"
"218599","0.11030198633670807","0.11030198633670807","0.11030198633670807","2185","2185","2185"
"218699","0.11155197769403458","0.11155197769403458","0.11155197769403458","2186","2186","2186"
"218799","0.11419118940830231","0.11419118940830231","0.11419118940830231","2187","2187","2187"
"218899","0.11806660145521164","0.11806660145521164","0.11806660145521164","2188","2188","2188"
"218999","0.11553508043289185","0.11553508043289185","0.11553508043289185","2189","2189","2189"
"219099","0.10934215039014816","0.10934215039014816","0.10934215039014816","2190","2190","2190"
"219199","0.11615880578756332","0.11615880578756332","0.11615880578756332","2191","2191","2191"
"219299","0.11802370101213455","0.11802370101213455","0.11802370101213455","2192","2192","2192"
"219399","0.10985211282968521","0.10985211282968521","0.10985211282968521","2193","2193","2193"
"219499","0.11279477924108505","0.11279477924108505","0.11279477924108505","2194","2194","2194"
"219599","0.11587318032979965","0.11587318032979965","0.11587318032979965","2195","2195","2195"
"219699","0.10914257168769836","0.10914257168769836","0.10914257168769836","2196","2196","2196"
"219799","0.10817892104387283","0.10817892104387283","0.10817892104387283","2197","2197","2197"
"219899","0.11026614904403687","0.11026614904403687","0.11026614904403687","2198","2198","2198"
"219999","0.11404404789209366","0.11404404789209366","0.11404404789209366","2199","2199","2199"
"220099","0.11655443161725998","0.11655443161725998","0.11655443161725998","2200","2200","2200"
"220199","0.11146391928195953","0.11146391928195953","0.11146391928195953","2201","2201","2201"
"220299","0.11307093501091003","0.11307093501091003","0.11307093501091003","2202","2202","2202"
"220399","0.1194852739572525","0.1194852739572525","0.1194852739572525","2203","2203","2203"
"220499","0.10979537665843964","0.10979537665843964","0.10979537665843964","2204","2204","2204"
"220599","0.1137835904955864","0.1137835904955864","0.1137835904955864","2205","2205","2205"
"220699","0.11103885620832443","0.11103885620832443","0.11103885620832443","2206","2206","2206"
"220799","0.10834577679634094","0.10834577679634094","0.10834577679634094","2207","2207","2207"
"220899","0.11005417257547379","0.11005417257547379","0.11005417257547379","2208","2208","2208"
"220999","0.107134610414505","0.107134610414505","0.107134610414505","2209","2209","2209"
"221099","0.11626989394426346","0.11626989394426346","0.11626989394426346","2210","2210","2210"
"221199","0.10964695364236832","0.10964695364236832","0.10964695364236832","2211","2211","2211"
"221299","0.11223889142274857","0.11223889142274857","0.11223889142274857","2212","2212","2212"
"221399","0.11978614330291748","0.11978614330291748","0.11978614330291748","2213","2213","2213"
"221499","0.11874961107969284","0.11874961107969284","0.11874961107969284","2214","2214","2214"
"221599","0.11264695972204208","0.11264695972204208","0.11264695972204208","2215","2215","2215"
"221699","0.11986483633518219","0.11986483633518219","0.11986483633518219","2216","2216","2216"
"221799","0.11492272466421127","0.11492272466421127","0.11492272466421127","2217","2217","2217"
"221899","0.10862138867378235","0.10862138867378235","0.10862138867378235","2218","2218","2218"
"221999","0.12033148109912872","0.12033148109912872","0.12033148109912872","2219","2219","2219"
"222099","0.11641715466976166","0.11641715466976166","0.11641715466976166","2220","2220","2220"
"222199","0.1054225042462349","0.1054225042462349","0.1054225042462349","2221","2221","2221"
"222299","0.11498215794563293","0.11498215794563293","0.11498215794563293","2222","2222","2222"
"222399","0.11318553239107132","0.11318553239107132","0.11318553239107132","2223","2223","2223"
"222499","0.11356788128614426","0.11356788128614426","0.11356788128614426","2224","2224","2224"
"222599","0.10670916736125946","0.10670916736125946","0.10670916736125946","2225","2225","2225"
"222699","0.11555160582065582","0.11555160582065582","0.11555160582065582","2226","2226","2226"
"222799","0.11500965058803558","0.11500965058803558","0.11500965058803558","2227","2227","2227"
"222899","0.11212519556283951","0.11212519556283951","0.11212519556283951","2228","2228","2228"
"222999","0.11487426608800888","0.11487426608800888","0.11487426608800888","2229","2229","2229"
"223099","0.10907723754644394","0.10907723754644394","0.10907723754644394","2230","2230","2230"
"223199","0.11065410077571869","0.11065410077571869","0.11065410077571869","2231","2231","2231"
"223299","0.12281569838523865","0.12281569838523865","0.12281569838523865","2232","2232","2232"
"223399","0.11600074172019958","0.11600074172019958","0.11600074172019958","2233","2233","2233"
"223499","0.11375892162322998","0.11375892162322998","0.11375892162322998","2234","2234","2234"
"223599","0.11557216197252274","0.11557216197252274","0.11557216197252274","2235","2235","2235"
"223699","0.11850307881832123","0.11850307881832123","0.11850307881832123","2236","2236","2236"
"223799","0.1149405688047409","0.1149405688047409","0.1149405688047409","2237","2237","2237"
"223899","0.11541499942541122","0.11541499942541122","0.11541499942541122","2238","2238","2238"
"223999","0.10837199538946152","0.10837199538946152","0.10837199538946152","2239","2239","2239"
"224099","0.11089576780796051","0.11089576780796051","0.11089576780796051","2240","2240","2240"
"224199","0.11403851956129074","0.11403851956129074","0.11403851956129074","2241","2241","2241"
"224299","0.10945308208465576","0.10945308208465576","0.10945308208465576","2242","2242","2242"
"224399","0.11218004673719406","0.11218004673719406","0.11218004673719406","2243","2243","2243"
"224499","0.10893525928258896","0.10893525928258896","0.10893525928258896","2244","2244","2244"
"224599","0.11181151866912842","0.11181151866912842","0.11181151866912842","2245","2245","2245"
"224699","0.11638588458299637","0.11638588458299637","0.11638588458299637","2246","2246","2246"
"224799","0.10852982848882675","0.10852982848882675","0.10852982848882675","2247","2247","2247"
"224899","0.11578357964754105","0.11578357964754105","0.11578357964754105","2248","2248","2248"
"224999","0.117331363260746","0.117331363260746","0.117331363260746","2249","2249","2249"
"225099","0.11456416547298431","0.11456416547298431","0.11456416547298431","2250","2250","2250"
"225199","0.11843094229698181","0.11843094229698181","0.11843094229698181","2251","2251","2251"
"225299","0.11124192178249359","0.11124192178249359","0.11124192178249359","2252","2252","2252"
"225399","0.11649708449840546","0.11649708449840546","0.11649708449840546","2253","2253","2253"
"225499","0.11387616395950317","0.11387616395950317","0.11387616395950317","2254","2254","2254"
"225599","0.116233229637146","0.116233229637146","0.116233229637146","2255","2255","2255"
"225699","0.11948780715465546","0.11948780715465546","0.11948780715465546","2256","2256","2256"
"225799","0.11046025156974792","0.11046025156974792","0.11046025156974792","2257","2257","2257"
"225899","0.11514122039079666","0.11514122039079666","0.11514122039079666","2258","2258","2258"
"225999","0.1146826297044754","0.1146826297044754","0.1146826297044754","2259","2259","2259"
"226099","0.10669536888599396","0.10669536888599396","0.10669536888599396","2260","2260","2260"
"226199","0.1138293668627739","0.1138293668627739","0.1138293668627739","2261","2261","2261"
"226299","0.11536864936351776","0.11536864936351776","0.11536864936351776","2262","2262","2262"
"226399","0.11547417938709259","0.11547417938709259","0.11547417938709259","2263","2263","2263"
"226499","0.11482401192188263","0.11482401192188263","0.11482401192188263","2264","2264","2264"
"226599","0.10807966440916061","0.10807966440916061","0.10807966440916061","2265","2265","2265"
"226699","0.11926664412021637","0.11926664412021637","0.11926664412021637","2266","2266","2266"
"226799","0.10889881104230881","0.10889881104230881","0.10889881104230881","2267","2267","2267"
"226899","0.10998809337615967","0.10998809337615967","0.10998809337615967","2268","2268","2268"
"226999","0.11168012768030167","0.11168012768030167","0.11168012768030167","2269","2269","2269"
"227099","0.10981272161006927","0.10981272161006927","0.10981272161006927","2270","2270","2270"
"227199","0.11173409968614578","0.11173409968614578","0.11173409968614578","2271","2271","2271"
"227299","0.11889747530221939","0.11889747530221939","0.11889747530221939","2272","2272","2272"
"227399","0.11312397569417953","0.11312397569417953","0.11312397569417953","2273","2273","2273"
"227499","0.10887149721384048","0.10887149721384048","0.10887149721384048","2274","2274","2274"
"227599","0.11523202806711197","0.11523202806711197","0.11523202806711197","2275","2275","2275"
"227699","0.111553855240345","0.111553855240345","0.111553855240345","2276","2276","2276"
"227799","0.11572792381048203","0.11572792381048203","0.11572792381048203","2277","2277","2277"
"227899","0.1052888035774231","0.1052888035774231","0.1052888035774231","2278","2278","2278"
"227999","0.10674833506345749","0.10674833506345749","0.10674833506345749","2279","2279","2279"
"228099","0.11180068552494049","0.11180068552494049","0.11180068552494049","2280","2280","2280"
"228199","0.11311093717813492","0.11311093717813492","0.11311093717813492","2281","2281","2281"
"228299","0.11401458084583282","0.11401458084583282","0.11401458084583282","2282","2282","2282"
"228399","0.1175408735871315","0.1175408735871315","0.1175408735871315","2283","2283","2283"
"228499","0.11017275601625443","0.11017275601625443","0.11017275601625443","2284","2284","2284"
"228599","0.11404481530189514","0.11404481530189514","0.11404481530189514","2285","2285","2285"
"228699","0.11733973771333694","0.11733973771333694","0.11733973771333694","2286","2286","2286"
"228799","0.10494831949472427","0.10494831949472427","0.10494831949472427","2287","2287","2287"
"228899","0.10692841559648514","0.10692841559648514","0.10692841559648514","2288","2288","2288"
"228999","0.11687526851892471","0.11687526851892471","0.11687526851892471","2289","2289","2289"
"229099","0.11630111187696457","0.11630111187696457","0.11630111187696457","2290","2290","2290"
"229199","0.11110614240169525","0.11110614240169525","0.11110614240169525","2291","2291","2291"
"229299","0.11062245070934296","0.11062245070934296","0.11062245070934296","2292","2292","2292"
"229399","0.11955370008945465","0.11955370008945465","0.11955370008945465","2293","2293","2293"
"229499","0.11871019750833511","0.11871019750833511","0.11871019750833511","2294","2294","2294"
"229599","0.11463054269552231","0.11463054269552231","0.11463054269552231","2295","2295","2295"
"229699","0.11256860196590424","0.11256860196590424","0.11256860196590424","2296","2296","2296"
"229799","0.1095125824213028","0.1095125824213028","0.1095125824213028","2297","2297","2297"
"229899","0.1178961992263794","0.1178961992263794","0.1178961992263794","2298","2298","2298"
"229999","0.11400505900382996","0.11400505900382996","0.11400505900382996","2299","2299","2299"
"230099","0.10799936950206757","0.10799936950206757","0.10799936950206757","2300","2300","2300"
"230199","0.1095389798283577","0.1095389798283577","0.1095389798283577","2301","2301","2301"
"230299","0.11525758355855942","0.11525758355855942","0.11525758355855942","2302","2302","2302"
"230399","0.11961198598146439","0.11961198598146439","0.11961198598146439","2303","2303","2303"
"230499","0.11115041375160217","0.11115041375160217","0.11115041375160217","2304","2304","2304"
"230599","0.11371546238660812","0.11371546238660812","0.11371546238660812","2305","2305","2305"
"230699","0.1178298220038414","0.1178298220038414","0.1178298220038414","2306","2306","2306"
"230799","0.11160512268543243","0.11160512268543243","0.11160512268543243","2307","2307","2307"
"230899","0.11380106955766678","0.11380106955766678","0.11380106955766678","2308","2308","2308"
"230999","0.1097845807671547","0.1097845807671547","0.1097845807671547","2309","2309","2309"
"231099","0.11677838861942291","0.11677838861942291","0.11677838861942291","2310","2310","2310"
"231199","0.1160469651222229","0.1160469651222229","0.1160469651222229","2311","2311","2311"
"231299","0.11244971305131912","0.11244971305131912","0.11244971305131912","2312","2312","2312"
"231399","0.11470584571361542","0.11470584571361542","0.11470584571361542","2313","2313","2313"
"231499","0.11489671468734741","0.11489671468734741","0.11489671468734741","2314","2314","2314"
"231599","0.11344586312770844","0.11344586312770844","0.11344586312770844","2315","2315","2315"
"231699","0.1148170679807663","0.1148170679807663","0.1148170679807663","2316","2316","2316"
"231799","0.11189776659011841","0.11189776659011841","0.11189776659011841","2317","2317","2317"
"231899","0.1147359162569046","0.1147359162569046","0.1147359162569046","2318","2318","2318"
"231999","0.11466681212186813","0.11466681212186813","0.11466681212186813","2319","2319","2319"
"232099","0.11472015827894211","0.11472015827894211","0.11472015827894211","2320","2320","2320"
"232199","0.11427536606788635","0.11427536606788635","0.11427536606788635","2321","2321","2321"
"232299","0.1054701879620552","0.1054701879620552","0.1054701879620552","2322","2322","2322"
"232399","0.11403893679380417","0.11403893679380417","0.11403893679380417","2323","2323","2323"
"232499","0.11246152967214584","0.11246152967214584","0.11246152967214584","2324","2324","2324"
"232599","0.10990134626626968","0.10990134626626968","0.10990134626626968","2325","2325","2325"
"232699","0.11513567715883255","0.11513567715883255","0.11513567715883255","2326","2326","2326"
"232799","0.10667499899864197","0.10667499899864197","0.10667499899864197","2327","2327","2327"
"232899","0.11696875840425491","0.11696875840425491","0.11696875840425491","2328","2328","2328"
"232999","0.1163681223988533","0.1163681223988533","0.1163681223988533","2329","2329","2329"
"233099","0.11269143968820572","0.11269143968820572","0.11269143968820572","2330","2330","2330"
"233199","0.1150251179933548","0.1150251179933548","0.1150251179933548","2331","2331","2331"
"233299","0.10988515615463257","0.10988515615463257","0.10988515615463257","2332","2332","2332"
"233399","0.11335093528032303","0.11335093528032303","0.11335093528032303","2333","2333","2333"
"233499","0.10942528396844864","0.10942528396844864","0.10942528396844864","2334","2334","2334"
"233599","0.11458245664834976","0.11458245664834976","0.11458245664834976","2335","2335","2335"
"233699","0.10541731864213943","0.10541731864213943","0.10541731864213943","2336","2336","2336"
"233799","0.10860434919595718","0.10860434919595718","0.10860434919595718","2337","2337","2337"
"233899","0.11021025478839874","0.11021025478839874","0.11021025478839874","2338","2338","2338"
"233999","0.1042160838842392","0.1042160838842392","0.1042160838842392","2339","2339","2339"
"234099","0.10856647044420242","0.10856647044420242","0.10856647044420242","2340","2340","2340"
"234199","0.12001330405473709","0.12001330405473709","0.12001330405473709","2341","2341","2341"
"234299","0.11917498707771301","0.11917498707771301","0.11917498707771301","2342","2342","2342"
"234399","0.10923528671264648","0.10923528671264648","0.10923528671264648","2343","2343","2343"
"234499","0.11665338277816772","0.11665338277816772","0.11665338277816772","2344","2344","2344"
"234599","0.10782524943351746","0.10782524943351746","0.10782524943351746","2345","2345","2345"
"234699","0.11195740848779678","0.11195740848779678","0.11195740848779678","2346","2346","2346"
"234799","0.11558786779642105","0.11558786779642105","0.11558786779642105","2347","2347","2347"
"234899","0.11514559388160706","0.11514559388160706","0.11514559388160706","2348","2348","2348"
"234999","0.11794256418943405","0.11794256418943405","0.11794256418943405","2349","2349","2349"
"235099","0.11256083846092224","0.11256083846092224","0.11256083846092224","2350","2350","2350"
"235199","0.11394801735877991","0.11394801735877991","0.11394801735877991","2351","2351","2351"
"235299","0.11643750220537186","0.11643750220537186","0.11643750220537186","2352","2352","2352"
"235399","0.11245342344045639","0.11245342344045639","0.11245342344045639","2353","2353","2353"
"235499","0.1126493513584137","0.1126493513584137","0.1126493513584137","2354","2354","2354"
"235599","0.11142397671937943","0.11142397671937943","0.11142397671937943","2355","2355","2355"
"235699","0.1156570166349411","0.1156570166349411","0.1156570166349411","2356","2356","2356"
"235799","0.11561816930770874","0.11561816930770874","0.11561816930770874","2357","2357","2357"
"235899","0.1193096935749054","0.1193096935749054","0.1193096935749054","2358","2358","2358"
"235999","0.11344500631093979","0.11344500631093979","0.11344500631093979","2359","2359","2359"
"236099","0.10762132704257965","0.10762132704257965","0.10762132704257965","2360","2360","2360"
"236199","0.11256260424852371","0.11256260424852371","0.11256260424852371","2361","2361","2361"
"236299","0.10987791419029236","0.10987791419029236","0.10987791419029236","2362","2362","2362"
"236399","0.11948505789041519","0.11948505789041519","0.11948505789041519","2363","2363","2363"
"236499","0.1094539687037468","0.1094539687037468","0.1094539687037468","2364","2364","2364"
"236599","0.11553172767162323","0.11553172767162323","0.11553172767162323","2365","2365","2365"
"236699","0.1151842474937439","0.1151842474937439","0.1151842474937439","2366","2366","2366"
"236799","0.11103473603725433","0.11103473603725433","0.11103473603725433","2367","2367","2367"
"236899","0.11267679184675217","0.11267679184675217","0.11267679184675217","2368","2368","2368"
"236999","0.11599612981081009","0.11599612981081009","0.11599612981081009","2369","2369","2369"
"237099","0.11214579641819","0.11214579641819","0.11214579641819","2370","2370","2370"
"237199","0.11501654982566833","0.11501654982566833","0.11501654982566833","2371","2371","2371"
"237299","0.11720134317874908","0.11720134317874908","0.11720134317874908","2372","2372","2372"
"237399","0.11604666709899902","0.11604666709899902","0.11604666709899902","2373","2373","2373"
"237499","0.12119415402412415","0.12119415402412415","0.12119415402412415","2374","2374","2374"
"237599","0.11678554862737656","0.11678554862737656","0.11678554862737656","2375","2375","2375"
"237699","0.11524546891450882","0.11524546891450882","0.11524546891450882","2376","2376","2376"
"237799","0.1117507666349411","0.1117507666349411","0.1117507666349411","2377","2377","2377"
"237899","0.10992066562175751","0.10992066562175751","0.10992066562175751","2378","2378","2378"
"237999","0.11487128585577011","0.11487128585577011","0.11487128585577011","2379","2379","2379"
"238099","0.10787754505872726","0.10787754505872726","0.10787754505872726","2380","2380","2380"
"238199","0.11635908484458923","0.11635908484458923","0.11635908484458923","2381","2381","2381"
"238299","0.11749593913555145","0.11749593913555145","0.11749593913555145","2382","2382","2382"
"238399","0.11662977188825607","0.11662977188825607","0.11662977188825607","2383","2383","2383"
"238499","0.1137339249253273","0.1137339249253273","0.1137339249253273","2384","2384","2384"
"238599","0.1086757630109787","0.1086757630109787","0.1086757630109787","2385","2385","2385"
"238699","0.11083013564348221","0.11083013564348221","0.11083013564348221","2386","2386","2386"
"238799","0.11399207264184952","0.11399207264184952","0.11399207264184952","2387","2387","2387"
"238899","0.11503662914037704","0.11503662914037704","0.11503662914037704","2388","2388","2388"
"238999","0.11158350855112076","0.11158350855112076","0.11158350855112076","2389","2389","2389"
"239099","0.1079159528017044","0.1079159528017044","0.1079159528017044","2390","2390","2390"
"239199","0.11511377990245819","0.11511377990245819","0.11511377990245819","2391","2391","2391"
"239299","0.11000154912471771","0.11000154912471771","0.11000154912471771","2392","2392","2392"
"239399","0.11223375797271729","0.11223375797271729","0.11223375797271729","2393","2393","2393"
"239499","0.10702204704284668","0.10702204704284668","0.10702204704284668","2394","2394","2394"
"239599","0.11252476274967194","0.11252476274967194","0.11252476274967194","2395","2395","2395"
"239699","0.10690190643072128","0.10690190643072128","0.10690190643072128","2396","2396","2396"
"239799","0.1102246344089508","0.1102246344089508","0.1102246344089508","2397","2397","2397"
"239899","0.11741700023412704","0.11741700023412704","0.11741700023412704","2398","2398","2398"
"239999","0.11190305650234222","0.11190305650234222","0.11190305650234222","2399","2399","2399"
"240099","0.11781224608421326","0.11781224608421326","0.11781224608421326","2400","2400","2400"
"240199","0.11078011989593506","0.11078011989593506","0.11078011989593506","2401","2401","2401"
"240299","0.11635862290859222","0.11635862290859222","0.11635862290859222","2402","2402","2402"
"240399","0.11380717903375626","0.11380717903375626","0.11380717903375626","2403","2403","2403"
"240499","0.1137387678027153","0.1137387678027153","0.1137387678027153","2404","2404","2404"
"240599","0.11547763645648956","0.11547763645648956","0.11547763645648956","2405","2405","2405"
"240699","0.11110343039035797","0.11110343039035797","0.11110343039035797","2406","2406","2406"
"240799","0.11701112985610962","0.11701112985610962","0.11701112985610962","2407","2407","2407"
"240899","0.11145459115505219","0.11145459115505219","0.11145459115505219","2408","2408","2408"
"240999","0.11003237962722778","0.11003237962722778","0.11003237962722778","2409","2409","2409"
"241099","0.11510129272937775","0.11510129272937775","0.11510129272937775","2410","2410","2410"
"241199","0.1165895089507103","0.1165895089507103","0.1165895089507103","2411","2411","2411"
"241299","0.11837628483772278","0.11837628483772278","0.11837628483772278","2412","2412","2412"
"241399","0.114435113966465","0.114435113966465","0.114435113966465","2413","2413","2413"
"241499","0.1129193976521492","0.1129193976521492","0.1129193976521492","2414","2414","2414"
"241599","0.10648084431886673","0.10648084431886673","0.10648084431886673","2415","2415","2415"
"241699","0.1177247017621994","0.1177247017621994","0.1177247017621994","2416","2416","2416"
"241799","0.11994228512048721","0.11994228512048721","0.11994228512048721","2417","2417","2417"
"241899","0.1092705950140953","0.1092705950140953","0.1092705950140953","2418","2418","2418"
"241999","0.11823812127113342","0.11823812127113342","0.11823812127113342","2419","2419","2419"
"242099","0.11574852466583252","0.11574852466583252","0.11574852466583252","2420","2420","2420"
"242199","0.11438272893428802","0.11438272893428802","0.11438272893428802","2421","2421","2421"
"242299","0.11211814731359482","0.11211814731359482","0.11211814731359482","2422","2422","2422"
"242399","0.1115124374628067","0.1115124374628067","0.1115124374628067","2423","2423","2423"
"242499","0.115065798163414","0.115065798163414","0.115065798163414","2424","2424","2424"
"242599","0.11047130078077316","0.11047130078077316","0.11047130078077316","2425","2425","2425"
"242699","0.11512895673513412","0.11512895673513412","0.11512895673513412","2426","2426","2426"
"242799","0.10941023379564285","0.10941023379564285","0.10941023379564285","2427","2427","2427"
"242899","0.11415037512779236","0.11415037512779236","0.11415037512779236","2428","2428","2428"
"242999","0.11523598432540894","0.11523598432540894","0.11523598432540894","2429","2429","2429"
"243099","0.1132325530052185","0.1132325530052185","0.1132325530052185","2430","2430","2430"
"243199","0.11493312567472458","0.11493312567472458","0.11493312567472458","2431","2431","2431"
"243299","0.11465990543365479","0.11465990543365479","0.11465990543365479","2432","2432","2432"
"243399","0.11560066044330597","0.11560066044330597","0.11560066044330597","2433","2433","2433"
"243499","0.11338434368371964","0.11338434368371964","0.11338434368371964","2434","2434","2434"
"243599","0.11378384381532669","0.11378384381532669","0.11378384381532669","2435","2435","2435"
"243699","0.11528801918029785","0.11528801918029785","0.11528801918029785","2436","2436","2436"
"243799","0.11314214020967484","0.11314214020967484","0.11314214020967484","2437","2437","2437"
"243899","0.10812229663133621","0.10812229663133621","0.10812229663133621","2438","2438","2438"
"243999","0.1138237938284874","0.1138237938284874","0.1138237938284874","2439","2439","2439"
"244099","0.11389698088169098","0.11389698088169098","0.11389698088169098","2440","2440","2440"
"244199","0.1087489202618599","0.1087489202618599","0.1087489202618599","2441","2441","2441"
"244299","0.11701232939958572","0.11701232939958572","0.11701232939958572","2442","2442","2442"
"244399","0.11528924107551575","0.11528924107551575","0.11528924107551575","2443","2443","2443"
"244499","0.11804857850074768","0.11804857850074768","0.11804857850074768","2444","2444","2444"
"244599","0.10684289783239365","0.10684289783239365","0.10684289783239365","2445","2445","2445"
"244699","0.12036336958408356","0.12036336958408356","0.12036336958408356","2446","2446","2446"
"244799","0.11128879338502884","0.11128879338502884","0.11128879338502884","2447","2447","2447"
"244899","0.11417777091264725","0.11417777091264725","0.11417777091264725","2448","2448","2448"
"244999","0.11575860530138016","0.11575860530138016","0.11575860530138016","2449","2449","2449"
"245099","0.11705304682254791","0.11705304682254791","0.11705304682254791","2450","2450","2450"
"245199","0.11512422561645508","0.11512422561645508","0.11512422561645508","2451","2451","2451"
"245299","0.11171011626720428","0.11171011626720428","0.11171011626720428","2452","2452","2452"
"245399","0.11459120362997055","0.11459120362997055","0.11459120362997055","2453","2453","2453"
"245499","0.10939944535493851","0.10939944535493851","0.10939944535493851","2454","2454","2454"
"245599","0.11095600575208664","0.11095600575208664","0.11095600575208664","2455","2455","2455"
"245699","0.11773950606584549","0.11773950606584549","0.11773950606584549","2456","2456","2456"
"245799","0.11442955583333969","0.11442955583333969","0.11442955583333969","2457","2457","2457"
"245899","0.11638044565916061","0.11638044565916061","0.11638044565916061","2458","2458","2458"
"245999","0.11799190938472748","0.11799190938472748","0.11799190938472748","2459","2459","2459"
"246099","0.11158587783575058","0.11158587783575058","0.11158587783575058","2460","2460","2460"
"246199","0.12159804254770279","0.12159804254770279","0.12159804254770279","2461","2461","2461"
"246299","0.11171255260705948","0.11171255260705948","0.11171255260705948","2462","2462","2462"
"246399","0.11303357779979706","0.11303357779979706","0.11303357779979706","2463","2463","2463"
"246499","0.10871988534927368","0.10871988534927368","0.10871988534927368","2464","2464","2464"
"246599","0.12027789652347565","0.12027789652347565","0.12027789652347565","2465","2465","2465"
"246699","0.11841873824596405","0.11841873824596405","0.11841873824596405","2466","2466","2466"
"246799","0.11076396703720093","0.11076396703720093","0.11076396703720093","2467","2467","2467"
"246899","0.11976956576108932","0.11976956576108932","0.11976956576108932","2468","2468","2468"
"246999","0.11331235617399216","0.11331235617399216","0.11331235617399216","2469","2469","2469"
"247099","0.11863093078136444","0.11863093078136444","0.11863093078136444","2470","2470","2470"
"247199","0.11190355569124222","0.11190355569124222","0.11190355569124222","2471","2471","2471"
"247299","0.12026366591453552","0.12026366591453552","0.12026366591453552","2472","2472","2472"
"247399","0.1129039078950882","0.1129039078950882","0.1129039078950882","2473","2473","2473"
"247499","0.11478965729475021","0.11478965729475021","0.11478965729475021","2474","2474","2474"
"247599","0.1105494499206543","0.1105494499206543","0.1105494499206543","2475","2475","2475"
"247699","0.11629364639520645","0.11629364639520645","0.11629364639520645","2476","2476","2476"
"247799","0.1171853318810463","0.1171853318810463","0.1171853318810463","2477","2477","2477"
"247899","0.11678538471460342","0.11678538471460342","0.11678538471460342","2478","2478","2478"
"247999","0.11732586473226547","0.11732586473226547","0.11732586473226547","2479","2479","2479"
"248099","0.11425434798002243","0.11425434798002243","0.11425434798002243","2480","2480","2480"
"248199","0.10920639336109161","0.10920639336109161","0.10920639336109161","2481","2481","2481"
"248299","0.11354847997426987","0.11354847997426987","0.11354847997426987","2482","2482","2482"
"248399","0.11662386357784271","0.11662386357784271","0.11662386357784271","2483","2483","2483"
"248499","0.10974765568971634","0.10974765568971634","0.10974765568971634","2484","2484","2484"
"248599","0.11605468392372131","0.11605468392372131","0.11605468392372131","2485","2485","2485"
"248699","0.11075010150671005","0.11075010150671005","0.11075010150671005","2486","2486","2486"
"248799","0.11343332380056381","0.11343332380056381","0.11343332380056381","2487","2487","2487"
"248899","0.11358316242694855","0.11358316242694855","0.11358316242694855","2488","2488","2488"
"248999","0.10749819874763489","0.10749819874763489","0.10749819874763489","2489","2489","2489"
"249099","0.11178106814622879","0.11178106814622879","0.11178106814622879","2490","2490","2490"
"249199","0.11180752515792847","0.11180752515792847","0.11180752515792847","2491","2491","2491"
"249299","0.1147753968834877","0.1147753968834877","0.1147753968834877","2492","2492","2492"
"249399","0.11492981761693954","0.11492981761693954","0.11492981761693954","2493","2493","2493"
"249499","0.1195063591003418","0.1195063591003418","0.1195063591003418","2494","2494","2494"
"249599","0.1157594844698906","0.1157594844698906","0.1157594844698906","2495","2495","2495"
"249699","0.11241267621517181","0.11241267621517181","0.11241267621517181","2496","2496","2496"
"249799","0.11213671416044235","0.11213671416044235","0.11213671416044235","2497","2497","2497"
"249899","0.11704058945178986","0.11704058945178986","0.11704058945178986","2498","2498","2498"
"249999","0.11082008481025696","0.11082008481025696","0.11082008481025696","2499","2499","2499"
"250099","0.10985560715198517","0.10985560715198517","0.10985560715198517","2500","2500","2500"
"250199","0.11069925874471664","0.11069925874471664","0.11069925874471664","2501","2501","2501"
"250299","0.12441881746053696","0.12441881746053696","0.12441881746053696","2502","2502","2502"
"250399","0.11126888543367386","0.11126888543367386","0.11126888543367386","2503","2503","2503"
"250499","0.11571039259433746","0.11571039259433746","0.11571039259433746","2504","2504","2504"
"250599","0.11583554744720459","0.11583554744720459","0.11583554744720459","2505","2505","2505"
"250699","0.11080560833215714","0.11080560833215714","0.11080560833215714","2506","2506","2506"
"250799","0.10765237361192703","0.10765237361192703","0.10765237361192703","2507","2507","2507"
"250899","0.11545014381408691","0.11545014381408691","0.11545014381408691","2508","2508","2508"
"250999","0.11769744008779526","0.11769744008779526","0.11769744008779526","2509","2509","2509"
"251099","0.11640409380197525","0.11640409380197525","0.11640409380197525","2510","2510","2510"
"251199","0.11315691471099854","0.11315691471099854","0.11315691471099854","2511","2511","2511"
"251299","0.11452046781778336","0.11452046781778336","0.11452046781778336","2512","2512","2512"
"251399","0.10835088044404984","0.10835088044404984","0.10835088044404984","2513","2513","2513"
"251499","0.11796099692583084","0.11796099692583084","0.11796099692583084","2514","2514","2514"
"251599","0.11322961747646332","0.11322961747646332","0.11322961747646332","2515","2515","2515"
"251699","0.10946723073720932","0.10946723073720932","0.10946723073720932","2516","2516","2516"
"251799","0.11369075626134872","0.11369075626134872","0.11369075626134872","2517","2517","2517"
"251899","0.11072616279125214","0.11072616279125214","0.11072616279125214","2518","2518","2518"
"251999","0.11725518107414246","0.11725518107414246","0.11725518107414246","2519","2519","2519"
"252099","0.11253833025693893","0.11253833025693893","0.11253833025693893","2520","2520","2520"
"252199","0.11085068434476852","0.11085068434476852","0.11085068434476852","2521","2521","2521"
"252299","0.11642399430274963","0.11642399430274963","0.11642399430274963","2522","2522","2522"
"252399","0.11446379125118256","0.11446379125118256","0.11446379125118256","2523","2523","2523"
"252499","0.11418716609477997","0.11418716609477997","0.11418716609477997","2524","2524","2524"
"252599","0.11190914362668991","0.11190914362668991","0.11190914362668991","2525","2525","2525"
"252699","0.11528851836919785","0.11528851836919785","0.11528851836919785","2526","2526","2526"
"252799","0.11806134879589081","0.11806134879589081","0.11806134879589081","2527","2527","2527"
"252899","0.1184864342212677","0.1184864342212677","0.1184864342212677","2528","2528","2528"
"252999","0.1100512444972992","0.1100512444972992","0.1100512444972992","2529","2529","2529"
"253099","0.11877685785293579","0.11877685785293579","0.11877685785293579","2530","2530","2530"
"253199","0.11083003133535385","0.11083003133535385","0.11083003133535385","2531","2531","2531"
"253299","0.11456332355737686","0.11456332355737686","0.11456332355737686","2532","2532","2532"
"253399","0.11439736932516098","0.11439736932516098","0.11439736932516098","2533","2533","2533"
"253499","0.11803241074085236","0.11803241074085236","0.11803241074085236","2534","2534","2534"
"253599","0.11686170846223831","0.11686170846223831","0.11686170846223831","2535","2535","2535"
"253699","0.11134083569049835","0.11134083569049835","0.11134083569049835","2536","2536","2536"
"253799","0.11617277562618256","0.11617277562618256","0.11617277562618256","2537","2537","2537"
"253899","0.11900746077299118","0.11900746077299118","0.11900746077299118","2538","2538","2538"
"253999","0.11534493416547775","0.11534493416547775","0.11534493416547775","2539","2539","2539"
"254099","0.11512825638055801","0.11512825638055801","0.11512825638055801","2540","2540","2540"
"254199","0.11021630465984344","0.11021630465984344","0.11021630465984344","2541","2541","2541"
"254299","0.10906705260276794","0.10906705260276794","0.10906705260276794","2542","2542","2542"
"254399","0.11411531269550323","0.11411531269550323","0.11411531269550323","2543","2543","2543"
"254499","0.110862597823143","0.110862597823143","0.110862597823143","2544","2544","2544"
"254599","0.11485230922698975","0.11485230922698975","0.11485230922698975","2545","2545","2545"
"254699","0.11366590857505798","0.11366590857505798","0.11366590857505798","2546","2546","2546"
"254799","0.10353581607341766","0.10353581607341766","0.10353581607341766","2547","2547","2547"
"254899","0.10961807519197464","0.10961807519197464","0.10961807519197464","2548","2548","2548"
"254999","0.10600534826517105","0.10600534826517105","0.10600534826517105","2549","2549","2549"
"255099","0.12033936381340027","0.12033936381340027","0.12033936381340027","2550","2550","2550"
"255199","0.11331629753112793","0.11331629753112793","0.11331629753112793","2551","2551","2551"
"255299","0.11292997002601624","0.11292997002601624","0.11292997002601624","2552","2552","2552"
"255399","0.1116325855255127","0.1116325855255127","0.1116325855255127","2553","2553","2553"
"255499","0.11368262767791748","0.11368262767791748","0.11368262767791748","2554","2554","2554"
"255599","0.11992062628269196","0.11992062628269196","0.11992062628269196","2555","2555","2555"
"255699","0.11726368218660355","0.11726368218660355","0.11726368218660355","2556","2556","2556"
"255799","0.11777359992265701","0.11777359992265701","0.11777359992265701","2557","2557","2557"
"255899","0.11696882545948029","0.11696882545948029","0.11696882545948029","2558","2558","2558"
"255999","0.11310756206512451","0.11310756206512451","0.11310756206512451","2559","2559","2559"
"256099","0.10638517886400223","0.10638517886400223","0.10638517886400223","2560","2560","2560"
"256199","0.11179754883050919","0.11179754883050919","0.11179754883050919","2561","2561","2561"
"256299","0.10957148671150208","0.10957148671150208","0.10957148671150208","2562","2562","2562"
"256399","0.1141413077712059","0.1141413077712059","0.1141413077712059","2563","2563","2563"
"256499","0.11327092349529266","0.11327092349529266","0.11327092349529266","2564","2564","2564"
"256599","0.11386896669864655","0.11386896669864655","0.11386896669864655","2565","2565","2565"
"256699","0.11296070367097855","0.11296070367097855","0.11296070367097855","2566","2566","2566"
"256799","0.10997458547353745","0.10997458547353745","0.10997458547353745","2567","2567","2567"
"256899","0.11424058675765991","0.11424058675765991","0.11424058675765991","2568","2568","2568"
"256999","0.11967171728610992","0.11967171728610992","0.11967171728610992","2569","2569","2569"
"257099","0.12007463723421097","0.12007463723421097","0.12007463723421097","2570","2570","2570"
"257199","0.11696312576532364","0.11696312576532364","0.11696312576532364","2571","2571","2571"
"257299","0.11448753625154495","0.11448753625154495","0.11448753625154495","2572","2572","2572"
"257399","0.12006418406963348","0.12006418406963348","0.12006418406963348","2573","2573","2573"
"257499","0.11812695115804672","0.11812695115804672","0.11812695115804672","2574","2574","2574"
"257599","0.11030654609203339","0.11030654609203339","0.11030654609203339","2575","2575","2575"
"257699","0.11108547449111938","0.11108547449111938","0.11108547449111938","2576","2576","2576"
"257799","0.11763820797204971","0.11763820797204971","0.11763820797204971","2577","2577","2577"
"257899","0.10930468142032623","0.10930468142032623","0.10930468142032623","2578","2578","2578"
"257999","0.11666670441627502","0.11666670441627502","0.11666670441627502","2579","2579","2579"
"258099","0.1142255961894989","0.1142255961894989","0.1142255961894989","2580","2580","2580"
"258199","0.11639578640460968","0.11639578640460968","0.11639578640460968","2581","2581","2581"
"258299","0.10822805762290955","0.10822805762290955","0.10822805762290955","2582","2582","2582"
"258399","0.11633916944265366","0.11633916944265366","0.11633916944265366","2583","2583","2583"
"258499","0.11543905735015869","0.11543905735015869","0.11543905735015869","2584","2584","2584"
"258599","0.11910676956176758","0.11910676956176758","0.11910676956176758","2585","2585","2585"
"258699","0.11754178255796432","0.11754178255796432","0.11754178255796432","2586","2586","2586"
"258799","0.11152198165655136","0.11152198165655136","0.11152198165655136","2587","2587","2587"
"258899","0.11355208605527878","0.11355208605527878","0.11355208605527878","2588","2588","2588"
"258999","0.11156351864337921","0.11156351864337921","0.11156351864337921","2589","2589","2589"
"259099","0.11276116967201233","0.11276116967201233","0.11276116967201233","2590","2590","2590"
"259199","0.11092539131641388","0.11092539131641388","0.11092539131641388","2591","2591","2591"
"259299","0.11311135441064835","0.11311135441064835","0.11311135441064835","2592","2592","2592"
"259399","0.10739917308092117","0.10739917308092117","0.10739917308092117","2593","2593","2593"
"259499","0.11235842108726501","0.11235842108726501","0.11235842108726501","2594","2594","2594"
"259599","0.11995525658130646","0.11995525658130646","0.11995525658130646","2595","2595","2595"
"259699","0.10840238630771637","0.10840238630771637","0.10840238630771637","2596","2596","2596"
"259799","0.113262839615345","0.113262839615345","0.113262839615345","2597","2597","2597"
"259899","0.11552711576223373","0.11552711576223373","0.11552711576223373","2598","2598","2598"
"259999","0.11816117912530899","0.11816117912530899","0.11816117912530899","2599","2599","2599"
"260099","0.11299216747283936","0.11299216747283936","0.11299216747283936","2600","2600","2600"
"260199","0.11483978480100632","0.11483978480100632","0.11483978480100632","2601","2601","2601"
"260299","0.11576873809099197","0.11576873809099197","0.11576873809099197","2602","2602","2602"
"260399","0.11726401746273041","0.11726401746273041","0.11726401746273041","2603","2603","2603"
"260499","0.11334894597530365","0.11334894597530365","0.11334894597530365","2604","2604","2604"
"260599","0.12180376797914505","0.12180376797914505","0.12180376797914505","2605","2605","2605"
"260699","0.1070621982216835","0.1070621982216835","0.1070621982216835","2606","2606","2606"
"260799","0.11198663711547852","0.11198663711547852","0.11198663711547852","2607","2607","2607"
"260899","0.11850380152463913","0.11850380152463913","0.11850380152463913","2608","2608","2608"
"260999","0.10965349525213242","0.10965349525213242","0.10965349525213242","2609","2609","2609"
"261099","0.11651519685983658","0.11651519685983658","0.11651519685983658","2610","2610","2610"
"261199","0.11718687415122986","0.11718687415122986","0.11718687415122986","2611","2611","2611"
"261299","0.10389646142721176","0.10389646142721176","0.10389646142721176","2612","2612","2612"
"261399","0.10881853848695755","0.10881853848695755","0.10881853848695755","2613","2613","2613"
"261499","0.11507291346788406","0.11507291346788406","0.11507291346788406","2614","2614","2614"
"261599","0.11337669938802719","0.11337669938802719","0.11337669938802719","2615","2615","2615"
"261699","0.11927878111600876","0.11927878111600876","0.11927878111600876","2616","2616","2616"
"261799","0.11749245971441269","0.11749245971441269","0.11749245971441269","2617","2617","2617"
"261899","0.11615128815174103","0.11615128815174103","0.11615128815174103","2618","2618","2618"
"261999","0.10705449432134628","0.10705449432134628","0.10705449432134628","2619","2619","2619"
"262099","0.11182167381048203","0.11182167381048203","0.11182167381048203","2620","2620","2620"
"262199","0.11643537878990173","0.11643537878990173","0.11643537878990173","2621","2621","2621"
"262299","0.11457926779985428","0.11457926779985428","0.11457926779985428","2622","2622","2622"
"262399","0.10934097319841385","0.10934097319841385","0.10934097319841385","2623","2623","2623"
"262499","0.11298863589763641","0.11298863589763641","0.11298863589763641","2624","2624","2624"
"262599","0.11398806422948837","0.11398806422948837","0.11398806422948837","2625","2625","2625"
"262699","0.11482436209917068","0.11482436209917068","0.11482436209917068","2626","2626","2626"
"262799","0.11559721827507019","0.11559721827507019","0.11559721827507019","2627","2627","2627"
"262899","0.10825834423303604","0.10825834423303604","0.10825834423303604","2628","2628","2628"
"262999","0.10923142731189728","0.10923142731189728","0.10923142731189728","2629","2629","2629"
"263099","0.110221266746521","0.110221266746521","0.110221266746521","2630","2630","2630"
"263199","0.11303023248910904","0.11303023248910904","0.11303023248910904","2631","2631","2631"
"263299","0.11366396397352219","0.11366396397352219","0.11366396397352219","2632","2632","2632"
"263399","0.1115092858672142","0.1115092858672142","0.1115092858672142","2633","2633","2633"
"263499","0.11260764300823212","0.11260764300823212","0.11260764300823212","2634","2634","2634"
"263599","0.11730416864156723","0.11730416864156723","0.11730416864156723","2635","2635","2635"
"263699","0.10819049924612045","0.10819049924612045","0.10819049924612045","2636","2636","2636"
"263799","0.11106415092945099","0.11106415092945099","0.11106415092945099","2637","2637","2637"
"263899","0.1113802120089531","0.1113802120089531","0.1113802120089531","2638","2638","2638"
"263999","0.10499456524848938","0.10499456524848938","0.10499456524848938","2639","2639","2639"
"264099","0.10998595505952835","0.10998595505952835","0.10998595505952835","2640","2640","2640"
"264199","0.10758848488330841","0.10758848488330841","0.10758848488330841","2641","2641","2641"
"264299","0.11219445616006851","0.11219445616006851","0.11219445616006851","2642","2642","2642"
"264399","0.10837960988283157","0.10837960988283157","0.10837960988283157","2643","2643","2643"
"264499","0.11546806991100311","0.11546806991100311","0.11546806991100311","2644","2644","2644"
"264599","0.11883046478033066","0.11883046478033066","0.11883046478033066","2645","2645","2645"
"264699","0.10766654461622238","0.10766654461622238","0.10766654461622238","2646","2646","2646"
"264799","0.10933694988489151","0.10933694988489151","0.10933694988489151","2647","2647","2647"
"264899","0.10658576339483261","0.10658576339483261","0.10658576339483261","2648","2648","2648"
"264999","0.10866999626159668","0.10866999626159668","0.10866999626159668","2649","2649","2649"
"265099","0.11352097243070602","0.11352097243070602","0.11352097243070602","2650","2650","2650"
"265199","0.1175595223903656","0.1175595223903656","0.1175595223903656","2651","2651","2651"
"265299","0.11162849515676498","0.11162849515676498","0.11162849515676498","2652","2652","2652"
"265399","0.11491887271404266","0.11491887271404266","0.11491887271404266","2653","2653","2653"
"265499","0.10973884165287018","0.10973884165287018","0.10973884165287018","2654","2654","2654"
"265599","0.11376793682575226","0.11376793682575226","0.11376793682575226","2655","2655","2655"
"265699","0.11272811144590378","0.11272811144590378","0.11272811144590378","2656","2656","2656"
"265799","0.11050916463136673","0.11050916463136673","0.11050916463136673","2657","2657","2657"
"265899","0.11539570242166519","0.11539570242166519","0.11539570242166519","2658","2658","2658"
"265999","0.1119428500533104","0.1119428500533104","0.1119428500533104","2659","2659","2659"
"266099","0.11630092561244965","0.11630092561244965","0.11630092561244965","2660","2660","2660"
"266199","0.11067399382591248","0.11067399382591248","0.11067399382591248","2661","2661","2661"
"266299","0.11315911263227463","0.11315911263227463","0.11315911263227463","2662","2662","2662"
"266399","0.11652528494596481","0.11652528494596481","0.11652528494596481","2663","2663","2663"
"266499","0.11061809957027435","0.11061809957027435","0.11061809957027435","2664","2664","2664"
"266599","0.11540641635656357","0.11540641635656357","0.11540641635656357","2665","2665","2665"
"266699","0.11188936978578568","0.11188936978578568","0.11188936978578568","2666","2666","2666"
"266799","0.11915320158004761","0.11915320158004761","0.11915320158004761","2667","2667","2667"
"266899","0.12323005497455597","0.12323005497455597","0.12323005497455597","2668","2668","2668"
"266999","0.1137445792555809","0.1137445792555809","0.1137445792555809","2669","2669","2669"
"267099","0.11419074237346649","0.11419074237346649","0.11419074237346649","2670","2670","2670"
"267199","0.11361981928348541","0.11361981928348541","0.11361981928348541","2671","2671","2671"
"267299","0.12066759169101715","0.12066759169101715","0.12066759169101715","2672","2672","2672"
"267399","0.11468431353569031","0.11468431353569031","0.11468431353569031","2673","2673","2673"
"267499","0.11318519711494446","0.11318519711494446","0.11318519711494446","2674","2674","2674"
"267599","0.11794723570346832","0.11794723570346832","0.11794723570346832","2675","2675","2675"
"267699","0.11116566509008408","0.11116566509008408","0.11116566509008408","2676","2676","2676"
"267799","0.11968713998794556","0.11968713998794556","0.11968713998794556","2677","2677","2677"
"267899","0.11460105329751968","0.11460105329751968","0.11460105329751968","2678","2678","2678"
"267999","0.11158411204814911","0.11158411204814911","0.11158411204814911","2679","2679","2679"
"268099","0.11253710091114044","0.11253710091114044","0.11253710091114044","2680","2680","2680"
"268199","0.10581333190202713","0.10581333190202713","0.10581333190202713","2681","2681","2681"
"268299","0.10817746073007584","0.10817746073007584","0.10817746073007584","2682","2682","2682"
"268399","0.11632697284221649","0.11632697284221649","0.11632697284221649","2683","2683","2683"
"268499","0.11144227534532547","0.11144227534532547","0.11144227534532547","2684","2684","2684"
"268599","0.11074525862932205","0.11074525862932205","0.11074525862932205","2685","2685","2685"
"268699","0.11167266964912415","0.11167266964912415","0.11167266964912415","2686","2686","2686"
"268799","0.10821150243282318","0.10821150243282318","0.10821150243282318","2687","2687","2687"
"268899","0.1140269786119461","0.1140269786119461","0.1140269786119461","2688","2688","2688"
"268999","0.10806111246347427","0.10806111246347427","0.10806111246347427","2689","2689","2689"
"269099","0.10823700577020645","0.10823700577020645","0.10823700577020645","2690","2690","2690"
"269199","0.11298509687185287","0.11298509687185287","0.11298509687185287","2691","2691","2691"
"269299","0.11645931005477905","0.11645931005477905","0.11645931005477905","2692","2692","2692"
"269399","0.11431190371513367","0.11431190371513367","0.11431190371513367","2693","2693","2693"
"269499","0.11793798953294754","0.11793798953294754","0.11793798953294754","2694","2694","2694"
"269599","0.11647017300128937","0.11647017300128937","0.11647017300128937","2695","2695","2695"
"269699","0.11350356042385101","0.11350356042385101","0.11350356042385101","2696","2696","2696"
"269799","0.1120249554514885","0.1120249554514885","0.1120249554514885","2697","2697","2697"
"269899","0.12633904814720154","0.12633904814720154","0.12633904814720154","2698","2698","2698"
"269999","0.10843918472528458","0.10843918472528458","0.10843918472528458","2699","2699","2699"
"270099","0.11408977210521698","0.11408977210521698","0.11408977210521698","2700","2700","2700"
"270199","0.11021324247121811","0.11021324247121811","0.11021324247121811","2701","2701","2701"
"270299","0.11043471097946167","0.11043471097946167","0.11043471097946167","2702","2702","2702"
"270399","0.11434656381607056","0.11434656381607056","0.11434656381607056","2703","2703","2703"
"270499","0.11272244900465012","0.11272244900465012","0.11272244900465012","2704","2704","2704"
"270599","0.10981962084770203","0.10981962084770203","0.10981962084770203","2705","2705","2705"
"270699","0.11364898085594177","0.11364898085594177","0.11364898085594177","2706","2706","2706"
"270799","0.11282780766487122","0.11282780766487122","0.11282780766487122","2707","2707","2707"
"270899","0.11442836374044418","0.11442836374044418","0.11442836374044418","2708","2708","2708"
"270999","0.11761453747749329","0.11761453747749329","0.11761453747749329","2709","2709","2709"
"271099","0.11418092250823975","0.11418092250823975","0.11418092250823975","2710","2710","2710"
"271199","0.11617593467235565","0.11617593467235565","0.11617593467235565","2711","2711","2711"
"271299","0.11944994330406189","0.11944994330406189","0.11944994330406189","2712","2712","2712"
"271399","0.12445423007011414","0.12445423007011414","0.12445423007011414","2713","2713","2713"
"271499","0.1165173351764679","0.1165173351764679","0.1165173351764679","2714","2714","2714"
"271599","0.11701902002096176","0.11701902002096176","0.11701902002096176","2715","2715","2715"
"271699","0.11882834136486053","0.11882834136486053","0.11882834136486053","2716","2716","2716"
"271799","0.11400005221366882","0.11400005221366882","0.11400005221366882","2717","2717","2717"
"271899","0.1099337711930275","0.1099337711930275","0.1099337711930275","2718","2718","2718"
"271999","0.10815839469432831","0.10815839469432831","0.10815839469432831","2719","2719","2719"
"272099","0.11082036793231964","0.11082036793231964","0.11082036793231964","2720","2720","2720"
"272199","0.11612698435783386","0.11612698435783386","0.11612698435783386","2721","2721","2721"
"272299","0.11149684339761734","0.11149684339761734","0.11149684339761734","2722","2722","2722"
"272399","0.11034011840820312","0.11034011840820312","0.11034011840820312","2723","2723","2723"
"272499","0.11176283657550812","0.11176283657550812","0.11176283657550812","2724","2724","2724"
"272599","0.11395878344774246","0.11395878344774246","0.11395878344774246","2725","2725","2725"
"272699","0.11159264296293259","0.11159264296293259","0.11159264296293259","2726","2726","2726"
"272799","0.11374836415052414","0.11374836415052414","0.11374836415052414","2727","2727","2727"
"272899","0.11177357286214828","0.11177357286214828","0.11177357286214828","2728","2728","2728"
"272999","0.1128804013133049","0.1128804013133049","0.1128804013133049","2729","2729","2729"
"273099","0.11783400177955627","0.11783400177955627","0.11783400177955627","2730","2730","2730"
"273199","0.11102014034986496","0.11102014034986496","0.11102014034986496","2731","2731","2731"
"273299","0.11101764440536499","0.11101764440536499","0.11101764440536499","2732","2732","2732"
"273399","0.11160098761320114","0.11160098761320114","0.11160098761320114","2733","2733","2733"
"273499","0.1115662083029747","0.1115662083029747","0.1115662083029747","2734","2734","2734"
"273599","0.11866132915019989","0.11866132915019989","0.11866132915019989","2735","2735","2735"
"273699","0.10865916311740875","0.10865916311740875","0.10865916311740875","2736","2736","2736"
"273799","0.11208053678274155","0.11208053678274155","0.11208053678274155","2737","2737","2737"
"273899","0.11090246587991714","0.11090246587991714","0.11090246587991714","2738","2738","2738"
"273999","0.10895894467830658","0.10895894467830658","0.10895894467830658","2739","2739","2739"
"274099","0.11177453398704529","0.11177453398704529","0.11177453398704529","2740","2740","2740"
"274199","0.11090024560689926","0.11090024560689926","0.11090024560689926","2741","2741","2741"
"274299","0.11731015890836716","0.11731015890836716","0.11731015890836716","2742","2742","2742"
"274399","0.11593619734048843","0.11593619734048843","0.11593619734048843","2743","2743","2743"
"274499","0.10655917227268219","0.10655917227268219","0.10655917227268219","2744","2744","2744"
"274599","0.11024965345859528","0.11024965345859528","0.11024965345859528","2745","2745","2745"
"274699","0.11021038889884949","0.11021038889884949","0.11021038889884949","2746","2746","2746"
"274799","0.11833009123802185","0.11833009123802185","0.11833009123802185","2747","2747","2747"
"274899","0.11583217233419418","0.11583217233419418","0.11583217233419418","2748","2748","2748"
"274999","0.11652421206235886","0.11652421206235886","0.11652421206235886","2749","2749","2749"
"275099","0.11141420155763626","0.11141420155763626","0.11141420155763626","2750","2750","2750"
"275199","0.11063716560602188","0.11063716560602188","0.11063716560602188","2751","2751","2751"
"275299","0.11052393913269043","0.11052393913269043","0.11052393913269043","2752","2752","2752"
"275399","0.11180993914604187","0.11180993914604187","0.11180993914604187","2753","2753","2753"
"275499","0.11217747628688812","0.11217747628688812","0.11217747628688812","2754","2754","2754"
"275599","0.11136815696954727","0.11136815696954727","0.11136815696954727","2755","2755","2755"
"275699","0.1224365085363388","0.1224365085363388","0.1224365085363388","2756","2756","2756"
"275799","0.115096315741539","0.115096315741539","0.115096315741539","2757","2757","2757"
"275899","0.11413171887397766","0.11413171887397766","0.11413171887397766","2758","2758","2758"
"275999","0.11421888321638107","0.11421888321638107","0.11421888321638107","2759","2759","2759"
"276099","0.1086321771144867","0.1086321771144867","0.1086321771144867","2760","2760","2760"
"276199","0.10772323608398438","0.10772323608398438","0.10772323608398438","2761","2761","2761"
"276299","0.11409464478492737","0.11409464478492737","0.11409464478492737","2762","2762","2762"
"276399","0.11912884563207626","0.11912884563207626","0.11912884563207626","2763","2763","2763"
"276499","0.11600901931524277","0.11600901931524277","0.11600901931524277","2764","2764","2764"
"276599","0.10851690918207169","0.10851690918207169","0.10851690918207169","2765","2765","2765"
"276699","0.11608376353979111","0.11608376353979111","0.11608376353979111","2766","2766","2766"
"276799","0.11105568706989288","0.11105568706989288","0.11105568706989288","2767","2767","2767"
"276899","0.11241040378808975","0.11241040378808975","0.11241040378808975","2768","2768","2768"
"276999","0.1148112565279007","0.1148112565279007","0.1148112565279007","2769","2769","2769"
"277099","0.11201015114784241","0.11201015114784241","0.11201015114784241","2770","2770","2770"
"277199","0.10972464829683304","0.10972464829683304","0.10972464829683304","2771","2771","2771"
"277299","0.10877726972103119","0.10877726972103119","0.10877726972103119","2772","2772","2772"
"277399","0.11695870757102966","0.11695870757102966","0.11695870757102966","2773","2773","2773"
"277499","0.1118752583861351","0.1118752583861351","0.1118752583861351","2774","2774","2774"
"277599","0.11476980149745941","0.11476980149745941","0.11476980149745941","2775","2775","2775"
"277699","0.11700281500816345","0.11700281500816345","0.11700281500816345","2776","2776","2776"
"277799","0.1120096817612648","0.1120096817612648","0.1120096817612648","2777","2777","2777"
"277899","0.114885114133358","0.114885114133358","0.114885114133358","2778","2778","2778"
"277999","0.11312499642372131","0.11312499642372131","0.11312499642372131","2779","2779","2779"
"278099","0.11063936352729797","0.11063936352729797","0.11063936352729797","2780","2780","2780"
"278199","0.11448624730110168","0.11448624730110168","0.11448624730110168","2781","2781","2781"
"278299","0.11311245709657669","0.11311245709657669","0.11311245709657669","2782","2782","2782"
"278399","0.11218052357435226","0.11218052357435226","0.11218052357435226","2783","2783","2783"
"278499","0.11343574523925781","0.11343574523925781","0.11343574523925781","2784","2784","2784"
"278599","0.11226914823055267","0.11226914823055267","0.11226914823055267","2785","2785","2785"
"278699","0.11469428241252899","0.11469428241252899","0.11469428241252899","2786","2786","2786"
"278799","0.1158493384718895","0.1158493384718895","0.1158493384718895","2787","2787","2787"
"278899","0.11249299347400665","0.11249299347400665","0.11249299347400665","2788","2788","2788"
"278999","0.11288560926914215","0.11288560926914215","0.11288560926914215","2789","2789","2789"
"279099","0.10945718735456467","0.10945718735456467","0.10945718735456467","2790","2790","2790"
"279199","0.11491349339485168","0.11491349339485168","0.11491349339485168","2791","2791","2791"
"279299","0.11330906301736832","0.11330906301736832","0.11330906301736832","2792","2792","2792"
"279399","0.117726169526577","0.117726169526577","0.117726169526577","2793","2793","2793"
"279499","0.114107146859169","0.114107146859169","0.114107146859169","2794","2794","2794"
"279599","0.11359623074531555","0.11359623074531555","0.11359623074531555","2795","2795","2795"
"279699","0.11713889241218567","0.11713889241218567","0.11713889241218567","2796","2796","2796"
"279799","0.11238498985767365","0.11238498985767365","0.11238498985767365","2797","2797","2797"
"279899","0.11677376180887222","0.11677376180887222","0.11677376180887222","2798","2798","2798"
"279999","0.10543837398290634","0.10543837398290634","0.10543837398290634","2799","2799","2799"
"280099","0.10726655274629593","0.10726655274629593","0.10726655274629593","2800","2800","2800"
"280199","0.11278916150331497","0.11278916150331497","0.11278916150331497","2801","2801","2801"
"280299","0.11501286178827286","0.11501286178827286","0.11501286178827286","2802","2802","2802"
"280399","0.11250943690538406","0.11250943690538406","0.11250943690538406","2803","2803","2803"
"280499","0.11809191107749939","0.11809191107749939","0.11809191107749939","2804","2804","2804"
"280599","0.10876982659101486","0.10876982659101486","0.10876982659101486","2805","2805","2805"
"280699","0.11635076254606247","0.11635076254606247","0.11635076254606247","2806","2806","2806"
"280799","0.11344023793935776","0.11344023793935776","0.11344023793935776","2807","2807","2807"
"280899","0.10935680568218231","0.10935680568218231","0.10935680568218231","2808","2808","2808"
"280999","0.11296016722917557","0.11296016722917557","0.11296016722917557","2809","2809","2809"
"281099","0.11441884934902191","0.11441884934902191","0.11441884934902191","2810","2810","2810"
"281199","0.11635679751634598","0.11635679751634598","0.11635679751634598","2811","2811","2811"
"281299","0.11536483466625214","0.11536483466625214","0.11536483466625214","2812","2812","2812"
"281399","0.11403612792491913","0.11403612792491913","0.11403612792491913","2813","2813","2813"
"281499","0.11485128849744797","0.11485128849744797","0.11485128849744797","2814","2814","2814"
"281599","0.11440771818161011","0.11440771818161011","0.11440771818161011","2815","2815","2815"
"281699","0.11215630918741226","0.11215630918741226","0.11215630918741226","2816","2816","2816"
"281799","0.11443711817264557","0.11443711817264557","0.11443711817264557","2817","2817","2817"
"281899","0.11887630820274353","0.11887630820274353","0.11887630820274353","2818","2818","2818"
"281999","0.10973520576953888","0.10973520576953888","0.10973520576953888","2819","2819","2819"
"282099","0.1147010400891304","0.1147010400891304","0.1147010400891304","2820","2820","2820"
"282199","0.11003169417381287","0.11003169417381287","0.11003169417381287","2821","2821","2821"
"282299","0.11615518480539322","0.11615518480539322","0.11615518480539322","2822","2822","2822"
"282399","0.11978401988744736","0.11978401988744736","0.11978401988744736","2823","2823","2823"
"282499","0.11699338257312775","0.11699338257312775","0.11699338257312775","2824","2824","2824"
"282599","0.11244767904281616","0.11244767904281616","0.11244767904281616","2825","2825","2825"
"282699","0.1147100180387497","0.1147100180387497","0.1147100180387497","2826","2826","2826"
"282799","0.11776808649301529","0.11776808649301529","0.11776808649301529","2827","2827","2827"
"282899","0.11680415272712708","0.11680415272712708","0.11680415272712708","2828","2828","2828"
"282999","0.11744892597198486","0.11744892597198486","0.11744892597198486","2829","2829","2829"
"283099","0.1125970408320427","0.1125970408320427","0.1125970408320427","2830","2830","2830"
"283199","0.10984191298484802","0.10984191298484802","0.10984191298484802","2831","2831","2831"
"283299","0.11699157953262329","0.11699157953262329","0.11699157953262329","2832","2832","2832"
"283399","0.11594514548778534","0.11594514548778534","0.11594514548778534","2833","2833","2833"
"283499","0.11280852556228638","0.11280852556228638","0.11280852556228638","2834","2834","2834"
"283599","0.11255419999361038","0.11255419999361038","0.11255419999361038","2835","2835","2835"
"283699","0.1166105717420578","0.1166105717420578","0.1166105717420578","2836","2836","2836"
"283799","0.10720378160476685","0.10720378160476685","0.10720378160476685","2837","2837","2837"
"283899","0.11602780222892761","0.11602780222892761","0.11602780222892761","2838","2838","2838"
"283999","0.11204475909471512","0.11204475909471512","0.11204475909471512","2839","2839","2839"
"284099","0.11806672066450119","0.11806672066450119","0.11806672066450119","2840","2840","2840"
"284199","0.11769720911979675","0.11769720911979675","0.11769720911979675","2841","2841","2841"
"284299","0.11272674798965454","0.11272674798965454","0.11272674798965454","2842","2842","2842"
"284399","0.11302457749843597","0.11302457749843597","0.11302457749843597","2843","2843","2843"
"284499","0.11759964376688004","0.11759964376688004","0.11759964376688004","2844","2844","2844"
"284599","0.10868653655052185","0.10868653655052185","0.10868653655052185","2845","2845","2845"
"284699","0.10767198354005814","0.10767198354005814","0.10767198354005814","2846","2846","2846"
"284799","0.11413175612688065","0.11413175612688065","0.11413175612688065","2847","2847","2847"
"284899","0.10526878386735916","0.10526878386735916","0.10526878386735916","2848","2848","2848"
"284999","0.11286509037017822","0.11286509037017822","0.11286509037017822","2849","2849","2849"
"285099","0.11372985690832138","0.11372985690832138","0.11372985690832138","2850","2850","2850"
"285199","0.10989895462989807","0.10989895462989807","0.10989895462989807","2851","2851","2851"
"285299","0.10463135689496994","0.10463135689496994","0.10463135689496994","2852","2852","2852"
"285399","0.11181339621543884","0.11181339621543884","0.11181339621543884","2853","2853","2853"
"285499","0.11258824914693832","0.11258824914693832","0.11258824914693832","2854","2854","2854"
"285599","0.10591839998960495","0.10591839998960495","0.10591839998960495","2855","2855","2855"
"285699","0.11178473383188248","0.11178473383188248","0.11178473383188248","2856","2856","2856"
"285799","0.10896153002977371","0.10896153002977371","0.10896153002977371","2857","2857","2857"
"285899","0.11673735082149506","0.11673735082149506","0.11673735082149506","2858","2858","2858"
"285999","0.10986623913049698","0.10986623913049698","0.10986623913049698","2859","2859","2859"
"286099","0.12076588720083237","0.12076588720083237","0.12076588720083237","2860","2860","2860"
"286199","0.10956812649965286","0.10956812649965286","0.10956812649965286","2861","2861","2861"
"286299","0.1103164553642273","0.1103164553642273","0.1103164553642273","2862","2862","2862"
"286399","0.11663007736206055","0.11663007736206055","0.11663007736206055","2863","2863","2863"
"286499","0.11397624760866165","0.11397624760866165","0.11397624760866165","2864","2864","2864"
"286599","0.10869992524385452","0.10869992524385452","0.10869992524385452","2865","2865","2865"
"286699","0.11381950229406357","0.11381950229406357","0.11381950229406357","2866","2866","2866"
"286799","0.11640086024999619","0.11640086024999619","0.11640086024999619","2867","2867","2867"
"286899","0.11221601068973541","0.11221601068973541","0.11221601068973541","2868","2868","2868"
"286999","0.11516905575990677","0.11516905575990677","0.11516905575990677","2869","2869","2869"
"287099","0.11403954029083252","0.11403954029083252","0.11403954029083252","2870","2870","2870"
"287199","0.11963840574026108","0.11963840574026108","0.11963840574026108","2871","2871","2871"
"287299","0.11762712150812149","0.11762712150812149","0.11762712150812149","2872","2872","2872"
"287399","0.11334791779518127","0.11334791779518127","0.11334791779518127","2873","2873","2873"
"287499","0.11053550243377686","0.11053550243377686","0.11053550243377686","2874","2874","2874"
"287599","0.11056406050920486","0.11056406050920486","0.11056406050920486","2875","2875","2875"
"287699","0.11255388706922531","0.11255388706922531","0.11255388706922531","2876","2876","2876"
"287799","0.11553316563367844","0.11553316563367844","0.11553316563367844","2877","2877","2877"
"287899","0.11048334091901779","0.11048334091901779","0.11048334091901779","2878","2878","2878"
"287999","0.11141727864742279","0.11141727864742279","0.11141727864742279","2879","2879","2879"
"288099","0.10593917220830917","0.10593917220830917","0.10593917220830917","2880","2880","2880"
"288199","0.1198805496096611","0.1198805496096611","0.1198805496096611","2881","2881","2881"
"288299","0.11033490300178528","0.11033490300178528","0.11033490300178528","2882","2882","2882"
"288399","0.11427807062864304","0.11427807062864304","0.11427807062864304","2883","2883","2883"
"288499","0.11504653096199036","0.11504653096199036","0.11504653096199036","2884","2884","2884"
"288599","0.11257894337177277","0.11257894337177277","0.11257894337177277","2885","2885","2885"
"288699","0.11389221996068954","0.11389221996068954","0.11389221996068954","2886","2886","2886"
"288799","0.11352011561393738","0.11352011561393738","0.11352011561393738","2887","2887","2887"
"288899","0.10854264348745346","0.10854264348745346","0.10854264348745346","2888","2888","2888"
"288999","0.11140494048595428","0.11140494048595428","0.11140494048595428","2889","2889","2889"
"289099","0.1107463613152504","0.1107463613152504","0.1107463613152504","2890","2890","2890"
"289199","0.11060447245836258","0.11060447245836258","0.11060447245836258","2891","2891","2891"
"289299","0.10832949727773666","0.10832949727773666","0.10832949727773666","2892","2892","2892"
"289399","0.11596905440092087","0.11596905440092087","0.11596905440092087","2893","2893","2893"
"289499","0.11201155185699463","0.11201155185699463","0.11201155185699463","2894","2894","2894"
"289599","0.11738909035921097","0.11738909035921097","0.11738909035921097","2895","2895","2895"
"289699","0.10837048292160034","0.10837048292160034","0.10837048292160034","2896","2896","2896"
"289799","0.1159558817744255","0.1159558817744255","0.1159558817744255","2897","2897","2897"
"289899","0.10675705224275589","0.10675705224275589","0.10675705224275589","2898","2898","2898"
"289999","0.11546608060598373","0.11546608060598373","0.11546608060598373","2899","2899","2899"
"290099","0.10846326500177383","0.10846326500177383","0.10846326500177383","2900","2900","2900"
"290199","0.11733252555131912","0.11733252555131912","0.11733252555131912","2901","2901","2901"
"290299","0.11449015140533447","0.11449015140533447","0.11449015140533447","2902","2902","2902"
"290399","0.11068344116210938","0.11068344116210938","0.11068344116210938","2903","2903","2903"
"290499","0.11637129634618759","0.11637129634618759","0.11637129634618759","2904","2904","2904"
"290599","0.11035577952861786","0.11035577952861786","0.11035577952861786","2905","2905","2905"
"290699","0.11691795289516449","0.11691795289516449","0.11691795289516449","2906","2906","2906"
"290799","0.11101128160953522","0.11101128160953522","0.11101128160953522","2907","2907","2907"
"290899","0.10950592160224915","0.10950592160224915","0.10950592160224915","2908","2908","2908"
"290999","0.1104334369301796","0.1104334369301796","0.1104334369301796","2909","2909","2909"
"291099","0.11376215517520905","0.11376215517520905","0.11376215517520905","2910","2910","2910"
"291199","0.11092837899923325","0.11092837899923325","0.11092837899923325","2911","2911","2911"
"291299","0.11352043598890305","0.11352043598890305","0.11352043598890305","2912","2912","2912"
"291399","0.11475537717342377","0.11475537717342377","0.11475537717342377","2913","2913","2913"
"291499","0.11191961914300919","0.11191961914300919","0.11191961914300919","2914","2914","2914"
"291599","0.1119360700249672","0.1119360700249672","0.1119360700249672","2915","2915","2915"
"291699","0.11361759901046753","0.11361759901046753","0.11361759901046753","2916","2916","2916"
"291799","0.10924287140369415","0.10924287140369415","0.10924287140369415","2917","2917","2917"
"291899","0.11100061982870102","0.11100061982870102","0.11100061982870102","2918","2918","2918"
"291999","0.11069606244564056","0.11069606244564056","0.11069606244564056","2919","2919","2919"
"292099","0.11487047374248505","0.11487047374248505","0.11487047374248505","2920","2920","2920"
"292199","0.11282435059547424","0.11282435059547424","0.11282435059547424","2921","2921","2921"
"292299","0.11076620221138","0.11076620221138","0.11076620221138","2922","2922","2922"
"292399","0.11579108983278275","0.11579108983278275","0.11579108983278275","2923","2923","2923"
"292499","0.10383504629135132","0.10383504629135132","0.10383504629135132","2924","2924","2924"
"292599","0.11434910446405411","0.11434910446405411","0.11434910446405411","2925","2925","2925"
"292699","0.10842190682888031","0.10842190682888031","0.10842190682888031","2926","2926","2926"
"292799","0.12106667459011078","0.12106667459011078","0.12106667459011078","2927","2927","2927"
"292899","0.10864301770925522","0.10864301770925522","0.10864301770925522","2928","2928","2928"
"292999","0.11485067009925842","0.11485067009925842","0.11485067009925842","2929","2929","2929"
"293099","0.11342788487672806","0.11342788487672806","0.11342788487672806","2930","2930","2930"
"293199","0.11408238857984543","0.11408238857984543","0.11408238857984543","2931","2931","2931"
"293299","0.11325589567422867","0.11325589567422867","0.11325589567422867","2932","2932","2932"
"293399","0.11761334538459778","0.11761334538459778","0.11761334538459778","2933","2933","2933"
"293499","0.11126574873924255","0.11126574873924255","0.11126574873924255","2934","2934","2934"
"293599","0.1161307543516159","0.1161307543516159","0.1161307543516159","2935","2935","2935"
"293699","0.11262112110853195","0.11262112110853195","0.11262112110853195","2936","2936","2936"
"293799","0.11514030396938324","0.11514030396938324","0.11514030396938324","2937","2937","2937"
"293899","0.11773759126663208","0.11773759126663208","0.11773759126663208","2938","2938","2938"
"293999","0.11141088604927063","0.11141088604927063","0.11141088604927063","2939","2939","2939"
"294099","0.10943018645048141","0.10943018645048141","0.10943018645048141","2940","2940","2940"
"294199","0.10320200771093369","0.10320200771093369","0.10320200771093369","2941","2941","2941"
"294299","0.11851705610752106","0.11851705610752106","0.11851705610752106","2942","2942","2942"
"294399","0.10929932445287704","0.10929932445287704","0.10929932445287704","2943","2943","2943"
"294499","0.11068497598171234","0.11068497598171234","0.11068497598171234","2944","2944","2944"
"294599","0.11598371714353561","0.11598371714353561","0.11598371714353561","2945","2945","2945"
"294699","0.1168486699461937","0.1168486699461937","0.1168486699461937","2946","2946","2946"
"294799","0.10723445564508438","0.10723445564508438","0.10723445564508438","2947","2947","2947"
"294899","0.11146005988121033","0.11146005988121033","0.11146005988121033","2948","2948","2948"
"294999","0.11733436584472656","0.11733436584472656","0.11733436584472656","2949","2949","2949"
"295099","0.1156424954533577","0.1156424954533577","0.1156424954533577","2950","2950","2950"
"295199","0.11662862449884415","0.11662862449884415","0.11662862449884415","2951","2951","2951"
"295299","0.10670018941164017","0.10670018941164017","0.10670018941164017","2952","2952","2952"
"295399","0.11289528012275696","0.11289528012275696","0.11289528012275696","2953","2953","2953"
"295499","0.11307121813297272","0.11307121813297272","0.11307121813297272","2954","2954","2954"
"295599","0.11034596711397171","0.11034596711397171","0.11034596711397171","2955","2955","2955"
"295699","0.11589985340833664","0.11589985340833664","0.11589985340833664","2956","2956","2956"
"295799","0.11504471302032471","0.11504471302032471","0.11504471302032471","2957","2957","2957"
"295899","0.12005224823951721","0.12005224823951721","0.12005224823951721","2958","2958","2958"
"295999","0.11369118839502335","0.11369118839502335","0.11369118839502335","2959","2959","2959"
"296099","0.11264576017856598","0.11264576017856598","0.11264576017856598","2960","2960","2960"
"296199","0.10861663520336151","0.10861663520336151","0.10861663520336151","2961","2961","2961"
"296299","0.11090131849050522","0.11090131849050522","0.11090131849050522","2962","2962","2962"
"296399","0.10885719209909439","0.10885719209909439","0.10885719209909439","2963","2963","2963"
"296499","0.11962241679430008","0.11962241679430008","0.11962241679430008","2964","2964","2964"
"296599","0.11265358328819275","0.11265358328819275","0.11265358328819275","2965","2965","2965"
"296699","0.1107301339507103","0.1107301339507103","0.1107301339507103","2966","2966","2966"
"296799","0.11359111964702606","0.11359111964702606","0.11359111964702606","2967","2967","2967"
"296899","0.11229105293750763","0.11229105293750763","0.11229105293750763","2968","2968","2968"
"296999","0.11508948355913162","0.11508948355913162","0.11508948355913162","2969","2969","2969"
"297099","0.11147882044315338","0.11147882044315338","0.11147882044315338","2970","2970","2970"
"297199","0.11119965463876724","0.11119965463876724","0.11119965463876724","2971","2971","2971"
"297299","0.11248986423015594","0.11248986423015594","0.11248986423015594","2972","2972","2972"
"297399","0.11673282831907272","0.11673282831907272","0.11673282831907272","2973","2973","2973"
"297499","0.11029879748821259","0.11029879748821259","0.11029879748821259","2974","2974","2974"
"297599","0.11014041304588318","0.11014041304588318","0.11014041304588318","2975","2975","2975"
"297699","0.1156952828168869","0.1156952828168869","0.1156952828168869","2976","2976","2976"
"297799","0.11570990830659866","0.11570990830659866","0.11570990830659866","2977","2977","2977"
"297899","0.1129407063126564","0.1129407063126564","0.1129407063126564","2978","2978","2978"
"297999","0.11312112212181091","0.11312112212181091","0.11312112212181091","2979","2979","2979"
"298099","0.10977908223867416","0.10977908223867416","0.10977908223867416","2980","2980","2980"
"298199","0.1044759601354599","0.1044759601354599","0.1044759601354599","2981","2981","2981"
"298299","0.11782398074865341","0.11782398074865341","0.11782398074865341","2982","2982","2982"
"298399","0.11080081015825272","0.11080081015825272","0.11080081015825272","2983","2983","2983"
"298499","0.11565416306257248","0.11565416306257248","0.11565416306257248","2984","2984","2984"
"298599","0.11157497018575668","0.11157497018575668","0.11157497018575668","2985","2985","2985"
"298699","0.10836292803287506","0.10836292803287506","0.10836292803287506","2986","2986","2986"
"298799","0.12216866761445999","0.12216866761445999","0.12216866761445999","2987","2987","2987"
"298899","0.11219567805528641","0.11219567805528641","0.11219567805528641","2988","2988","2988"
"298999","0.11445379257202148","0.11445379257202148","0.11445379257202148","2989","2989","2989"
"299099","0.11875538527965546","0.11875538527965546","0.11875538527965546","2990","2990","2990"
"299199","0.11184608191251755","0.11184608191251755","0.11184608191251755","2991","2991","2991"
"299299","0.11677529662847519","0.11677529662847519","0.11677529662847519","2992","2992","2992"
"299399","0.11291594058275223","0.11291594058275223","0.11291594058275223","2993","2993","2993"
"299499","0.11590909212827682","0.11590909212827682","0.11590909212827682","2994","2994","2994"
"299599","0.1132291853427887","0.1132291853427887","0.1132291853427887","2995","2995","2995"
"299699","0.12111796438694","0.12111796438694","0.12111796438694","2996","2996","2996"
"299799","0.11525265872478485","0.11525265872478485","0.11525265872478485","2997","2997","2997"
"299899","0.11277192831039429","0.11277192831039429","0.11277192831039429","2998","2998","2998"
"299999","0.11292961984872818","0.11292961984872818","0.11292961984872818","2999","2999","2999"
"300099","0.11408911645412445","0.11408911645412445","0.11408911645412445","3000","3000","3000"
"300199","0.10678219050168991","0.10678219050168991","0.10678219050168991","3001","3001","3001"
"300299","0.11585880070924759","0.11585880070924759","0.11585880070924759","3002","3002","3002"
"300399","0.11463623493909836","0.11463623493909836","0.11463623493909836","3003","3003","3003"
"300499","0.11944914609193802","0.11944914609193802","0.11944914609193802","3004","3004","3004"
"300599","0.11305365711450577","0.11305365711450577","0.11305365711450577","3005","3005","3005"
"300699","0.11122170835733414","0.11122170835733414","0.11122170835733414","3006","3006","3006"
"300799","0.1127018928527832","0.1127018928527832","0.1127018928527832","3007","3007","3007"
"300899","0.11403791606426239","0.11403791606426239","0.11403791606426239","3008","3008","3008"
"300999","0.11296113580465317","0.11296113580465317","0.11296113580465317","3009","3009","3009"
"301099","0.11357482522726059","0.11357482522726059","0.11357482522726059","3010","3010","3010"
"301199","0.11767604947090149","0.11767604947090149","0.11767604947090149","3011","3011","3011"
"301299","0.11762725561857224","0.11762725561857224","0.11762725561857224","3012","3012","3012"
"301399","0.10874353349208832","0.10874353349208832","0.10874353349208832","3013","3013","3013"
"301499","0.11405809968709946","0.11405809968709946","0.11405809968709946","3014","3014","3014"
"301599","0.1123538613319397","0.1123538613319397","0.1123538613319397","3015","3015","3015"
"301699","0.11546922475099564","0.11546922475099564","0.11546922475099564","3016","3016","3016"
"301799","0.11443674564361572","0.11443674564361572","0.11443674564361572","3017","3017","3017"
"301899","0.11446863412857056","0.11446863412857056","0.11446863412857056","3018","3018","3018"
"301999","0.10814639180898666","0.10814639180898666","0.10814639180898666","3019","3019","3019"
"302099","0.10913466662168503","0.10913466662168503","0.10913466662168503","3020","3020","3020"
"302199","0.11307686567306519","0.11307686567306519","0.11307686567306519","3021","3021","3021"
"302299","0.11102765053510666","0.11102765053510666","0.11102765053510666","3022","3022","3022"
"302399","0.11852764338254929","0.11852764338254929","0.11852764338254929","3023","3023","3023"
"302499","0.11335008591413498","0.11335008591413498","0.11335008591413498","3024","3024","3024"
"302599","0.11643166095018387","0.11643166095018387","0.11643166095018387","3025","3025","3025"
"302699","0.11037091910839081","0.11037091910839081","0.11037091910839081","3026","3026","3026"
"302799","0.11543845385313034","0.11543845385313034","0.11543845385313034","3027","3027","3027"
"302899","0.11652690172195435","0.11652690172195435","0.11652690172195435","3028","3028","3028"
"302999","0.11088961362838745","0.11088961362838745","0.11088961362838745","3029","3029","3029"
"303099","0.10930653661489487","0.10930653661489487","0.10930653661489487","3030","3030","3030"
"303199","0.111820749938488","0.111820749938488","0.111820749938488","3031","3031","3031"
"303299","0.11848457157611847","0.11848457157611847","0.11848457157611847","3032","3032","3032"
"303399","0.11261319369077682","0.11261319369077682","0.11261319369077682","3033","3033","3033"
"303499","0.11169610917568207","0.11169610917568207","0.11169610917568207","3034","3034","3034"
"303599","0.1144358292222023","0.1144358292222023","0.1144358292222023","3035","3035","3035"
"303699","0.1187022477388382","0.1187022477388382","0.1187022477388382","3036","3036","3036"
"303799","0.11728499829769135","0.11728499829769135","0.11728499829769135","3037","3037","3037"
"303899","0.11573576182126999","0.11573576182126999","0.11573576182126999","3038","3038","3038"
"303999","0.11515522748231888","0.11515522748231888","0.11515522748231888","3039","3039","3039"
"304099","0.11563972383737564","0.11563972383737564","0.11563972383737564","3040","3040","3040"
"304199","0.11079448461532593","0.11079448461532593","0.11079448461532593","3041","3041","3041"
"304299","0.10736730694770813","0.10736730694770813","0.10736730694770813","3042","3042","3042"
"304399","0.11355873197317123","0.11355873197317123","0.11355873197317123","3043","3043","3043"
"304499","0.1125103160738945","0.1125103160738945","0.1125103160738945","3044","3044","3044"
"304599","0.11099116504192352","0.11099116504192352","0.11099116504192352","3045","3045","3045"
"304699","0.11450459808111191","0.11450459808111191","0.11450459808111191","3046","3046","3046"
"304799","0.11629603058099747","0.11629603058099747","0.11629603058099747","3047","3047","3047"
"304899","0.11115390807390213","0.11115390807390213","0.11115390807390213","3048","3048","3048"
"304999","0.1127389669418335","0.1127389669418335","0.1127389669418335","3049","3049","3049"
"305099","0.11304277181625366","0.11304277181625366","0.11304277181625366","3050","3050","3050"
"305199","0.1093887910246849","0.1093887910246849","0.1093887910246849","3051","3051","3051"
"305299","0.11123386770486832","0.11123386770486832","0.11123386770486832","3052","3052","3052"
"305399","0.11872351914644241","0.11872351914644241","0.11872351914644241","3053","3053","3053"
"305499","0.11664792150259018","0.11664792150259018","0.11664792150259018","3054","3054","3054"
"305599","0.12339545786380768","0.12339545786380768","0.12339545786380768","3055","3055","3055"
"305699","0.10956859588623047","0.10956859588623047","0.10956859588623047","3056","3056","3056"
"305799","0.11141514778137207","0.11141514778137207","0.11141514778137207","3057","3057","3057"
"305899","0.11609045416116714","0.11609045416116714","0.11609045416116714","3058","3058","3058"
"305999","0.11842227727174759","0.11842227727174759","0.11842227727174759","3059","3059","3059"
"306099","0.11093181371688843","0.11093181371688843","0.11093181371688843","3060","3060","3060"
"306199","0.12136165052652359","0.12136165052652359","0.12136165052652359","3061","3061","3061"
"306299","0.11668893694877625","0.11668893694877625","0.11668893694877625","3062","3062","3062"
"306399","0.11525452882051468","0.11525452882051468","0.11525452882051468","3063","3063","3063"
"306499","0.11264412105083466","0.11264412105083466","0.11264412105083466","3064","3064","3064"
"306599","0.11002056300640106","0.11002056300640106","0.11002056300640106","3065","3065","3065"
"306699","0.11187639087438583","0.11187639087438583","0.11187639087438583","3066","3066","3066"
"306799","0.11019782721996307","0.11019782721996307","0.11019782721996307","3067","3067","3067"
"306899","0.10923780500888824","0.10923780500888824","0.10923780500888824","3068","3068","3068"
"306999","0.11607279628515244","0.11607279628515244","0.11607279628515244","3069","3069","3069"
"307099","0.11204838007688522","0.11204838007688522","0.11204838007688522","3070","3070","3070"
"307199","0.11830663681030273","0.11830663681030273","0.11830663681030273","3071","3071","3071"
"307299","0.10534858703613281","0.10534858703613281","0.10534858703613281","3072","3072","3072"
"307399","0.10950817167758942","0.10950817167758942","0.10950817167758942","3073","3073","3073"
"307499","0.10581930726766586","0.10581930726766586","0.10581930726766586","3074","3074","3074"
"307599","0.11822614073753357","0.11822614073753357","0.11822614073753357","3075","3075","3075"
"307699","0.1128440722823143","0.1128440722823143","0.1128440722823143","3076","3076","3076"
"307799","0.11202378571033478","0.11202378571033478","0.11202378571033478","3077","3077","3077"
"307899","0.11776775866746902","0.11776775866746902","0.11776775866746902","3078","3078","3078"
"307999","0.11273759603500366","0.11273759603500366","0.11273759603500366","3079","3079","3079"
"308099","0.11187783628702164","0.11187783628702164","0.11187783628702164","3080","3080","3080"
"308199","0.11464304476976395","0.11464304476976395","0.11464304476976395","3081","3081","3081"
"308299","0.11781445145606995","0.11781445145606995","0.11781445145606995","3082","3082","3082"
"308399","0.11350894719362259","0.11350894719362259","0.11350894719362259","3083","3083","3083"
"308499","0.11968603730201721","0.11968603730201721","0.11968603730201721","3084","3084","3084"
"308599","0.11059871315956116","0.11059871315956116","0.11059871315956116","3085","3085","3085"
"308699","0.11229521781206131","0.11229521781206131","0.11229521781206131","3086","3086","3086"
"308799","0.11722616851329803","0.11722616851329803","0.11722616851329803","3087","3087","3087"
"308899","0.11681563407182693","0.11681563407182693","0.11681563407182693","3088","3088","3088"
"308999","0.11050425469875336","0.11050425469875336","0.11050425469875336","3089","3089","3089"
"309099","0.11959200352430344","0.11959200352430344","0.11959200352430344","3090","3090","3090"
"309199","0.114656001329422","0.114656001329422","0.114656001329422","3091","3091","3091"
"309299","0.11317936331033707","0.11317936331033707","0.11317936331033707","3092","3092","3092"
"309399","0.11345686763525009","0.11345686763525009","0.11345686763525009","3093","3093","3093"
"309499","0.1106175109744072","0.1106175109744072","0.1106175109744072","3094","3094","3094"
"309599","0.1124648004770279","0.1124648004770279","0.1124648004770279","3095","3095","3095"
"309699","0.11218409240245819","0.11218409240245819","0.11218409240245819","3096","3096","3096"
"309799","0.11394676566123962","0.11394676566123962","0.11394676566123962","3097","3097","3097"
"309899","0.11063653975725174","0.11063653975725174","0.11063653975725174","3098","3098","3098"
"309999","0.11180352419614792","0.11180352419614792","0.11180352419614792","3099","3099","3099"
"310099","0.11026832461357117","0.11026832461357117","0.11026832461357117","3100","3100","3100"
"310199","0.11629589647054672","0.11629589647054672","0.11629589647054672","3101","3101","3101"
"310299","0.11645955592393875","0.11645955592393875","0.11645955592393875","3102","3102","3102"
"310399","0.11832904070615768","0.11832904070615768","0.11832904070615768","3103","3103","3103"
"310499","0.11526168882846832","0.11526168882846832","0.11526168882846832","3104","3104","3104"
"310599","0.1179136112332344","0.1179136112332344","0.1179136112332344","3105","3105","3105"
"310699","0.11466578394174576","0.11466578394174576","0.11466578394174576","3106","3106","3106"
"310799","0.11332570761442184","0.11332570761442184","0.11332570761442184","3107","3107","3107"
"310899","0.11633140593767166","0.11633140593767166","0.11633140593767166","3108","3108","3108"
"310999","0.11297257244586945","0.11297257244586945","0.11297257244586945","3109","3109","3109"
"311099","0.11669743806123734","0.11669743806123734","0.11669743806123734","3110","3110","3110"
"311199","0.11275798082351685","0.11275798082351685","0.11275798082351685","3111","3111","3111"
"311299","0.11297851800918579","0.11297851800918579","0.11297851800918579","3112","3112","3112"
"311399","0.11399757862091064","0.11399757862091064","0.11399757862091064","3113","3113","3113"
"311499","0.10951245576143265","0.10951245576143265","0.10951245576143265","3114","3114","3114"
"311599","0.11389297246932983","0.11389297246932983","0.11389297246932983","3115","3115","3115"
"311699","0.10591191053390503","0.10591191053390503","0.10591191053390503","3116","3116","3116"
"311799","0.11683770269155502","0.11683770269155502","0.11683770269155502","3117","3117","3117"
"311899","0.11125665158033371","0.11125665158033371","0.11125665158033371","3118","3118","3118"
"311999","0.11880625039339066","0.11880625039339066","0.11880625039339066","3119","3119","3119"
"312099","0.11850088089704514","0.11850088089704514","0.11850088089704514","3120","3120","3120"
"312199","0.11763735860586166","0.11763735860586166","0.11763735860586166","3121","3121","3121"
"312299","0.11854615062475204","0.11854615062475204","0.11854615062475204","3122","3122","3122"
"312399","0.11452563107013702","0.11452563107013702","0.11452563107013702","3123","3123","3123"
"312499","0.1162286177277565","0.1162286177277565","0.1162286177277565","3124","3124","3124"
"312599","0.11457926779985428","0.11457926779985428","0.11457926779985428","3125","3125","3125"
"312699","0.11021795868873596","0.11021795868873596","0.11021795868873596","3126","3126","3126"
"312799","0.11014677584171295","0.11014677584171295","0.11014677584171295","3127","3127","3127"
"312899","0.10869169980287552","0.10869169980287552","0.10869169980287552","3128","3128","3128"
"312999","0.11770050972700119","0.11770050972700119","0.11770050972700119","3129","3129","3129"
"313099","0.11422213912010193","0.11422213912010193","0.11422213912010193","3130","3130","3130"
"313199","0.10823695361614227","0.10823695361614227","0.10823695361614227","3131","3131","3131"
"313299","0.11212433129549026","0.11212433129549026","0.11212433129549026","3132","3132","3132"
"313399","0.11626830697059631","0.11626830697059631","0.11626830697059631","3133","3133","3133"
"313499","0.11321660876274109","0.11321660876274109","0.11321660876274109","3134","3134","3134"
"313599","0.11547275632619858","0.11547275632619858","0.11547275632619858","3135","3135","3135"
"313699","0.11420290917158127","0.11420290917158127","0.11420290917158127","3136","3136","3136"
"313799","0.109231136739254","0.109231136739254","0.109231136739254","3137","3137","3137"
"313899","0.11214713752269745","0.11214713752269745","0.11214713752269745","3138","3138","3138"
"313999","0.11389345675706863","0.11389345675706863","0.11389345675706863","3139","3139","3139"
"314099","0.11399149149656296","0.11399149149656296","0.11399149149656296","3140","3140","3140"
"314199","0.11314669251441956","0.11314669251441956","0.11314669251441956","3141","3141","3141"
"314299","0.11424168944358826","0.11424168944358826","0.11424168944358826","3142","3142","3142"
"314399","0.11447051912546158","0.11447051912546158","0.11447051912546158","3143","3143","3143"
"314499","0.11028449237346649","0.11028449237346649","0.11028449237346649","3144","3144","3144"
"314599","0.11277095228433609","0.11277095228433609","0.11277095228433609","3145","3145","3145"
"314699","0.11091887950897217","0.11091887950897217","0.11091887950897217","3146","3146","3146"
"314799","0.12091727554798126","0.12091727554798126","0.12091727554798126","3147","3147","3147"
"314899","0.11482736468315125","0.11482736468315125","0.11482736468315125","3148","3148","3148"
"314999","0.11384224146604538","0.11384224146604538","0.11384224146604538","3149","3149","3149"
"315099","0.11152798682451248","0.11152798682451248","0.11152798682451248","3150","3150","3150"
"315199","0.11788929253816605","0.11788929253816605","0.11788929253816605","3151","3151","3151"