"trainer/global_step","causalsinh_mid - train_loss","causalsinh_mid - train_loss__MIN","causalsinh_mid - train_loss__MAX","causalsinh_mid - _step","causalsinh_mid - _step__MIN","causalsinh_mid - _step__MAX"
"99","0.2573349177837372","0.2573349177837372","0.2573349177837372","0","0","0"
"199","0.23666231334209442","0.23666231334209442","0.23666231334209442","1","1","1"
"299","0.22645676136016846","0.22645676136016846","0.22645676136016846","2","2","2"
"399","0.22101831436157227","0.22101831436157227","0.22101831436157227","3","3","3"
"499","0.214852437376976","0.214852437376976","0.214852437376976","4","4","4"
"599","0.2101888358592987","0.2101888358592987","0.2101888358592987","5","5","5"
"699","0.20344844460487366","0.20344844460487366","0.20344844460487366","6","6","6"
"799","0.20231053233146667","0.20231053233146667","0.20231053233146667","7","7","7"
"899","0.20818045735359192","0.20818045735359192","0.20818045735359192","8","8","8"
"999","0.1972857266664505","0.1972857266664505","0.1972857266664505","9","9","9"
"1099","0.19821687042713165","0.19821687042713165","0.19821687042713165","10","10","10"
"1199","0.19486841559410095","0.19486841559410095","0.19486841559410095","11","11","11"
"1299","0.19599848985671997","0.19599848985671997","0.19599848985671997","12","12","12"
"1399","0.18992528319358826","0.18992528319358826","0.18992528319358826","13","13","13"
"1499","0.19430242478847504","0.19430242478847504","0.19430242478847504","14","14","14"
"1599","0.19173790514469147","0.19173790514469147","0.19173790514469147","15","15","15"
"1699","0.18563325703144073","0.18563325703144073","0.18563325703144073","16","16","16"
"1799","0.18793468177318573","0.18793468177318573","0.18793468177318573","17","17","17"
"1899","0.18559886515140533","0.18559886515140533","0.18559886515140533","18","18","18"
"1999","0.18481245636940002","0.18481245636940002","0.18481245636940002","19","19","19"
"2099","0.18148072063922882","0.18148072063922882","0.18148072063922882","20","20","20"
"2199","0.18547193706035614","0.18547193706035614","0.18547193706035614","21","21","21"
"2299","0.17544719576835632","0.17544719576835632","0.17544719576835632","22","22","22"
"2399","0.18118299543857574","0.18118299543857574","0.18118299543857574","23","23","23"
"2499","0.1804053783416748","0.1804053783416748","0.1804053783416748","24","24","24"
"2599","0.17446938157081604","0.17446938157081604","0.17446938157081604","25","25","25"
"2699","0.18003109097480774","0.18003109097480774","0.18003109097480774","26","26","26"
"2799","0.17476077377796173","0.17476077377796173","0.17476077377796173","27","27","27"
"2899","0.17189320921897888","0.17189320921897888","0.17189320921897888","28","28","28"
"2999","0.18062470853328705","0.18062470853328705","0.18062470853328705","29","29","29"
"3099","0.17482306063175201","0.17482306063175201","0.17482306063175201","30","30","30"
"3199","0.1788203865289688","0.1788203865289688","0.1788203865289688","31","31","31"
"3299","0.17175310850143433","0.17175310850143433","0.17175310850143433","32","32","32"
"3399","0.17240817844867706","0.17240817844867706","0.17240817844867706","33","33","33"
"3499","0.17582325637340546","0.17582325637340546","0.17582325637340546","34","34","34"
"3599","0.17135891318321228","0.17135891318321228","0.17135891318321228","35","35","35"
"3699","0.16940267384052277","0.16940267384052277","0.16940267384052277","36","36","36"
"3799","0.17502491176128387","0.17502491176128387","0.17502491176128387","37","37","37"
"3899","0.17404252290725708","0.17404252290725708","0.17404252290725708","38","38","38"
"3999","0.17045551538467407","0.17045551538467407","0.17045551538467407","39","39","39"
"4099","0.17290396988391876","0.17290396988391876","0.17290396988391876","40","40","40"
"4199","0.17238858342170715","0.17238858342170715","0.17238858342170715","41","41","41"
"4299","0.16847173869609833","0.16847173869609833","0.16847173869609833","42","42","42"
"4399","0.1693834364414215","0.1693834364414215","0.1693834364414215","43","43","43"
"4499","0.16804485023021698","0.16804485023021698","0.16804485023021698","44","44","44"
"4599","0.17047476768493652","0.17047476768493652","0.17047476768493652","45","45","45"
"4699","0.16355769336223602","0.16355769336223602","0.16355769336223602","46","46","46"
"4799","0.16247503459453583","0.16247503459453583","0.16247503459453583","47","47","47"
"4899","0.1684877723455429","0.1684877723455429","0.1684877723455429","48","48","48"
"4999","0.16728000342845917","0.16728000342845917","0.16728000342845917","49","49","49"
"5099","0.1661502867937088","0.1661502867937088","0.1661502867937088","50","50","50"
"5199","0.16556282341480255","0.16556282341480255","0.16556282341480255","51","51","51"
"5299","0.15759529173374176","0.15759529173374176","0.15759529173374176","52","52","52"
"5399","0.16577742993831635","0.16577742993831635","0.16577742993831635","53","53","53"
"5499","0.17001408338546753","0.17001408338546753","0.17001408338546753","54","54","54"
"5599","0.16176611185073853","0.16176611185073853","0.16176611185073853","55","55","55"
"5699","0.16042199730873108","0.16042199730873108","0.16042199730873108","56","56","56"
"5799","0.16826392710208893","0.16826392710208893","0.16826392710208893","57","57","57"
"5899","0.16719958186149597","0.16719958186149597","0.16719958186149597","58","58","58"
"5999","0.1606980711221695","0.1606980711221695","0.1606980711221695","59","59","59"
"6099","0.1545393317937851","0.1545393317937851","0.1545393317937851","60","60","60"
"6199","0.16158929467201233","0.16158929467201233","0.16158929467201233","61","61","61"
"6299","0.1649663746356964","0.1649663746356964","0.1649663746356964","62","62","62"
"6399","0.15863366425037384","0.15863366425037384","0.15863366425037384","63","63","63"
"6499","0.15728287398815155","0.15728287398815155","0.15728287398815155","64","64","64"
"6599","0.16172532737255096","0.16172532737255096","0.16172532737255096","65","65","65"
"6699","0.15793457627296448","0.15793457627296448","0.15793457627296448","66","66","66"
"6799","0.1643320471048355","0.1643320471048355","0.1643320471048355","67","67","67"
"6899","0.16492512822151184","0.16492512822151184","0.16492512822151184","68","68","68"
"6999","0.1624579131603241","0.1624579131603241","0.1624579131603241","69","69","69"
"7099","0.16132770478725433","0.16132770478725433","0.16132770478725433","70","70","70"
"7199","0.16010214388370514","0.16010214388370514","0.16010214388370514","71","71","71"
"7299","0.16207441687583923","0.16207441687583923","0.16207441687583923","72","72","72"
"7399","0.16078637540340424","0.16078637540340424","0.16078637540340424","73","73","73"
"7499","0.1617806851863861","0.1617806851863861","0.1617806851863861","74","74","74"
"7599","0.15699626505374908","0.15699626505374908","0.15699626505374908","75","75","75"
"7699","0.1608721762895584","0.1608721762895584","0.1608721762895584","76","76","76"
"7799","0.1621864140033722","0.1621864140033722","0.1621864140033722","77","77","77"
"7899","0.15698041021823883","0.15698041021823883","0.15698041021823883","78","78","78"
"7999","0.1598803550004959","0.1598803550004959","0.1598803550004959","79","79","79"
"8099","0.1563749760389328","0.1563749760389328","0.1563749760389328","80","80","80"
"8199","0.15319253504276276","0.15319253504276276","0.15319253504276276","81","81","81"
"8299","0.15706494450569153","0.15706494450569153","0.15706494450569153","82","82","82"
"8399","0.158067524433136","0.158067524433136","0.158067524433136","83","83","83"
"8499","0.14829489588737488","0.14829489588737488","0.14829489588737488","84","84","84"
"8599","0.15755099058151245","0.15755099058151245","0.15755099058151245","85","85","85"
"8699","0.15764576196670532","0.15764576196670532","0.15764576196670532","86","86","86"
"8799","0.1571497917175293","0.1571497917175293","0.1571497917175293","87","87","87"
"8899","0.1584278792142868","0.1584278792142868","0.1584278792142868","88","88","88"
"8999","0.1552940458059311","0.1552940458059311","0.1552940458059311","89","89","89"
"9099","0.15471027791500092","0.15471027791500092","0.15471027791500092","90","90","90"
"9199","0.16108275949954987","0.16108275949954987","0.16108275949954987","91","91","91"
"9299","0.15776386857032776","0.15776386857032776","0.15776386857032776","92","92","92"
"9399","0.1591951847076416","0.1591951847076416","0.1591951847076416","93","93","93"
"9499","0.15200717747211456","0.15200717747211456","0.15200717747211456","94","94","94"
"9599","0.14776818454265594","0.14776818454265594","0.14776818454265594","95","95","95"
"9699","0.15685546398162842","0.15685546398162842","0.15685546398162842","96","96","96"
"9799","0.1536729484796524","0.1536729484796524","0.1536729484796524","97","97","97"
"9899","0.14840200543403625","0.14840200543403625","0.14840200543403625","98","98","98"
"9999","0.1527566760778427","0.1527566760778427","0.1527566760778427","99","99","99"
"10099","0.15571221709251404","0.15571221709251404","0.15571221709251404","100","100","100"
"10199","0.15336649119853973","0.15336649119853973","0.15336649119853973","101","101","101"
"10299","0.15188750624656677","0.15188750624656677","0.15188750624656677","102","102","102"
"10399","0.15039120614528656","0.15039120614528656","0.15039120614528656","103","103","103"
"10499","0.15571971237659454","0.15571971237659454","0.15571971237659454","104","104","104"
"10599","0.15508711338043213","0.15508711338043213","0.15508711338043213","105","105","105"
"10699","0.1511668860912323","0.1511668860912323","0.1511668860912323","106","106","106"
"10799","0.15420301258563995","0.15420301258563995","0.15420301258563995","107","107","107"
"10899","0.1518709808588028","0.1518709808588028","0.1518709808588028","108","108","108"
"10999","0.15284375846385956","0.15284375846385956","0.15284375846385956","109","109","109"
"11099","0.15086355805397034","0.15086355805397034","0.15086355805397034","110","110","110"
"11199","0.15404336154460907","0.15404336154460907","0.15404336154460907","111","111","111"
"11299","0.15565498173236847","0.15565498173236847","0.15565498173236847","112","112","112"
"11399","0.154755100607872","0.154755100607872","0.154755100607872","113","113","113"
"11499","0.15737001597881317","0.15737001597881317","0.15737001597881317","114","114","114"
"11599","0.1517738401889801","0.1517738401889801","0.1517738401889801","115","115","115"
"11699","0.15437744557857513","0.15437744557857513","0.15437744557857513","116","116","116"
"11799","0.15518498420715332","0.15518498420715332","0.15518498420715332","117","117","117"
"11899","0.15310342609882355","0.15310342609882355","0.15310342609882355","118","118","118"
"11999","0.14605195820331573","0.14605195820331573","0.14605195820331573","119","119","119"
"12099","0.1522272229194641","0.1522272229194641","0.1522272229194641","120","120","120"
"12199","0.15033680200576782","0.15033680200576782","0.15033680200576782","121","121","121"
"12299","0.14640945196151733","0.14640945196151733","0.14640945196151733","122","122","122"
"12399","0.1509774625301361","0.1509774625301361","0.1509774625301361","123","123","123"
"12499","0.1514396071434021","0.1514396071434021","0.1514396071434021","124","124","124"
"12599","0.15268264710903168","0.15268264710903168","0.15268264710903168","125","125","125"
"12699","0.14917364716529846","0.14917364716529846","0.14917364716529846","126","126","126"
"12799","0.15347114205360413","0.15347114205360413","0.15347114205360413","127","127","127"
"12899","0.15869343280792236","0.15869343280792236","0.15869343280792236","128","128","128"
"12999","0.1542653739452362","0.1542653739452362","0.1542653739452362","129","129","129"
"13099","0.15350167453289032","0.15350167453289032","0.15350167453289032","130","130","130"
"13199","0.15129026770591736","0.15129026770591736","0.15129026770591736","131","131","131"
"13299","0.15518426895141602","0.15518426895141602","0.15518426895141602","132","132","132"
"13399","0.14724837243556976","0.14724837243556976","0.14724837243556976","133","133","133"
"13499","0.14897525310516357","0.14897525310516357","0.14897525310516357","134","134","134"
"13599","0.14925411343574524","0.14925411343574524","0.14925411343574524","135","135","135"
"13699","0.14687415957450867","0.14687415957450867","0.14687415957450867","136","136","136"
"13799","0.15265826880931854","0.15265826880931854","0.15265826880931854","137","137","137"
"13899","0.15023967623710632","0.15023967623710632","0.15023967623710632","138","138","138"
"13999","0.15213574469089508","0.15213574469089508","0.15213574469089508","139","139","139"
"14099","0.15406541526317596","0.15406541526317596","0.15406541526317596","140","140","140"
"14199","0.15140166878700256","0.15140166878700256","0.15140166878700256","141","141","141"
"14299","0.14941999316215515","0.14941999316215515","0.14941999316215515","142","142","142"
"14399","0.14775890111923218","0.14775890111923218","0.14775890111923218","143","143","143"
"14499","0.1462162435054779","0.1462162435054779","0.1462162435054779","144","144","144"
"14599","0.1479930877685547","0.1479930877685547","0.1479930877685547","145","145","145"
"14699","0.14946205914020538","0.14946205914020538","0.14946205914020538","146","146","146"
"14799","0.15038928389549255","0.15038928389549255","0.15038928389549255","147","147","147"
"14899","0.14726604521274567","0.14726604521274567","0.14726604521274567","148","148","148"
"14999","0.14802110195159912","0.14802110195159912","0.14802110195159912","149","149","149"
"15099","0.14945298433303833","0.14945298433303833","0.14945298433303833","150","150","150"
"15199","0.1468585729598999","0.1468585729598999","0.1468585729598999","151","151","151"
"15299","0.15282386541366577","0.15282386541366577","0.15282386541366577","152","152","152"
"15399","0.1491648107767105","0.1491648107767105","0.1491648107767105","153","153","153"
"15499","0.15146875381469727","0.15146875381469727","0.15146875381469727","154","154","154"
"15599","0.14388570189476013","0.14388570189476013","0.14388570189476013","155","155","155"
"15699","0.1420360505580902","0.1420360505580902","0.1420360505580902","156","156","156"
"15799","0.1479179561138153","0.1479179561138153","0.1479179561138153","157","157","157"
"15899","0.14568914473056793","0.14568914473056793","0.14568914473056793","158","158","158"
"15999","0.14153650403022766","0.14153650403022766","0.14153650403022766","159","159","159"
"16099","0.15019957721233368","0.15019957721233368","0.15019957721233368","160","160","160"
"16199","0.14567385613918304","0.14567385613918304","0.14567385613918304","161","161","161"
"16299","0.14670631289482117","0.14670631289482117","0.14670631289482117","162","162","162"
"16399","0.14530310034751892","0.14530310034751892","0.14530310034751892","163","163","163"
"16499","0.1483113169670105","0.1483113169670105","0.1483113169670105","164","164","164"
"16599","0.15084844827651978","0.15084844827651978","0.15084844827651978","165","165","165"
"16699","0.14695248007774353","0.14695248007774353","0.14695248007774353","166","166","166"
"16799","0.1462421715259552","0.1462421715259552","0.1462421715259552","167","167","167"
"16899","0.14849117398262024","0.14849117398262024","0.14849117398262024","168","168","168"
"16999","0.1492585688829422","0.1492585688829422","0.1492585688829422","169","169","169"
"17099","0.14196711778640747","0.14196711778640747","0.14196711778640747","170","170","170"
"17199","0.15184128284454346","0.15184128284454346","0.15184128284454346","171","171","171"
"17299","0.1532870978116989","0.1532870978116989","0.1532870978116989","172","172","172"
"17399","0.14968718588352203","0.14968718588352203","0.14968718588352203","173","173","173"
"17499","0.14129897952079773","0.14129897952079773","0.14129897952079773","174","174","174"
"17599","0.1519589126110077","0.1519589126110077","0.1519589126110077","175","175","175"
"17699","0.14788439869880676","0.14788439869880676","0.14788439869880676","176","176","176"
"17799","0.1422399878501892","0.1422399878501892","0.1422399878501892","177","177","177"
"17899","0.14944903552532196","0.14944903552532196","0.14944903552532196","178","178","178"
"17999","0.14958885312080383","0.14958885312080383","0.14958885312080383","179","179","179"
"18099","0.1480594426393509","0.1480594426393509","0.1480594426393509","180","180","180"
"18199","0.15144753456115723","0.15144753456115723","0.15144753456115723","181","181","181"
"18299","0.14717958867549896","0.14717958867549896","0.14717958867549896","182","182","182"
"18399","0.14426225423812866","0.14426225423812866","0.14426225423812866","183","183","183"
"18499","0.1425163298845291","0.1425163298845291","0.1425163298845291","184","184","184"
"18599","0.14552949368953705","0.14552949368953705","0.14552949368953705","185","185","185"
"18699","0.1485377550125122","0.1485377550125122","0.1485377550125122","186","186","186"
"18799","0.14527437090873718","0.14527437090873718","0.14527437090873718","187","187","187"
"18899","0.14483825862407684","0.14483825862407684","0.14483825862407684","188","188","188"
"18999","0.15006205439567566","0.15006205439567566","0.15006205439567566","189","189","189"
"19099","0.1507449895143509","0.1507449895143509","0.1507449895143509","190","190","190"
"19199","0.13789138197898865","0.13789138197898865","0.13789138197898865","191","191","191"
"19299","0.15006251633167267","0.15006251633167267","0.15006251633167267","192","192","192"
"19399","0.1455412656068802","0.1455412656068802","0.1455412656068802","193","193","193"
"19499","0.1450008600950241","0.1450008600950241","0.1450008600950241","194","194","194"
"19599","0.14594919979572296","0.14594919979572296","0.14594919979572296","195","195","195"
"19699","0.14767901599407196","0.14767901599407196","0.14767901599407196","196","196","196"
"19799","0.15160734951496124","0.15160734951496124","0.15160734951496124","197","197","197"
"19899","0.14506328105926514","0.14506328105926514","0.14506328105926514","198","198","198"
"19999","0.1499709188938141","0.1499709188938141","0.1499709188938141","199","199","199"
"20099","0.14712212979793549","0.14712212979793549","0.14712212979793549","200","200","200"
"20199","0.14307887852191925","0.14307887852191925","0.14307887852191925","201","201","201"
"20299","0.1498842090368271","0.1498842090368271","0.1498842090368271","202","202","202"
"20399","0.14574410021305084","0.14574410021305084","0.14574410021305084","203","203","203"
"20499","0.1459689438343048","0.1459689438343048","0.1459689438343048","204","204","204"
"20599","0.15292739868164062","0.15292739868164062","0.15292739868164062","205","205","205"
"20699","0.14304210245609283","0.14304210245609283","0.14304210245609283","206","206","206"
"20799","0.14338159561157227","0.14338159561157227","0.14338159561157227","207","207","207"
"20899","0.14448799192905426","0.14448799192905426","0.14448799192905426","208","208","208"
"20999","0.14165359735488892","0.14165359735488892","0.14165359735488892","209","209","209"
"21099","0.14598853886127472","0.14598853886127472","0.14598853886127472","210","210","210"
"21199","0.14413069188594818","0.14413069188594818","0.14413069188594818","211","211","211"
"21299","0.1467290222644806","0.1467290222644806","0.1467290222644806","212","212","212"
"21399","0.14470745623111725","0.14470745623111725","0.14470745623111725","213","213","213"
"21499","0.13306793570518494","0.13306793570518494","0.13306793570518494","214","214","214"
"21599","0.14436766505241394","0.14436766505241394","0.14436766505241394","215","215","215"
"21699","0.1416604369878769","0.1416604369878769","0.1416604369878769","216","216","216"
"21799","0.13829663395881653","0.13829663395881653","0.13829663395881653","217","217","217"
"21899","0.14208877086639404","0.14208877086639404","0.14208877086639404","218","218","218"
"21999","0.14745274186134338","0.14745274186134338","0.14745274186134338","219","219","219"
"22099","0.14439772069454193","0.14439772069454193","0.14439772069454193","220","220","220"
"22199","0.1512155830860138","0.1512155830860138","0.1512155830860138","221","221","221"
"22299","0.13919444382190704","0.13919444382190704","0.13919444382190704","222","222","222"
"22399","0.14698100090026855","0.14698100090026855","0.14698100090026855","223","223","223"
"22499","0.13685427606105804","0.13685427606105804","0.13685427606105804","224","224","224"
"22599","0.14189399778842926","0.14189399778842926","0.14189399778842926","225","225","225"
"22699","0.14464615285396576","0.14464615285396576","0.14464615285396576","226","226","226"
"22799","0.14592142403125763","0.14592142403125763","0.14592142403125763","227","227","227"
"22899","0.1429324895143509","0.1429324895143509","0.1429324895143509","228","228","228"
"22999","0.14013907313346863","0.14013907313346863","0.14013907313346863","229","229","229"
"23099","0.14599691331386566","0.14599691331386566","0.14599691331386566","230","230","230"
"23199","0.1404338777065277","0.1404338777065277","0.1404338777065277","231","231","231"
"23299","0.14477582275867462","0.14477582275867462","0.14477582275867462","232","232","232"
"23399","0.1501067727804184","0.1501067727804184","0.1501067727804184","233","233","233"
"23499","0.15097710490226746","0.15097710490226746","0.15097710490226746","234","234","234"
"23599","0.14751029014587402","0.14751029014587402","0.14751029014587402","235","235","235"
"23699","0.13873398303985596","0.13873398303985596","0.13873398303985596","236","236","236"
"23799","0.14549769461154938","0.14549769461154938","0.14549769461154938","237","237","237"
"23899","0.15140391886234283","0.15140391886234283","0.15140391886234283","238","238","238"
"23999","0.14287184178829193","0.14287184178829193","0.14287184178829193","239","239","239"
"24099","0.14272452890872955","0.14272452890872955","0.14272452890872955","240","240","240"
"24199","0.14096178114414215","0.14096178114414215","0.14096178114414215","241","241","241"
"24299","0.1471763551235199","0.1471763551235199","0.1471763551235199","242","242","242"
"24399","0.14315806329250336","0.14315806329250336","0.14315806329250336","243","243","243"
"24499","0.13909457623958588","0.13909457623958588","0.13909457623958588","244","244","244"
"24599","0.14033088088035583","0.14033088088035583","0.14033088088035583","245","245","245"
"24699","0.14510928094387054","0.14510928094387054","0.14510928094387054","246","246","246"
"24799","0.13823211193084717","0.13823211193084717","0.13823211193084717","247","247","247"
"24899","0.14042338728904724","0.14042338728904724","0.14042338728904724","248","248","248"
"24999","0.1419273316860199","0.1419273316860199","0.1419273316860199","249","249","249"
"25099","0.14704765379428864","0.14704765379428864","0.14704765379428864","250","250","250"
"25199","0.14566576480865479","0.14566576480865479","0.14566576480865479","251","251","251"
"25299","0.14398759603500366","0.14398759603500366","0.14398759603500366","252","252","252"
"25399","0.14368484914302826","0.14368484914302826","0.14368484914302826","253","253","253"
"25499","0.13648894429206848","0.13648894429206848","0.13648894429206848","254","254","254"
"25599","0.14395669102668762","0.14395669102668762","0.14395669102668762","255","255","255"
"25699","0.14745569229125977","0.14745569229125977","0.14745569229125977","256","256","256"
"25799","0.14299696683883667","0.14299696683883667","0.14299696683883667","257","257","257"
"25899","0.1424197554588318","0.1424197554588318","0.1424197554588318","258","258","258"
"25999","0.14522725343704224","0.14522725343704224","0.14522725343704224","259","259","259"
"26099","0.14292210340499878","0.14292210340499878","0.14292210340499878","260","260","260"
"26199","0.1399293839931488","0.1399293839931488","0.1399293839931488","261","261","261"
"26299","0.13989153504371643","0.13989153504371643","0.13989153504371643","262","262","262"
"26399","0.13661997020244598","0.13661997020244598","0.13661997020244598","263","263","263"
"26499","0.1398092359304428","0.1398092359304428","0.1398092359304428","264","264","264"
"26599","0.14787065982818604","0.14787065982818604","0.14787065982818604","265","265","265"
"26699","0.14249269664287567","0.14249269664287567","0.14249269664287567","266","266","266"
"26799","0.13826322555541992","0.13826322555541992","0.13826322555541992","267","267","267"
"26899","0.1369500309228897","0.1369500309228897","0.1369500309228897","268","268","268"
"26999","0.14787989854812622","0.14787989854812622","0.14787989854812622","269","269","269"
"27099","0.14063820242881775","0.14063820242881775","0.14063820242881775","270","270","270"
"27199","0.13820697367191315","0.13820697367191315","0.13820697367191315","271","271","271"
"27299","0.1458546668291092","0.1458546668291092","0.1458546668291092","272","272","272"
"27399","0.15203851461410522","0.15203851461410522","0.15203851461410522","273","273","273"
"27499","0.14511151611804962","0.14511151611804962","0.14511151611804962","274","274","274"
"27599","0.13998311758041382","0.13998311758041382","0.13998311758041382","275","275","275"
"27699","0.14020386338233948","0.14020386338233948","0.14020386338233948","276","276","276"
"27799","0.1418997049331665","0.1418997049331665","0.1418997049331665","277","277","277"
"27899","0.13770437240600586","0.13770437240600586","0.13770437240600586","278","278","278"
"27999","0.1457170993089676","0.1457170993089676","0.1457170993089676","279","279","279"
"28099","0.14038066565990448","0.14038066565990448","0.14038066565990448","280","280","280"
"28199","0.1394277811050415","0.1394277811050415","0.1394277811050415","281","281","281"
"28299","0.1458979994058609","0.1458979994058609","0.1458979994058609","282","282","282"
"28399","0.13939990103244781","0.13939990103244781","0.13939990103244781","283","283","283"
"28499","0.1430671364068985","0.1430671364068985","0.1430671364068985","284","284","284"
"28599","0.14167310297489166","0.14167310297489166","0.14167310297489166","285","285","285"
"28699","0.13803799450397491","0.13803799450397491","0.13803799450397491","286","286","286"
"28799","0.14466822147369385","0.14466822147369385","0.14466822147369385","287","287","287"
"28899","0.13867120444774628","0.13867120444774628","0.13867120444774628","288","288","288"
"28999","0.14046411216259003","0.14046411216259003","0.14046411216259003","289","289","289"
"29099","0.14509259164333344","0.14509259164333344","0.14509259164333344","290","290","290"
"29199","0.15009655058383942","0.15009655058383942","0.15009655058383942","291","291","291"
"29299","0.1484151929616928","0.1484151929616928","0.1484151929616928","292","292","292"
"29399","0.14244800806045532","0.14244800806045532","0.14244800806045532","293","293","293"
"29499","0.14103391766548157","0.14103391766548157","0.14103391766548157","294","294","294"
"29599","0.13851971924304962","0.13851971924304962","0.13851971924304962","295","295","295"
"29699","0.13900597393512726","0.13900597393512726","0.13900597393512726","296","296","296"
"29799","0.14213499426841736","0.14213499426841736","0.14213499426841736","297","297","297"
"29899","0.14438684284687042","0.14438684284687042","0.14438684284687042","298","298","298"
"29999","0.1407654732465744","0.1407654732465744","0.1407654732465744","299","299","299"
"30099","0.13944369554519653","0.13944369554519653","0.13944369554519653","300","300","300"
"30199","0.13965384662151337","0.13965384662151337","0.13965384662151337","301","301","301"
"30299","0.14269784092903137","0.14269784092903137","0.14269784092903137","302","302","302"
"30399","0.14170101284980774","0.14170101284980774","0.14170101284980774","303","303","303"
"30499","0.14604082703590393","0.14604082703590393","0.14604082703590393","304","304","304"
"30599","0.13709376752376556","0.13709376752376556","0.13709376752376556","305","305","305"
"30699","0.14782102406024933","0.14782102406024933","0.14782102406024933","306","306","306"
"30799","0.14379914104938507","0.14379914104938507","0.14379914104938507","307","307","307"
"30899","0.14355604350566864","0.14355604350566864","0.14355604350566864","308","308","308"
"30999","0.14603069424629211","0.14603069424629211","0.14603069424629211","309","309","309"
"31099","0.1399226039648056","0.1399226039648056","0.1399226039648056","310","310","310"
"31199","0.1391293704509735","0.1391293704509735","0.1391293704509735","311","311","311"
"31299","0.13517414033412933","0.13517414033412933","0.13517414033412933","312","312","312"
"31399","0.14055925607681274","0.14055925607681274","0.14055925607681274","313","313","313"
"31499","0.14280056953430176","0.14280056953430176","0.14280056953430176","314","314","314"
"31599","0.13789577782154083","0.13789577782154083","0.13789577782154083","315","315","315"
"31699","0.14172007143497467","0.14172007143497467","0.14172007143497467","316","316","316"
"31799","0.13674676418304443","0.13674676418304443","0.13674676418304443","317","317","317"
"31899","0.14758320152759552","0.14758320152759552","0.14758320152759552","318","318","318"
"31999","0.14093732833862305","0.14093732833862305","0.14093732833862305","319","319","319"
"32099","0.13867925107479095","0.13867925107479095","0.13867925107479095","320","320","320"
"32199","0.14655029773712158","0.14655029773712158","0.14655029773712158","321","321","321"
"32299","0.13528111577033997","0.13528111577033997","0.13528111577033997","322","322","322"
"32399","0.14016549289226532","0.14016549289226532","0.14016549289226532","323","323","323"
"32499","0.1474144458770752","0.1474144458770752","0.1474144458770752","324","324","324"
"32599","0.14172817766666412","0.14172817766666412","0.14172817766666412","325","325","325"
"32699","0.14221997559070587","0.14221997559070587","0.14221997559070587","326","326","326"
"32799","0.14409145712852478","0.14409145712852478","0.14409145712852478","327","327","327"
"32899","0.13667790591716766","0.13667790591716766","0.13667790591716766","328","328","328"
"32999","0.14054268598556519","0.14054268598556519","0.14054268598556519","329","329","329"
"33099","0.14811183512210846","0.14811183512210846","0.14811183512210846","330","330","330"
"33199","0.14689819514751434","0.14689819514751434","0.14689819514751434","331","331","331"
"33299","0.14282600581645966","0.14282600581645966","0.14282600581645966","332","332","332"
"33399","0.14175724983215332","0.14175724983215332","0.14175724983215332","333","333","333"
"33499","0.14111560583114624","0.14111560583114624","0.14111560583114624","334","334","334"
"33599","0.14225338399410248","0.14225338399410248","0.14225338399410248","335","335","335"
"33699","0.14064139127731323","0.14064139127731323","0.14064139127731323","336","336","336"
"33799","0.13563278317451477","0.13563278317451477","0.13563278317451477","337","337","337"
"33899","0.1386820673942566","0.1386820673942566","0.1386820673942566","338","338","338"
"33999","0.1442040652036667","0.1442040652036667","0.1442040652036667","339","339","339"
"34099","0.1419922411441803","0.1419922411441803","0.1419922411441803","340","340","340"
"34199","0.14194999635219574","0.14194999635219574","0.14194999635219574","341","341","341"
"34299","0.1421283483505249","0.1421283483505249","0.1421283483505249","342","342","342"
"34399","0.14184312522411346","0.14184312522411346","0.14184312522411346","343","343","343"
"34499","0.1450347751379013","0.1450347751379013","0.1450347751379013","344","344","344"
"34599","0.14021262526512146","0.14021262526512146","0.14021262526512146","345","345","345"
"34699","0.14273202419281006","0.14273202419281006","0.14273202419281006","346","346","346"
"34799","0.14247849583625793","0.14247849583625793","0.14247849583625793","347","347","347"
"34899","0.13914287090301514","0.13914287090301514","0.13914287090301514","348","348","348"
"34999","0.14325392246246338","0.14325392246246338","0.14325392246246338","349","349","349"
"35099","0.1348000317811966","0.1348000317811966","0.1348000317811966","350","350","350"
"35199","0.13877280056476593","0.13877280056476593","0.13877280056476593","351","351","351"
"35299","0.14479444921016693","0.14479444921016693","0.14479444921016693","352","352","352"
"35399","0.1460505723953247","0.1460505723953247","0.1460505723953247","353","353","353"
"35499","0.14039753377437592","0.14039753377437592","0.14039753377437592","354","354","354"
"35599","0.14302386343479156","0.14302386343479156","0.14302386343479156","355","355","355"
"35699","0.1401967853307724","0.1401967853307724","0.1401967853307724","356","356","356"
"35799","0.13625699281692505","0.13625699281692505","0.13625699281692505","357","357","357"
"35899","0.14254188537597656","0.14254188537597656","0.14254188537597656","358","358","358"
"35999","0.13847193121910095","0.13847193121910095","0.13847193121910095","359","359","359"
"36099","0.13818763196468353","0.13818763196468353","0.13818763196468353","360","360","360"
"36199","0.14332810044288635","0.14332810044288635","0.14332810044288635","361","361","361"
"36299","0.14056278765201569","0.14056278765201569","0.14056278765201569","362","362","362"
"36399","0.13487550616264343","0.13487550616264343","0.13487550616264343","363","363","363"
"36499","0.14433085918426514","0.14433085918426514","0.14433085918426514","364","364","364"
"36599","0.13436293601989746","0.13436293601989746","0.13436293601989746","365","365","365"
"36699","0.1477101594209671","0.1477101594209671","0.1477101594209671","366","366","366"
"36799","0.13491834700107574","0.13491834700107574","0.13491834700107574","367","367","367"
"36899","0.14444057643413544","0.14444057643413544","0.14444057643413544","368","368","368"
"36999","0.13908854126930237","0.13908854126930237","0.13908854126930237","369","369","369"
"37099","0.14052057266235352","0.14052057266235352","0.14052057266235352","370","370","370"
"37199","0.13835880160331726","0.13835880160331726","0.13835880160331726","371","371","371"
"37299","0.14069727063179016","0.14069727063179016","0.14069727063179016","372","372","372"
"37399","0.14095161855220795","0.14095161855220795","0.14095161855220795","373","373","373"
"37499","0.14537329971790314","0.14537329971790314","0.14537329971790314","374","374","374"
"37599","0.13853654265403748","0.13853654265403748","0.13853654265403748","375","375","375"
"37699","0.14249663054943085","0.14249663054943085","0.14249663054943085","376","376","376"
"37799","0.1427842527627945","0.1427842527627945","0.1427842527627945","377","377","377"
"37899","0.1386672556400299","0.1386672556400299","0.1386672556400299","378","378","378"
"37999","0.13895219564437866","0.13895219564437866","0.13895219564437866","379","379","379"
"38099","0.1367315948009491","0.1367315948009491","0.1367315948009491","380","380","380"
"38199","0.1385146677494049","0.1385146677494049","0.1385146677494049","381","381","381"
"38299","0.1365184783935547","0.1365184783935547","0.1365184783935547","382","382","382"
"38399","0.1455131322145462","0.1455131322145462","0.1455131322145462","383","383","383"
"38499","0.14257913827896118","0.14257913827896118","0.14257913827896118","384","384","384"
"38599","0.13495022058486938","0.13495022058486938","0.13495022058486938","385","385","385"
"38699","0.14136557281017303","0.14136557281017303","0.14136557281017303","386","386","386"
"38799","0.14082467555999756","0.14082467555999756","0.14082467555999756","387","387","387"
"38899","0.13317158818244934","0.13317158818244934","0.13317158818244934","388","388","388"
"38999","0.1408272534608841","0.1408272534608841","0.1408272534608841","389","389","389"
"39099","0.14125590026378632","0.14125590026378632","0.14125590026378632","390","390","390"
"39199","0.1389159858226776","0.1389159858226776","0.1389159858226776","391","391","391"
"39299","0.1433592587709427","0.1433592587709427","0.1433592587709427","392","392","392"
"39399","0.13936981558799744","0.13936981558799744","0.13936981558799744","393","393","393"
"39499","0.14079664647579193","0.14079664647579193","0.14079664647579193","394","394","394"
"39599","0.1411101222038269","0.1411101222038269","0.1411101222038269","395","395","395"
"39699","0.13353930413722992","0.13353930413722992","0.13353930413722992","396","396","396"
"39799","0.14077182114124298","0.14077182114124298","0.14077182114124298","397","397","397"
"39899","0.14190928637981415","0.14190928637981415","0.14190928637981415","398","398","398"
"39999","0.13244029879570007","0.13244029879570007","0.13244029879570007","399","399","399"
"40099","0.14709235727787018","0.14709235727787018","0.14709235727787018","400","400","400"
"40199","0.14863815903663635","0.14863815903663635","0.14863815903663635","401","401","401"
"40299","0.14438216388225555","0.14438216388225555","0.14438216388225555","402","402","402"
"40399","0.14360585808753967","0.14360585808753967","0.14360585808753967","403","403","403"
"40499","0.14196299016475677","0.14196299016475677","0.14196299016475677","404","404","404"
"40599","0.1399460732936859","0.1399460732936859","0.1399460732936859","405","405","405"
"40699","0.1443391591310501","0.1443391591310501","0.1443391591310501","406","406","406"
"40799","0.13876911997795105","0.13876911997795105","0.13876911997795105","407","407","407"
"40899","0.1391717493534088","0.1391717493534088","0.1391717493534088","408","408","408"
"40999","0.14135102927684784","0.14135102927684784","0.14135102927684784","409","409","409"
"41099","0.1402411311864853","0.1402411311864853","0.1402411311864853","410","410","410"
"41199","0.1425778716802597","0.1425778716802597","0.1425778716802597","411","411","411"
"41299","0.1367930918931961","0.1367930918931961","0.1367930918931961","412","412","412"
"41399","0.14029012620449066","0.14029012620449066","0.14029012620449066","413","413","413"
"41499","0.14372886717319489","0.14372886717319489","0.14372886717319489","414","414","414"
"41599","0.1430065929889679","0.1430065929889679","0.1430065929889679","415","415","415"
"41699","0.1395653337240219","0.1395653337240219","0.1395653337240219","416","416","416"
"41799","0.13856735825538635","0.13856735825538635","0.13856735825538635","417","417","417"
"41899","0.14083102345466614","0.14083102345466614","0.14083102345466614","418","418","418"
"41999","0.14450031518936157","0.14450031518936157","0.14450031518936157","419","419","419"
"42099","0.1394055336713791","0.1394055336713791","0.1394055336713791","420","420","420"
"42199","0.13930383324623108","0.13930383324623108","0.13930383324623108","421","421","421"
"42299","0.13813738524913788","0.13813738524913788","0.13813738524913788","422","422","422"
"42399","0.13927125930786133","0.13927125930786133","0.13927125930786133","423","423","423"
"42499","0.13385044038295746","0.13385044038295746","0.13385044038295746","424","424","424"
"42599","0.13780272006988525","0.13780272006988525","0.13780272006988525","425","425","425"
"42699","0.14358003437519073","0.14358003437519073","0.14358003437519073","426","426","426"
"42799","0.13895092904567719","0.13895092904567719","0.13895092904567719","427","427","427"
"42899","0.14073093235492706","0.14073093235492706","0.14073093235492706","428","428","428"
"42999","0.13879941403865814","0.13879941403865814","0.13879941403865814","429","429","429"
"43099","0.1441335380077362","0.1441335380077362","0.1441335380077362","430","430","430"
"43199","0.13824553787708282","0.13824553787708282","0.13824553787708282","431","431","431"
"43299","0.14099003374576569","0.14099003374576569","0.14099003374576569","432","432","432"
"43399","0.14322495460510254","0.14322495460510254","0.14322495460510254","433","433","433"
"43499","0.13764141499996185","0.13764141499996185","0.13764141499996185","434","434","434"
"43599","0.13830631971359253","0.13830631971359253","0.13830631971359253","435","435","435"
"43699","0.13958649337291718","0.13958649337291718","0.13958649337291718","436","436","436"
"43799","0.13987110555171967","0.13987110555171967","0.13987110555171967","437","437","437"
"43899","0.14166022837162018","0.14166022837162018","0.14166022837162018","438","438","438"
"43999","0.134780615568161","0.134780615568161","0.134780615568161","439","439","439"
"44099","0.14278368651866913","0.14278368651866913","0.14278368651866913","440","440","440"
"44199","0.1432509422302246","0.1432509422302246","0.1432509422302246","441","441","441"
"44299","0.13682053983211517","0.13682053983211517","0.13682053983211517","442","442","442"
"44399","0.14066754281520844","0.14066754281520844","0.14066754281520844","443","443","443"
"44499","0.1385483592748642","0.1385483592748642","0.1385483592748642","444","444","444"
"44599","0.13929902017116547","0.13929902017116547","0.13929902017116547","445","445","445"
"44699","0.13829393684864044","0.13829393684864044","0.13829393684864044","446","446","446"
"44799","0.14080356061458588","0.14080356061458588","0.14080356061458588","447","447","447"
"44899","0.13865624368190765","0.13865624368190765","0.13865624368190765","448","448","448"
"44999","0.13352245092391968","0.13352245092391968","0.13352245092391968","449","449","449"
"45099","0.1414482295513153","0.1414482295513153","0.1414482295513153","450","450","450"
"45199","0.1428435742855072","0.1428435742855072","0.1428435742855072","451","451","451"
"45299","0.14466652274131775","0.14466652274131775","0.14466652274131775","452","452","452"
"45399","0.14076291024684906","0.14076291024684906","0.14076291024684906","453","453","453"
"45499","0.13395234942436218","0.13395234942436218","0.13395234942436218","454","454","454"
"45599","0.13854648172855377","0.13854648172855377","0.13854648172855377","455","455","455"
"45699","0.1439695507287979","0.1439695507287979","0.1439695507287979","456","456","456"
"45799","0.13728779554367065","0.13728779554367065","0.13728779554367065","457","457","457"
"45899","0.13822393119335175","0.13822393119335175","0.13822393119335175","458","458","458"
"45999","0.13655197620391846","0.13655197620391846","0.13655197620391846","459","459","459"
"46099","0.14139969646930695","0.14139969646930695","0.14139969646930695","460","460","460"
"46199","0.14052391052246094","0.14052391052246094","0.14052391052246094","461","461","461"
"46299","0.13603071868419647","0.13603071868419647","0.13603071868419647","462","462","462"
"46399","0.14257992804050446","0.14257992804050446","0.14257992804050446","463","463","463"
"46499","0.13926997780799866","0.13926997780799866","0.13926997780799866","464","464","464"
"46599","0.14695829153060913","0.14695829153060913","0.14695829153060913","465","465","465"
"46699","0.14379040896892548","0.14379040896892548","0.14379040896892548","466","466","466"
"46799","0.13774900138378143","0.13774900138378143","0.13774900138378143","467","467","467"
"46899","0.1341647356748581","0.1341647356748581","0.1341647356748581","468","468","468"
"46999","0.13779327273368835","0.13779327273368835","0.13779327273368835","469","469","469"
"47099","0.13602223992347717","0.13602223992347717","0.13602223992347717","470","470","470"
"47199","0.14144498109817505","0.14144498109817505","0.14144498109817505","471","471","471"
"47299","0.1445375382900238","0.1445375382900238","0.1445375382900238","472","472","472"
"47399","0.14275655150413513","0.14275655150413513","0.14275655150413513","473","473","473"
"47499","0.14516499638557434","0.14516499638557434","0.14516499638557434","474","474","474"
"47599","0.14145641028881073","0.14145641028881073","0.14145641028881073","475","475","475"
"47699","0.1371847242116928","0.1371847242116928","0.1371847242116928","476","476","476"
"47799","0.13515663146972656","0.13515663146972656","0.13515663146972656","477","477","477"
"47899","0.14541800320148468","0.14541800320148468","0.14541800320148468","478","478","478"
"47999","0.14184948801994324","0.14184948801994324","0.14184948801994324","479","479","479"
"48099","0.141276553273201","0.141276553273201","0.141276553273201","480","480","480"
"48199","0.13264916837215424","0.13264916837215424","0.13264916837215424","481","481","481"
"48299","0.1336531639099121","0.1336531639099121","0.1336531639099121","482","482","482"
"48399","0.1400139331817627","0.1400139331817627","0.1400139331817627","483","483","483"
"48499","0.13891823589801788","0.13891823589801788","0.13891823589801788","484","484","484"
"48599","0.1381618082523346","0.1381618082523346","0.1381618082523346","485","485","485"
"48699","0.13932819664478302","0.13932819664478302","0.13932819664478302","486","486","486"
"48799","0.1388651579618454","0.1388651579618454","0.1388651579618454","487","487","487"
"48899","0.14047031104564667","0.14047031104564667","0.14047031104564667","488","488","488"
"48999","0.1387098878622055","0.1387098878622055","0.1387098878622055","489","489","489"
"49099","0.13450196385383606","0.13450196385383606","0.13450196385383606","490","490","490"
"49199","0.1385115683078766","0.1385115683078766","0.1385115683078766","491","491","491"
"49299","0.1393514722585678","0.1393514722585678","0.1393514722585678","492","492","492"
"49399","0.13523176312446594","0.13523176312446594","0.13523176312446594","493","493","493"
"49499","0.13951870799064636","0.13951870799064636","0.13951870799064636","494","494","494"
"49599","0.1413845419883728","0.1413845419883728","0.1413845419883728","495","495","495"
"49699","0.1374252736568451","0.1374252736568451","0.1374252736568451","496","496","496"
"49799","0.13604243099689484","0.13604243099689484","0.13604243099689484","497","497","497"
"49899","0.13226281106472015","0.13226281106472015","0.13226281106472015","498","498","498"
"49999","0.13451047241687775","0.13451047241687775","0.13451047241687775","499","499","499"
"50099","0.13534994423389435","0.13534994423389435","0.13534994423389435","500","500","500"
"50199","0.13598047196865082","0.13598047196865082","0.13598047196865082","501","501","501"
"50299","0.1368122547864914","0.1368122547864914","0.1368122547864914","502","502","502"
"50399","0.1363460272550583","0.1363460272550583","0.1363460272550583","503","503","503"
"50499","0.13974209129810333","0.13974209129810333","0.13974209129810333","504","504","504"
"50599","0.13420939445495605","0.13420939445495605","0.13420939445495605","505","505","505"
"50699","0.14133109152317047","0.14133109152317047","0.14133109152317047","506","506","506"
"50799","0.13680514693260193","0.13680514693260193","0.13680514693260193","507","507","507"
"50899","0.13989591598510742","0.13989591598510742","0.13989591598510742","508","508","508"
"50999","0.13845230638980865","0.13845230638980865","0.13845230638980865","509","509","509"
"51099","0.13295592367649078","0.13295592367649078","0.13295592367649078","510","510","510"
"51199","0.13972237706184387","0.13972237706184387","0.13972237706184387","511","511","511"
"51299","0.13791397213935852","0.13791397213935852","0.13791397213935852","512","512","512"
"51399","0.13308323919773102","0.13308323919773102","0.13308323919773102","513","513","513"
"51499","0.1417311578989029","0.1417311578989029","0.1417311578989029","514","514","514"
"51599","0.13724210858345032","0.13724210858345032","0.13724210858345032","515","515","515"
"51699","0.13647036254405975","0.13647036254405975","0.13647036254405975","516","516","516"
"51799","0.1409294456243515","0.1409294456243515","0.1409294456243515","517","517","517"
"51899","0.13886922597885132","0.13886922597885132","0.13886922597885132","518","518","518"
"51999","0.13637380301952362","0.13637380301952362","0.13637380301952362","519","519","519"
"52099","0.13702966272830963","0.13702966272830963","0.13702966272830963","520","520","520"
"52199","0.13728414475917816","0.13728414475917816","0.13728414475917816","521","521","521"
"52299","0.1386331021785736","0.1386331021785736","0.1386331021785736","522","522","522"
"52399","0.13373950123786926","0.13373950123786926","0.13373950123786926","523","523","523"
"52499","0.13664986193180084","0.13664986193180084","0.13664986193180084","524","524","524"
"52599","0.1405872106552124","0.1405872106552124","0.1405872106552124","525","525","525"
"52699","0.1346312165260315","0.1346312165260315","0.1346312165260315","526","526","526"
"52799","0.1482575684785843","0.1482575684785843","0.1482575684785843","527","527","527"
"52899","0.14090734720230103","0.14090734720230103","0.14090734720230103","528","528","528"
"52999","0.13704195618629456","0.13704195618629456","0.13704195618629456","529","529","529"
"53099","0.1343386024236679","0.1343386024236679","0.1343386024236679","530","530","530"
"53199","0.13584710657596588","0.13584710657596588","0.13584710657596588","531","531","531"
"53299","0.1358068883419037","0.1358068883419037","0.1358068883419037","532","532","532"
"53399","0.14055092632770538","0.14055092632770538","0.14055092632770538","533","533","533"
"53499","0.1314156949520111","0.1314156949520111","0.1314156949520111","534","534","534"
"53599","0.13645218312740326","0.13645218312740326","0.13645218312740326","535","535","535"
"53699","0.13830287754535675","0.13830287754535675","0.13830287754535675","536","536","536"
"53799","0.13990503549575806","0.13990503549575806","0.13990503549575806","537","537","537"
"53899","0.14402440190315247","0.14402440190315247","0.14402440190315247","538","538","538"
"53999","0.13652007281780243","0.13652007281780243","0.13652007281780243","539","539","539"
"54099","0.14528633654117584","0.14528633654117584","0.14528633654117584","540","540","540"
"54199","0.1330103725194931","0.1330103725194931","0.1330103725194931","541","541","541"
"54299","0.14154724776744843","0.14154724776744843","0.14154724776744843","542","542","542"
"54399","0.12874865531921387","0.12874865531921387","0.12874865531921387","543","543","543"
"54499","0.1374121755361557","0.1374121755361557","0.1374121755361557","544","544","544"
"54599","0.1318565309047699","0.1318565309047699","0.1318565309047699","545","545","545"
"54699","0.14195407927036285","0.14195407927036285","0.14195407927036285","546","546","546"
"54799","0.1387435346841812","0.1387435346841812","0.1387435346841812","547","547","547"
"54899","0.14054933190345764","0.14054933190345764","0.14054933190345764","548","548","548"
"54999","0.13935263454914093","0.13935263454914093","0.13935263454914093","549","549","549"
"55099","0.13281279802322388","0.13281279802322388","0.13281279802322388","550","550","550"
"55199","0.13738015294075012","0.13738015294075012","0.13738015294075012","551","551","551"
"55299","0.14360052347183228","0.14360052347183228","0.14360052347183228","552","552","552"
"55399","0.13798509538173676","0.13798509538173676","0.13798509538173676","553","553","553"
"55499","0.13943339884281158","0.13943339884281158","0.13943339884281158","554","554","554"
"55599","0.13606618344783783","0.13606618344783783","0.13606618344783783","555","555","555"
"55699","0.13674505054950714","0.13674505054950714","0.13674505054950714","556","556","556"
"55799","0.1379406452178955","0.1379406452178955","0.1379406452178955","557","557","557"
"55899","0.13899575173854828","0.13899575173854828","0.13899575173854828","558","558","558"
"55999","0.13909640908241272","0.13909640908241272","0.13909640908241272","559","559","559"
"56099","0.1386413425207138","0.1386413425207138","0.1386413425207138","560","560","560"
"56199","0.13732893764972687","0.13732893764972687","0.13732893764972687","561","561","561"
"56299","0.14701613783836365","0.14701613783836365","0.14701613783836365","562","562","562"
"56399","0.1366320103406906","0.1366320103406906","0.1366320103406906","563","563","563"
"56499","0.13670149445533752","0.13670149445533752","0.13670149445533752","564","564","564"
"56599","0.13474303483963013","0.13474303483963013","0.13474303483963013","565","565","565"
"56699","0.1398555338382721","0.1398555338382721","0.1398555338382721","566","566","566"
"56799","0.14111830294132233","0.14111830294132233","0.14111830294132233","567","567","567"
"56899","0.14351308345794678","0.14351308345794678","0.14351308345794678","568","568","568"
"56999","0.1339406967163086","0.1339406967163086","0.1339406967163086","569","569","569"
"57099","0.12785080075263977","0.12785080075263977","0.12785080075263977","570","570","570"
"57199","0.14059291779994965","0.14059291779994965","0.14059291779994965","571","571","571"
"57299","0.13838323950767517","0.13838323950767517","0.13838323950767517","572","572","572"
"57399","0.13315266370773315","0.13315266370773315","0.13315266370773315","573","573","573"
"57499","0.1388777196407318","0.1388777196407318","0.1388777196407318","574","574","574"
"57599","0.13366664946079254","0.13366664946079254","0.13366664946079254","575","575","575"
"57699","0.13196134567260742","0.13196134567260742","0.13196134567260742","576","576","576"
"57799","0.13823486864566803","0.13823486864566803","0.13823486864566803","577","577","577"
"57899","0.13590332865715027","0.13590332865715027","0.13590332865715027","578","578","578"
"57999","0.13245932757854462","0.13245932757854462","0.13245932757854462","579","579","579"
"58099","0.1400456577539444","0.1400456577539444","0.1400456577539444","580","580","580"
"58199","0.13549132645130157","0.13549132645130157","0.13549132645130157","581","581","581"
"58299","0.13942021131515503","0.13942021131515503","0.13942021131515503","582","582","582"
"58399","0.14110980927944183","0.14110980927944183","0.14110980927944183","583","583","583"
"58499","0.1430683732032776","0.1430683732032776","0.1430683732032776","584","584","584"
"58599","0.14096271991729736","0.14096271991729736","0.14096271991729736","585","585","585"
"58699","0.13819262385368347","0.13819262385368347","0.13819262385368347","586","586","586"
"58799","0.13710612058639526","0.13710612058639526","0.13710612058639526","587","587","587"
"58899","0.1377520114183426","0.1377520114183426","0.1377520114183426","588","588","588"
"58999","0.14080175757408142","0.14080175757408142","0.14080175757408142","589","589","589"
"59099","0.1366885006427765","0.1366885006427765","0.1366885006427765","590","590","590"
"59199","0.13068674504756927","0.13068674504756927","0.13068674504756927","591","591","591"
"59299","0.13592225313186646","0.13592225313186646","0.13592225313186646","592","592","592"
"59399","0.1295638531446457","0.1295638531446457","0.1295638531446457","593","593","593"
"59499","0.14273172616958618","0.14273172616958618","0.14273172616958618","594","594","594"
"59599","0.1351161152124405","0.1351161152124405","0.1351161152124405","595","595","595"
"59699","0.13938547670841217","0.13938547670841217","0.13938547670841217","596","596","596"
"59799","0.13946491479873657","0.13946491479873657","0.13946491479873657","597","597","597"
"59899","0.13603076338768005","0.13603076338768005","0.13603076338768005","598","598","598"
"59999","0.13878025114536285","0.13878025114536285","0.13878025114536285","599","599","599"
"60099","0.1381642073392868","0.1381642073392868","0.1381642073392868","600","600","600"
"60199","0.13443654775619507","0.13443654775619507","0.13443654775619507","601","601","601"
"60299","0.1314707249403","0.1314707249403","0.1314707249403","602","602","602"
"60399","0.13630253076553345","0.13630253076553345","0.13630253076553345","603","603","603"
"60499","0.13335078954696655","0.13335078954696655","0.13335078954696655","604","604","604"
"60599","0.13215112686157227","0.13215112686157227","0.13215112686157227","605","605","605"
"60699","0.13839253783226013","0.13839253783226013","0.13839253783226013","606","606","606"
"60799","0.13753367960453033","0.13753367960453033","0.13753367960453033","607","607","607"
"60899","0.13546426594257355","0.13546426594257355","0.13546426594257355","608","608","608"
"60999","0.13509079813957214","0.13509079813957214","0.13509079813957214","609","609","609"
"61099","0.12999022006988525","0.12999022006988525","0.12999022006988525","610","610","610"
"61199","0.1358492523431778","0.1358492523431778","0.1358492523431778","611","611","611"
"61299","0.13236114382743835","0.13236114382743835","0.13236114382743835","612","612","612"
"61399","0.13650619983673096","0.13650619983673096","0.13650619983673096","613","613","613"
"61499","0.1409425586462021","0.1409425586462021","0.1409425586462021","614","614","614"
"61599","0.13893015682697296","0.13893015682697296","0.13893015682697296","615","615","615"
"61699","0.13578549027442932","0.13578549027442932","0.13578549027442932","616","616","616"
"61799","0.14146266877651215","0.14146266877651215","0.14146266877651215","617","617","617"
"61899","0.14020569622516632","0.14020569622516632","0.14020569622516632","618","618","618"
"61999","0.13420294225215912","0.13420294225215912","0.13420294225215912","619","619","619"
"62099","0.14158141613006592","0.14158141613006592","0.14158141613006592","620","620","620"
"62199","0.12672434747219086","0.12672434747219086","0.12672434747219086","621","621","621"
"62299","0.13880768418312073","0.13880768418312073","0.13880768418312073","622","622","622"
"62399","0.13427692651748657","0.13427692651748657","0.13427692651748657","623","623","623"
"62499","0.13333120942115784","0.13333120942115784","0.13333120942115784","624","624","624"
"62599","0.13754215836524963","0.13754215836524963","0.13754215836524963","625","625","625"
"62699","0.14038558304309845","0.14038558304309845","0.14038558304309845","626","626","626"
"62799","0.13462643325328827","0.13462643325328827","0.13462643325328827","627","627","627"
"62899","0.13683545589447021","0.13683545589447021","0.13683545589447021","628","628","628"
"62999","0.13837608695030212","0.13837608695030212","0.13837608695030212","629","629","629"
"63099","0.14184688031673431","0.14184688031673431","0.14184688031673431","630","630","630"
"63199","0.1379968374967575","0.1379968374967575","0.1379968374967575","631","631","631"
"63299","0.13609345257282257","0.13609345257282257","0.13609345257282257","632","632","632"
"63399","0.13653704524040222","0.13653704524040222","0.13653704524040222","633","633","633"
"63499","0.13733787834644318","0.13733787834644318","0.13733787834644318","634","634","634"
"63599","0.1384040266275406","0.1384040266275406","0.1384040266275406","635","635","635"
"63699","0.14047685265541077","0.14047685265541077","0.14047685265541077","636","636","636"
"63799","0.1360667496919632","0.1360667496919632","0.1360667496919632","637","637","637"
"63899","0.13168784976005554","0.13168784976005554","0.13168784976005554","638","638","638"
"63999","0.13489307463169098","0.13489307463169098","0.13489307463169098","639","639","639"
"64099","0.13182875514030457","0.13182875514030457","0.13182875514030457","640","640","640"
"64199","0.13761118054389954","0.13761118054389954","0.13761118054389954","641","641","641"
"64299","0.1350516825914383","0.1350516825914383","0.1350516825914383","642","642","642"
"64399","0.13458943367004395","0.13458943367004395","0.13458943367004395","643","643","643"
"64499","0.13995331525802612","0.13995331525802612","0.13995331525802612","644","644","644"
"64599","0.1370019167661667","0.1370019167661667","0.1370019167661667","645","645","645"
"64699","0.1328584849834442","0.1328584849834442","0.1328584849834442","646","646","646"
"64799","0.14325013756752014","0.14325013756752014","0.14325013756752014","647","647","647"
"64899","0.13754111528396606","0.13754111528396606","0.13754111528396606","648","648","648"
"64999","0.13302773237228394","0.13302773237228394","0.13302773237228394","649","649","649"
"65099","0.12722133100032806","0.12722133100032806","0.12722133100032806","650","650","650"
"65199","0.1340196430683136","0.1340196430683136","0.1340196430683136","651","651","651"
"65299","0.13025523722171783","0.13025523722171783","0.13025523722171783","652","652","652"
"65399","0.13291868567466736","0.13291868567466736","0.13291868567466736","653","653","653"
"65499","0.1346869170665741","0.1346869170665741","0.1346869170665741","654","654","654"
"65599","0.13088269531726837","0.13088269531726837","0.13088269531726837","655","655","655"
"65699","0.13630971312522888","0.13630971312522888","0.13630971312522888","656","656","656"
"65799","0.13722163438796997","0.13722163438796997","0.13722163438796997","657","657","657"
"65899","0.13074856996536255","0.13074856996536255","0.13074856996536255","658","658","658"
"65999","0.13856227695941925","0.13856227695941925","0.13856227695941925","659","659","659"
"66099","0.13818244636058807","0.13818244636058807","0.13818244636058807","660","660","660"
"66199","0.1400633454322815","0.1400633454322815","0.1400633454322815","661","661","661"
"66299","0.1334235966205597","0.1334235966205597","0.1334235966205597","662","662","662"
"66399","0.1381191909313202","0.1381191909313202","0.1381191909313202","663","663","663"
"66499","0.13430622220039368","0.13430622220039368","0.13430622220039368","664","664","664"
"66599","0.1389753222465515","0.1389753222465515","0.1389753222465515","665","665","665"
"66699","0.13879208266735077","0.13879208266735077","0.13879208266735077","666","666","666"
"66799","0.13921219110488892","0.13921219110488892","0.13921219110488892","667","667","667"
"66899","0.13872115314006805","0.13872115314006805","0.13872115314006805","668","668","668"
"66999","0.1376108080148697","0.1376108080148697","0.1376108080148697","669","669","669"
"67099","0.13666756451129913","0.13666756451129913","0.13666756451129913","670","670","670"
"67199","0.13361527025699615","0.13361527025699615","0.13361527025699615","671","671","671"
"67299","0.13253076374530792","0.13253076374530792","0.13253076374530792","672","672","672"
"67399","0.13247324526309967","0.13247324526309967","0.13247324526309967","673","673","673"
"67499","0.13456575572490692","0.13456575572490692","0.13456575572490692","674","674","674"
"67599","0.13326434791088104","0.13326434791088104","0.13326434791088104","675","675","675"
"67699","0.13859377801418304","0.13859377801418304","0.13859377801418304","676","676","676"
"67799","0.13787466287612915","0.13787466287612915","0.13787466287612915","677","677","677"
"67899","0.13582056760787964","0.13582056760787964","0.13582056760787964","678","678","678"
"67999","0.14025624096393585","0.14025624096393585","0.14025624096393585","679","679","679"
"68099","0.13200734555721283","0.13200734555721283","0.13200734555721283","680","680","680"
"68199","0.1376650333404541","0.1376650333404541","0.1376650333404541","681","681","681"
"68299","0.13777458667755127","0.13777458667755127","0.13777458667755127","682","682","682"
"68399","0.1417979896068573","0.1417979896068573","0.1417979896068573","683","683","683"
"68499","0.14480137825012207","0.14480137825012207","0.14480137825012207","684","684","684"
"68599","0.13355949521064758","0.13355949521064758","0.13355949521064758","685","685","685"
"68699","0.12956726551055908","0.12956726551055908","0.12956726551055908","686","686","686"
"68799","0.13465934991836548","0.13465934991836548","0.13465934991836548","687","687","687"
"68899","0.1328924298286438","0.1328924298286438","0.1328924298286438","688","688","688"
"68999","0.1371384710073471","0.1371384710073471","0.1371384710073471","689","689","689"
"69099","0.1365729421377182","0.1365729421377182","0.1365729421377182","690","690","690"
"69199","0.13398012518882751","0.13398012518882751","0.13398012518882751","691","691","691"
"69299","0.13317960500717163","0.13317960500717163","0.13317960500717163","692","692","692"
"69399","0.13758794963359833","0.13758794963359833","0.13758794963359833","693","693","693"
"69499","0.13348032534122467","0.13348032534122467","0.13348032534122467","694","694","694"
"69599","0.13821636140346527","0.13821636140346527","0.13821636140346527","695","695","695"
"69699","0.13614517450332642","0.13614517450332642","0.13614517450332642","696","696","696"
"69799","0.1391080617904663","0.1391080617904663","0.1391080617904663","697","697","697"
"69899","0.1391291618347168","0.1391291618347168","0.1391291618347168","698","698","698"
"69999","0.13817986845970154","0.13817986845970154","0.13817986845970154","699","699","699"
"70099","0.13356143236160278","0.13356143236160278","0.13356143236160278","700","700","700"
"70199","0.13334999978542328","0.13334999978542328","0.13334999978542328","701","701","701"
"70299","0.13413943350315094","0.13413943350315094","0.13413943350315094","702","702","702"
"70399","0.1383858621120453","0.1383858621120453","0.1383858621120453","703","703","703"
"70499","0.14107239246368408","0.14107239246368408","0.14107239246368408","704","704","704"
"70599","0.1388288140296936","0.1388288140296936","0.1388288140296936","705","705","705"
"70699","0.1367010921239853","0.1367010921239853","0.1367010921239853","706","706","706"
"70799","0.13365040719509125","0.13365040719509125","0.13365040719509125","707","707","707"
"70899","0.13315103948116302","0.13315103948116302","0.13315103948116302","708","708","708"
"70999","0.1376798301935196","0.1376798301935196","0.1376798301935196","709","709","709"
"71099","0.13643179833889008","0.13643179833889008","0.13643179833889008","710","710","710"
"71199","0.13533340394496918","0.13533340394496918","0.13533340394496918","711","711","711"
"71299","0.1435810774564743","0.1435810774564743","0.1435810774564743","712","712","712"
"71399","0.13996578752994537","0.13996578752994537","0.13996578752994537","713","713","713"
"71499","0.14071115851402283","0.14071115851402283","0.14071115851402283","714","714","714"
"71599","0.13064099848270416","0.13064099848270416","0.13064099848270416","715","715","715"
"71699","0.14031819999217987","0.14031819999217987","0.14031819999217987","716","716","716"
"71799","0.13835619390010834","0.13835619390010834","0.13835619390010834","717","717","717"
"71899","0.13853484392166138","0.13853484392166138","0.13853484392166138","718","718","718"
"71999","0.13473452627658844","0.13473452627658844","0.13473452627658844","719","719","719"
"72099","0.13618744909763336","0.13618744909763336","0.13618744909763336","720","720","720"
"72199","0.14483194053173065","0.14483194053173065","0.14483194053173065","721","721","721"
"72299","0.1310858577489853","0.1310858577489853","0.1310858577489853","722","722","722"
"72399","0.13569039106369019","0.13569039106369019","0.13569039106369019","723","723","723"
"72499","0.13415388762950897","0.13415388762950897","0.13415388762950897","724","724","724"
"72599","0.1409367173910141","0.1409367173910141","0.1409367173910141","725","725","725"
"72699","0.1337720900774002","0.1337720900774002","0.1337720900774002","726","726","726"
"72799","0.13638252019882202","0.13638252019882202","0.13638252019882202","727","727","727"
"72899","0.13253428041934967","0.13253428041934967","0.13253428041934967","728","728","728"
"72999","0.14053088426589966","0.14053088426589966","0.14053088426589966","729","729","729"
"73099","0.13684223592281342","0.13684223592281342","0.13684223592281342","730","730","730"
"73199","0.13769808411598206","0.13769808411598206","0.13769808411598206","731","731","731"
"73299","0.13543692231178284","0.13543692231178284","0.13543692231178284","732","732","732"
"73399","0.13222549855709076","0.13222549855709076","0.13222549855709076","733","733","733"
"73499","0.13928648829460144","0.13928648829460144","0.13928648829460144","734","734","734"
"73599","0.13593275845050812","0.13593275845050812","0.13593275845050812","735","735","735"
"73699","0.13662660121917725","0.13662660121917725","0.13662660121917725","736","736","736"
"73799","0.1326364427804947","0.1326364427804947","0.1326364427804947","737","737","737"
"73899","0.1367621123790741","0.1367621123790741","0.1367621123790741","738","738","738"
"73999","0.132171168923378","0.132171168923378","0.132171168923378","739","739","739"
"74099","0.14538820087909698","0.14538820087909698","0.14538820087909698","740","740","740"
"74199","0.1352943480014801","0.1352943480014801","0.1352943480014801","741","741","741"
"74299","0.13270160555839539","0.13270160555839539","0.13270160555839539","742","742","742"
"74399","0.13696414232254028","0.13696414232254028","0.13696414232254028","743","743","743"
"74499","0.13750602304935455","0.13750602304935455","0.13750602304935455","744","744","744"
"74599","0.13712207973003387","0.13712207973003387","0.13712207973003387","745","745","745"
"74699","0.1342952400445938","0.1342952400445938","0.1342952400445938","746","746","746"
"74799","0.1330217719078064","0.1330217719078064","0.1330217719078064","747","747","747"
"74899","0.13697093725204468","0.13697093725204468","0.13697093725204468","748","748","748"
"74999","0.13335715234279633","0.13335715234279633","0.13335715234279633","749","749","749"
"75099","0.13429561257362366","0.13429561257362366","0.13429561257362366","750","750","750"
"75199","0.14013268053531647","0.14013268053531647","0.14013268053531647","751","751","751"
"75299","0.13831140100955963","0.13831140100955963","0.13831140100955963","752","752","752"
"75399","0.13439634442329407","0.13439634442329407","0.13439634442329407","753","753","753"
"75499","0.1327526718378067","0.1327526718378067","0.1327526718378067","754","754","754"
"75599","0.13678216934204102","0.13678216934204102","0.13678216934204102","755","755","755"
"75699","0.13806210458278656","0.13806210458278656","0.13806210458278656","756","756","756"
"75799","0.13802197575569153","0.13802197575569153","0.13802197575569153","757","757","757"
"75899","0.13016816973686218","0.13016816973686218","0.13016816973686218","758","758","758"
"75999","0.13405455648899078","0.13405455648899078","0.13405455648899078","759","759","759"
"76099","0.13760897517204285","0.13760897517204285","0.13760897517204285","760","760","760"
"76199","0.13263645768165588","0.13263645768165588","0.13263645768165588","761","761","761"
"76299","0.13865765929222107","0.13865765929222107","0.13865765929222107","762","762","762"
"76399","0.13389170169830322","0.13389170169830322","0.13389170169830322","763","763","763"
"76499","0.13508759438991547","0.13508759438991547","0.13508759438991547","764","764","764"
"76599","0.14281122386455536","0.14281122386455536","0.14281122386455536","765","765","765"
"76699","0.1361251175403595","0.1361251175403595","0.1361251175403595","766","766","766"
"76799","0.1329149454832077","0.1329149454832077","0.1329149454832077","767","767","767"
"76899","0.1360718160867691","0.1360718160867691","0.1360718160867691","768","768","768"
"76999","0.1395132690668106","0.1395132690668106","0.1395132690668106","769","769","769"
"77099","0.13407018780708313","0.13407018780708313","0.13407018780708313","770","770","770"
"77199","0.13977274298667908","0.13977274298667908","0.13977274298667908","771","771","771"
"77299","0.14191944897174835","0.14191944897174835","0.14191944897174835","772","772","772"
"77399","0.13096605241298676","0.13096605241298676","0.13096605241298676","773","773","773"
"77499","0.13784047961235046","0.13784047961235046","0.13784047961235046","774","774","774"
"77599","0.134123757481575","0.134123757481575","0.134123757481575","775","775","775"
"77699","0.13928836584091187","0.13928836584091187","0.13928836584091187","776","776","776"
"77799","0.1357615441083908","0.1357615441083908","0.1357615441083908","777","777","777"
"77899","0.13430269062519073","0.13430269062519073","0.13430269062519073","778","778","778"
"77999","0.14031776785850525","0.14031776785850525","0.14031776785850525","779","779","779"
"78099","0.12950894236564636","0.12950894236564636","0.12950894236564636","780","780","780"
"78199","0.13350635766983032","0.13350635766983032","0.13350635766983032","781","781","781"
"78299","0.14016780257225037","0.14016780257225037","0.14016780257225037","782","782","782"
"78399","0.1384582221508026","0.1384582221508026","0.1384582221508026","783","783","783"
"78499","0.13217569887638092","0.13217569887638092","0.13217569887638092","784","784","784"
"78599","0.14341597259044647","0.14341597259044647","0.14341597259044647","785","785","785"
"78699","0.13278189301490784","0.13278189301490784","0.13278189301490784","786","786","786"
"78799","0.13414570689201355","0.13414570689201355","0.13414570689201355","787","787","787"
"78899","0.1391018033027649","0.1391018033027649","0.1391018033027649","788","788","788"
"78999","0.13672061264514923","0.13672061264514923","0.13672061264514923","789","789","789"
"79099","0.12879666686058044","0.12879666686058044","0.12879666686058044","790","790","790"
"79199","0.13534896075725555","0.13534896075725555","0.13534896075725555","791","791","791"
"79299","0.1368430107831955","0.1368430107831955","0.1368430107831955","792","792","792"
"79399","0.1365385502576828","0.1365385502576828","0.1365385502576828","793","793","793"
"79499","0.1397048830986023","0.1397048830986023","0.1397048830986023","794","794","794"
"79599","0.141195148229599","0.141195148229599","0.141195148229599","795","795","795"
"79699","0.13609088957309723","0.13609088957309723","0.13609088957309723","796","796","796"
"79799","0.13241292536258698","0.13241292536258698","0.13241292536258698","797","797","797"
"79899","0.137847900390625","0.137847900390625","0.137847900390625","798","798","798"
"79999","0.13403135538101196","0.13403135538101196","0.13403135538101196","799","799","799"
"80099","0.13464024662971497","0.13464024662971497","0.13464024662971497","800","800","800"
"80199","0.1294717937707901","0.1294717937707901","0.1294717937707901","801","801","801"
"80299","0.13029025495052338","0.13029025495052338","0.13029025495052338","802","802","802"
"80399","0.1345834881067276","0.1345834881067276","0.1345834881067276","803","803","803"
"80499","0.14241331815719604","0.14241331815719604","0.14241331815719604","804","804","804"
"80599","0.13241085410118103","0.13241085410118103","0.13241085410118103","805","805","805"
"80699","0.12723858654499054","0.12723858654499054","0.12723858654499054","806","806","806"
"80799","0.14057348668575287","0.14057348668575287","0.14057348668575287","807","807","807"
"80899","0.12878228724002838","0.12878228724002838","0.12878228724002838","808","808","808"
"80999","0.1288890540599823","0.1288890540599823","0.1288890540599823","809","809","809"
"81099","0.13649599254131317","0.13649599254131317","0.13649599254131317","810","810","810"
"81199","0.13704895973205566","0.13704895973205566","0.13704895973205566","811","811","811"
"81299","0.1325831264257431","0.1325831264257431","0.1325831264257431","812","812","812"
"81399","0.13802865147590637","0.13802865147590637","0.13802865147590637","813","813","813"
"81499","0.13252946734428406","0.13252946734428406","0.13252946734428406","814","814","814"
"81599","0.13796685636043549","0.13796685636043549","0.13796685636043549","815","815","815"
"81699","0.1331150084733963","0.1331150084733963","0.1331150084733963","816","816","816"
"81799","0.13350410759449005","0.13350410759449005","0.13350410759449005","817","817","817"
"81899","0.13745084404945374","0.13745084404945374","0.13745084404945374","818","818","818"
"81999","0.1352417767047882","0.1352417767047882","0.1352417767047882","819","819","819"
"82099","0.13000573217868805","0.13000573217868805","0.13000573217868805","820","820","820"
"82199","0.1384013444185257","0.1384013444185257","0.1384013444185257","821","821","821"
"82299","0.13541418313980103","0.13541418313980103","0.13541418313980103","822","822","822"
"82399","0.13540668785572052","0.13540668785572052","0.13540668785572052","823","823","823"
"82499","0.12704582512378693","0.12704582512378693","0.12704582512378693","824","824","824"
"82599","0.12653785943984985","0.12653785943984985","0.12653785943984985","825","825","825"
"82699","0.13794858753681183","0.13794858753681183","0.13794858753681183","826","826","826"
"82799","0.13293685019016266","0.13293685019016266","0.13293685019016266","827","827","827"
"82899","0.1371317207813263","0.1371317207813263","0.1371317207813263","828","828","828"
"82999","0.13380254805088043","0.13380254805088043","0.13380254805088043","829","829","829"
"83099","0.12787951529026031","0.12787951529026031","0.12787951529026031","830","830","830"
"83199","0.13595563173294067","0.13595563173294067","0.13595563173294067","831","831","831"
"83299","0.12898306548595428","0.12898306548595428","0.12898306548595428","832","832","832"
"83399","0.13533948361873627","0.13533948361873627","0.13533948361873627","833","833","833"
"83499","0.1353214681148529","0.1353214681148529","0.1353214681148529","834","834","834"
"83599","0.1315905898809433","0.1315905898809433","0.1315905898809433","835","835","835"
"83699","0.13040708005428314","0.13040708005428314","0.13040708005428314","836","836","836"
"83799","0.1287376433610916","0.1287376433610916","0.1287376433610916","837","837","837"
"83899","0.13622429966926575","0.13622429966926575","0.13622429966926575","838","838","838"
"83999","0.12983255088329315","0.12983255088329315","0.12983255088329315","839","839","839"
"84099","0.12929315865039825","0.12929315865039825","0.12929315865039825","840","840","840"
"84199","0.13416995108127594","0.13416995108127594","0.13416995108127594","841","841","841"
"84299","0.13316693902015686","0.13316693902015686","0.13316693902015686","842","842","842"
"84399","0.13039840757846832","0.13039840757846832","0.13039840757846832","843","843","843"
"84499","0.13220204412937164","0.13220204412937164","0.13220204412937164","844","844","844"
"84599","0.134916290640831","0.134916290640831","0.134916290640831","845","845","845"
"84699","0.1321791708469391","0.1321791708469391","0.1321791708469391","846","846","846"
"84799","0.1381557732820511","0.1381557732820511","0.1381557732820511","847","847","847"
"84899","0.1301267296075821","0.1301267296075821","0.1301267296075821","848","848","848"
"84999","0.13867749273777008","0.13867749273777008","0.13867749273777008","849","849","849"
"85099","0.13256894052028656","0.13256894052028656","0.13256894052028656","850","850","850"
"85199","0.13962513208389282","0.13962513208389282","0.13962513208389282","851","851","851"
"85299","0.13315847516059875","0.13315847516059875","0.13315847516059875","852","852","852"
"85399","0.13527968525886536","0.13527968525886536","0.13527968525886536","853","853","853"
"85499","0.1302240639925003","0.1302240639925003","0.1302240639925003","854","854","854"
"85599","0.13999517261981964","0.13999517261981964","0.13999517261981964","855","855","855"
"85699","0.14019301533699036","0.14019301533699036","0.14019301533699036","856","856","856"
"85799","0.13337606191635132","0.13337606191635132","0.13337606191635132","857","857","857"
"85899","0.13862977921962738","0.13862977921962738","0.13862977921962738","858","858","858"
"85999","0.13704752922058105","0.13704752922058105","0.13704752922058105","859","859","859"
"86099","0.13694941997528076","0.13694941997528076","0.13694941997528076","860","860","860"
"86199","0.13106262683868408","0.13106262683868408","0.13106262683868408","861","861","861"
"86299","0.13873569667339325","0.13873569667339325","0.13873569667339325","862","862","862"
"86399","0.1332121342420578","0.1332121342420578","0.1332121342420578","863","863","863"
"86499","0.13687972724437714","0.13687972724437714","0.13687972724437714","864","864","864"
"86599","0.1310919225215912","0.1310919225215912","0.1310919225215912","865","865","865"
"86699","0.1355481743812561","0.1355481743812561","0.1355481743812561","866","866","866"
"86799","0.13571223616600037","0.13571223616600037","0.13571223616600037","867","867","867"
"86899","0.13255418837070465","0.13255418837070465","0.13255418837070465","868","868","868"
"86999","0.1338472217321396","0.1338472217321396","0.1338472217321396","869","869","869"
"87099","0.13784483075141907","0.13784483075141907","0.13784483075141907","870","870","870"
"87199","0.138132244348526","0.138132244348526","0.138132244348526","871","871","871"
"87299","0.13879559934139252","0.13879559934139252","0.13879559934139252","872","872","872"
"87399","0.13461388647556305","0.13461388647556305","0.13461388647556305","873","873","873"
"87499","0.13441315293312073","0.13441315293312073","0.13441315293312073","874","874","874"
"87599","0.13464663922786713","0.13464663922786713","0.13464663922786713","875","875","875"
"87699","0.13730067014694214","0.13730067014694214","0.13730067014694214","876","876","876"
"87799","0.13159595429897308","0.13159595429897308","0.13159595429897308","877","877","877"
"87899","0.1328049898147583","0.1328049898147583","0.1328049898147583","878","878","878"
"87999","0.13862192630767822","0.13862192630767822","0.13862192630767822","879","879","879"
"88099","0.13306792080402374","0.13306792080402374","0.13306792080402374","880","880","880"
"88199","0.1313668042421341","0.1313668042421341","0.1313668042421341","881","881","881"
"88299","0.13628533482551575","0.13628533482551575","0.13628533482551575","882","882","882"
"88399","0.1339862197637558","0.1339862197637558","0.1339862197637558","883","883","883"
"88499","0.13716661930084229","0.13716661930084229","0.13716661930084229","884","884","884"
"88599","0.13486266136169434","0.13486266136169434","0.13486266136169434","885","885","885"
"88699","0.13495349884033203","0.13495349884033203","0.13495349884033203","886","886","886"
"88799","0.1339404135942459","0.1339404135942459","0.1339404135942459","887","887","887"
"88899","0.13223858177661896","0.13223858177661896","0.13223858177661896","888","888","888"
"88999","0.13815321028232574","0.13815321028232574","0.13815321028232574","889","889","889"
"89099","0.12521906197071075","0.12521906197071075","0.12521906197071075","890","890","890"
"89199","0.13354016840457916","0.13354016840457916","0.13354016840457916","891","891","891"
"89299","0.1368122100830078","0.1368122100830078","0.1368122100830078","892","892","892"
"89399","0.1362333744764328","0.1362333744764328","0.1362333744764328","893","893","893"
"89499","0.13640087842941284","0.13640087842941284","0.13640087842941284","894","894","894"
"89599","0.12658724188804626","0.12658724188804626","0.12658724188804626","895","895","895"
"89699","0.12650208175182343","0.12650208175182343","0.12650208175182343","896","896","896"
"89799","0.1371101588010788","0.1371101588010788","0.1371101588010788","897","897","897"
"89899","0.13770726323127747","0.13770726323127747","0.13770726323127747","898","898","898"
"89999","0.13804034888744354","0.13804034888744354","0.13804034888744354","899","899","899"
"90099","0.13294222950935364","0.13294222950935364","0.13294222950935364","900","900","900"
"90199","0.1357845515012741","0.1357845515012741","0.1357845515012741","901","901","901"
"90299","0.13237141072750092","0.13237141072750092","0.13237141072750092","902","902","902"
"90399","0.1326390504837036","0.1326390504837036","0.1326390504837036","903","903","903"
"90499","0.134605273604393","0.134605273604393","0.134605273604393","904","904","904"
"90599","0.13220380246639252","0.13220380246639252","0.13220380246639252","905","905","905"
"90699","0.13551828265190125","0.13551828265190125","0.13551828265190125","906","906","906"
"90799","0.13553613424301147","0.13553613424301147","0.13553613424301147","907","907","907"
"90899","0.13225291669368744","0.13225291669368744","0.13225291669368744","908","908","908"
"90999","0.13648073375225067","0.13648073375225067","0.13648073375225067","909","909","909"
"91099","0.1343488097190857","0.1343488097190857","0.1343488097190857","910","910","910"
"91199","0.13902506232261658","0.13902506232261658","0.13902506232261658","911","911","911"
"91299","0.13356319069862366","0.13356319069862366","0.13356319069862366","912","912","912"
"91399","0.13292884826660156","0.13292884826660156","0.13292884826660156","913","913","913"
"91499","0.1296023726463318","0.1296023726463318","0.1296023726463318","914","914","914"
"91599","0.14065800607204437","0.14065800607204437","0.14065800607204437","915","915","915"
"91699","0.13224156200885773","0.13224156200885773","0.13224156200885773","916","916","916"
"91799","0.1318548023700714","0.1318548023700714","0.1318548023700714","917","917","917"
"91899","0.13431650400161743","0.13431650400161743","0.13431650400161743","918","918","918"
"91999","0.13612300157546997","0.13612300157546997","0.13612300157546997","919","919","919"
"92099","0.13332276046276093","0.13332276046276093","0.13332276046276093","920","920","920"
"92199","0.13178162276744843","0.13178162276744843","0.13178162276744843","921","921","921"
"92299","0.13226918876171112","0.13226918876171112","0.13226918876171112","922","922","922"
"92399","0.13275156915187836","0.13275156915187836","0.13275156915187836","923","923","923"
"92499","0.1304326206445694","0.1304326206445694","0.1304326206445694","924","924","924"
"92599","0.1304054707288742","0.1304054707288742","0.1304054707288742","925","925","925"
"92699","0.12640246748924255","0.12640246748924255","0.12640246748924255","926","926","926"
"92799","0.14026877284049988","0.14026877284049988","0.14026877284049988","927","927","927"
"92899","0.13922090828418732","0.13922090828418732","0.13922090828418732","928","928","928"
"92999","0.14338798820972443","0.14338798820972443","0.14338798820972443","929","929","929"
"93099","0.13755114376544952","0.13755114376544952","0.13755114376544952","930","930","930"
"93199","0.13538850843906403","0.13538850843906403","0.13538850843906403","931","931","931"
"93299","0.1340213119983673","0.1340213119983673","0.1340213119983673","932","932","932"
"93399","0.13124234974384308","0.13124234974384308","0.13124234974384308","933","933","933"
"93499","0.1345156729221344","0.1345156729221344","0.1345156729221344","934","934","934"
"93599","0.12849538028240204","0.12849538028240204","0.12849538028240204","935","935","935"
"93699","0.1290159672498703","0.1290159672498703","0.1290159672498703","936","936","936"
"93799","0.13186869025230408","0.13186869025230408","0.13186869025230408","937","937","937"
"93899","0.13702566921710968","0.13702566921710968","0.13702566921710968","938","938","938"
"93999","0.13802997767925262","0.13802997767925262","0.13802997767925262","939","939","939"
"94099","0.13287389278411865","0.13287389278411865","0.13287389278411865","940","940","940"
"94199","0.139032244682312","0.139032244682312","0.139032244682312","941","941","941"
"94299","0.13857011497020721","0.13857011497020721","0.13857011497020721","942","942","942"
"94399","0.13455796241760254","0.13455796241760254","0.13455796241760254","943","943","943"
"94499","0.13140904903411865","0.13140904903411865","0.13140904903411865","944","944","944"
"94599","0.13338446617126465","0.13338446617126465","0.13338446617126465","945","945","945"
"94699","0.1357690840959549","0.1357690840959549","0.1357690840959549","946","946","946"
"94799","0.14112265408039093","0.14112265408039093","0.14112265408039093","947","947","947"
"94899","0.13582304120063782","0.13582304120063782","0.13582304120063782","948","948","948"
"94999","0.1334400475025177","0.1334400475025177","0.1334400475025177","949","949","949"
"95099","0.13018710911273956","0.13018710911273956","0.13018710911273956","950","950","950"
"95199","0.1354670524597168","0.1354670524597168","0.1354670524597168","951","951","951"
"95299","0.1354026347398758","0.1354026347398758","0.1354026347398758","952","952","952"
"95399","0.14217481017112732","0.14217481017112732","0.14217481017112732","953","953","953"
"95499","0.13548262417316437","0.13548262417316437","0.13548262417316437","954","954","954"
"95599","0.13097785413265228","0.13097785413265228","0.13097785413265228","955","955","955"
"95699","0.13563714921474457","0.13563714921474457","0.13563714921474457","956","956","956"
"95799","0.14017561078071594","0.14017561078071594","0.14017561078071594","957","957","957"
"95899","0.12570570409297943","0.12570570409297943","0.12570570409297943","958","958","958"
"95999","0.12925362586975098","0.12925362586975098","0.12925362586975098","959","959","959"
"96099","0.13162146508693695","0.13162146508693695","0.13162146508693695","960","960","960"
"96199","0.13516049087047577","0.13516049087047577","0.13516049087047577","961","961","961"
"96299","0.13667644560337067","0.13667644560337067","0.13667644560337067","962","962","962"
"96399","0.13700206577777863","0.13700206577777863","0.13700206577777863","963","963","963"
"96499","0.13280802965164185","0.13280802965164185","0.13280802965164185","964","964","964"
"96599","0.1315361112356186","0.1315361112356186","0.1315361112356186","965","965","965"
"96699","0.1368132382631302","0.1368132382631302","0.1368132382631302","966","966","966"
"96799","0.13019238412380219","0.13019238412380219","0.13019238412380219","967","967","967"
"96899","0.1319342702627182","0.1319342702627182","0.1319342702627182","968","968","968"
"96999","0.13248737156391144","0.13248737156391144","0.13248737156391144","969","969","969"
"97099","0.13395965099334717","0.13395965099334717","0.13395965099334717","970","970","970"
"97199","0.1369771659374237","0.1369771659374237","0.1369771659374237","971","971","971"
"97299","0.1311478167772293","0.1311478167772293","0.1311478167772293","972","972","972"
"97399","0.1328345686197281","0.1328345686197281","0.1328345686197281","973","973","973"
"97499","0.1334369033575058","0.1334369033575058","0.1334369033575058","974","974","974"
"97599","0.1355857253074646","0.1355857253074646","0.1355857253074646","975","975","975"
"97699","0.1336236149072647","0.1336236149072647","0.1336236149072647","976","976","976"
"97799","0.1326543539762497","0.1326543539762497","0.1326543539762497","977","977","977"
"97899","0.1291697919368744","0.1291697919368744","0.1291697919368744","978","978","978"
"97999","0.13613973557949066","0.13613973557949066","0.13613973557949066","979","979","979"
"98099","0.13082197308540344","0.13082197308540344","0.13082197308540344","980","980","980"
"98199","0.13747471570968628","0.13747471570968628","0.13747471570968628","981","981","981"
"98299","0.12795138359069824","0.12795138359069824","0.12795138359069824","982","982","982"
"98399","0.13404002785682678","0.13404002785682678","0.13404002785682678","983","983","983"
"98499","0.1337127536535263","0.1337127536535263","0.1337127536535263","984","984","984"
"98599","0.1323273628950119","0.1323273628950119","0.1323273628950119","985","985","985"
"98699","0.13426367938518524","0.13426367938518524","0.13426367938518524","986","986","986"
"98799","0.13778750598430634","0.13778750598430634","0.13778750598430634","987","987","987"
"98899","0.13292105495929718","0.13292105495929718","0.13292105495929718","988","988","988"
"98999","0.136466383934021","0.136466383934021","0.136466383934021","989","989","989"
"99099","0.1308523267507553","0.1308523267507553","0.1308523267507553","990","990","990"
"99199","0.13794010877609253","0.13794010877609253","0.13794010877609253","991","991","991"
"99299","0.13317199051380157","0.13317199051380157","0.13317199051380157","992","992","992"
"99399","0.13410530984401703","0.13410530984401703","0.13410530984401703","993","993","993"
"99499","0.132040336728096","0.132040336728096","0.132040336728096","994","994","994"
"99599","0.13260768353939056","0.13260768353939056","0.13260768353939056","995","995","995"
"99699","0.1336745023727417","0.1336745023727417","0.1336745023727417","996","996","996"
"99799","0.13058580458164215","0.13058580458164215","0.13058580458164215","997","997","997"
"99899","0.133896142244339","0.133896142244339","0.133896142244339","998","998","998"
"99999","0.12975667417049408","0.12975667417049408","0.12975667417049408","999","999","999"
"100099","0.13207128643989563","0.13207128643989563","0.13207128643989563","1000","1000","1000"
"100199","0.13321125507354736","0.13321125507354736","0.13321125507354736","1001","1001","1001"
"100299","0.13507607579231262","0.13507607579231262","0.13507607579231262","1002","1002","1002"
"100399","0.13851362466812134","0.13851362466812134","0.13851362466812134","1003","1003","1003"
"100499","0.1361360400915146","0.1361360400915146","0.1361360400915146","1004","1004","1004"
"100599","0.1393176168203354","0.1393176168203354","0.1393176168203354","1005","1005","1005"
"100699","0.13027560710906982","0.13027560710906982","0.13027560710906982","1006","1006","1006"
"100799","0.13329282402992249","0.13329282402992249","0.13329282402992249","1007","1007","1007"
"100899","0.12929047644138336","0.12929047644138336","0.12929047644138336","1008","1008","1008"
"100999","0.1372986137866974","0.1372986137866974","0.1372986137866974","1009","1009","1009"
"101099","0.13903534412384033","0.13903534412384033","0.13903534412384033","1010","1010","1010"
"101199","0.13314861059188843","0.13314861059188843","0.13314861059188843","1011","1011","1011"
"101299","0.13405321538448334","0.13405321538448334","0.13405321538448334","1012","1012","1012"
"101399","0.13747616112232208","0.13747616112232208","0.13747616112232208","1013","1013","1013"
"101499","0.13066571950912476","0.13066571950912476","0.13066571950912476","1014","1014","1014"
"101599","0.1353701800107956","0.1353701800107956","0.1353701800107956","1015","1015","1015"
"101699","0.13179291784763336","0.13179291784763336","0.13179291784763336","1016","1016","1016"
"101799","0.1334422528743744","0.1334422528743744","0.1334422528743744","1017","1017","1017"
"101899","0.13568566739559174","0.13568566739559174","0.13568566739559174","1018","1018","1018"
"101999","0.1388908475637436","0.1388908475637436","0.1388908475637436","1019","1019","1019"
"102099","0.1360769271850586","0.1360769271850586","0.1360769271850586","1020","1020","1020"
"102199","0.13486121594905853","0.13486121594905853","0.13486121594905853","1021","1021","1021"
"102299","0.13560764491558075","0.13560764491558075","0.13560764491558075","1022","1022","1022"
"102399","0.12895694375038147","0.12895694375038147","0.12895694375038147","1023","1023","1023"
"102499","0.13469554483890533","0.13469554483890533","0.13469554483890533","1024","1024","1024"
"102599","0.13897103071212769","0.13897103071212769","0.13897103071212769","1025","1025","1025"
"102699","0.1338782161474228","0.1338782161474228","0.1338782161474228","1026","1026","1026"
"102799","0.13233286142349243","0.13233286142349243","0.13233286142349243","1027","1027","1027"
"102899","0.12429734319448471","0.12429734319448471","0.12429734319448471","1028","1028","1028"
"102999","0.13853883743286133","0.13853883743286133","0.13853883743286133","1029","1029","1029"
"103099","0.13625070452690125","0.13625070452690125","0.13625070452690125","1030","1030","1030"
"103199","0.12886333465576172","0.12886333465576172","0.12886333465576172","1031","1031","1031"
"103299","0.1352711319923401","0.1352711319923401","0.1352711319923401","1032","1032","1032"
"103399","0.1335495412349701","0.1335495412349701","0.1335495412349701","1033","1033","1033"
"103499","0.1326548010110855","0.1326548010110855","0.1326548010110855","1034","1034","1034"
"103599","0.13167919218540192","0.13167919218540192","0.13167919218540192","1035","1035","1035"
"103699","0.13241444528102875","0.13241444528102875","0.13241444528102875","1036","1036","1036"
"103799","0.1323997527360916","0.1323997527360916","0.1323997527360916","1037","1037","1037"
"103899","0.13253039121627808","0.13253039121627808","0.13253039121627808","1038","1038","1038"
"103999","0.1294090747833252","0.1294090747833252","0.1294090747833252","1039","1039","1039"
"104099","0.1316063106060028","0.1316063106060028","0.1316063106060028","1040","1040","1040"
"104199","0.13493861258029938","0.13493861258029938","0.13493861258029938","1041","1041","1041"
"104299","0.13987204432487488","0.13987204432487488","0.13987204432487488","1042","1042","1042"
"104399","0.13097767531871796","0.13097767531871796","0.13097767531871796","1043","1043","1043"
"104499","0.13324828445911407","0.13324828445911407","0.13324828445911407","1044","1044","1044"
"104599","0.13338015973567963","0.13338015973567963","0.13338015973567963","1045","1045","1045"
"104699","0.12994349002838135","0.12994349002838135","0.12994349002838135","1046","1046","1046"
"104799","0.13256482779979706","0.13256482779979706","0.13256482779979706","1047","1047","1047"
"104899","0.13830958306789398","0.13830958306789398","0.13830958306789398","1048","1048","1048"
"104999","0.13205064833164215","0.13205064833164215","0.13205064833164215","1049","1049","1049"
"105099","0.13208234310150146","0.13208234310150146","0.13208234310150146","1050","1050","1050"
"105199","0.13122449815273285","0.13122449815273285","0.13122449815273285","1051","1051","1051"
"105299","0.12996233999729156","0.12996233999729156","0.12996233999729156","1052","1052","1052"
"105399","0.1320430189371109","0.1320430189371109","0.1320430189371109","1053","1053","1053"
"105499","0.1292610466480255","0.1292610466480255","0.1292610466480255","1054","1054","1054"
"105599","0.1373019814491272","0.1373019814491272","0.1373019814491272","1055","1055","1055"
"105699","0.13983868062496185","0.13983868062496185","0.13983868062496185","1056","1056","1056"
"105799","0.13193507492542267","0.13193507492542267","0.13193507492542267","1057","1057","1057"
"105899","0.1292683631181717","0.1292683631181717","0.1292683631181717","1058","1058","1058"
"105999","0.1289730817079544","0.1289730817079544","0.1289730817079544","1059","1059","1059"
"106099","0.13749445974826813","0.13749445974826813","0.13749445974826813","1060","1060","1060"
"106199","0.13116811215877533","0.13116811215877533","0.13116811215877533","1061","1061","1061"
"106299","0.13627463579177856","0.13627463579177856","0.13627463579177856","1062","1062","1062"
"106399","0.13356274366378784","0.13356274366378784","0.13356274366378784","1063","1063","1063"
"106499","0.12920735776424408","0.12920735776424408","0.12920735776424408","1064","1064","1064"
"106599","0.127489373087883","0.127489373087883","0.127489373087883","1065","1065","1065"
"106699","0.13108386099338531","0.13108386099338531","0.13108386099338531","1066","1066","1066"
"106799","0.13231052458286285","0.13231052458286285","0.13231052458286285","1067","1067","1067"
"106899","0.13606120645999908","0.13606120645999908","0.13606120645999908","1068","1068","1068"
"106999","0.13553625345230103","0.13553625345230103","0.13553625345230103","1069","1069","1069"
"107099","0.13007259368896484","0.13007259368896484","0.13007259368896484","1070","1070","1070"
"107199","0.13584782183170319","0.13584782183170319","0.13584782183170319","1071","1071","1071"
"107299","0.13821829855442047","0.13821829855442047","0.13821829855442047","1072","1072","1072"
"107399","0.13896091282367706","0.13896091282367706","0.13896091282367706","1073","1073","1073"
"107499","0.13532109558582306","0.13532109558582306","0.13532109558582306","1074","1074","1074"
"107599","0.12651361525058746","0.12651361525058746","0.12651361525058746","1075","1075","1075"
"107699","0.12732578814029694","0.12732578814029694","0.12732578814029694","1076","1076","1076"
"107799","0.13613009452819824","0.13613009452819824","0.13613009452819824","1077","1077","1077"
"107899","0.13027210533618927","0.13027210533618927","0.13027210533618927","1078","1078","1078"
"107999","0.13433797657489777","0.13433797657489777","0.13433797657489777","1079","1079","1079"
"108099","0.1369570642709732","0.1369570642709732","0.1369570642709732","1080","1080","1080"
"108199","0.13085831701755524","0.13085831701755524","0.13085831701755524","1081","1081","1081"
"108299","0.1308516561985016","0.1308516561985016","0.1308516561985016","1082","1082","1082"
"108399","0.13714240491390228","0.13714240491390228","0.13714240491390228","1083","1083","1083"
"108499","0.13395072519779205","0.13395072519779205","0.13395072519779205","1084","1084","1084"
"108599","0.13355867564678192","0.13355867564678192","0.13355867564678192","1085","1085","1085"
"108699","0.13187859952449799","0.13187859952449799","0.13187859952449799","1086","1086","1086"
"108799","0.1340038925409317","0.1340038925409317","0.1340038925409317","1087","1087","1087"
"108899","0.13485078513622284","0.13485078513622284","0.13485078513622284","1088","1088","1088"
"108999","0.13445766270160675","0.13445766270160675","0.13445766270160675","1089","1089","1089"
"109099","0.1308216005563736","0.1308216005563736","0.1308216005563736","1090","1090","1090"
"109199","0.1293221414089203","0.1293221414089203","0.1293221414089203","1091","1091","1091"
"109299","0.13400030136108398","0.13400030136108398","0.13400030136108398","1092","1092","1092"
"109399","0.1317819505929947","0.1317819505929947","0.1317819505929947","1093","1093","1093"
"109499","0.13783478736877441","0.13783478736877441","0.13783478736877441","1094","1094","1094"
"109599","0.13461294770240784","0.13461294770240784","0.13461294770240784","1095","1095","1095"
"109699","0.13406454026699066","0.13406454026699066","0.13406454026699066","1096","1096","1096"
"109799","0.1314677894115448","0.1314677894115448","0.1314677894115448","1097","1097","1097"
"109899","0.13242529332637787","0.13242529332637787","0.13242529332637787","1098","1098","1098"
"109999","0.1285094916820526","0.1285094916820526","0.1285094916820526","1099","1099","1099"
"110099","0.134439617395401","0.134439617395401","0.134439617395401","1100","1100","1100"
"110199","0.13206203281879425","0.13206203281879425","0.13206203281879425","1101","1101","1101"
"110299","0.13481424748897552","0.13481424748897552","0.13481424748897552","1102","1102","1102"
"110399","0.13648979365825653","0.13648979365825653","0.13648979365825653","1103","1103","1103"
"110499","0.1316702961921692","0.1316702961921692","0.1316702961921692","1104","1104","1104"
"110599","0.1365986317396164","0.1365986317396164","0.1365986317396164","1105","1105","1105"
"110699","0.1303243339061737","0.1303243339061737","0.1303243339061737","1106","1106","1106"
"110799","0.13418026268482208","0.13418026268482208","0.13418026268482208","1107","1107","1107"
"110899","0.13022717833518982","0.13022717833518982","0.13022717833518982","1108","1108","1108"
"110999","0.1298454850912094","0.1298454850912094","0.1298454850912094","1109","1109","1109"
"111099","0.12679250538349152","0.12679250538349152","0.12679250538349152","1110","1110","1110"
"111199","0.14138510823249817","0.14138510823249817","0.14138510823249817","1111","1111","1111"
"111299","0.13272042572498322","0.13272042572498322","0.13272042572498322","1112","1112","1112"
"111399","0.13427308201789856","0.13427308201789856","0.13427308201789856","1113","1113","1113"
"111499","0.13130243122577667","0.13130243122577667","0.13130243122577667","1114","1114","1114"
"111599","0.13383769989013672","0.13383769989013672","0.13383769989013672","1115","1115","1115"
"111699","0.13037100434303284","0.13037100434303284","0.13037100434303284","1116","1116","1116"
"111799","0.1341315656900406","0.1341315656900406","0.1341315656900406","1117","1117","1117"
"111899","0.1333380490541458","0.1333380490541458","0.1333380490541458","1118","1118","1118"
"111999","0.1305704116821289","0.1305704116821289","0.1305704116821289","1119","1119","1119"
"112099","0.1352754831314087","0.1352754831314087","0.1352754831314087","1120","1120","1120"
"112199","0.13643603026866913","0.13643603026866913","0.13643603026866913","1121","1121","1121"
"112299","0.135454460978508","0.135454460978508","0.135454460978508","1122","1122","1122"
"112399","0.13058829307556152","0.13058829307556152","0.13058829307556152","1123","1123","1123"
"112499","0.12805604934692383","0.12805604934692383","0.12805604934692383","1124","1124","1124"
"112599","0.13463236391544342","0.13463236391544342","0.13463236391544342","1125","1125","1125"
"112699","0.12902392446994781","0.12902392446994781","0.12902392446994781","1126","1126","1126"
"112799","0.1335829794406891","0.1335829794406891","0.1335829794406891","1127","1127","1127"
"112899","0.1357300579547882","0.1357300579547882","0.1357300579547882","1128","1128","1128"
"112999","0.1298115849494934","0.1298115849494934","0.1298115849494934","1129","1129","1129"
"113099","0.13383951783180237","0.13383951783180237","0.13383951783180237","1130","1130","1130"
"113199","0.13431653380393982","0.13431653380393982","0.13431653380393982","1131","1131","1131"
"113299","0.132710799574852","0.132710799574852","0.132710799574852","1132","1132","1132"
"113399","0.13141906261444092","0.13141906261444092","0.13141906261444092","1133","1133","1133"
"113499","0.13324327766895294","0.13324327766895294","0.13324327766895294","1134","1134","1134"
"113599","0.13054172694683075","0.13054172694683075","0.13054172694683075","1135","1135","1135"
"113699","0.12879501283168793","0.12879501283168793","0.12879501283168793","1136","1136","1136"
"113799","0.12752191722393036","0.12752191722393036","0.12752191722393036","1137","1137","1137"
"113899","0.13168947398662567","0.13168947398662567","0.13168947398662567","1138","1138","1138"
"113999","0.13592757284641266","0.13592757284641266","0.13592757284641266","1139","1139","1139"
"114099","0.13858844339847565","0.13858844339847565","0.13858844339847565","1140","1140","1140"
"114199","0.13828065991401672","0.13828065991401672","0.13828065991401672","1141","1141","1141"
"114299","0.1314670741558075","0.1314670741558075","0.1314670741558075","1142","1142","1142"
"114399","0.1294069141149521","0.1294069141149521","0.1294069141149521","1143","1143","1143"
"114499","0.13711541891098022","0.13711541891098022","0.13711541891098022","1144","1144","1144"
"114599","0.12710201740264893","0.12710201740264893","0.12710201740264893","1145","1145","1145"
"114699","0.1322559118270874","0.1322559118270874","0.1322559118270874","1146","1146","1146"
"114799","0.13472092151641846","0.13472092151641846","0.13472092151641846","1147","1147","1147"
"114899","0.13300445675849915","0.13300445675849915","0.13300445675849915","1148","1148","1148"
"114999","0.1351930797100067","0.1351930797100067","0.1351930797100067","1149","1149","1149"
"115099","0.13679391145706177","0.13679391145706177","0.13679391145706177","1150","1150","1150"
"115199","0.13151589035987854","0.13151589035987854","0.13151589035987854","1151","1151","1151"
"115299","0.13292577862739563","0.13292577862739563","0.13292577862739563","1152","1152","1152"
"115399","0.13103821873664856","0.13103821873664856","0.13103821873664856","1153","1153","1153"
"115499","0.13839997351169586","0.13839997351169586","0.13839997351169586","1154","1154","1154"
"115599","0.13446231186389923","0.13446231186389923","0.13446231186389923","1155","1155","1155"
"115699","0.13133715093135834","0.13133715093135834","0.13133715093135834","1156","1156","1156"
"115799","0.12996172904968262","0.12996172904968262","0.12996172904968262","1157","1157","1157"
"115899","0.12805235385894775","0.12805235385894775","0.12805235385894775","1158","1158","1158"
"115999","0.13466985523700714","0.13466985523700714","0.13466985523700714","1159","1159","1159"
"116099","0.12959541380405426","0.12959541380405426","0.12959541380405426","1160","1160","1160"
"116199","0.13027997314929962","0.13027997314929962","0.13027997314929962","1161","1161","1161"
"116299","0.13293321430683136","0.13293321430683136","0.13293321430683136","1162","1162","1162"
"116399","0.13052409887313843","0.13052409887313843","0.13052409887313843","1163","1163","1163"
"116499","0.12666015326976776","0.12666015326976776","0.12666015326976776","1164","1164","1164"
"116599","0.13725939393043518","0.13725939393043518","0.13725939393043518","1165","1165","1165"
"116699","0.12638399004936218","0.12638399004936218","0.12638399004936218","1166","1166","1166"
"116799","0.13472211360931396","0.13472211360931396","0.13472211360931396","1167","1167","1167"
"116899","0.13621431589126587","0.13621431589126587","0.13621431589126587","1168","1168","1168"
"116999","0.1345905363559723","0.1345905363559723","0.1345905363559723","1169","1169","1169"
"117099","0.13133540749549866","0.13133540749549866","0.13133540749549866","1170","1170","1170"
"117199","0.14015765488147736","0.14015765488147736","0.14015765488147736","1171","1171","1171"
"117299","0.1262950897216797","0.1262950897216797","0.1262950897216797","1172","1172","1172"
"117399","0.13579103350639343","0.13579103350639343","0.13579103350639343","1173","1173","1173"
"117499","0.133361354470253","0.133361354470253","0.133361354470253","1174","1174","1174"
"117599","0.13598807156085968","0.13598807156085968","0.13598807156085968","1175","1175","1175"
"117699","0.1297510862350464","0.1297510862350464","0.1297510862350464","1176","1176","1176"
"117799","0.1380871832370758","0.1380871832370758","0.1380871832370758","1177","1177","1177"
"117899","0.12964926660060883","0.12964926660060883","0.12964926660060883","1178","1178","1178"
"117999","0.1381911337375641","0.1381911337375641","0.1381911337375641","1179","1179","1179"
"118099","0.13346849381923676","0.13346849381923676","0.13346849381923676","1180","1180","1180"
"118199","0.1404474526643753","0.1404474526643753","0.1404474526643753","1181","1181","1181"
"118299","0.1328616887331009","0.1328616887331009","0.1328616887331009","1182","1182","1182"
"118399","0.12763728201389313","0.12763728201389313","0.12763728201389313","1183","1183","1183"
"118499","0.13184814155101776","0.13184814155101776","0.13184814155101776","1184","1184","1184"
"118599","0.13050423562526703","0.13050423562526703","0.13050423562526703","1185","1185","1185"
"118699","0.13023340702056885","0.13023340702056885","0.13023340702056885","1186","1186","1186"
"118799","0.13087236881256104","0.13087236881256104","0.13087236881256104","1187","1187","1187"
"118899","0.1301926225423813","0.1301926225423813","0.1301926225423813","1188","1188","1188"
"118999","0.1310381442308426","0.1310381442308426","0.1310381442308426","1189","1189","1189"
"119099","0.12317835539579391","0.12317835539579391","0.12317835539579391","1190","1190","1190"
"119199","0.12902304530143738","0.12902304530143738","0.12902304530143738","1191","1191","1191"
"119299","0.13269485533237457","0.13269485533237457","0.13269485533237457","1192","1192","1192"
"119399","0.13632741570472717","0.13632741570472717","0.13632741570472717","1193","1193","1193"
"119499","0.1370314508676529","0.1370314508676529","0.1370314508676529","1194","1194","1194"
"119599","0.13129660487174988","0.13129660487174988","0.13129660487174988","1195","1195","1195"
"119699","0.1367383599281311","0.1367383599281311","0.1367383599281311","1196","1196","1196"
"119799","0.13187293708324432","0.13187293708324432","0.13187293708324432","1197","1197","1197"
"119899","0.13119272887706757","0.13119272887706757","0.13119272887706757","1198","1198","1198"
"119999","0.13245733082294464","0.13245733082294464","0.13245733082294464","1199","1199","1199"
"120099","0.13093458116054535","0.13093458116054535","0.13093458116054535","1200","1200","1200"
"120199","0.13199838995933533","0.13199838995933533","0.13199838995933533","1201","1201","1201"
"120299","0.13435098528862","0.13435098528862","0.13435098528862","1202","1202","1202"
"120399","0.14102885127067566","0.14102885127067566","0.14102885127067566","1203","1203","1203"
"120499","0.13931411504745483","0.13931411504745483","0.13931411504745483","1204","1204","1204"
"120599","0.13495267927646637","0.13495267927646637","0.13495267927646637","1205","1205","1205"
"120699","0.13154536485671997","0.13154536485671997","0.13154536485671997","1206","1206","1206"
"120799","0.13568539917469025","0.13568539917469025","0.13568539917469025","1207","1207","1207"
"120899","0.13523812592029572","0.13523812592029572","0.13523812592029572","1208","1208","1208"
"120999","0.1328781545162201","0.1328781545162201","0.1328781545162201","1209","1209","1209"
"121099","0.13145160675048828","0.13145160675048828","0.13145160675048828","1210","1210","1210"
"121199","0.13554993271827698","0.13554993271827698","0.13554993271827698","1211","1211","1211"
"121299","0.13226988911628723","0.13226988911628723","0.13226988911628723","1212","1212","1212"
"121399","0.12682466208934784","0.12682466208934784","0.12682466208934784","1213","1213","1213"
"121499","0.13297542929649353","0.13297542929649353","0.13297542929649353","1214","1214","1214"
"121599","0.13294053077697754","0.13294053077697754","0.13294053077697754","1215","1215","1215"
"121699","0.13192066550254822","0.13192066550254822","0.13192066550254822","1216","1216","1216"
"121799","0.12887205183506012","0.12887205183506012","0.12887205183506012","1217","1217","1217"
"121899","0.13246962428092957","0.13246962428092957","0.13246962428092957","1218","1218","1218"
"121999","0.13204233348369598","0.13204233348369598","0.13204233348369598","1219","1219","1219"
"122099","0.1331273764371872","0.1331273764371872","0.1331273764371872","1220","1220","1220"
"122199","0.1320292353630066","0.1320292353630066","0.1320292353630066","1221","1221","1221"
"122299","0.12945188581943512","0.12945188581943512","0.12945188581943512","1222","1222","1222"
"122399","0.13022705912590027","0.13022705912590027","0.13022705912590027","1223","1223","1223"
"122499","0.12467490136623383","0.12467490136623383","0.12467490136623383","1224","1224","1224"
"122599","0.13385334610939026","0.13385334610939026","0.13385334610939026","1225","1225","1225"
"122699","0.1395254135131836","0.1395254135131836","0.1395254135131836","1226","1226","1226"
"122799","0.1337657868862152","0.1337657868862152","0.1337657868862152","1227","1227","1227"
"122899","0.1346535086631775","0.1346535086631775","0.1346535086631775","1228","1228","1228"
"122999","0.13247385621070862","0.13247385621070862","0.13247385621070862","1229","1229","1229"
"123099","0.13106580078601837","0.13106580078601837","0.13106580078601837","1230","1230","1230"
"123199","0.13526295125484467","0.13526295125484467","0.13526295125484467","1231","1231","1231"
"123299","0.13251401484012604","0.13251401484012604","0.13251401484012604","1232","1232","1232"
"123399","0.13497032225131989","0.13497032225131989","0.13497032225131989","1233","1233","1233"
"123499","0.1300279051065445","0.1300279051065445","0.1300279051065445","1234","1234","1234"
"123599","0.13092197477817535","0.13092197477817535","0.13092197477817535","1235","1235","1235"
"123699","0.13186466693878174","0.13186466693878174","0.13186466693878174","1236","1236","1236"
"123799","0.1319543421268463","0.1319543421268463","0.1319543421268463","1237","1237","1237"
"123899","0.13499857485294342","0.13499857485294342","0.13499857485294342","1238","1238","1238"
"123999","0.13787157833576202","0.13787157833576202","0.13787157833576202","1239","1239","1239"
"124099","0.1277279108762741","0.1277279108762741","0.1277279108762741","1240","1240","1240"
"124199","0.13128885626792908","0.13128885626792908","0.13128885626792908","1241","1241","1241"
"124299","0.1363152116537094","0.1363152116537094","0.1363152116537094","1242","1242","1242"
"124399","0.12716268002986908","0.12716268002986908","0.12716268002986908","1243","1243","1243"
"124499","0.1312137246131897","0.1312137246131897","0.1312137246131897","1244","1244","1244"
"124599","0.12354535609483719","0.12354535609483719","0.12354535609483719","1245","1245","1245"
"124699","0.12794864177703857","0.12794864177703857","0.12794864177703857","1246","1246","1246"
"124799","0.130253404378891","0.130253404378891","0.130253404378891","1247","1247","1247"
"124899","0.13374733924865723","0.13374733924865723","0.13374733924865723","1248","1248","1248"
"124999","0.13047142326831818","0.13047142326831818","0.13047142326831818","1249","1249","1249"
"125099","0.13477547466754913","0.13477547466754913","0.13477547466754913","1250","1250","1250"
"125199","0.13685642182826996","0.13685642182826996","0.13685642182826996","1251","1251","1251"
"125299","0.13516534864902496","0.13516534864902496","0.13516534864902496","1252","1252","1252"
"125399","0.13301584124565125","0.13301584124565125","0.13301584124565125","1253","1253","1253"
"125499","0.1297643631696701","0.1297643631696701","0.1297643631696701","1254","1254","1254"
"125599","0.13118679821491241","0.13118679821491241","0.13118679821491241","1255","1255","1255"
"125699","0.13403594493865967","0.13403594493865967","0.13403594493865967","1256","1256","1256"
"125799","0.12990881502628326","0.12990881502628326","0.12990881502628326","1257","1257","1257"
"125899","0.13129068911075592","0.13129068911075592","0.13129068911075592","1258","1258","1258"
"125999","0.1352938711643219","0.1352938711643219","0.1352938711643219","1259","1259","1259"
"126099","0.137674942612648","0.137674942612648","0.137674942612648","1260","1260","1260"
"126199","0.13312624394893646","0.13312624394893646","0.13312624394893646","1261","1261","1261"
"126299","0.12918221950531006","0.12918221950531006","0.12918221950531006","1262","1262","1262"
"126399","0.1285092681646347","0.1285092681646347","0.1285092681646347","1263","1263","1263"
"126499","0.13239465653896332","0.13239465653896332","0.13239465653896332","1264","1264","1264"
"126599","0.12778617441654205","0.12778617441654205","0.12778617441654205","1265","1265","1265"
"126699","0.13530878722667694","0.13530878722667694","0.13530878722667694","1266","1266","1266"
"126799","0.13578449189662933","0.13578449189662933","0.13578449189662933","1267","1267","1267"
"126899","0.13690322637557983","0.13690322637557983","0.13690322637557983","1268","1268","1268"
"126999","0.13449589908123016","0.13449589908123016","0.13449589908123016","1269","1269","1269"
"127099","0.13235782086849213","0.13235782086849213","0.13235782086849213","1270","1270","1270"
"127199","0.13022184371948242","0.13022184371948242","0.13022184371948242","1271","1271","1271"
"127299","0.1269354224205017","0.1269354224205017","0.1269354224205017","1272","1272","1272"
"127399","0.1382192075252533","0.1382192075252533","0.1382192075252533","1273","1273","1273"
"127499","0.13524594902992249","0.13524594902992249","0.13524594902992249","1274","1274","1274"
"127599","0.13059304654598236","0.13059304654598236","0.13059304654598236","1275","1275","1275"
"127699","0.13218098878860474","0.13218098878860474","0.13218098878860474","1276","1276","1276"
"127799","0.12977783381938934","0.12977783381938934","0.12977783381938934","1277","1277","1277"
"127899","0.131644606590271","0.131644606590271","0.131644606590271","1278","1278","1278"
"127999","0.13167129456996918","0.13167129456996918","0.13167129456996918","1279","1279","1279"
"128099","0.12446101009845734","0.12446101009845734","0.12446101009845734","1280","1280","1280"
"128199","0.13589124381542206","0.13589124381542206","0.13589124381542206","1281","1281","1281"
"128299","0.13305258750915527","0.13305258750915527","0.13305258750915527","1282","1282","1282"
"128399","0.12650549411773682","0.12650549411773682","0.12650549411773682","1283","1283","1283"
"128499","0.13259351253509521","0.13259351253509521","0.13259351253509521","1284","1284","1284"
"128599","0.1314108669757843","0.1314108669757843","0.1314108669757843","1285","1285","1285"
"128699","0.12954717874526978","0.12954717874526978","0.12954717874526978","1286","1286","1286"
"128799","0.13411563634872437","0.13411563634872437","0.13411563634872437","1287","1287","1287"
"128899","0.13021402060985565","0.13021402060985565","0.13021402060985565","1288","1288","1288"
"128999","0.1371067315340042","0.1371067315340042","0.1371067315340042","1289","1289","1289"
"129099","0.13187839090824127","0.13187839090824127","0.13187839090824127","1290","1290","1290"
"129199","0.13582509756088257","0.13582509756088257","0.13582509756088257","1291","1291","1291"
"129299","0.13207083940505981","0.13207083940505981","0.13207083940505981","1292","1292","1292"
"129399","0.13097251951694489","0.13097251951694489","0.13097251951694489","1293","1293","1293"
"129499","0.12942764163017273","0.12942764163017273","0.12942764163017273","1294","1294","1294"
"129599","0.13937444984912872","0.13937444984912872","0.13937444984912872","1295","1295","1295"
"129699","0.13382862508296967","0.13382862508296967","0.13382862508296967","1296","1296","1296"
"129799","0.12906886637210846","0.12906886637210846","0.12906886637210846","1297","1297","1297"
"129899","0.13122324645519257","0.13122324645519257","0.13122324645519257","1298","1298","1298"
"129999","0.1389223337173462","0.1389223337173462","0.1389223337173462","1299","1299","1299"
"130099","0.12932556867599487","0.12932556867599487","0.12932556867599487","1300","1300","1300"
"130199","0.13771620392799377","0.13771620392799377","0.13771620392799377","1301","1301","1301"
"130299","0.13085368275642395","0.13085368275642395","0.13085368275642395","1302","1302","1302"
"130399","0.1253942996263504","0.1253942996263504","0.1253942996263504","1303","1303","1303"
"130499","0.13379468023777008","0.13379468023777008","0.13379468023777008","1304","1304","1304"
"130599","0.12916240096092224","0.12916240096092224","0.12916240096092224","1305","1305","1305"
"130699","0.12694533169269562","0.12694533169269562","0.12694533169269562","1306","1306","1306"
"130799","0.12754595279693604","0.12754595279693604","0.12754595279693604","1307","1307","1307"
"130899","0.1295066475868225","0.1295066475868225","0.1295066475868225","1308","1308","1308"
"130999","0.1341915875673294","0.1341915875673294","0.1341915875673294","1309","1309","1309"
"131099","0.12630929052829742","0.12630929052829742","0.12630929052829742","1310","1310","1310"
"131199","0.1289283186197281","0.1289283186197281","0.1289283186197281","1311","1311","1311"
"131299","0.1287604719400406","0.1287604719400406","0.1287604719400406","1312","1312","1312"
"131399","0.13075053691864014","0.13075053691864014","0.13075053691864014","1313","1313","1313"
"131499","0.12746229767799377","0.12746229767799377","0.12746229767799377","1314","1314","1314"
"131599","0.13621531426906586","0.13621531426906586","0.13621531426906586","1315","1315","1315"
"131699","0.13740181922912598","0.13740181922912598","0.13740181922912598","1316","1316","1316"
"131799","0.12410186231136322","0.12410186231136322","0.12410186231136322","1317","1317","1317"
"131899","0.13244864344596863","0.13244864344596863","0.13244864344596863","1318","1318","1318"
"131999","0.12625731527805328","0.12625731527805328","0.12625731527805328","1319","1319","1319"
"132099","0.13410167396068573","0.13410167396068573","0.13410167396068573","1320","1320","1320"
"132199","0.1298573613166809","0.1298573613166809","0.1298573613166809","1321","1321","1321"
"132299","0.13664337992668152","0.13664337992668152","0.13664337992668152","1322","1322","1322"
"132399","0.13445788621902466","0.13445788621902466","0.13445788621902466","1323","1323","1323"
"132499","0.12275887280702591","0.12275887280702591","0.12275887280702591","1324","1324","1324"
"132599","0.1323150247335434","0.1323150247335434","0.1323150247335434","1325","1325","1325"
"132699","0.1283942610025406","0.1283942610025406","0.1283942610025406","1326","1326","1326"
"132799","0.1325550526380539","0.1325550526380539","0.1325550526380539","1327","1327","1327"
"132899","0.1335534006357193","0.1335534006357193","0.1335534006357193","1328","1328","1328"
"132999","0.1307457834482193","0.1307457834482193","0.1307457834482193","1329","1329","1329"
"133099","0.13603322207927704","0.13603322207927704","0.13603322207927704","1330","1330","1330"
"133199","0.13017921149730682","0.13017921149730682","0.13017921149730682","1331","1331","1331"
"133299","0.12692302465438843","0.12692302465438843","0.12692302465438843","1332","1332","1332"
"133399","0.1336309164762497","0.1336309164762497","0.1336309164762497","1333","1333","1333"
"133499","0.13810832798480988","0.13810832798480988","0.13810832798480988","1334","1334","1334"
"133599","0.1348119080066681","0.1348119080066681","0.1348119080066681","1335","1335","1335"
"133699","0.1320423185825348","0.1320423185825348","0.1320423185825348","1336","1336","1336"
"133799","0.1305934190750122","0.1305934190750122","0.1305934190750122","1337","1337","1337"
"133899","0.1261715143918991","0.1261715143918991","0.1261715143918991","1338","1338","1338"
"133999","0.12863926589488983","0.12863926589488983","0.12863926589488983","1339","1339","1339"
"134099","0.13532106578350067","0.13532106578350067","0.13532106578350067","1340","1340","1340"
"134199","0.12795333564281464","0.12795333564281464","0.12795333564281464","1341","1341","1341"
"134299","0.1314569115638733","0.1314569115638733","0.1314569115638733","1342","1342","1342"
"134399","0.13121742010116577","0.13121742010116577","0.13121742010116577","1343","1343","1343"
"134499","0.13363461196422577","0.13363461196422577","0.13363461196422577","1344","1344","1344"
"134599","0.13597363233566284","0.13597363233566284","0.13597363233566284","1345","1345","1345"
"134699","0.13685663044452667","0.13685663044452667","0.13685663044452667","1346","1346","1346"
"134799","0.1361865997314453","0.1361865997314453","0.1361865997314453","1347","1347","1347"
"134899","0.13744695484638214","0.13744695484638214","0.13744695484638214","1348","1348","1348"
"134999","0.12878763675689697","0.12878763675689697","0.12878763675689697","1349","1349","1349"
"135099","0.13419680297374725","0.13419680297374725","0.13419680297374725","1350","1350","1350"
"135199","0.1311355084180832","0.1311355084180832","0.1311355084180832","1351","1351","1351"
"135299","0.13767704367637634","0.13767704367637634","0.13767704367637634","1352","1352","1352"
"135399","0.1348538100719452","0.1348538100719452","0.1348538100719452","1353","1353","1353"
"135499","0.13787278532981873","0.13787278532981873","0.13787278532981873","1354","1354","1354"
"135599","0.13465839624404907","0.13465839624404907","0.13465839624404907","1355","1355","1355"
"135699","0.12805014848709106","0.12805014848709106","0.12805014848709106","1356","1356","1356"
"135799","0.12536582350730896","0.12536582350730896","0.12536582350730896","1357","1357","1357"
"135899","0.13079340755939484","0.13079340755939484","0.13079340755939484","1358","1358","1358"
"135999","0.12853625416755676","0.12853625416755676","0.12853625416755676","1359","1359","1359"
"136099","0.13075745105743408","0.13075745105743408","0.13075745105743408","1360","1360","1360"
"136199","0.13288284838199615","0.13288284838199615","0.13288284838199615","1361","1361","1361"
"136299","0.12509022653102875","0.12509022653102875","0.12509022653102875","1362","1362","1362"
"136399","0.13887570798397064","0.13887570798397064","0.13887570798397064","1363","1363","1363"
"136499","0.126991868019104","0.126991868019104","0.126991868019104","1364","1364","1364"
"136599","0.13609124720096588","0.13609124720096588","0.13609124720096588","1365","1365","1365"
"136699","0.1358257234096527","0.1358257234096527","0.1358257234096527","1366","1366","1366"
"136799","0.131022110581398","0.131022110581398","0.131022110581398","1367","1367","1367"
"136899","0.13290910422801971","0.13290910422801971","0.13290910422801971","1368","1368","1368"
"136999","0.13199195265769958","0.13199195265769958","0.13199195265769958","1369","1369","1369"
"137099","0.13225619494915009","0.13225619494915009","0.13225619494915009","1370","1370","1370"
"137199","0.13309624791145325","0.13309624791145325","0.13309624791145325","1371","1371","1371"
"137299","0.13489775359630585","0.13489775359630585","0.13489775359630585","1372","1372","1372"
"137399","0.1352633386850357","0.1352633386850357","0.1352633386850357","1373","1373","1373"
"137499","0.1401631087064743","0.1401631087064743","0.1401631087064743","1374","1374","1374"
"137599","0.13365624845027924","0.13365624845027924","0.13365624845027924","1375","1375","1375"
"137699","0.12759849429130554","0.12759849429130554","0.12759849429130554","1376","1376","1376"
"137799","0.13013510406017303","0.13013510406017303","0.13013510406017303","1377","1377","1377"
"137899","0.1308501660823822","0.1308501660823822","0.1308501660823822","1378","1378","1378"
"137999","0.13504859805107117","0.13504859805107117","0.13504859805107117","1379","1379","1379"
"138099","0.1382107436656952","0.1382107436656952","0.1382107436656952","1380","1380","1380"
"138199","0.12603385746479034","0.12603385746479034","0.12603385746479034","1381","1381","1381"
"138299","0.13171380758285522","0.13171380758285522","0.13171380758285522","1382","1382","1382"
"138399","0.12676146626472473","0.12676146626472473","0.12676146626472473","1383","1383","1383"
"138499","0.1319250613451004","0.1319250613451004","0.1319250613451004","1384","1384","1384"
"138599","0.13205696642398834","0.13205696642398834","0.13205696642398834","1385","1385","1385"
"138699","0.12876200675964355","0.12876200675964355","0.12876200675964355","1386","1386","1386"
"138799","0.12818565964698792","0.12818565964698792","0.12818565964698792","1387","1387","1387"
"138899","0.13086506724357605","0.13086506724357605","0.13086506724357605","1388","1388","1388"
"138999","0.13103508949279785","0.13103508949279785","0.13103508949279785","1389","1389","1389"
"139099","0.13180099427700043","0.13180099427700043","0.13180099427700043","1390","1390","1390"
"139199","0.13617153465747833","0.13617153465747833","0.13617153465747833","1391","1391","1391"
"139299","0.13366273045539856","0.13366273045539856","0.13366273045539856","1392","1392","1392"
"139399","0.1304309219121933","0.1304309219121933","0.1304309219121933","1393","1393","1393"
"139499","0.13572050631046295","0.13572050631046295","0.13572050631046295","1394","1394","1394"
"139599","0.12929193675518036","0.12929193675518036","0.12929193675518036","1395","1395","1395"
"139699","0.1378125250339508","0.1378125250339508","0.1378125250339508","1396","1396","1396"
"139799","0.13569708168506622","0.13569708168506622","0.13569708168506622","1397","1397","1397"
"139899","0.13431516289710999","0.13431516289710999","0.13431516289710999","1398","1398","1398"
"139999","0.1321159303188324","0.1321159303188324","0.1321159303188324","1399","1399","1399"
"140099","0.1342601180076599","0.1342601180076599","0.1342601180076599","1400","1400","1400"
"140199","0.13459908962249756","0.13459908962249756","0.13459908962249756","1401","1401","1401"
"140299","0.1287316530942917","0.1287316530942917","0.1287316530942917","1402","1402","1402"
"140399","0.13175003230571747","0.13175003230571747","0.13175003230571747","1403","1403","1403"
"140499","0.1423763483762741","0.1423763483762741","0.1423763483762741","1404","1404","1404"
"140599","0.13364842534065247","0.13364842534065247","0.13364842534065247","1405","1405","1405"
"140699","0.1302255541086197","0.1302255541086197","0.1302255541086197","1406","1406","1406"
"140799","0.1289099007844925","0.1289099007844925","0.1289099007844925","1407","1407","1407"
"140899","0.12713514268398285","0.12713514268398285","0.12713514268398285","1408","1408","1408"
"140999","0.12883086502552032","0.12883086502552032","0.12883086502552032","1409","1409","1409"
"141099","0.13470035791397095","0.13470035791397095","0.13470035791397095","1410","1410","1410"
"141199","0.13474588096141815","0.13474588096141815","0.13474588096141815","1411","1411","1411"
"141299","0.13227999210357666","0.13227999210357666","0.13227999210357666","1412","1412","1412"
"141399","0.1302747279405594","0.1302747279405594","0.1302747279405594","1413","1413","1413"
"141499","0.12927158176898956","0.12927158176898956","0.12927158176898956","1414","1414","1414"
"141599","0.13213381171226501","0.13213381171226501","0.13213381171226501","1415","1415","1415"
"141699","0.1253013014793396","0.1253013014793396","0.1253013014793396","1416","1416","1416"
"141799","0.1312195360660553","0.1312195360660553","0.1312195360660553","1417","1417","1417"
"141899","0.13092178106307983","0.13092178106307983","0.13092178106307983","1418","1418","1418"
"141999","0.13817141950130463","0.13817141950130463","0.13817141950130463","1419","1419","1419"
"142099","0.13065014779567719","0.13065014779567719","0.13065014779567719","1420","1420","1420"
"142199","0.13653415441513062","0.13653415441513062","0.13653415441513062","1421","1421","1421"
"142299","0.14110614359378815","0.14110614359378815","0.14110614359378815","1422","1422","1422"
"142399","0.13314983248710632","0.13314983248710632","0.13314983248710632","1423","1423","1423"
"142499","0.12969845533370972","0.12969845533370972","0.12969845533370972","1424","1424","1424"
"142599","0.12984560430049896","0.12984560430049896","0.12984560430049896","1425","1425","1425"
"142699","0.12980544567108154","0.12980544567108154","0.12980544567108154","1426","1426","1426"
"142799","0.1305624097585678","0.1305624097585678","0.1305624097585678","1427","1427","1427"
"142899","0.12989947199821472","0.12989947199821472","0.12989947199821472","1428","1428","1428"
"142999","0.1287287026643753","0.1287287026643753","0.1287287026643753","1429","1429","1429"
"143099","0.13581594824790955","0.13581594824790955","0.13581594824790955","1430","1430","1430"
"143199","0.13134640455245972","0.13134640455245972","0.13134640455245972","1431","1431","1431"
"143299","0.13177643716335297","0.13177643716335297","0.13177643716335297","1432","1432","1432"
"143399","0.13393071293830872","0.13393071293830872","0.13393071293830872","1433","1433","1433"
"143499","0.1285785734653473","0.1285785734653473","0.1285785734653473","1434","1434","1434"
"143599","0.12749646604061127","0.12749646604061127","0.12749646604061127","1435","1435","1435"
"143699","0.12965674698352814","0.12965674698352814","0.12965674698352814","1436","1436","1436"
"143799","0.133720263838768","0.133720263838768","0.133720263838768","1437","1437","1437"
"143899","0.1362883597612381","0.1362883597612381","0.1362883597612381","1438","1438","1438"
"143999","0.13008587062358856","0.13008587062358856","0.13008587062358856","1439","1439","1439"
"144099","0.13590580224990845","0.13590580224990845","0.13590580224990845","1440","1440","1440"
"144199","0.13730962574481964","0.13730962574481964","0.13730962574481964","1441","1441","1441"
"144299","0.13889867067337036","0.13889867067337036","0.13889867067337036","1442","1442","1442"
"144399","0.12923991680145264","0.12923991680145264","0.12923991680145264","1443","1443","1443"
"144499","0.1350557655096054","0.1350557655096054","0.1350557655096054","1444","1444","1444"
"144599","0.12692037224769592","0.12692037224769592","0.12692037224769592","1445","1445","1445"
"144699","0.13459256291389465","0.13459256291389465","0.13459256291389465","1446","1446","1446"
"144799","0.1317664235830307","0.1317664235830307","0.1317664235830307","1447","1447","1447"
"144899","0.12573622167110443","0.12573622167110443","0.12573622167110443","1448","1448","1448"
"144999","0.13137656450271606","0.13137656450271606","0.13137656450271606","1449","1449","1449"
"145099","0.12706780433654785","0.12706780433654785","0.12706780433654785","1450","1450","1450"
"145199","0.1337335705757141","0.1337335705757141","0.1337335705757141","1451","1451","1451"
"145299","0.13363836705684662","0.13363836705684662","0.13363836705684662","1452","1452","1452"
"145399","0.12994332611560822","0.12994332611560822","0.12994332611560822","1453","1453","1453"
"145499","0.1325235664844513","0.1325235664844513","0.1325235664844513","1454","1454","1454"
"145599","0.12766149640083313","0.12766149640083313","0.12766149640083313","1455","1455","1455"
"145699","0.12530772387981415","0.12530772387981415","0.12530772387981415","1456","1456","1456"
"145799","0.13024912774562836","0.13024912774562836","0.13024912774562836","1457","1457","1457"
"145899","0.13182979822158813","0.13182979822158813","0.13182979822158813","1458","1458","1458"
"145999","0.13775524497032166","0.13775524497032166","0.13775524497032166","1459","1459","1459"
"146099","0.12823444604873657","0.12823444604873657","0.12823444604873657","1460","1460","1460"
"146199","0.13853995501995087","0.13853995501995087","0.13853995501995087","1461","1461","1461"
"146299","0.12797164916992188","0.12797164916992188","0.12797164916992188","1462","1462","1462"
"146399","0.12742741405963898","0.12742741405963898","0.12742741405963898","1463","1463","1463"
"146499","0.13144823908805847","0.13144823908805847","0.13144823908805847","1464","1464","1464"
"146599","0.13328178226947784","0.13328178226947784","0.13328178226947784","1465","1465","1465"
"146699","0.1339244842529297","0.1339244842529297","0.1339244842529297","1466","1466","1466"
"146799","0.1253681182861328","0.1253681182861328","0.1253681182861328","1467","1467","1467"
"146899","0.1302943378686905","0.1302943378686905","0.1302943378686905","1468","1468","1468"
"146999","0.13463808596134186","0.13463808596134186","0.13463808596134186","1469","1469","1469"
"147099","0.13094381988048553","0.13094381988048553","0.13094381988048553","1470","1470","1470"
"147199","0.13438217341899872","0.13438217341899872","0.13438217341899872","1471","1471","1471"
"147299","0.13865996897220612","0.13865996897220612","0.13865996897220612","1472","1472","1472"
"147399","0.13271130621433258","0.13271130621433258","0.13271130621433258","1473","1473","1473"
"147499","0.1333746761083603","0.1333746761083603","0.1333746761083603","1474","1474","1474"
"147599","0.12659555673599243","0.12659555673599243","0.12659555673599243","1475","1475","1475"
"147699","0.1309153288602829","0.1309153288602829","0.1309153288602829","1476","1476","1476"
"147799","0.13120508193969727","0.13120508193969727","0.13120508193969727","1477","1477","1477"
"147899","0.1359262466430664","0.1359262466430664","0.1359262466430664","1478","1478","1478"
"147999","0.12841467559337616","0.12841467559337616","0.12841467559337616","1479","1479","1479"
"148099","0.13030360639095306","0.13030360639095306","0.13030360639095306","1480","1480","1480"
"148199","0.13325442373752594","0.13325442373752594","0.13325442373752594","1481","1481","1481"
"148299","0.13314950466156006","0.13314950466156006","0.13314950466156006","1482","1482","1482"
"148399","0.1304730623960495","0.1304730623960495","0.1304730623960495","1483","1483","1483"
"148499","0.13294178247451782","0.13294178247451782","0.13294178247451782","1484","1484","1484"
"148599","0.1306639164686203","0.1306639164686203","0.1306639164686203","1485","1485","1485"
"148699","0.13281303644180298","0.13281303644180298","0.13281303644180298","1486","1486","1486"
"148799","0.13912130892276764","0.13912130892276764","0.13912130892276764","1487","1487","1487"
"148899","0.12787267565727234","0.12787267565727234","0.12787267565727234","1488","1488","1488"
"148999","0.1285979300737381","0.1285979300737381","0.1285979300737381","1489","1489","1489"
"149099","0.1286361664533615","0.1286361664533615","0.1286361664533615","1490","1490","1490"
"149199","0.1345498114824295","0.1345498114824295","0.1345498114824295","1491","1491","1491"
"149299","0.1352873295545578","0.1352873295545578","0.1352873295545578","1492","1492","1492"
"149399","0.12987227737903595","0.12987227737903595","0.12987227737903595","1493","1493","1493"
"149499","0.1330685168504715","0.1330685168504715","0.1330685168504715","1494","1494","1494"
"149599","0.12819674611091614","0.12819674611091614","0.12819674611091614","1495","1495","1495"
"149699","0.13328908383846283","0.13328908383846283","0.13328908383846283","1496","1496","1496"
"149799","0.1299646645784378","0.1299646645784378","0.1299646645784378","1497","1497","1497"
"149899","0.13149790465831757","0.13149790465831757","0.13149790465831757","1498","1498","1498"
"149999","0.13487772643566132","0.13487772643566132","0.13487772643566132","1499","1499","1499"
"150099","0.13508981466293335","0.13508981466293335","0.13508981466293335","1500","1500","1500"
"150199","0.13307181000709534","0.13307181000709534","0.13307181000709534","1501","1501","1501"
"150299","0.12700100243091583","0.12700100243091583","0.12700100243091583","1502","1502","1502"
"150399","0.13350239396095276","0.13350239396095276","0.13350239396095276","1503","1503","1503"
"150499","0.1345026195049286","0.1345026195049286","0.1345026195049286","1504","1504","1504"
"150599","0.12964317202568054","0.12964317202568054","0.12964317202568054","1505","1505","1505"
"150699","0.1307409703731537","0.1307409703731537","0.1307409703731537","1506","1506","1506"
"150799","0.13476182520389557","0.13476182520389557","0.13476182520389557","1507","1507","1507"
"150899","0.13003920018672943","0.13003920018672943","0.13003920018672943","1508","1508","1508"
"150999","0.1342984288930893","0.1342984288930893","0.1342984288930893","1509","1509","1509"
"151099","0.13336318731307983","0.13336318731307983","0.13336318731307983","1510","1510","1510"
"151199","0.12895949184894562","0.12895949184894562","0.12895949184894562","1511","1511","1511"
"151299","0.12672530114650726","0.12672530114650726","0.12672530114650726","1512","1512","1512"
"151399","0.1370682269334793","0.1370682269334793","0.1370682269334793","1513","1513","1513"
"151499","0.13133469223976135","0.13133469223976135","0.13133469223976135","1514","1514","1514"
"151599","0.12977202236652374","0.12977202236652374","0.12977202236652374","1515","1515","1515"
"151699","0.12979300320148468","0.12979300320148468","0.12979300320148468","1516","1516","1516"
"151799","0.1357349157333374","0.1357349157333374","0.1357349157333374","1517","1517","1517"
"151899","0.13831079006195068","0.13831079006195068","0.13831079006195068","1518","1518","1518"
"151999","0.13042525947093964","0.13042525947093964","0.13042525947093964","1519","1519","1519"
"152099","0.1366446167230606","0.1366446167230606","0.1366446167230606","1520","1520","1520"
"152199","0.13614241778850555","0.13614241778850555","0.13614241778850555","1521","1521","1521"
"152299","0.12776856124401093","0.12776856124401093","0.12776856124401093","1522","1522","1522"
"152399","0.12881529331207275","0.12881529331207275","0.12881529331207275","1523","1523","1523"
"152499","0.1346401870250702","0.1346401870250702","0.1346401870250702","1524","1524","1524"
"152599","0.12699009478092194","0.12699009478092194","0.12699009478092194","1525","1525","1525"
"152699","0.1365310400724411","0.1365310400724411","0.1365310400724411","1526","1526","1526"
"152799","0.13179782032966614","0.13179782032966614","0.13179782032966614","1527","1527","1527"
"152899","0.12823037803173065","0.12823037803173065","0.12823037803173065","1528","1528","1528"
"152999","0.13343031704425812","0.13343031704425812","0.13343031704425812","1529","1529","1529"
"153099","0.1293182522058487","0.1293182522058487","0.1293182522058487","1530","1530","1530"
"153199","0.12798269093036652","0.12798269093036652","0.12798269093036652","1531","1531","1531"
"153299","0.1271762102842331","0.1271762102842331","0.1271762102842331","1532","1532","1532"
"153399","0.13461516797542572","0.13461516797542572","0.13461516797542572","1533","1533","1533"
"153499","0.12885013222694397","0.12885013222694397","0.12885013222694397","1534","1534","1534"
"153599","0.1327466368675232","0.1327466368675232","0.1327466368675232","1535","1535","1535"
"153699","0.12783639132976532","0.12783639132976532","0.12783639132976532","1536","1536","1536"
"153799","0.1308354288339615","0.1308354288339615","0.1308354288339615","1537","1537","1537"
"153899","0.13266654312610626","0.13266654312610626","0.13266654312610626","1538","1538","1538"
"153999","0.13550923764705658","0.13550923764705658","0.13550923764705658","1539","1539","1539"
"154099","0.1379539519548416","0.1379539519548416","0.1379539519548416","1540","1540","1540"
"154199","0.13330554962158203","0.13330554962158203","0.13330554962158203","1541","1541","1541"
"154299","0.13055020570755005","0.13055020570755005","0.13055020570755005","1542","1542","1542"
"154399","0.13072803616523743","0.13072803616523743","0.13072803616523743","1543","1543","1543"
"154499","0.13009454309940338","0.13009454309940338","0.13009454309940338","1544","1544","1544"
"154599","0.13578830659389496","0.13578830659389496","0.13578830659389496","1545","1545","1545"
"154699","0.13351763784885406","0.13351763784885406","0.13351763784885406","1546","1546","1546"
"154799","0.13569606840610504","0.13569606840610504","0.13569606840610504","1547","1547","1547"
"154899","0.13406692445278168","0.13406692445278168","0.13406692445278168","1548","1548","1548"
"154999","0.13652943074703217","0.13652943074703217","0.13652943074703217","1549","1549","1549"
"155099","0.13602079451084137","0.13602079451084137","0.13602079451084137","1550","1550","1550"
"155199","0.13313807547092438","0.13313807547092438","0.13313807547092438","1551","1551","1551"
"155299","0.13246093690395355","0.13246093690395355","0.13246093690395355","1552","1552","1552"
"155399","0.1324208676815033","0.1324208676815033","0.1324208676815033","1553","1553","1553"
"155499","0.133102148771286","0.133102148771286","0.133102148771286","1554","1554","1554"
"155599","0.1369975507259369","0.1369975507259369","0.1369975507259369","1555","1555","1555"
"155699","0.1282062977552414","0.1282062977552414","0.1282062977552414","1556","1556","1556"
"155799","0.13541346788406372","0.13541346788406372","0.13541346788406372","1557","1557","1557"
"155899","0.13735556602478027","0.13735556602478027","0.13735556602478027","1558","1558","1558"
"155999","0.13781127333641052","0.13781127333641052","0.13781127333641052","1559","1559","1559"
"156099","0.13078191876411438","0.13078191876411438","0.13078191876411438","1560","1560","1560"
"156199","0.13264648616313934","0.13264648616313934","0.13264648616313934","1561","1561","1561"
"156299","0.13612087070941925","0.13612087070941925","0.13612087070941925","1562","1562","1562"
"156399","0.13670597970485687","0.13670597970485687","0.13670597970485687","1563","1563","1563"
"156499","0.13302136957645416","0.13302136957645416","0.13302136957645416","1564","1564","1564"
"156599","0.12628845870494843","0.12628845870494843","0.12628845870494843","1565","1565","1565"
"156699","0.12822890281677246","0.12822890281677246","0.12822890281677246","1566","1566","1566"
"156799","0.1319865584373474","0.1319865584373474","0.1319865584373474","1567","1567","1567"
"156899","0.13407385349273682","0.13407385349273682","0.13407385349273682","1568","1568","1568"
"156999","0.13386693596839905","0.13386693596839905","0.13386693596839905","1569","1569","1569"
"157099","0.13062253594398499","0.13062253594398499","0.13062253594398499","1570","1570","1570"
"157199","0.12522868812084198","0.12522868812084198","0.12522868812084198","1571","1571","1571"
"157299","0.13029761612415314","0.13029761612415314","0.13029761612415314","1572","1572","1572"
"157399","0.12816086411476135","0.12816086411476135","0.12816086411476135","1573","1573","1573"
"157499","0.13069745898246765","0.13069745898246765","0.13069745898246765","1574","1574","1574"
"157599","0.12704655528068542","0.12704655528068542","0.12704655528068542","1575","1575","1575"
"157699","0.13505803048610687","0.13505803048610687","0.13505803048610687","1576","1576","1576"
"157799","0.1352628767490387","0.1352628767490387","0.1352628767490387","1577","1577","1577"
"157899","0.13262832164764404","0.13262832164764404","0.13262832164764404","1578","1578","1578"
"157999","0.13138073682785034","0.13138073682785034","0.13138073682785034","1579","1579","1579"
"158099","0.13262438774108887","0.13262438774108887","0.13262438774108887","1580","1580","1580"
"158199","0.13644617795944214","0.13644617795944214","0.13644617795944214","1581","1581","1581"
"158299","0.13554584980010986","0.13554584980010986","0.13554584980010986","1582","1582","1582"
"158399","0.1364905834197998","0.1364905834197998","0.1364905834197998","1583","1583","1583"
"158499","0.13481877744197845","0.13481877744197845","0.13481877744197845","1584","1584","1584"
"158599","0.12971316277980804","0.12971316277980804","0.12971316277980804","1585","1585","1585"
"158699","0.13090141117572784","0.13090141117572784","0.13090141117572784","1586","1586","1586"
"158799","0.13154317438602448","0.13154317438602448","0.13154317438602448","1587","1587","1587"
"158899","0.1294529139995575","0.1294529139995575","0.1294529139995575","1588","1588","1588"
"158999","0.12792006134986877","0.12792006134986877","0.12792006134986877","1589","1589","1589"
"159099","0.12207690626382828","0.12207690626382828","0.12207690626382828","1590","1590","1590"
"159199","0.1332106739282608","0.1332106739282608","0.1332106739282608","1591","1591","1591"
"159299","0.12725035846233368","0.12725035846233368","0.12725035846233368","1592","1592","1592"
"159399","0.13243532180786133","0.13243532180786133","0.13243532180786133","1593","1593","1593"
"159499","0.12126550823450089","0.12126550823450089","0.12126550823450089","1594","1594","1594"
"159599","0.12337198853492737","0.12337198853492737","0.12337198853492737","1595","1595","1595"
"159699","0.12993258237838745","0.12993258237838745","0.12993258237838745","1596","1596","1596"
"159799","0.1309417188167572","0.1309417188167572","0.1309417188167572","1597","1597","1597"
"159899","0.13678279519081116","0.13678279519081116","0.13678279519081116","1598","1598","1598"
"159999","0.13051016628742218","0.13051016628742218","0.13051016628742218","1599","1599","1599"
"160099","0.13739897310733795","0.13739897310733795","0.13739897310733795","1600","1600","1600"
"160199","0.12755757570266724","0.12755757570266724","0.12755757570266724","1601","1601","1601"
"160299","0.1370505541563034","0.1370505541563034","0.1370505541563034","1602","1602","1602"
"160399","0.13513803482055664","0.13513803482055664","0.13513803482055664","1603","1603","1603"
"160499","0.13464541733264923","0.13464541733264923","0.13464541733264923","1604","1604","1604"
"160599","0.12562331557273865","0.12562331557273865","0.12562331557273865","1605","1605","1605"
"160699","0.13168466091156006","0.13168466091156006","0.13168466091156006","1606","1606","1606"
"160799","0.1268431693315506","0.1268431693315506","0.1268431693315506","1607","1607","1607"
"160899","0.1253611445426941","0.1253611445426941","0.1253611445426941","1608","1608","1608"
"160999","0.12919659912586212","0.12919659912586212","0.12919659912586212","1609","1609","1609"
"161099","0.13352279365062714","0.13352279365062714","0.13352279365062714","1610","1610","1610"
"161199","0.13457931578159332","0.13457931578159332","0.13457931578159332","1611","1611","1611"
"161299","0.132181316614151","0.132181316614151","0.132181316614151","1612","1612","1612"
"161399","0.13443072140216827","0.13443072140216827","0.13443072140216827","1613","1613","1613"
"161499","0.1376161128282547","0.1376161128282547","0.1376161128282547","1614","1614","1614"
"161599","0.13369198143482208","0.13369198143482208","0.13369198143482208","1615","1615","1615"
"161699","0.1343492716550827","0.1343492716550827","0.1343492716550827","1616","1616","1616"
"161799","0.1343991607427597","0.1343991607427597","0.1343991607427597","1617","1617","1617"
"161899","0.1306941658258438","0.1306941658258438","0.1306941658258438","1618","1618","1618"
"161999","0.1293470561504364","0.1293470561504364","0.1293470561504364","1619","1619","1619"
"162099","0.1338474452495575","0.1338474452495575","0.1338474452495575","1620","1620","1620"
"162199","0.13756325840950012","0.13756325840950012","0.13756325840950012","1621","1621","1621"
"162299","0.13190077245235443","0.13190077245235443","0.13190077245235443","1622","1622","1622"
"162399","0.1333673745393753","0.1333673745393753","0.1333673745393753","1623","1623","1623"
"162499","0.12855838239192963","0.12855838239192963","0.12855838239192963","1624","1624","1624"
"162599","0.13781964778900146","0.13781964778900146","0.13781964778900146","1625","1625","1625"
"162699","0.1344430148601532","0.1344430148601532","0.1344430148601532","1626","1626","1626"
"162799","0.13006378710269928","0.13006378710269928","0.13006378710269928","1627","1627","1627"
"162899","0.13766485452651978","0.13766485452651978","0.13766485452651978","1628","1628","1628"
"162999","0.13498635590076447","0.13498635590076447","0.13498635590076447","1629","1629","1629"
"163099","0.12478968501091003","0.12478968501091003","0.12478968501091003","1630","1630","1630"
"163199","0.13243375718593597","0.13243375718593597","0.13243375718593597","1631","1631","1631"
"163299","0.1354704350233078","0.1354704350233078","0.1354704350233078","1632","1632","1632"
"163399","0.1320958286523819","0.1320958286523819","0.1320958286523819","1633","1633","1633"
"163499","0.1286722868680954","0.1286722868680954","0.1286722868680954","1634","1634","1634"
"163599","0.13268126547336578","0.13268126547336578","0.13268126547336578","1635","1635","1635"
"163699","0.1282890886068344","0.1282890886068344","0.1282890886068344","1636","1636","1636"
"163799","0.13579584658145905","0.13579584658145905","0.13579584658145905","1637","1637","1637"
"163899","0.13499745726585388","0.13499745726585388","0.13499745726585388","1638","1638","1638"
"163999","0.13362589478492737","0.13362589478492737","0.13362589478492737","1639","1639","1639"
"164099","0.13350114226341248","0.13350114226341248","0.13350114226341248","1640","1640","1640"
"164199","0.13123805820941925","0.13123805820941925","0.13123805820941925","1641","1641","1641"
"164299","0.1328640729188919","0.1328640729188919","0.1328640729188919","1642","1642","1642"
"164399","0.1335560381412506","0.1335560381412506","0.1335560381412506","1643","1643","1643"
"164499","0.13558432459831238","0.13558432459831238","0.13558432459831238","1644","1644","1644"
"164599","0.1338311731815338","0.1338311731815338","0.1338311731815338","1645","1645","1645"
"164699","0.13914117217063904","0.13914117217063904","0.13914117217063904","1646","1646","1646"
"164799","0.13221220672130585","0.13221220672130585","0.13221220672130585","1647","1647","1647"
"164899","0.12693734467029572","0.12693734467029572","0.12693734467029572","1648","1648","1648"
"164999","0.12650509178638458","0.12650509178638458","0.12650509178638458","1649","1649","1649"
"165099","0.12919458746910095","0.12919458746910095","0.12919458746910095","1650","1650","1650"
"165199","0.13084125518798828","0.13084125518798828","0.13084125518798828","1651","1651","1651"
"165299","0.13143745064735413","0.13143745064735413","0.13143745064735413","1652","1652","1652"
"165399","0.1353575885295868","0.1353575885295868","0.1353575885295868","1653","1653","1653"
"165499","0.13465476036071777","0.13465476036071777","0.13465476036071777","1654","1654","1654"
"165599","0.13241884112358093","0.13241884112358093","0.13241884112358093","1655","1655","1655"
"165699","0.13371682167053223","0.13371682167053223","0.13371682167053223","1656","1656","1656"
"165799","0.132266104221344","0.132266104221344","0.132266104221344","1657","1657","1657"
"165899","0.13247770071029663","0.13247770071029663","0.13247770071029663","1658","1658","1658"
"165999","0.13143931329250336","0.13143931329250336","0.13143931329250336","1659","1659","1659"
"166099","0.13516844809055328","0.13516844809055328","0.13516844809055328","1660","1660","1660"
"166199","0.12874619662761688","0.12874619662761688","0.12874619662761688","1661","1661","1661"
"166299","0.13020959496498108","0.13020959496498108","0.13020959496498108","1662","1662","1662"
"166399","0.13417154550552368","0.13417154550552368","0.13417154550552368","1663","1663","1663"
"166499","0.12978874146938324","0.12978874146938324","0.12978874146938324","1664","1664","1664"
"166599","0.1301203966140747","0.1301203966140747","0.1301203966140747","1665","1665","1665"
"166699","0.130137100815773","0.130137100815773","0.130137100815773","1666","1666","1666"
"166799","0.12390675395727158","0.12390675395727158","0.12390675395727158","1667","1667","1667"
"166899","0.13163211941719055","0.13163211941719055","0.13163211941719055","1668","1668","1668"
"166999","0.12823761999607086","0.12823761999607086","0.12823761999607086","1669","1669","1669"
"167099","0.13048335909843445","0.13048335909843445","0.13048335909843445","1670","1670","1670"
"167199","0.13549236953258514","0.13549236953258514","0.13549236953258514","1671","1671","1671"
"167299","0.12907426059246063","0.12907426059246063","0.12907426059246063","1672","1672","1672"
"167399","0.12944066524505615","0.12944066524505615","0.12944066524505615","1673","1673","1673"
"167499","0.13524049520492554","0.13524049520492554","0.13524049520492554","1674","1674","1674"
"167599","0.13016080856323242","0.13016080856323242","0.13016080856323242","1675","1675","1675"
"167699","0.12743665277957916","0.12743665277957916","0.12743665277957916","1676","1676","1676"
"167799","0.13339726626873016","0.13339726626873016","0.13339726626873016","1677","1677","1677"
"167899","0.12905606627464294","0.12905606627464294","0.12905606627464294","1678","1678","1678"
"167999","0.1323241889476776","0.1323241889476776","0.1323241889476776","1679","1679","1679"
"168099","0.12758007645606995","0.12758007645606995","0.12758007645606995","1680","1680","1680"
"168199","0.13176262378692627","0.13176262378692627","0.13176262378692627","1681","1681","1681"
"168299","0.1371188461780548","0.1371188461780548","0.1371188461780548","1682","1682","1682"
"168399","0.13873033225536346","0.13873033225536346","0.13873033225536346","1683","1683","1683"
"168499","0.13488700985908508","0.13488700985908508","0.13488700985908508","1684","1684","1684"
"168599","0.1319482922554016","0.1319482922554016","0.1319482922554016","1685","1685","1685"
"168699","0.136191263794899","0.136191263794899","0.136191263794899","1686","1686","1686"
"168799","0.13701540231704712","0.13701540231704712","0.13701540231704712","1687","1687","1687"
"168899","0.1327541172504425","0.1327541172504425","0.1327541172504425","1688","1688","1688"
"168999","0.13065238296985626","0.13065238296985626","0.13065238296985626","1689","1689","1689"
"169099","0.13173088431358337","0.13173088431358337","0.13173088431358337","1690","1690","1690"
"169199","0.1335178166627884","0.1335178166627884","0.1335178166627884","1691","1691","1691"
"169299","0.11765335500240326","0.11765335500240326","0.11765335500240326","1692","1692","1692"
"169399","0.13136933743953705","0.13136933743953705","0.13136933743953705","1693","1693","1693"
"169499","0.13432230055332184","0.13432230055332184","0.13432230055332184","1694","1694","1694"
"169599","0.1278158724308014","0.1278158724308014","0.1278158724308014","1695","1695","1695"
"169699","0.12874774634838104","0.12874774634838104","0.12874774634838104","1696","1696","1696"
"169799","0.13319292664527893","0.13319292664527893","0.13319292664527893","1697","1697","1697"
"169899","0.13220521807670593","0.13220521807670593","0.13220521807670593","1698","1698","1698"
"169999","0.12713320553302765","0.12713320553302765","0.12713320553302765","1699","1699","1699"
"170099","0.1383553445339203","0.1383553445339203","0.1383553445339203","1700","1700","1700"
"170199","0.1325000822544098","0.1325000822544098","0.1325000822544098","1701","1701","1701"
"170299","0.1269744485616684","0.1269744485616684","0.1269744485616684","1702","1702","1702"
"170399","0.12687234580516815","0.12687234580516815","0.12687234580516815","1703","1703","1703"
"170499","0.12841840088367462","0.12841840088367462","0.12841840088367462","1704","1704","1704"
"170599","0.13564136624336243","0.13564136624336243","0.13564136624336243","1705","1705","1705"
"170699","0.1393066644668579","0.1393066644668579","0.1393066644668579","1706","1706","1706"
"170799","0.1333373337984085","0.1333373337984085","0.1333373337984085","1707","1707","1707"
"170899","0.12722080945968628","0.12722080945968628","0.12722080945968628","1708","1708","1708"
"170999","0.13113979995250702","0.13113979995250702","0.13113979995250702","1709","1709","1709"
"171099","0.12667299807071686","0.12667299807071686","0.12667299807071686","1710","1710","1710"
"171199","0.13231109082698822","0.13231109082698822","0.13231109082698822","1711","1711","1711"
"171299","0.12852072715759277","0.12852072715759277","0.12852072715759277","1712","1712","1712"
"171399","0.12644752860069275","0.12644752860069275","0.12644752860069275","1713","1713","1713"
"171499","0.13110177218914032","0.13110177218914032","0.13110177218914032","1714","1714","1714"
"171599","0.13757644593715668","0.13757644593715668","0.13757644593715668","1715","1715","1715"
"171699","0.13288359344005585","0.13288359344005585","0.13288359344005585","1716","1716","1716"
"171799","0.1356140524148941","0.1356140524148941","0.1356140524148941","1717","1717","1717"
"171899","0.13019244372844696","0.13019244372844696","0.13019244372844696","1718","1718","1718"
"171999","0.13098154962062836","0.13098154962062836","0.13098154962062836","1719","1719","1719"
"172099","0.12543098628520966","0.12543098628520966","0.12543098628520966","1720","1720","1720"
"172199","0.1336856186389923","0.1336856186389923","0.1336856186389923","1721","1721","1721"
"172299","0.13476313650608063","0.13476313650608063","0.13476313650608063","1722","1722","1722"
"172399","0.12986978888511658","0.12986978888511658","0.12986978888511658","1723","1723","1723"
"172499","0.13020439445972443","0.13020439445972443","0.13020439445972443","1724","1724","1724"
"172599","0.13337351381778717","0.13337351381778717","0.13337351381778717","1725","1725","1725"
"172699","0.13491028547286987","0.13491028547286987","0.13491028547286987","1726","1726","1726"
"172799","0.12829796969890594","0.12829796969890594","0.12829796969890594","1727","1727","1727"
"172899","0.13787080347537994","0.13787080347537994","0.13787080347537994","1728","1728","1728"
"172999","0.13600604236125946","0.13600604236125946","0.13600604236125946","1729","1729","1729"
"173099","0.1301509141921997","0.1301509141921997","0.1301509141921997","1730","1730","1730"
"173199","0.13845916092395782","0.13845916092395782","0.13845916092395782","1731","1731","1731"
"173299","0.1267600655555725","0.1267600655555725","0.1267600655555725","1732","1732","1732"
"173399","0.13162043690681458","0.13162043690681458","0.13162043690681458","1733","1733","1733"
"173499","0.14257243275642395","0.14257243275642395","0.14257243275642395","1734","1734","1734"
"173599","0.12738053500652313","0.12738053500652313","0.12738053500652313","1735","1735","1735"
"173699","0.1338241994380951","0.1338241994380951","0.1338241994380951","1736","1736","1736"
"173799","0.12934020161628723","0.12934020161628723","0.12934020161628723","1737","1737","1737"
"173899","0.13022133708000183","0.13022133708000183","0.13022133708000183","1738","1738","1738"
"173999","0.12853315472602844","0.12853315472602844","0.12853315472602844","1739","1739","1739"
"174099","0.1316753625869751","0.1316753625869751","0.1316753625869751","1740","1740","1740"
"174199","0.12690794467926025","0.12690794467926025","0.12690794467926025","1741","1741","1741"
"174299","0.12967342138290405","0.12967342138290405","0.12967342138290405","1742","1742","1742"
"174399","0.12833943963050842","0.12833943963050842","0.12833943963050842","1743","1743","1743"
"174499","0.1323828548192978","0.1323828548192978","0.1323828548192978","1744","1744","1744"
"174599","0.13283613324165344","0.13283613324165344","0.13283613324165344","1745","1745","1745"
"174699","0.13148324191570282","0.13148324191570282","0.13148324191570282","1746","1746","1746"
"174799","0.12919948995113373","0.12919948995113373","0.12919948995113373","1747","1747","1747"
"174899","0.13404273986816406","0.13404273986816406","0.13404273986816406","1748","1748","1748"
"174999","0.12575334310531616","0.12575334310531616","0.12575334310531616","1749","1749","1749"
"175099","0.13851012289524078","0.13851012289524078","0.13851012289524078","1750","1750","1750"
"175199","0.1324964165687561","0.1324964165687561","0.1324964165687561","1751","1751","1751"
"175299","0.13152165710926056","0.13152165710926056","0.13152165710926056","1752","1752","1752"
"175399","0.12919941544532776","0.12919941544532776","0.12919941544532776","1753","1753","1753"
"175499","0.13844802975654602","0.13844802975654602","0.13844802975654602","1754","1754","1754"
"175599","0.12850353121757507","0.12850353121757507","0.12850353121757507","1755","1755","1755"
"175699","0.1307002454996109","0.1307002454996109","0.1307002454996109","1756","1756","1756"
"175799","0.13210073113441467","0.13210073113441467","0.13210073113441467","1757","1757","1757"
"175899","0.12361596524715424","0.12361596524715424","0.12361596524715424","1758","1758","1758"
"175999","0.12829817831516266","0.12829817831516266","0.12829817831516266","1759","1759","1759"
"176099","0.13146664202213287","0.13146664202213287","0.13146664202213287","1760","1760","1760"
"176199","0.13233955204486847","0.13233955204486847","0.13233955204486847","1761","1761","1761"
"176299","0.12669146060943604","0.12669146060943604","0.12669146060943604","1762","1762","1762"
"176399","0.1294790357351303","0.1294790357351303","0.1294790357351303","1763","1763","1763"
"176499","0.1289946585893631","0.1289946585893631","0.1289946585893631","1764","1764","1764"
"176599","0.1313798874616623","0.1313798874616623","0.1313798874616623","1765","1765","1765"
"176699","0.13082610070705414","0.13082610070705414","0.13082610070705414","1766","1766","1766"
"176799","0.13890740275382996","0.13890740275382996","0.13890740275382996","1767","1767","1767"
"176899","0.1322055459022522","0.1322055459022522","0.1322055459022522","1768","1768","1768"
"176999","0.13337600231170654","0.13337600231170654","0.13337600231170654","1769","1769","1769"
"177099","0.1327238827943802","0.1327238827943802","0.1327238827943802","1770","1770","1770"
"177199","0.1313863843679428","0.1313863843679428","0.1313863843679428","1771","1771","1771"
"177299","0.12983796000480652","0.12983796000480652","0.12983796000480652","1772","1772","1772"
"177399","0.12477929145097733","0.12477929145097733","0.12477929145097733","1773","1773","1773"
"177499","0.13368359208106995","0.13368359208106995","0.13368359208106995","1774","1774","1774"
"177599","0.13476072251796722","0.13476072251796722","0.13476072251796722","1775","1775","1775"
"177699","0.13178928196430206","0.13178928196430206","0.13178928196430206","1776","1776","1776"
"177799","0.1377042829990387","0.1377042829990387","0.1377042829990387","1777","1777","1777"
"177899","0.13027311861515045","0.13027311861515045","0.13027311861515045","1778","1778","1778"
"177999","0.13229283690452576","0.13229283690452576","0.13229283690452576","1779","1779","1779"
"178099","0.13139379024505615","0.13139379024505615","0.13139379024505615","1780","1780","1780"
"178199","0.13551627099514008","0.13551627099514008","0.13551627099514008","1781","1781","1781"
"178299","0.13155388832092285","0.13155388832092285","0.13155388832092285","1782","1782","1782"
"178399","0.1356000453233719","0.1356000453233719","0.1356000453233719","1783","1783","1783"
"178499","0.13583901524543762","0.13583901524543762","0.13583901524543762","1784","1784","1784"
"178599","0.12956184148788452","0.12956184148788452","0.12956184148788452","1785","1785","1785"
"178699","0.1334303319454193","0.1334303319454193","0.1334303319454193","1786","1786","1786"
"178799","0.12620119750499725","0.12620119750499725","0.12620119750499725","1787","1787","1787"
"178899","0.13471254706382751","0.13471254706382751","0.13471254706382751","1788","1788","1788"
"178999","0.13497427105903625","0.13497427105903625","0.13497427105903625","1789","1789","1789"
"179099","0.12822706997394562","0.12822706997394562","0.12822706997394562","1790","1790","1790"
"179199","0.13288778066635132","0.13288778066635132","0.13288778066635132","1791","1791","1791"
"179299","0.13131123781204224","0.13131123781204224","0.13131123781204224","1792","1792","1792"
"179399","0.13491211831569672","0.13491211831569672","0.13491211831569672","1793","1793","1793"
"179499","0.13391529023647308","0.13391529023647308","0.13391529023647308","1794","1794","1794"
"179599","0.12956292927265167","0.12956292927265167","0.12956292927265167","1795","1795","1795"
"179699","0.14038950204849243","0.14038950204849243","0.14038950204849243","1796","1796","1796"
"179799","0.12637901306152344","0.12637901306152344","0.12637901306152344","1797","1797","1797"
"179899","0.13480305671691895","0.13480305671691895","0.13480305671691895","1798","1798","1798"
"179999","0.1381659358739853","0.1381659358739853","0.1381659358739853","1799","1799","1799"
"180099","0.13129889965057373","0.13129889965057373","0.13129889965057373","1800","1800","1800"
"180199","0.12801200151443481","0.12801200151443481","0.12801200151443481","1801","1801","1801"
"180299","0.13228881359100342","0.13228881359100342","0.13228881359100342","1802","1802","1802"
"180399","0.1311316043138504","0.1311316043138504","0.1311316043138504","1803","1803","1803"
"180499","0.13410939276218414","0.13410939276218414","0.13410939276218414","1804","1804","1804"
"180599","0.13091064989566803","0.13091064989566803","0.13091064989566803","1805","1805","1805"
"180699","0.13472524285316467","0.13472524285316467","0.13472524285316467","1806","1806","1806"
"180799","0.1295078992843628","0.1295078992843628","0.1295078992843628","1807","1807","1807"
"180899","0.1295100450515747","0.1295100450515747","0.1295100450515747","1808","1808","1808"
"180999","0.13254639506340027","0.13254639506340027","0.13254639506340027","1809","1809","1809"
"181099","0.12965203821659088","0.12965203821659088","0.12965203821659088","1810","1810","1810"
"181199","0.13014304637908936","0.13014304637908936","0.13014304637908936","1811","1811","1811"
"181299","0.13208851218223572","0.13208851218223572","0.13208851218223572","1812","1812","1812"
"181399","0.1280529797077179","0.1280529797077179","0.1280529797077179","1813","1813","1813"
"181499","0.13770171999931335","0.13770171999931335","0.13770171999931335","1814","1814","1814"
"181599","0.13064272701740265","0.13064272701740265","0.13064272701740265","1815","1815","1815"
"181699","0.13206608593463898","0.13206608593463898","0.13206608593463898","1816","1816","1816"
"181799","0.1362326294183731","0.1362326294183731","0.1362326294183731","1817","1817","1817"
"181899","0.13306932151317596","0.13306932151317596","0.13306932151317596","1818","1818","1818"
"181999","0.13041172921657562","0.13041172921657562","0.13041172921657562","1819","1819","1819"
"182099","0.13765448331832886","0.13765448331832886","0.13765448331832886","1820","1820","1820"
"182199","0.13421447575092316","0.13421447575092316","0.13421447575092316","1821","1821","1821"
"182299","0.13477997481822968","0.13477997481822968","0.13477997481822968","1822","1822","1822"
"182399","0.12542268633842468","0.12542268633842468","0.12542268633842468","1823","1823","1823"
"182499","0.13163459300994873","0.13163459300994873","0.13163459300994873","1824","1824","1824"
"182599","0.1315131038427353","0.1315131038427353","0.1315131038427353","1825","1825","1825"
"182699","0.13457030057907104","0.13457030057907104","0.13457030057907104","1826","1826","1826"
"182799","0.13144458830356598","0.13144458830356598","0.13144458830356598","1827","1827","1827"
"182899","0.13642147183418274","0.13642147183418274","0.13642147183418274","1828","1828","1828"
"182999","0.127790629863739","0.127790629863739","0.127790629863739","1829","1829","1829"
"183099","0.13197529315948486","0.13197529315948486","0.13197529315948486","1830","1830","1830"
"183199","0.13036660850048065","0.13036660850048065","0.13036660850048065","1831","1831","1831"
"183299","0.13425897061824799","0.13425897061824799","0.13425897061824799","1832","1832","1832"
"183399","0.1308782398700714","0.1308782398700714","0.1308782398700714","1833","1833","1833"
"183499","0.1327580064535141","0.1327580064535141","0.1327580064535141","1834","1834","1834"
"183599","0.1369958072900772","0.1369958072900772","0.1369958072900772","1835","1835","1835"
"183699","0.1310013234615326","0.1310013234615326","0.1310013234615326","1836","1836","1836"
"183799","0.12635953724384308","0.12635953724384308","0.12635953724384308","1837","1837","1837"
"183899","0.12673676013946533","0.12673676013946533","0.12673676013946533","1838","1838","1838"
"183999","0.13043348491191864","0.13043348491191864","0.13043348491191864","1839","1839","1839"
"184099","0.13406464457511902","0.13406464457511902","0.13406464457511902","1840","1840","1840"
"184199","0.1362941563129425","0.1362941563129425","0.1362941563129425","1841","1841","1841"
"184299","0.1323782056570053","0.1323782056570053","0.1323782056570053","1842","1842","1842"
"184399","0.13561871647834778","0.13561871647834778","0.13561871647834778","1843","1843","1843"
"184499","0.1364375799894333","0.1364375799894333","0.1364375799894333","1844","1844","1844"
"184599","0.1370699256658554","0.1370699256658554","0.1370699256658554","1845","1845","1845"
"184699","0.12742038071155548","0.12742038071155548","0.12742038071155548","1846","1846","1846"
"184799","0.1363319754600525","0.1363319754600525","0.1363319754600525","1847","1847","1847"
"184899","0.1317126303911209","0.1317126303911209","0.1317126303911209","1848","1848","1848"
"184999","0.1289985477924347","0.1289985477924347","0.1289985477924347","1849","1849","1849"
"185099","0.1325381100177765","0.1325381100177765","0.1325381100177765","1850","1850","1850"
"185199","0.13021069765090942","0.13021069765090942","0.13021069765090942","1851","1851","1851"
"185299","0.13298533856868744","0.13298533856868744","0.13298533856868744","1852","1852","1852"
"185399","0.13125509023666382","0.13125509023666382","0.13125509023666382","1853","1853","1853"
"185499","0.13220015168190002","0.13220015168190002","0.13220015168190002","1854","1854","1854"
"185599","0.1311466097831726","0.1311466097831726","0.1311466097831726","1855","1855","1855"
"185699","0.1300106644630432","0.1300106644630432","0.1300106644630432","1856","1856","1856"
"185799","0.12473984807729721","0.12473984807729721","0.12473984807729721","1857","1857","1857"
"185899","0.13423804938793182","0.13423804938793182","0.13423804938793182","1858","1858","1858"
"185999","0.13593825697898865","0.13593825697898865","0.13593825697898865","1859","1859","1859"
"186099","0.12654447555541992","0.12654447555541992","0.12654447555541992","1860","1860","1860"
"186199","0.12901608645915985","0.12901608645915985","0.12901608645915985","1861","1861","1861"
"186299","0.12769946455955505","0.12769946455955505","0.12769946455955505","1862","1862","1862"
"186399","0.13284583389759064","0.13284583389759064","0.13284583389759064","1863","1863","1863"
"186499","0.1355929672718048","0.1355929672718048","0.1355929672718048","1864","1864","1864"
"186599","0.13287700712680817","0.13287700712680817","0.13287700712680817","1865","1865","1865"
"186699","0.13593992590904236","0.13593992590904236","0.13593992590904236","1866","1866","1866"
"186799","0.13148702681064606","0.13148702681064606","0.13148702681064606","1867","1867","1867"
"186899","0.13420364260673523","0.13420364260673523","0.13420364260673523","1868","1868","1868"
"186999","0.12440616637468338","0.12440616637468338","0.12440616637468338","1869","1869","1869"
"187099","0.1335720270872116","0.1335720270872116","0.1335720270872116","1870","1870","1870"
"187199","0.12393850088119507","0.12393850088119507","0.12393850088119507","1871","1871","1871"
"187299","0.1325504183769226","0.1325504183769226","0.1325504183769226","1872","1872","1872"
"187399","0.12773075699806213","0.12773075699806213","0.12773075699806213","1873","1873","1873"
"187499","0.13274435698986053","0.13274435698986053","0.13274435698986053","1874","1874","1874"
"187599","0.1355908364057541","0.1355908364057541","0.1355908364057541","1875","1875","1875"
"187699","0.134638249874115","0.134638249874115","0.134638249874115","1876","1876","1876"
"187799","0.13103386759757996","0.13103386759757996","0.13103386759757996","1877","1877","1877"
"187899","0.12654881179332733","0.12654881179332733","0.12654881179332733","1878","1878","1878"
"187999","0.13515028357505798","0.13515028357505798","0.13515028357505798","1879","1879","1879"
"188099","0.13746200501918793","0.13746200501918793","0.13746200501918793","1880","1880","1880"
"188199","0.1363864690065384","0.1363864690065384","0.1363864690065384","1881","1881","1881"
"188299","0.13011230528354645","0.13011230528354645","0.13011230528354645","1882","1882","1882"
"188399","0.13137753307819366","0.13137753307819366","0.13137753307819366","1883","1883","1883"
"188499","0.13524797558784485","0.13524797558784485","0.13524797558784485","1884","1884","1884"
"188599","0.13324259221553802","0.13324259221553802","0.13324259221553802","1885","1885","1885"
"188699","0.13113020360469818","0.13113020360469818","0.13113020360469818","1886","1886","1886"
"188799","0.13200250267982483","0.13200250267982483","0.13200250267982483","1887","1887","1887"
"188899","0.1313830465078354","0.1313830465078354","0.1313830465078354","1888","1888","1888"
"188999","0.13371439278125763","0.13371439278125763","0.13371439278125763","1889","1889","1889"
"189099","0.12837249040603638","0.12837249040603638","0.12837249040603638","1890","1890","1890"
"189199","0.13187643885612488","0.13187643885612488","0.13187643885612488","1891","1891","1891"
"189299","0.13364478945732117","0.13364478945732117","0.13364478945732117","1892","1892","1892"
"189399","0.13386812806129456","0.13386812806129456","0.13386812806129456","1893","1893","1893"
"189499","0.1278156340122223","0.1278156340122223","0.1278156340122223","1894","1894","1894"
"189599","0.13799691200256348","0.13799691200256348","0.13799691200256348","1895","1895","1895"
"189699","0.1254751831293106","0.1254751831293106","0.1254751831293106","1896","1896","1896"
"189799","0.13500763475894928","0.13500763475894928","0.13500763475894928","1897","1897","1897"
"189899","0.12967795133590698","0.12967795133590698","0.12967795133590698","1898","1898","1898"
"189999","0.13212308287620544","0.13212308287620544","0.13212308287620544","1899","1899","1899"
"190099","0.12924958765506744","0.12924958765506744","0.12924958765506744","1900","1900","1900"
"190199","0.13724452257156372","0.13724452257156372","0.13724452257156372","1901","1901","1901"
"190299","0.13151197135448456","0.13151197135448456","0.13151197135448456","1902","1902","1902"
"190399","0.1301814317703247","0.1301814317703247","0.1301814317703247","1903","1903","1903"
"190499","0.13503025472164154","0.13503025472164154","0.13503025472164154","1904","1904","1904"
"190599","0.13315369188785553","0.13315369188785553","0.13315369188785553","1905","1905","1905"
"190699","0.13665257394313812","0.13665257394313812","0.13665257394313812","1906","1906","1906"
"190799","0.13684634864330292","0.13684634864330292","0.13684634864330292","1907","1907","1907"
"190899","0.12829920649528503","0.12829920649528503","0.12829920649528503","1908","1908","1908"
"190999","0.12484703958034515","0.12484703958034515","0.12484703958034515","1909","1909","1909"
"191099","0.12671762704849243","0.12671762704849243","0.12671762704849243","1910","1910","1910"
"191199","0.1298009157180786","0.1298009157180786","0.1298009157180786","1911","1911","1911"
"191299","0.130935937166214","0.130935937166214","0.130935937166214","1912","1912","1912"
"191399","0.13012981414794922","0.13012981414794922","0.13012981414794922","1913","1913","1913"
"191499","0.13636796176433563","0.13636796176433563","0.13636796176433563","1914","1914","1914"
"191599","0.13066449761390686","0.13066449761390686","0.13066449761390686","1915","1915","1915"
"191699","0.1415482610464096","0.1415482610464096","0.1415482610464096","1916","1916","1916"
"191799","0.1297934204339981","0.1297934204339981","0.1297934204339981","1917","1917","1917"
"191899","0.13298621773719788","0.13298621773719788","0.13298621773719788","1918","1918","1918"
"191999","0.13022728264331818","0.13022728264331818","0.13022728264331818","1919","1919","1919"
"192099","0.13050879538059235","0.13050879538059235","0.13050879538059235","1920","1920","1920"
"192199","0.1318550854921341","0.1318550854921341","0.1318550854921341","1921","1921","1921"
"192299","0.13045288622379303","0.13045288622379303","0.13045288622379303","1922","1922","1922"
"192399","0.13168440759181976","0.13168440759181976","0.13168440759181976","1923","1923","1923"
"192499","0.12776027619838715","0.12776027619838715","0.12776027619838715","1924","1924","1924"
"192599","0.12898556888103485","0.12898556888103485","0.12898556888103485","1925","1925","1925"
"192699","0.13311411440372467","0.13311411440372467","0.13311411440372467","1926","1926","1926"
"192799","0.13081508874893188","0.13081508874893188","0.13081508874893188","1927","1927","1927"
"192899","0.1341228485107422","0.1341228485107422","0.1341228485107422","1928","1928","1928"
"192999","0.12512066960334778","0.12512066960334778","0.12512066960334778","1929","1929","1929"
"193099","0.13481298089027405","0.13481298089027405","0.13481298089027405","1930","1930","1930"
"193199","0.13295578956604004","0.13295578956604004","0.13295578956604004","1931","1931","1931"
"193299","0.12723147869110107","0.12723147869110107","0.12723147869110107","1932","1932","1932"
"193399","0.13036055862903595","0.13036055862903595","0.13036055862903595","1933","1933","1933"
"193499","0.12933209538459778","0.12933209538459778","0.12933209538459778","1934","1934","1934"
"193599","0.1344335526227951","0.1344335526227951","0.1344335526227951","1935","1935","1935"
"193699","0.13051994144916534","0.13051994144916534","0.13051994144916534","1936","1936","1936"
"193799","0.13313232362270355","0.13313232362270355","0.13313232362270355","1937","1937","1937"
"193899","0.13319990038871765","0.13319990038871765","0.13319990038871765","1938","1938","1938"
"193999","0.13523292541503906","0.13523292541503906","0.13523292541503906","1939","1939","1939"
"194099","0.1310466080904007","0.1310466080904007","0.1310466080904007","1940","1940","1940"
"194199","0.1366897076368332","0.1366897076368332","0.1366897076368332","1941","1941","1941"
"194299","0.1320275515317917","0.1320275515317917","0.1320275515317917","1942","1942","1942"
"194399","0.1305210292339325","0.1305210292339325","0.1305210292339325","1943","1943","1943"
"194499","0.13138903677463531","0.13138903677463531","0.13138903677463531","1944","1944","1944"
"194599","0.13146832585334778","0.13146832585334778","0.13146832585334778","1945","1945","1945"
"194699","0.1313316822052002","0.1313316822052002","0.1313316822052002","1946","1946","1946"
"194799","0.132146954536438","0.132146954536438","0.132146954536438","1947","1947","1947"
"194899","0.13366925716400146","0.13366925716400146","0.13366925716400146","1948","1948","1948"
"194999","0.1290711909532547","0.1290711909532547","0.1290711909532547","1949","1949","1949"
"195099","0.13085387647151947","0.13085387647151947","0.13085387647151947","1950","1950","1950"
"195199","0.1363743394613266","0.1363743394613266","0.1363743394613266","1951","1951","1951"
"195299","0.13624314963817596","0.13624314963817596","0.13624314963817596","1952","1952","1952"
"195399","0.12696464359760284","0.12696464359760284","0.12696464359760284","1953","1953","1953"
"195499","0.12958909571170807","0.12958909571170807","0.12958909571170807","1954","1954","1954"
"195599","0.13448308408260345","0.13448308408260345","0.13448308408260345","1955","1955","1955"
"195699","0.1392621546983719","0.1392621546983719","0.1392621546983719","1956","1956","1956"
"195799","0.12644489109516144","0.12644489109516144","0.12644489109516144","1957","1957","1957"
"195899","0.1327376514673233","0.1327376514673233","0.1327376514673233","1958","1958","1958"
"195999","0.12874478101730347","0.12874478101730347","0.12874478101730347","1959","1959","1959"
"196099","0.13198894262313843","0.13198894262313843","0.13198894262313843","1960","1960","1960"
"196199","0.13477110862731934","0.13477110862731934","0.13477110862731934","1961","1961","1961"
"196299","0.13325686752796173","0.13325686752796173","0.13325686752796173","1962","1962","1962"
"196399","0.1342758685350418","0.1342758685350418","0.1342758685350418","1963","1963","1963"
"196499","0.13060522079467773","0.13060522079467773","0.13060522079467773","1964","1964","1964"
"196599","0.12748831510543823","0.12748831510543823","0.12748831510543823","1965","1965","1965"
"196699","0.12918846309185028","0.12918846309185028","0.12918846309185028","1966","1966","1966"
"196799","0.12777316570281982","0.12777316570281982","0.12777316570281982","1967","1967","1967"
"196899","0.12852229177951813","0.12852229177951813","0.12852229177951813","1968","1968","1968"
"196999","0.12835362553596497","0.12835362553596497","0.12835362553596497","1969","1969","1969"
"197099","0.13198250532150269","0.13198250532150269","0.13198250532150269","1970","1970","1970"
"197199","0.1256190538406372","0.1256190538406372","0.1256190538406372","1971","1971","1971"
"197299","0.13695156574249268","0.13695156574249268","0.13695156574249268","1972","1972","1972"
"197399","0.1388682723045349","0.1388682723045349","0.1388682723045349","1973","1973","1973"
"197499","0.1322120875120163","0.1322120875120163","0.1322120875120163","1974","1974","1974"
"197599","0.13778628408908844","0.13778628408908844","0.13778628408908844","1975","1975","1975"
"197699","0.13104787468910217","0.13104787468910217","0.13104787468910217","1976","1976","1976"
"197799","0.13478082418441772","0.13478082418441772","0.13478082418441772","1977","1977","1977"
"197899","0.1313842236995697","0.1313842236995697","0.1313842236995697","1978","1978","1978"
"197999","0.12760740518569946","0.12760740518569946","0.12760740518569946","1979","1979","1979"
"198099","0.13092371821403503","0.13092371821403503","0.13092371821403503","1980","1980","1980"
"198199","0.1333954781293869","0.1333954781293869","0.1333954781293869","1981","1981","1981"
"198299","0.1339675933122635","0.1339675933122635","0.1339675933122635","1982","1982","1982"
"198399","0.13321928679943085","0.13321928679943085","0.13321928679943085","1983","1983","1983"
"198499","0.13070255517959595","0.13070255517959595","0.13070255517959595","1984","1984","1984"
"198599","0.1331244260072708","0.1331244260072708","0.1331244260072708","1985","1985","1985"
"198699","0.12809288501739502","0.12809288501739502","0.12809288501739502","1986","1986","1986"
"198799","0.12913882732391357","0.12913882732391357","0.12913882732391357","1987","1987","1987"
"198899","0.13087917864322662","0.13087917864322662","0.13087917864322662","1988","1988","1988"
"198999","0.13471996784210205","0.13471996784210205","0.13471996784210205","1989","1989","1989"
"199099","0.12899887561798096","0.12899887561798096","0.12899887561798096","1990","1990","1990"
"199199","0.128550186753273","0.128550186753273","0.128550186753273","1991","1991","1991"
"199299","0.13093194365501404","0.13093194365501404","0.13093194365501404","1992","1992","1992"
"199399","0.13499853014945984","0.13499853014945984","0.13499853014945984","1993","1993","1993"
"199499","0.13323865830898285","0.13323865830898285","0.13323865830898285","1994","1994","1994"
"199599","0.13362471759319305","0.13362471759319305","0.13362471759319305","1995","1995","1995"
"199699","0.12780074775218964","0.12780074775218964","0.12780074775218964","1996","1996","1996"
"199799","0.13982142508029938","0.13982142508029938","0.13982142508029938","1997","1997","1997"
"199899","0.12995582818984985","0.12995582818984985","0.12995582818984985","1998","1998","1998"
"199999","0.13479480147361755","0.13479480147361755","0.13479480147361755","1999","1999","1999"
"200099","0.13624531030654907","0.13624531030654907","0.13624531030654907","2000","2000","2000"
"200199","0.13223502039909363","0.13223502039909363","0.13223502039909363","2001","2001","2001"
"200299","0.1300436556339264","0.1300436556339264","0.1300436556339264","2002","2002","2002"
"200399","0.12507835030555725","0.12507835030555725","0.12507835030555725","2003","2003","2003"
"200499","0.13108623027801514","0.13108623027801514","0.13108623027801514","2004","2004","2004"
"200599","0.1301485300064087","0.1301485300064087","0.1301485300064087","2005","2005","2005"
"200699","0.12745217978954315","0.12745217978954315","0.12745217978954315","2006","2006","2006"
"200799","0.13169005513191223","0.13169005513191223","0.13169005513191223","2007","2007","2007"
"200899","0.1322646290063858","0.1322646290063858","0.1322646290063858","2008","2008","2008"
"200999","0.1283813714981079","0.1283813714981079","0.1283813714981079","2009","2009","2009"
"201099","0.1273481249809265","0.1273481249809265","0.1273481249809265","2010","2010","2010"
"201199","0.13524042069911957","0.13524042069911957","0.13524042069911957","2011","2011","2011"
"201299","0.13056936860084534","0.13056936860084534","0.13056936860084534","2012","2012","2012"
"201399","0.13137395679950714","0.13137395679950714","0.13137395679950714","2013","2013","2013"
"201499","0.13952277600765228","0.13952277600765228","0.13952277600765228","2014","2014","2014"
"201599","0.1266745626926422","0.1266745626926422","0.1266745626926422","2015","2015","2015"
"201699","0.13077202439308167","0.13077202439308167","0.13077202439308167","2016","2016","2016"
"201799","0.12933146953582764","0.12933146953582764","0.12933146953582764","2017","2017","2017"
"201899","0.13457319140434265","0.13457319140434265","0.13457319140434265","2018","2018","2018"
"201999","0.1312113106250763","0.1312113106250763","0.1312113106250763","2019","2019","2019"
"202099","0.1281355321407318","0.1281355321407318","0.1281355321407318","2020","2020","2020"
"202199","0.1296246498823166","0.1296246498823166","0.1296246498823166","2021","2021","2021"
"202299","0.13442395627498627","0.13442395627498627","0.13442395627498627","2022","2022","2022"
"202399","0.12576699256896973","0.12576699256896973","0.12576699256896973","2023","2023","2023"
"202499","0.12685775756835938","0.12685775756835938","0.12685775756835938","2024","2024","2024"
"202599","0.13754579424858093","0.13754579424858093","0.13754579424858093","2025","2025","2025"
"202699","0.13332396745681763","0.13332396745681763","0.13332396745681763","2026","2026","2026"
"202799","0.13362810015678406","0.13362810015678406","0.13362810015678406","2027","2027","2027"
"202899","0.13175460696220398","0.13175460696220398","0.13175460696220398","2028","2028","2028"
"202999","0.13307514786720276","0.13307514786720276","0.13307514786720276","2029","2029","2029"
"203099","0.12273940443992615","0.12273940443992615","0.12273940443992615","2030","2030","2030"
"203199","0.12829117476940155","0.12829117476940155","0.12829117476940155","2031","2031","2031"
"203299","0.1278081089258194","0.1278081089258194","0.1278081089258194","2032","2032","2032"
"203399","0.128117173910141","0.128117173910141","0.128117173910141","2033","2033","2033"
"203499","0.13152223825454712","0.13152223825454712","0.13152223825454712","2034","2034","2034"
"203599","0.13429804146289825","0.13429804146289825","0.13429804146289825","2035","2035","2035"
"203699","0.1299555003643036","0.1299555003643036","0.1299555003643036","2036","2036","2036"
"203799","0.13323961198329926","0.13323961198329926","0.13323961198329926","2037","2037","2037"
"203899","0.12785984575748444","0.12785984575748444","0.12785984575748444","2038","2038","2038"
"203999","0.13135403394699097","0.13135403394699097","0.13135403394699097","2039","2039","2039"
"204099","0.13350778818130493","0.13350778818130493","0.13350778818130493","2040","2040","2040"
"204199","0.12618741393089294","0.12618741393089294","0.12618741393089294","2041","2041","2041"
"204299","0.13144609332084656","0.13144609332084656","0.13144609332084656","2042","2042","2042"
"204399","0.12968137860298157","0.12968137860298157","0.12968137860298157","2043","2043","2043"
"204499","0.13538220524787903","0.13538220524787903","0.13538220524787903","2044","2044","2044"
"204599","0.1325189471244812","0.1325189471244812","0.1325189471244812","2045","2045","2045"
"204699","0.12974302470684052","0.12974302470684052","0.12974302470684052","2046","2046","2046"
"204799","0.12916673719882965","0.12916673719882965","0.12916673719882965","2047","2047","2047"
"204899","0.13012179732322693","0.13012179732322693","0.13012179732322693","2048","2048","2048"
"204999","0.1365891993045807","0.1365891993045807","0.1365891993045807","2049","2049","2049"
"205099","0.1345970183610916","0.1345970183610916","0.1345970183610916","2050","2050","2050"
"205199","0.1278141289949417","0.1278141289949417","0.1278141289949417","2051","2051","2051"
"205299","0.1255980283021927","0.1255980283021927","0.1255980283021927","2052","2052","2052"
"205399","0.13332946598529816","0.13332946598529816","0.13332946598529816","2053","2053","2053"
"205499","0.1257227510213852","0.1257227510213852","0.1257227510213852","2054","2054","2054"
"205599","0.12363594025373459","0.12363594025373459","0.12363594025373459","2055","2055","2055"
"205699","0.13547693192958832","0.13547693192958832","0.13547693192958832","2056","2056","2056"
"205799","0.1290343701839447","0.1290343701839447","0.1290343701839447","2057","2057","2057"
"205899","0.12987260520458221","0.12987260520458221","0.12987260520458221","2058","2058","2058"
"205999","0.1280062049627304","0.1280062049627304","0.1280062049627304","2059","2059","2059"
"206099","0.1314428448677063","0.1314428448677063","0.1314428448677063","2060","2060","2060"
"206199","0.12644775211811066","0.12644775211811066","0.12644775211811066","2061","2061","2061"
"206299","0.12732091546058655","0.12732091546058655","0.12732091546058655","2062","2062","2062"
"206399","0.13742735981941223","0.13742735981941223","0.13742735981941223","2063","2063","2063"
"206499","0.13411860167980194","0.13411860167980194","0.13411860167980194","2064","2064","2064"
"206599","0.1288943737745285","0.1288943737745285","0.1288943737745285","2065","2065","2065"
"206699","0.13179989159107208","0.13179989159107208","0.13179989159107208","2066","2066","2066"
"206799","0.13398219645023346","0.13398219645023346","0.13398219645023346","2067","2067","2067"
"206899","0.1329818218946457","0.1329818218946457","0.1329818218946457","2068","2068","2068"
"206999","0.12866385281085968","0.12866385281085968","0.12866385281085968","2069","2069","2069"
"207099","0.127497136592865","0.127497136592865","0.127497136592865","2070","2070","2070"
"207199","0.13561059534549713","0.13561059534549713","0.13561059534549713","2071","2071","2071"
"207299","0.13333171606063843","0.13333171606063843","0.13333171606063843","2072","2072","2072"
"207399","0.1318047046661377","0.1318047046661377","0.1318047046661377","2073","2073","2073"
"207499","0.13021251559257507","0.13021251559257507","0.13021251559257507","2074","2074","2074"
"207599","0.1287524700164795","0.1287524700164795","0.1287524700164795","2075","2075","2075"
"207699","0.13032692670822144","0.13032692670822144","0.13032692670822144","2076","2076","2076"
"207799","0.13783015310764313","0.13783015310764313","0.13783015310764313","2077","2077","2077"
"207899","0.12782306969165802","0.12782306969165802","0.12782306969165802","2078","2078","2078"
"207999","0.1344660371541977","0.1344660371541977","0.1344660371541977","2079","2079","2079"
"208099","0.13141341507434845","0.13141341507434845","0.13141341507434845","2080","2080","2080"
"208199","0.12112582474946976","0.12112582474946976","0.12112582474946976","2081","2081","2081"
"208299","0.13013672828674316","0.13013672828674316","0.13013672828674316","2082","2082","2082"
"208399","0.13473817706108093","0.13473817706108093","0.13473817706108093","2083","2083","2083"
"208499","0.12452807277441025","0.12452807277441025","0.12452807277441025","2084","2084","2084"
"208599","0.13299423456192017","0.13299423456192017","0.13299423456192017","2085","2085","2085"
"208699","0.13515311479568481","0.13515311479568481","0.13515311479568481","2086","2086","2086"
"208799","0.12392715364694595","0.12392715364694595","0.12392715364694595","2087","2087","2087"
"208899","0.12899039685726166","0.12899039685726166","0.12899039685726166","2088","2088","2088"
"208999","0.13346870243549347","0.13346870243549347","0.13346870243549347","2089","2089","2089"
"209099","0.13662873208522797","0.13662873208522797","0.13662873208522797","2090","2090","2090"
"209199","0.13127397000789642","0.13127397000789642","0.13127397000789642","2091","2091","2091"
"209299","0.13001519441604614","0.13001519441604614","0.13001519441604614","2092","2092","2092"
"209399","0.12796656787395477","0.12796656787395477","0.12796656787395477","2093","2093","2093"
"209499","0.13472838699817657","0.13472838699817657","0.13472838699817657","2094","2094","2094"
"209599","0.13737887144088745","0.13737887144088745","0.13737887144088745","2095","2095","2095"
"209699","0.131924569606781","0.131924569606781","0.131924569606781","2096","2096","2096"
"209799","0.1302572339773178","0.1302572339773178","0.1302572339773178","2097","2097","2097"
"209899","0.13648702204227448","0.13648702204227448","0.13648702204227448","2098","2098","2098"
"209999","0.13083459436893463","0.13083459436893463","0.13083459436893463","2099","2099","2099"
"210099","0.1360703706741333","0.1360703706741333","0.1360703706741333","2100","2100","2100"
"210199","0.12844246625900269","0.12844246625900269","0.12844246625900269","2101","2101","2101"
"210299","0.13706053793430328","0.13706053793430328","0.13706053793430328","2102","2102","2102"
"210399","0.13027828931808472","0.13027828931808472","0.13027828931808472","2103","2103","2103"
"210499","0.12961198389530182","0.12961198389530182","0.12961198389530182","2104","2104","2104"
"210599","0.13207536935806274","0.13207536935806274","0.13207536935806274","2105","2105","2105"
"210699","0.13131766021251678","0.13131766021251678","0.13131766021251678","2106","2106","2106"
"210799","0.13285470008850098","0.13285470008850098","0.13285470008850098","2107","2107","2107"
"210899","0.13346463441848755","0.13346463441848755","0.13346463441848755","2108","2108","2108"
"210999","0.13278639316558838","0.13278639316558838","0.13278639316558838","2109","2109","2109"
"211099","0.13413968682289124","0.13413968682289124","0.13413968682289124","2110","2110","2110"
"211199","0.13100668787956238","0.13100668787956238","0.13100668787956238","2111","2111","2111"
"211299","0.12640981376171112","0.12640981376171112","0.12640981376171112","2112","2112","2112"
"211399","0.13559594750404358","0.13559594750404358","0.13559594750404358","2113","2113","2113"
"211499","0.12865005433559418","0.12865005433559418","0.12865005433559418","2114","2114","2114"
"211599","0.12719307839870453","0.12719307839870453","0.12719307839870453","2115","2115","2115"
"211699","0.1363067328929901","0.1363067328929901","0.1363067328929901","2116","2116","2116"
"211799","0.13264386355876923","0.13264386355876923","0.13264386355876923","2117","2117","2117"
"211899","0.1331557184457779","0.1331557184457779","0.1331557184457779","2118","2118","2118"
"211999","0.13378001749515533","0.13378001749515533","0.13378001749515533","2119","2119","2119"
"212099","0.13155312836170197","0.13155312836170197","0.13155312836170197","2120","2120","2120"
"212199","0.12623049318790436","0.12623049318790436","0.12623049318790436","2121","2121","2121"
"212299","0.13795970380306244","0.13795970380306244","0.13795970380306244","2122","2122","2122"
"212399","0.12748411297798157","0.12748411297798157","0.12748411297798157","2123","2123","2123"
"212499","0.1369967758655548","0.1369967758655548","0.1369967758655548","2124","2124","2124"
"212599","0.12808860838413239","0.12808860838413239","0.12808860838413239","2125","2125","2125"
"212699","0.13675378262996674","0.13675378262996674","0.13675378262996674","2126","2126","2126"
"212799","0.13618643581867218","0.13618643581867218","0.13618643581867218","2127","2127","2127"
"212899","0.1355872005224228","0.1355872005224228","0.1355872005224228","2128","2128","2128"
"212999","0.13141219317913055","0.13141219317913055","0.13141219317913055","2129","2129","2129"
"213099","0.13149523735046387","0.13149523735046387","0.13149523735046387","2130","2130","2130"
"213199","0.12980374693870544","0.12980374693870544","0.12980374693870544","2131","2131","2131"
"213299","0.13290290534496307","0.13290290534496307","0.13290290534496307","2132","2132","2132"
"213399","0.13648296892642975","0.13648296892642975","0.13648296892642975","2133","2133","2133"
"213499","0.13636386394500732","0.13636386394500732","0.13636386394500732","2134","2134","2134"
"213599","0.1368383765220642","0.1368383765220642","0.1368383765220642","2135","2135","2135"
"213699","0.13091982901096344","0.13091982901096344","0.13091982901096344","2136","2136","2136"
"213799","0.13178227841854095","0.13178227841854095","0.13178227841854095","2137","2137","2137"
"213899","0.129190593957901","0.129190593957901","0.129190593957901","2138","2138","2138"
"213999","0.12879300117492676","0.12879300117492676","0.12879300117492676","2139","2139","2139"
"214099","0.13066184520721436","0.13066184520721436","0.13066184520721436","2140","2140","2140"
"214199","0.1391674429178238","0.1391674429178238","0.1391674429178238","2141","2141","2141"
"214299","0.12627053260803223","0.12627053260803223","0.12627053260803223","2142","2142","2142"
"214399","0.13108475506305695","0.13108475506305695","0.13108475506305695","2143","2143","2143"
"214499","0.13137391209602356","0.13137391209602356","0.13137391209602356","2144","2144","2144"
"214599","0.13325774669647217","0.13325774669647217","0.13325774669647217","2145","2145","2145"
"214699","0.12892670929431915","0.12892670929431915","0.12892670929431915","2146","2146","2146"
"214799","0.12884533405303955","0.12884533405303955","0.12884533405303955","2147","2147","2147"
"214899","0.1322348564863205","0.1322348564863205","0.1322348564863205","2148","2148","2148"
"214999","0.12690332531929016","0.12690332531929016","0.12690332531929016","2149","2149","2149"
"215099","0.13552823662757874","0.13552823662757874","0.13552823662757874","2150","2150","2150"
"215199","0.13426977396011353","0.13426977396011353","0.13426977396011353","2151","2151","2151"
"215299","0.13038477301597595","0.13038477301597595","0.13038477301597595","2152","2152","2152"
"215399","0.12819990515708923","0.12819990515708923","0.12819990515708923","2153","2153","2153"
"215499","0.12731167674064636","0.12731167674064636","0.12731167674064636","2154","2154","2154"
"215599","0.12749704718589783","0.12749704718589783","0.12749704718589783","2155","2155","2155"
"215699","0.13398957252502441","0.13398957252502441","0.13398957252502441","2156","2156","2156"
"215799","0.13430000841617584","0.13430000841617584","0.13430000841617584","2157","2157","2157"
"215899","0.1307019740343094","0.1307019740343094","0.1307019740343094","2158","2158","2158"
"215999","0.139407217502594","0.139407217502594","0.139407217502594","2159","2159","2159"
"216099","0.1301087588071823","0.1301087588071823","0.1301087588071823","2160","2160","2160"
"216199","0.13735634088516235","0.13735634088516235","0.13735634088516235","2161","2161","2161"
"216299","0.13220180571079254","0.13220180571079254","0.13220180571079254","2162","2162","2162"
"216399","0.1287727952003479","0.1287727952003479","0.1287727952003479","2163","2163","2163"
"216499","0.12577536702156067","0.12577536702156067","0.12577536702156067","2164","2164","2164"
"216599","0.13525328040122986","0.13525328040122986","0.13525328040122986","2165","2165","2165"
"216699","0.12680204212665558","0.12680204212665558","0.12680204212665558","2166","2166","2166"
"216799","0.13546285033226013","0.13546285033226013","0.13546285033226013","2167","2167","2167"
"216899","0.12845464050769806","0.12845464050769806","0.12845464050769806","2168","2168","2168"
"216999","0.12546563148498535","0.12546563148498535","0.12546563148498535","2169","2169","2169"
"217099","0.1249392107129097","0.1249392107129097","0.1249392107129097","2170","2170","2170"
"217199","0.12394725531339645","0.12394725531339645","0.12394725531339645","2171","2171","2171"
"217299","0.12817692756652832","0.12817692756652832","0.12817692756652832","2172","2172","2172"
"217399","0.13820891082286835","0.13820891082286835","0.13820891082286835","2173","2173","2173"
"217499","0.13050714135169983","0.13050714135169983","0.13050714135169983","2174","2174","2174"
"217599","0.12698128819465637","0.12698128819465637","0.12698128819465637","2175","2175","2175"
"217699","0.13457483053207397","0.13457483053207397","0.13457483053207397","2176","2176","2176"
"217799","0.1333426982164383","0.1333426982164383","0.1333426982164383","2177","2177","2177"
"217899","0.13079588115215302","0.13079588115215302","0.13079588115215302","2178","2178","2178"
"217999","0.1326380968093872","0.1326380968093872","0.1326380968093872","2179","2179","2179"
"218099","0.13435505330562592","0.13435505330562592","0.13435505330562592","2180","2180","2180"
"218199","0.13099734485149384","0.13099734485149384","0.13099734485149384","2181","2181","2181"
"218299","0.13569021224975586","0.13569021224975586","0.13569021224975586","2182","2182","2182"
"218399","0.1399420201778412","0.1399420201778412","0.1399420201778412","2183","2183","2183"
"218499","0.13440708816051483","0.13440708816051483","0.13440708816051483","2184","2184","2184"
"218599","0.1363445222377777","0.1363445222377777","0.1363445222377777","2185","2185","2185"
"218699","0.1260923147201538","0.1260923147201538","0.1260923147201538","2186","2186","2186"
"218799","0.12857362627983093","0.12857362627983093","0.12857362627983093","2187","2187","2187"
"218899","0.12753349542617798","0.12753349542617798","0.12753349542617798","2188","2188","2188"
"218999","0.12898863852024078","0.12898863852024078","0.12898863852024078","2189","2189","2189"
"219099","0.12941086292266846","0.12941086292266846","0.12941086292266846","2190","2190","2190"
"219199","0.13069255650043488","0.13069255650043488","0.13069255650043488","2191","2191","2191"
"219299","0.12408658117055893","0.12408658117055893","0.12408658117055893","2192","2192","2192"
"219399","0.12454025447368622","0.12454025447368622","0.12454025447368622","2193","2193","2193"
"219499","0.12589336931705475","0.12589336931705475","0.12589336931705475","2194","2194","2194"
"219599","0.13213203847408295","0.13213203847408295","0.13213203847408295","2195","2195","2195"
"219699","0.1278274655342102","0.1278274655342102","0.1278274655342102","2196","2196","2196"
"219799","0.13132356107234955","0.13132356107234955","0.13132356107234955","2197","2197","2197"
"219899","0.12560489773750305","0.12560489773750305","0.12560489773750305","2198","2198","2198"
"219999","0.13226592540740967","0.13226592540740967","0.13226592540740967","2199","2199","2199"
"220099","0.13393095135688782","0.13393095135688782","0.13393095135688782","2200","2200","2200"
"220199","0.13322095572948456","0.13322095572948456","0.13322095572948456","2201","2201","2201"
"220299","0.13221272826194763","0.13221272826194763","0.13221272826194763","2202","2202","2202"
"220399","0.13062050938606262","0.13062050938606262","0.13062050938606262","2203","2203","2203"
"220499","0.12778781354427338","0.12778781354427338","0.12778781354427338","2204","2204","2204"
"220599","0.1291365623474121","0.1291365623474121","0.1291365623474121","2205","2205","2205"
"220699","0.1315835416316986","0.1315835416316986","0.1315835416316986","2206","2206","2206"
"220799","0.13427023589611053","0.13427023589611053","0.13427023589611053","2207","2207","2207"
"220899","0.12493981420993805","0.12493981420993805","0.12493981420993805","2208","2208","2208"
"220999","0.12288274616003036","0.12288274616003036","0.12288274616003036","2209","2209","2209"
"221099","0.12899132072925568","0.12899132072925568","0.12899132072925568","2210","2210","2210"
"221199","0.13134366273880005","0.13134366273880005","0.13134366273880005","2211","2211","2211"
"221299","0.1347011923789978","0.1347011923789978","0.1347011923789978","2212","2212","2212"
"221399","0.1347181797027588","0.1347181797027588","0.1347181797027588","2213","2213","2213"
"221499","0.12841379642486572","0.12841379642486572","0.12841379642486572","2214","2214","2214"
"221599","0.1290608048439026","0.1290608048439026","0.1290608048439026","2215","2215","2215"
"221699","0.13760066032409668","0.13760066032409668","0.13760066032409668","2216","2216","2216"
"221799","0.12996874749660492","0.12996874749660492","0.12996874749660492","2217","2217","2217"
"221899","0.13034288585186005","0.13034288585186005","0.13034288585186005","2218","2218","2218"
"221999","0.1307336986064911","0.1307336986064911","0.1307336986064911","2219","2219","2219"
"222099","0.12484648078680038","0.12484648078680038","0.12484648078680038","2220","2220","2220"
"222199","0.13327088952064514","0.13327088952064514","0.13327088952064514","2221","2221","2221"
"222299","0.1287393569946289","0.1287393569946289","0.1287393569946289","2222","2222","2222"
"222399","0.12784987688064575","0.12784987688064575","0.12784987688064575","2223","2223","2223"
"222499","0.13141374289989471","0.13141374289989471","0.13141374289989471","2224","2224","2224"
"222599","0.13909366726875305","0.13909366726875305","0.13909366726875305","2225","2225","2225"
"222699","0.13623075187206268","0.13623075187206268","0.13623075187206268","2226","2226","2226"
"222799","0.12679998576641083","0.12679998576641083","0.12679998576641083","2227","2227","2227"
"222899","0.13418032228946686","0.13418032228946686","0.13418032228946686","2228","2228","2228"
"222999","0.12816505134105682","0.12816505134105682","0.12816505134105682","2229","2229","2229"
"223099","0.13096676766872406","0.13096676766872406","0.13096676766872406","2230","2230","2230"
"223199","0.13238008320331573","0.13238008320331573","0.13238008320331573","2231","2231","2231"
"223299","0.13198600709438324","0.13198600709438324","0.13198600709438324","2232","2232","2232"
"223399","0.12809330224990845","0.12809330224990845","0.12809330224990845","2233","2233","2233"
"223499","0.13327409327030182","0.13327409327030182","0.13327409327030182","2234","2234","2234"
"223599","0.13306958973407745","0.13306958973407745","0.13306958973407745","2235","2235","2235"
"223699","0.13212214410305023","0.13212214410305023","0.13212214410305023","2236","2236","2236"
"223799","0.13161668181419373","0.13161668181419373","0.13161668181419373","2237","2237","2237"
"223899","0.13344313204288483","0.13344313204288483","0.13344313204288483","2238","2238","2238"
"223999","0.1324966847896576","0.1324966847896576","0.1324966847896576","2239","2239","2239"
"224099","0.12825635075569153","0.12825635075569153","0.12825635075569153","2240","2240","2240"
"224199","0.13189491629600525","0.13189491629600525","0.13189491629600525","2241","2241","2241"
"224299","0.13829773664474487","0.13829773664474487","0.13829773664474487","2242","2242","2242"
"224399","0.12826155126094818","0.12826155126094818","0.12826155126094818","2243","2243","2243"
"224499","0.13353893160820007","0.13353893160820007","0.13353893160820007","2244","2244","2244"
"224599","0.13222840428352356","0.13222840428352356","0.13222840428352356","2245","2245","2245"
"224699","0.13287676870822906","0.13287676870822906","0.13287676870822906","2246","2246","2246"
"224799","0.13969235122203827","0.13969235122203827","0.13969235122203827","2247","2247","2247"
"224899","0.12780922651290894","0.12780922651290894","0.12780922651290894","2248","2248","2248"
"224999","0.12918886542320251","0.12918886542320251","0.12918886542320251","2249","2249","2249"
"225099","0.12560904026031494","0.12560904026031494","0.12560904026031494","2250","2250","2250"
"225199","0.13348709046840668","0.13348709046840668","0.13348709046840668","2251","2251","2251"
"225299","0.13541024923324585","0.13541024923324585","0.13541024923324585","2252","2252","2252"
"225399","0.13001267611980438","0.13001267611980438","0.13001267611980438","2253","2253","2253"
"225499","0.13138441741466522","0.13138441741466522","0.13138441741466522","2254","2254","2254"
"225599","0.13349458575248718","0.13349458575248718","0.13349458575248718","2255","2255","2255"
"225699","0.1287969946861267","0.1287969946861267","0.1287969946861267","2256","2256","2256"
"225799","0.12783820927143097","0.12783820927143097","0.12783820927143097","2257","2257","2257"
"225899","0.1293463259935379","0.1293463259935379","0.1293463259935379","2258","2258","2258"
"225999","0.1282886564731598","0.1282886564731598","0.1282886564731598","2259","2259","2259"
"226099","0.13966278731822968","0.13966278731822968","0.13966278731822968","2260","2260","2260"
"226199","0.13817530870437622","0.13817530870437622","0.13817530870437622","2261","2261","2261"
"226299","0.13529916107654572","0.13529916107654572","0.13529916107654572","2262","2262","2262"
"226399","0.131730854511261","0.131730854511261","0.131730854511261","2263","2263","2263"
"226499","0.13447147607803345","0.13447147607803345","0.13447147607803345","2264","2264","2264"
"226599","0.1287175714969635","0.1287175714969635","0.1287175714969635","2265","2265","2265"
"226699","0.1289329081773758","0.1289329081773758","0.1289329081773758","2266","2266","2266"
"226799","0.13190202414989471","0.13190202414989471","0.13190202414989471","2267","2267","2267"
"226899","0.13515707850456238","0.13515707850456238","0.13515707850456238","2268","2268","2268"
"226999","0.13071942329406738","0.13071942329406738","0.13071942329406738","2269","2269","2269"
"227099","0.13351145386695862","0.13351145386695862","0.13351145386695862","2270","2270","2270"
"227199","0.1334913820028305","0.1334913820028305","0.1334913820028305","2271","2271","2271"
"227299","0.12877975404262543","0.12877975404262543","0.12877975404262543","2272","2272","2272"
"227399","0.12865538895130157","0.12865538895130157","0.12865538895130157","2273","2273","2273"
"227499","0.13038937747478485","0.13038937747478485","0.13038937747478485","2274","2274","2274"
"227599","0.13970358669757843","0.13970358669757843","0.13970358669757843","2275","2275","2275"
"227699","0.1318819671869278","0.1318819671869278","0.1318819671869278","2276","2276","2276"
"227799","0.1365952342748642","0.1365952342748642","0.1365952342748642","2277","2277","2277"
"227899","0.13475282490253448","0.13475282490253448","0.13475282490253448","2278","2278","2278"
"227999","0.1381344050168991","0.1381344050168991","0.1381344050168991","2279","2279","2279"
"228099","0.12545901536941528","0.12545901536941528","0.12545901536941528","2280","2280","2280"
"228199","0.1300445944070816","0.1300445944070816","0.1300445944070816","2281","2281","2281"
"228299","0.13103994727134705","0.13103994727134705","0.13103994727134705","2282","2282","2282"
"228399","0.13256439566612244","0.13256439566612244","0.13256439566612244","2283","2283","2283"
"228499","0.1338966190814972","0.1338966190814972","0.1338966190814972","2284","2284","2284"
"228599","0.1328207403421402","0.1328207403421402","0.1328207403421402","2285","2285","2285"
"228699","0.12729205191135406","0.12729205191135406","0.12729205191135406","2286","2286","2286"
"228799","0.13643260300159454","0.13643260300159454","0.13643260300159454","2287","2287","2287"
"228899","0.1311367154121399","0.1311367154121399","0.1311367154121399","2288","2288","2288"
"228999","0.13317225873470306","0.13317225873470306","0.13317225873470306","2289","2289","2289"
"229099","0.1313130408525467","0.1313130408525467","0.1313130408525467","2290","2290","2290"
"229199","0.13196174800395966","0.13196174800395966","0.13196174800395966","2291","2291","2291"
"229299","0.13182713091373444","0.13182713091373444","0.13182713091373444","2292","2292","2292"
"229399","0.12866374850273132","0.12866374850273132","0.12866374850273132","2293","2293","2293"
"229499","0.13426923751831055","0.13426923751831055","0.13426923751831055","2294","2294","2294"
"229599","0.13671502470970154","0.13671502470970154","0.13671502470970154","2295","2295","2295"
"229699","0.1317160576581955","0.1317160576581955","0.1317160576581955","2296","2296","2296"
"229799","0.1312994509935379","0.1312994509935379","0.1312994509935379","2297","2297","2297"
"229899","0.12863880395889282","0.12863880395889282","0.12863880395889282","2298","2298","2298"
"229999","0.13122189044952393","0.13122189044952393","0.13122189044952393","2299","2299","2299"
"230099","0.13408878445625305","0.13408878445625305","0.13408878445625305","2300","2300","2300"
"230199","0.13230404257774353","0.13230404257774353","0.13230404257774353","2301","2301","2301"
"230299","0.1294555366039276","0.1294555366039276","0.1294555366039276","2302","2302","2302"
"230399","0.1351790577173233","0.1351790577173233","0.1351790577173233","2303","2303","2303"
"230499","0.13540171086788177","0.13540171086788177","0.13540171086788177","2304","2304","2304"
"230599","0.13128219544887543","0.13128219544887543","0.13128219544887543","2305","2305","2305"
"230699","0.1329444944858551","0.1329444944858551","0.1329444944858551","2306","2306","2306"
"230799","0.13138049840927124","0.13138049840927124","0.13138049840927124","2307","2307","2307"
"230899","0.1364748179912567","0.1364748179912567","0.1364748179912567","2308","2308","2308"
"230999","0.13039688766002655","0.13039688766002655","0.13039688766002655","2309","2309","2309"
"231099","0.12827877700328827","0.12827877700328827","0.12827877700328827","2310","2310","2310"
"231199","0.1323465257883072","0.1323465257883072","0.1323465257883072","2311","2311","2311"
"231299","0.1275353878736496","0.1275353878736496","0.1275353878736496","2312","2312","2312"
"231399","0.1337256133556366","0.1337256133556366","0.1337256133556366","2313","2313","2313"
"231499","0.13105151057243347","0.13105151057243347","0.13105151057243347","2314","2314","2314"
"231599","0.13232995569705963","0.13232995569705963","0.13232995569705963","2315","2315","2315"
"231699","0.13693444430828094","0.13693444430828094","0.13693444430828094","2316","2316","2316"
"231799","0.13118910789489746","0.13118910789489746","0.13118910789489746","2317","2317","2317"
"231899","0.12774746119976044","0.12774746119976044","0.12774746119976044","2318","2318","2318"
"231999","0.13304798305034637","0.13304798305034637","0.13304798305034637","2319","2319","2319"
"232099","0.12817654013633728","0.12817654013633728","0.12817654013633728","2320","2320","2320"
"232199","0.1331266462802887","0.1331266462802887","0.1331266462802887","2321","2321","2321"
"232299","0.13408417999744415","0.13408417999744415","0.13408417999744415","2322","2322","2322"
"232399","0.1336788833141327","0.1336788833141327","0.1336788833141327","2323","2323","2323"
"232499","0.1313713639974594","0.1313713639974594","0.1313713639974594","2324","2324","2324"
"232599","0.13922028243541718","0.13922028243541718","0.13922028243541718","2325","2325","2325"
"232699","0.13428804278373718","0.13428804278373718","0.13428804278373718","2326","2326","2326"
"232799","0.13297000527381897","0.13297000527381897","0.13297000527381897","2327","2327","2327"
"232899","0.1379859745502472","0.1379859745502472","0.1379859745502472","2328","2328","2328"
"232999","0.13290955126285553","0.13290955126285553","0.13290955126285553","2329","2329","2329"
"233099","0.1271114945411682","0.1271114945411682","0.1271114945411682","2330","2330","2330"
"233199","0.1271207183599472","0.1271207183599472","0.1271207183599472","2331","2331","2331"
"233299","0.1324458122253418","0.1324458122253418","0.1324458122253418","2332","2332","2332"
"233399","0.13459739089012146","0.13459739089012146","0.13459739089012146","2333","2333","2333"
"233499","0.1276252269744873","0.1276252269744873","0.1276252269744873","2334","2334","2334"
"233599","0.13268989324569702","0.13268989324569702","0.13268989324569702","2335","2335","2335"
"233699","0.13381722569465637","0.13381722569465637","0.13381722569465637","2336","2336","2336"
"233799","0.12683871388435364","0.12683871388435364","0.12683871388435364","2337","2337","2337"
"233899","0.13790376484394073","0.13790376484394073","0.13790376484394073","2338","2338","2338"
"233999","0.12568314373493195","0.12568314373493195","0.12568314373493195","2339","2339","2339"
"234099","0.12736062705516815","0.12736062705516815","0.12736062705516815","2340","2340","2340"
"234199","0.13412697613239288","0.13412697613239288","0.13412697613239288","2341","2341","2341"
"234299","0.13314825296401978","0.13314825296401978","0.13314825296401978","2342","2342","2342"
"234399","0.13766621053218842","0.13766621053218842","0.13766621053218842","2343","2343","2343"
"234499","0.13235962390899658","0.13235962390899658","0.13235962390899658","2344","2344","2344"
"234599","0.12793341279029846","0.12793341279029846","0.12793341279029846","2345","2345","2345"
"234699","0.1309991329908371","0.1309991329908371","0.1309991329908371","2346","2346","2346"
"234799","0.12849046289920807","0.12849046289920807","0.12849046289920807","2347","2347","2347"
"234899","0.1303093135356903","0.1303093135356903","0.1303093135356903","2348","2348","2348"
"234999","0.13314351439476013","0.13314351439476013","0.13314351439476013","2349","2349","2349"
"235099","0.13871772587299347","0.13871772587299347","0.13871772587299347","2350","2350","2350"
"235199","0.12912891805171967","0.12912891805171967","0.12912891805171967","2351","2351","2351"
"235299","0.12863123416900635","0.12863123416900635","0.12863123416900635","2352","2352","2352"
"235399","0.13160575926303864","0.13160575926303864","0.13160575926303864","2353","2353","2353"
"235499","0.13354040682315826","0.13354040682315826","0.13354040682315826","2354","2354","2354"
"235599","0.132402241230011","0.132402241230011","0.132402241230011","2355","2355","2355"
"235699","0.12891852855682373","0.12891852855682373","0.12891852855682373","2356","2356","2356"
"235799","0.13059915602207184","0.13059915602207184","0.13059915602207184","2357","2357","2357"
"235899","0.13242898881435394","0.13242898881435394","0.13242898881435394","2358","2358","2358"
"235999","0.1351356953382492","0.1351356953382492","0.1351356953382492","2359","2359","2359"
"236099","0.13383951783180237","0.13383951783180237","0.13383951783180237","2360","2360","2360"
"236199","0.13011187314987183","0.13011187314987183","0.13011187314987183","2361","2361","2361"
"236299","0.13114309310913086","0.13114309310913086","0.13114309310913086","2362","2362","2362"
"236399","0.1305946409702301","0.1305946409702301","0.1305946409702301","2363","2363","2363"
"236499","0.1372831016778946","0.1372831016778946","0.1372831016778946","2364","2364","2364"
"236599","0.1307385265827179","0.1307385265827179","0.1307385265827179","2365","2365","2365"
"236699","0.13279718160629272","0.13279718160629272","0.13279718160629272","2366","2366","2366"
"236799","0.12926647067070007","0.12926647067070007","0.12926647067070007","2367","2367","2367"
"236899","0.12770886719226837","0.12770886719226837","0.12770886719226837","2368","2368","2368"
"236999","0.131975919008255","0.131975919008255","0.131975919008255","2369","2369","2369"
"237099","0.13171224296092987","0.13171224296092987","0.13171224296092987","2370","2370","2370"
"237199","0.1357036679983139","0.1357036679983139","0.1357036679983139","2371","2371","2371"
"237299","0.13133656978607178","0.13133656978607178","0.13133656978607178","2372","2372","2372"
"237399","0.1327882707118988","0.1327882707118988","0.1327882707118988","2373","2373","2373"
"237499","0.12938745319843292","0.12938745319843292","0.12938745319843292","2374","2374","2374"
"237599","0.1291593313217163","0.1291593313217163","0.1291593313217163","2375","2375","2375"
"237699","0.12340162694454193","0.12340162694454193","0.12340162694454193","2376","2376","2376"
"237799","0.1315528154373169","0.1315528154373169","0.1315528154373169","2377","2377","2377"
"237899","0.12890931963920593","0.12890931963920593","0.12890931963920593","2378","2378","2378"
"237999","0.12972773611545563","0.12972773611545563","0.12972773611545563","2379","2379","2379"
"238099","0.12343759834766388","0.12343759834766388","0.12343759834766388","2380","2380","2380"
"238199","0.13258886337280273","0.13258886337280273","0.13258886337280273","2381","2381","2381"
"238299","0.12502354383468628","0.12502354383468628","0.12502354383468628","2382","2382","2382"
"238399","0.1317511796951294","0.1317511796951294","0.1317511796951294","2383","2383","2383"
"238499","0.12982793152332306","0.12982793152332306","0.12982793152332306","2384","2384","2384"
"238599","0.12915071845054626","0.12915071845054626","0.12915071845054626","2385","2385","2385"
"238699","0.12697623670101166","0.12697623670101166","0.12697623670101166","2386","2386","2386"
"238799","0.12842240929603577","0.12842240929603577","0.12842240929603577","2387","2387","2387"
"238899","0.12952014803886414","0.12952014803886414","0.12952014803886414","2388","2388","2388"
"238999","0.13011358678340912","0.13011358678340912","0.13011358678340912","2389","2389","2389"
"239099","0.13558219373226166","0.13558219373226166","0.13558219373226166","2390","2390","2390"
"239199","0.14137621223926544","0.14137621223926544","0.14137621223926544","2391","2391","2391"
"239299","0.13134697079658508","0.13134697079658508","0.13134697079658508","2392","2392","2392"
"239399","0.12648336589336395","0.12648336589336395","0.12648336589336395","2393","2393","2393"
"239499","0.12589430809020996","0.12589430809020996","0.12589430809020996","2394","2394","2394"
"239599","0.12681697309017181","0.12681697309017181","0.12681697309017181","2395","2395","2395"
"239699","0.12441857904195786","0.12441857904195786","0.12441857904195786","2396","2396","2396"
"239799","0.13629989326000214","0.13629989326000214","0.13629989326000214","2397","2397","2397"
"239899","0.129691481590271","0.129691481590271","0.129691481590271","2398","2398","2398"
"239999","0.1348886787891388","0.1348886787891388","0.1348886787891388","2399","2399","2399"
"240099","0.13296711444854736","0.13296711444854736","0.13296711444854736","2400","2400","2400"
"240199","0.12929105758666992","0.12929105758666992","0.12929105758666992","2401","2401","2401"
"240299","0.13625898957252502","0.13625898957252502","0.13625898957252502","2402","2402","2402"
"240399","0.13102084398269653","0.13102084398269653","0.13102084398269653","2403","2403","2403"
"240499","0.13111843168735504","0.13111843168735504","0.13111843168735504","2404","2404","2404"
"240599","0.14019694924354553","0.14019694924354553","0.14019694924354553","2405","2405","2405"
"240699","0.1317131668329239","0.1317131668329239","0.1317131668329239","2406","2406","2406"
"240799","0.1382455676794052","0.1382455676794052","0.1382455676794052","2407","2407","2407"
"240899","0.1275218278169632","0.1275218278169632","0.1275218278169632","2408","2408","2408"
"240999","0.1330777257680893","0.1330777257680893","0.1330777257680893","2409","2409","2409"
"241099","0.13396506011486053","0.13396506011486053","0.13396506011486053","2410","2410","2410"
"241199","0.13050121068954468","0.13050121068954468","0.13050121068954468","2411","2411","2411"
"241299","0.1270947903394699","0.1270947903394699","0.1270947903394699","2412","2412","2412"
"241399","0.13163630664348602","0.13163630664348602","0.13163630664348602","2413","2413","2413"
"241499","0.1356591135263443","0.1356591135263443","0.1356591135263443","2414","2414","2414"
"241599","0.13283546268939972","0.13283546268939972","0.13283546268939972","2415","2415","2415"
"241699","0.1324230581521988","0.1324230581521988","0.1324230581521988","2416","2416","2416"
"241799","0.1282336264848709","0.1282336264848709","0.1282336264848709","2417","2417","2417"
"241899","0.1212412491440773","0.1212412491440773","0.1212412491440773","2418","2418","2418"
"241999","0.13404928147792816","0.13404928147792816","0.13404928147792816","2419","2419","2419"
"242099","0.1388256698846817","0.1388256698846817","0.1388256698846817","2420","2420","2420"
"242199","0.12604817748069763","0.12604817748069763","0.12604817748069763","2421","2421","2421"
"242299","0.12668904662132263","0.12668904662132263","0.12668904662132263","2422","2422","2422"
"242399","0.13066546618938446","0.13066546618938446","0.13066546618938446","2423","2423","2423"
"242499","0.13239584863185883","0.13239584863185883","0.13239584863185883","2424","2424","2424"
"242599","0.13725163042545319","0.13725163042545319","0.13725163042545319","2425","2425","2425"
"242699","0.13743385672569275","0.13743385672569275","0.13743385672569275","2426","2426","2426"
"242799","0.1263713240623474","0.1263713240623474","0.1263713240623474","2427","2427","2427"
"242899","0.1325743943452835","0.1325743943452835","0.1325743943452835","2428","2428","2428"
"242999","0.13363847136497498","0.13363847136497498","0.13363847136497498","2429","2429","2429"
"243099","0.1315961480140686","0.1315961480140686","0.1315961480140686","2430","2430","2430"
"243199","0.1311090737581253","0.1311090737581253","0.1311090737581253","2431","2431","2431"
"243299","0.12739425897598267","0.12739425897598267","0.12739425897598267","2432","2432","2432"
"243399","0.13047383725643158","0.13047383725643158","0.13047383725643158","2433","2433","2433"
"243499","0.13521985709667206","0.13521985709667206","0.13521985709667206","2434","2434","2434"
"243599","0.12575580179691315","0.12575580179691315","0.12575580179691315","2435","2435","2435"
"243699","0.13336539268493652","0.13336539268493652","0.13336539268493652","2436","2436","2436"
"243799","0.1310620754957199","0.1310620754957199","0.1310620754957199","2437","2437","2437"
"243899","0.1317145824432373","0.1317145824432373","0.1317145824432373","2438","2438","2438"
"243999","0.13457109034061432","0.13457109034061432","0.13457109034061432","2439","2439","2439"
"244099","0.13216537237167358","0.13216537237167358","0.13216537237167358","2440","2440","2440"
"244199","0.13400451838970184","0.13400451838970184","0.13400451838970184","2441","2441","2441"
"244299","0.13562017679214478","0.13562017679214478","0.13562017679214478","2442","2442","2442"
"244399","0.12992317974567413","0.12992317974567413","0.12992317974567413","2443","2443","2443"
"244499","0.1252504289150238","0.1252504289150238","0.1252504289150238","2444","2444","2444"
"244599","0.13225463032722473","0.13225463032722473","0.13225463032722473","2445","2445","2445"
"244699","0.12414397299289703","0.12414397299289703","0.12414397299289703","2446","2446","2446"
"244799","0.12464693933725357","0.12464693933725357","0.12464693933725357","2447","2447","2447"
"244899","0.14580775797367096","0.14580775797367096","0.14580775797367096","2448","2448","2448"
"244999","0.13436752557754517","0.13436752557754517","0.13436752557754517","2449","2449","2449"
"245099","0.1345948576927185","0.1345948576927185","0.1345948576927185","2450","2450","2450"
"245199","0.13043303787708282","0.13043303787708282","0.13043303787708282","2451","2451","2451"
"245299","0.13195298612117767","0.13195298612117767","0.13195298612117767","2452","2452","2452"
"245399","0.13372772932052612","0.13372772932052612","0.13372772932052612","2453","2453","2453"
"245499","0.1366579830646515","0.1366579830646515","0.1366579830646515","2454","2454","2454"
"245599","0.13189156353473663","0.13189156353473663","0.13189156353473663","2455","2455","2455"
"245699","0.13580475747585297","0.13580475747585297","0.13580475747585297","2456","2456","2456"
"245799","0.1332150250673294","0.1332150250673294","0.1332150250673294","2457","2457","2457"
"245899","0.1339808851480484","0.1339808851480484","0.1339808851480484","2458","2458","2458"
"245999","0.13139288127422333","0.13139288127422333","0.13139288127422333","2459","2459","2459"
"246099","0.13186320662498474","0.13186320662498474","0.13186320662498474","2460","2460","2460"
"246199","0.13422825932502747","0.13422825932502747","0.13422825932502747","2461","2461","2461"
"246299","0.13704939186573029","0.13704939186573029","0.13704939186573029","2462","2462","2462"
"246399","0.13024316728115082","0.13024316728115082","0.13024316728115082","2463","2463","2463"
"246499","0.12729549407958984","0.12729549407958984","0.12729549407958984","2464","2464","2464"
"246599","0.13731223344802856","0.13731223344802856","0.13731223344802856","2465","2465","2465"
"246699","0.1259196549654007","0.1259196549654007","0.1259196549654007","2466","2466","2466"
"246799","0.13022689521312714","0.13022689521312714","0.13022689521312714","2467","2467","2467"
"246899","0.12967483699321747","0.12967483699321747","0.12967483699321747","2468","2468","2468"
"246999","0.1316847950220108","0.1316847950220108","0.1316847950220108","2469","2469","2469"
"247099","0.13174274563789368","0.13174274563789368","0.13174274563789368","2470","2470","2470"
"247199","0.1272467076778412","0.1272467076778412","0.1272467076778412","2471","2471","2471"
"247299","0.13857504725456238","0.13857504725456238","0.13857504725456238","2472","2472","2472"
"247399","0.1359112709760666","0.1359112709760666","0.1359112709760666","2473","2473","2473"
"247499","0.1335153877735138","0.1335153877735138","0.1335153877735138","2474","2474","2474"
"247599","0.12920360267162323","0.12920360267162323","0.12920360267162323","2475","2475","2475"
"247699","0.13064561784267426","0.13064561784267426","0.13064561784267426","2476","2476","2476"
"247799","0.13414143025875092","0.13414143025875092","0.13414143025875092","2477","2477","2477"
"247899","0.1337040215730667","0.1337040215730667","0.1337040215730667","2478","2478","2478"
"247999","0.1312539428472519","0.1312539428472519","0.1312539428472519","2479","2479","2479"
"248099","0.13618630170822144","0.13618630170822144","0.13618630170822144","2480","2480","2480"
"248199","0.13385456800460815","0.13385456800460815","0.13385456800460815","2481","2481","2481"
"248299","0.13079851865768433","0.13079851865768433","0.13079851865768433","2482","2482","2482"
"248399","0.12494859099388123","0.12494859099388123","0.12494859099388123","2483","2483","2483"
"248499","0.12850411236286163","0.12850411236286163","0.12850411236286163","2484","2484","2484"
"248599","0.12961044907569885","0.12961044907569885","0.12961044907569885","2485","2485","2485"
"248699","0.13236135244369507","0.13236135244369507","0.13236135244369507","2486","2486","2486"
"248799","0.13630032539367676","0.13630032539367676","0.13630032539367676","2487","2487","2487"
"248899","0.12797294557094574","0.12797294557094574","0.12797294557094574","2488","2488","2488"
"248999","0.13237768411636353","0.13237768411636353","0.13237768411636353","2489","2489","2489"
"249099","0.13084283471107483","0.13084283471107483","0.13084283471107483","2490","2490","2490"
"249199","0.13505741953849792","0.13505741953849792","0.13505741953849792","2491","2491","2491"
"249299","0.12963303923606873","0.12963303923606873","0.12963303923606873","2492","2492","2492"
"249399","0.13938526809215546","0.13938526809215546","0.13938526809215546","2493","2493","2493"
"249499","0.13665525615215302","0.13665525615215302","0.13665525615215302","2494","2494","2494"
"249599","0.13020059466362","0.13020059466362","0.13020059466362","2495","2495","2495"
"249699","0.12775954604148865","0.12775954604148865","0.12775954604148865","2496","2496","2496"
"249799","0.13912509381771088","0.13912509381771088","0.13912509381771088","2497","2497","2497"
"249899","0.12357058376073837","0.12357058376073837","0.12357058376073837","2498","2498","2498"
"249999","0.1238849014043808","0.1238849014043808","0.1238849014043808","2499","2499","2499"
"250099","0.12581929564476013","0.12581929564476013","0.12581929564476013","2500","2500","2500"
"250199","0.1313675045967102","0.1313675045967102","0.1313675045967102","2501","2501","2501"
"250299","0.1323816478252411","0.1323816478252411","0.1323816478252411","2502","2502","2502"
"250399","0.1341422200202942","0.1341422200202942","0.1341422200202942","2503","2503","2503"
"250499","0.13543958961963654","0.13543958961963654","0.13543958961963654","2504","2504","2504"
"250599","0.1298593431711197","0.1298593431711197","0.1298593431711197","2505","2505","2505"
"250699","0.1317809522151947","0.1317809522151947","0.1317809522151947","2506","2506","2506"
"250799","0.13056011497974396","0.13056011497974396","0.13056011497974396","2507","2507","2507"
"250899","0.13605216145515442","0.13605216145515442","0.13605216145515442","2508","2508","2508"
"250999","0.13463512063026428","0.13463512063026428","0.13463512063026428","2509","2509","2509"
"251099","0.13036444783210754","0.13036444783210754","0.13036444783210754","2510","2510","2510"
"251199","0.1283920556306839","0.1283920556306839","0.1283920556306839","2511","2511","2511"
"251299","0.12685732543468475","0.12685732543468475","0.12685732543468475","2512","2512","2512"
"251399","0.13055141270160675","0.13055141270160675","0.13055141270160675","2513","2513","2513"
"251499","0.13102394342422485","0.13102394342422485","0.13102394342422485","2514","2514","2514"
"251599","0.13155433535575867","0.13155433535575867","0.13155433535575867","2515","2515","2515"
"251699","0.1343180388212204","0.1343180388212204","0.1343180388212204","2516","2516","2516"
"251799","0.13232772052288055","0.13232772052288055","0.13232772052288055","2517","2517","2517"
"251899","0.12851007282733917","0.12851007282733917","0.12851007282733917","2518","2518","2518"
"251999","0.12978428602218628","0.12978428602218628","0.12978428602218628","2519","2519","2519"
"252099","0.13410262763500214","0.13410262763500214","0.13410262763500214","2520","2520","2520"
"252199","0.12803326547145844","0.12803326547145844","0.12803326547145844","2521","2521","2521"
"252299","0.12753580510616302","0.12753580510616302","0.12753580510616302","2522","2522","2522"
"252399","0.13124024868011475","0.13124024868011475","0.13124024868011475","2523","2523","2523"
"252499","0.127366304397583","0.127366304397583","0.127366304397583","2524","2524","2524"
"252599","0.13174943625926971","0.13174943625926971","0.13174943625926971","2525","2525","2525"
"252699","0.13498862087726593","0.13498862087726593","0.13498862087726593","2526","2526","2526"
"252799","0.13447505235671997","0.13447505235671997","0.13447505235671997","2527","2527","2527"
"252899","0.1348518431186676","0.1348518431186676","0.1348518431186676","2528","2528","2528"
"252999","0.1304992288351059","0.1304992288351059","0.1304992288351059","2529","2529","2529"
"253099","0.131785050034523","0.131785050034523","0.131785050034523","2530","2530","2530"
"253199","0.13017895817756653","0.13017895817756653","0.13017895817756653","2531","2531","2531"
"253299","0.13455134630203247","0.13455134630203247","0.13455134630203247","2532","2532","2532"
"253399","0.12879040837287903","0.12879040837287903","0.12879040837287903","2533","2533","2533"
"253499","0.13099081814289093","0.13099081814289093","0.13099081814289093","2534","2534","2534"
"253599","0.13284814357757568","0.13284814357757568","0.13284814357757568","2535","2535","2535"
"253699","0.13293924927711487","0.13293924927711487","0.13293924927711487","2536","2536","2536"
"253799","0.13262471556663513","0.13262471556663513","0.13262471556663513","2537","2537","2537"
"253899","0.12810009717941284","0.12810009717941284","0.12810009717941284","2538","2538","2538"
"253999","0.12806595861911774","0.12806595861911774","0.12806595861911774","2539","2539","2539"
"254099","0.13304272294044495","0.13304272294044495","0.13304272294044495","2540","2540","2540"
"254199","0.1343207210302353","0.1343207210302353","0.1343207210302353","2541","2541","2541"
"254299","0.13039669394493103","0.13039669394493103","0.13039669394493103","2542","2542","2542"
"254399","0.12998993694782257","0.12998993694782257","0.12998993694782257","2543","2543","2543"
"254499","0.13218910992145538","0.13218910992145538","0.13218910992145538","2544","2544","2544"
"254599","0.13124722242355347","0.13124722242355347","0.13124722242355347","2545","2545","2545"
"254699","0.13247981667518616","0.13247981667518616","0.13247981667518616","2546","2546","2546"
"254799","0.13337332010269165","0.13337332010269165","0.13337332010269165","2547","2547","2547"
"254899","0.12291159480810165","0.12291159480810165","0.12291159480810165","2548","2548","2548"
"254999","0.1281057447195053","0.1281057447195053","0.1281057447195053","2549","2549","2549"
"255099","0.12724141776561737","0.12724141776561737","0.12724141776561737","2550","2550","2550"
"255199","0.13230495154857635","0.13230495154857635","0.13230495154857635","2551","2551","2551"
"255299","0.13113759458065033","0.13113759458065033","0.13113759458065033","2552","2552","2552"
"255399","0.13146881759166718","0.13146881759166718","0.13146881759166718","2553","2553","2553"
"255499","0.13002903759479523","0.13002903759479523","0.13002903759479523","2554","2554","2554"
"255599","0.12966175377368927","0.12966175377368927","0.12966175377368927","2555","2555","2555"
"255699","0.12909230589866638","0.12909230589866638","0.12909230589866638","2556","2556","2556"
"255799","0.13105785846710205","0.13105785846710205","0.13105785846710205","2557","2557","2557"
"255899","0.1343718022108078","0.1343718022108078","0.1343718022108078","2558","2558","2558"
"255999","0.1281532645225525","0.1281532645225525","0.1281532645225525","2559","2559","2559"
"256099","0.1275482177734375","0.1275482177734375","0.1275482177734375","2560","2560","2560"
"256199","0.1356687694787979","0.1356687694787979","0.1356687694787979","2561","2561","2561"
"256299","0.12968124449253082","0.12968124449253082","0.12968124449253082","2562","2562","2562"
"256399","0.12928526103496552","0.12928526103496552","0.12928526103496552","2563","2563","2563"
"256499","0.1323244422674179","0.1323244422674179","0.1323244422674179","2564","2564","2564"
"256599","0.1291244626045227","0.1291244626045227","0.1291244626045227","2565","2565","2565"
"256699","0.12840282917022705","0.12840282917022705","0.12840282917022705","2566","2566","2566"
"256799","0.13423655927181244","0.13423655927181244","0.13423655927181244","2567","2567","2567"
"256899","0.12888921797275543","0.12888921797275543","0.12888921797275543","2568","2568","2568"
"256999","0.13533857464790344","0.13533857464790344","0.13533857464790344","2569","2569","2569"
"257099","0.13164174556732178","0.13164174556732178","0.13164174556732178","2570","2570","2570"
"257199","0.13773444294929504","0.13773444294929504","0.13773444294929504","2571","2571","2571"
"257299","0.1326945573091507","0.1326945573091507","0.1326945573091507","2572","2572","2572"
"257399","0.13502223789691925","0.13502223789691925","0.13502223789691925","2573","2573","2573"
"257499","0.13591912388801575","0.13591912388801575","0.13591912388801575","2574","2574","2574"
"257599","0.13000179827213287","0.13000179827213287","0.13000179827213287","2575","2575","2575"
"257699","0.13068464398384094","0.13068464398384094","0.13068464398384094","2576","2576","2576"
"257799","0.13146871328353882","0.13146871328353882","0.13146871328353882","2577","2577","2577"
"257899","0.12832283973693848","0.12832283973693848","0.12832283973693848","2578","2578","2578"
"257999","0.12975209951400757","0.12975209951400757","0.12975209951400757","2579","2579","2579"
"258099","0.12709753215312958","0.12709753215312958","0.12709753215312958","2580","2580","2580"
"258199","0.13598491251468658","0.13598491251468658","0.13598491251468658","2581","2581","2581"
"258299","0.1312347799539566","0.1312347799539566","0.1312347799539566","2582","2582","2582"
"258399","0.13369032740592957","0.13369032740592957","0.13369032740592957","2583","2583","2583"
"258499","0.13516731560230255","0.13516731560230255","0.13516731560230255","2584","2584","2584"
"258599","0.12671320140361786","0.12671320140361786","0.12671320140361786","2585","2585","2585"
"258699","0.12746773660182953","0.12746773660182953","0.12746773660182953","2586","2586","2586"
"258799","0.12600946426391602","0.12600946426391602","0.12600946426391602","2587","2587","2587"
"258899","0.12844744324684143","0.12844744324684143","0.12844744324684143","2588","2588","2588"
"258999","0.12913918495178223","0.12913918495178223","0.12913918495178223","2589","2589","2589"
"259099","0.13123193383216858","0.13123193383216858","0.13123193383216858","2590","2590","2590"
"259199","0.13107448816299438","0.13107448816299438","0.13107448816299438","2591","2591","2591"
"259299","0.13220420479774475","0.13220420479774475","0.13220420479774475","2592","2592","2592"
"259399","0.1322183907032013","0.1322183907032013","0.1322183907032013","2593","2593","2593"
"259499","0.1337578296661377","0.1337578296661377","0.1337578296661377","2594","2594","2594"
"259599","0.13175788521766663","0.13175788521766663","0.13175788521766663","2595","2595","2595"
"259699","0.12742014229297638","0.12742014229297638","0.12742014229297638","2596","2596","2596"
"259799","0.12551943957805634","0.12551943957805634","0.12551943957805634","2597","2597","2597"
"259899","0.12987452745437622","0.12987452745437622","0.12987452745437622","2598","2598","2598"
"259999","0.13110855221748352","0.13110855221748352","0.13110855221748352","2599","2599","2599"
"260099","0.12777094542980194","0.12777094542980194","0.12777094542980194","2600","2600","2600"
"260199","0.13686597347259521","0.13686597347259521","0.13686597347259521","2601","2601","2601"
"260299","0.13274602591991425","0.13274602591991425","0.13274602591991425","2602","2602","2602"
"260399","0.13263942301273346","0.13263942301273346","0.13263942301273346","2603","2603","2603"
"260499","0.13371576368808746","0.13371576368808746","0.13371576368808746","2604","2604","2604"
"260599","0.1319233626127243","0.1319233626127243","0.1319233626127243","2605","2605","2605"
"260699","0.13081490993499756","0.13081490993499756","0.13081490993499756","2606","2606","2606"
"260799","0.1310875117778778","0.1310875117778778","0.1310875117778778","2607","2607","2607"
"260899","0.13496719300746918","0.13496719300746918","0.13496719300746918","2608","2608","2608"
"260999","0.1364075243473053","0.1364075243473053","0.1364075243473053","2609","2609","2609"
"261099","0.13175339996814728","0.13175339996814728","0.13175339996814728","2610","2610","2610"
"261199","0.1349259465932846","0.1349259465932846","0.1349259465932846","2611","2611","2611"
"261299","0.13059554994106293","0.13059554994106293","0.13059554994106293","2612","2612","2612"
"261399","0.13215506076812744","0.13215506076812744","0.13215506076812744","2613","2613","2613"
"261499","0.12660542130470276","0.12660542130470276","0.12660542130470276","2614","2614","2614"
"261599","0.13651540875434875","0.13651540875434875","0.13651540875434875","2615","2615","2615"
"261699","0.129438579082489","0.129438579082489","0.129438579082489","2616","2616","2616"
"261799","0.13336579501628876","0.13336579501628876","0.13336579501628876","2617","2617","2617"
"261899","0.1314384788274765","0.1314384788274765","0.1314384788274765","2618","2618","2618"
"261999","0.12696222960948944","0.12696222960948944","0.12696222960948944","2619","2619","2619"
"262099","0.13352878391742706","0.13352878391742706","0.13352878391742706","2620","2620","2620"
"262199","0.1266103833913803","0.1266103833913803","0.1266103833913803","2621","2621","2621"
"262299","0.12770652770996094","0.12770652770996094","0.12770652770996094","2622","2622","2622"
"262399","0.12783868610858917","0.12783868610858917","0.12783868610858917","2623","2623","2623"
"262499","0.13267241418361664","0.13267241418361664","0.13267241418361664","2624","2624","2624"
"262599","0.13286639750003815","0.13286639750003815","0.13286639750003815","2625","2625","2625"
"262699","0.13108979165554047","0.13108979165554047","0.13108979165554047","2626","2626","2626"
"262799","0.13828834891319275","0.13828834891319275","0.13828834891319275","2627","2627","2627"
"262899","0.1344585120677948","0.1344585120677948","0.1344585120677948","2628","2628","2628"
"262999","0.13239546120166779","0.13239546120166779","0.13239546120166779","2629","2629","2629"
"263099","0.133920356631279","0.133920356631279","0.133920356631279","2630","2630","2630"
"263199","0.1367039829492569","0.1367039829492569","0.1367039829492569","2631","2631","2631"
"263299","0.13218963146209717","0.13218963146209717","0.13218963146209717","2632","2632","2632"
"263399","0.1266046017408371","0.1266046017408371","0.1266046017408371","2633","2633","2633"
"263499","0.1272364854812622","0.1272364854812622","0.1272364854812622","2634","2634","2634"
"263599","0.13001297414302826","0.13001297414302826","0.13001297414302826","2635","2635","2635"
"263699","0.13446205854415894","0.13446205854415894","0.13446205854415894","2636","2636","2636"
"263799","0.13634797930717468","0.13634797930717468","0.13634797930717468","2637","2637","2637"
"263899","0.13073594868183136","0.13073594868183136","0.13073594868183136","2638","2638","2638"
"263999","0.13746438920497894","0.13746438920497894","0.13746438920497894","2639","2639","2639"
"264099","0.12959396839141846","0.12959396839141846","0.12959396839141846","2640","2640","2640"
"264199","0.13182686269283295","0.13182686269283295","0.13182686269283295","2641","2641","2641"
"264299","0.12907810509204865","0.12907810509204865","0.12907810509204865","2642","2642","2642"
"264399","0.12832893431186676","0.12832893431186676","0.12832893431186676","2643","2643","2643"
"264499","0.1301562637090683","0.1301562637090683","0.1301562637090683","2644","2644","2644"
"264599","0.1413218230009079","0.1413218230009079","0.1413218230009079","2645","2645","2645"
"264699","0.13057652115821838","0.13057652115821838","0.13057652115821838","2646","2646","2646"
"264799","0.12580108642578125","0.12580108642578125","0.12580108642578125","2647","2647","2647"
"264899","0.129907488822937","0.129907488822937","0.129907488822937","2648","2648","2648"
"264999","0.13570696115493774","0.13570696115493774","0.13570696115493774","2649","2649","2649"
"265099","0.1370449960231781","0.1370449960231781","0.1370449960231781","2650","2650","2650"
"265199","0.12876270711421967","0.12876270711421967","0.12876270711421967","2651","2651","2651"
"265299","0.1341208964586258","0.1341208964586258","0.1341208964586258","2652","2652","2652"
"265399","0.12748175859451294","0.12748175859451294","0.12748175859451294","2653","2653","2653"
"265499","0.13651175796985626","0.13651175796985626","0.13651175796985626","2654","2654","2654"
"265599","0.12704187631607056","0.12704187631607056","0.12704187631607056","2655","2655","2655"
"265699","0.1333121508359909","0.1333121508359909","0.1333121508359909","2656","2656","2656"
"265799","0.13038361072540283","0.13038361072540283","0.13038361072540283","2657","2657","2657"
"265899","0.12657053768634796","0.12657053768634796","0.12657053768634796","2658","2658","2658"
"265999","0.13796915113925934","0.13796915113925934","0.13796915113925934","2659","2659","2659"
"266099","0.13286171853542328","0.13286171853542328","0.13286171853542328","2660","2660","2660"
"266199","0.12931182980537415","0.12931182980537415","0.12931182980537415","2661","2661","2661"
"266299","0.13437943160533905","0.13437943160533905","0.13437943160533905","2662","2662","2662"
"266399","0.13603459298610687","0.13603459298610687","0.13603459298610687","2663","2663","2663"
"266499","0.12772168219089508","0.12772168219089508","0.12772168219089508","2664","2664","2664"
"266599","0.1270124912261963","0.1270124912261963","0.1270124912261963","2665","2665","2665"
"266699","0.13317053020000458","0.13317053020000458","0.13317053020000458","2666","2666","2666"
"266799","0.13103389739990234","0.13103389739990234","0.13103389739990234","2667","2667","2667"
"266899","0.13352039456367493","0.13352039456367493","0.13352039456367493","2668","2668","2668"
"266999","0.128257617354393","0.128257617354393","0.128257617354393","2669","2669","2669"
"267099","0.12683545053005219","0.12683545053005219","0.12683545053005219","2670","2670","2670"
"267199","0.13099095225334167","0.13099095225334167","0.13099095225334167","2671","2671","2671"
"267299","0.13773417472839355","0.13773417472839355","0.13773417472839355","2672","2672","2672"
"267399","0.13138405978679657","0.13138405978679657","0.13138405978679657","2673","2673","2673"
"267499","0.1310080587863922","0.1310080587863922","0.1310080587863922","2674","2674","2674"
"267599","0.13153623044490814","0.13153623044490814","0.13153623044490814","2675","2675","2675"
"267699","0.13288873434066772","0.13288873434066772","0.13288873434066772","2676","2676","2676"
"267799","0.13576743006706238","0.13576743006706238","0.13576743006706238","2677","2677","2677"
"267899","0.12493181228637695","0.12493181228637695","0.12493181228637695","2678","2678","2678"
"267999","0.13268208503723145","0.13268208503723145","0.13268208503723145","2679","2679","2679"
"268099","0.1316014975309372","0.1316014975309372","0.1316014975309372","2680","2680","2680"
"268199","0.1324993222951889","0.1324993222951889","0.1324993222951889","2681","2681","2681"
"268299","0.12557704746723175","0.12557704746723175","0.12557704746723175","2682","2682","2682"
"268399","0.1290113627910614","0.1290113627910614","0.1290113627910614","2683","2683","2683"
"268499","0.1367895007133484","0.1367895007133484","0.1367895007133484","2684","2684","2684"
"268599","0.13314707577228546","0.13314707577228546","0.13314707577228546","2685","2685","2685"
"268699","0.1353817731142044","0.1353817731142044","0.1353817731142044","2686","2686","2686"
"268799","0.12937845289707184","0.12937845289707184","0.12937845289707184","2687","2687","2687"
"268899","0.13054613769054413","0.13054613769054413","0.13054613769054413","2688","2688","2688"
"268999","0.13445128500461578","0.13445128500461578","0.13445128500461578","2689","2689","2689"
"269099","0.1375836879014969","0.1375836879014969","0.1375836879014969","2690","2690","2690"
"269199","0.12617525458335876","0.12617525458335876","0.12617525458335876","2691","2691","2691"
"269299","0.13119448721408844","0.13119448721408844","0.13119448721408844","2692","2692","2692"
"269399","0.13153670728206635","0.13153670728206635","0.13153670728206635","2693","2693","2693"
"269499","0.12792745232582092","0.12792745232582092","0.12792745232582092","2694","2694","2694"
"269599","0.1325494796037674","0.1325494796037674","0.1325494796037674","2695","2695","2695"
"269699","0.13267633318901062","0.13267633318901062","0.13267633318901062","2696","2696","2696"
"269799","0.12949855625629425","0.12949855625629425","0.12949855625629425","2697","2697","2697"
"269899","0.13244663178920746","0.13244663178920746","0.13244663178920746","2698","2698","2698"
"269999","0.1293046474456787","0.1293046474456787","0.1293046474456787","2699","2699","2699"
"270099","0.1320793330669403","0.1320793330669403","0.1320793330669403","2700","2700","2700"
"270199","0.1334146112203598","0.1334146112203598","0.1334146112203598","2701","2701","2701"
"270299","0.1374545842409134","0.1374545842409134","0.1374545842409134","2702","2702","2702"
"270399","0.12786360085010529","0.12786360085010529","0.12786360085010529","2703","2703","2703"
"270499","0.12851721048355103","0.12851721048355103","0.12851721048355103","2704","2704","2704"
"270599","0.13465425372123718","0.13465425372123718","0.13465425372123718","2705","2705","2705"
"270699","0.13658347725868225","0.13658347725868225","0.13658347725868225","2706","2706","2706"
"270799","0.1323879212141037","0.1323879212141037","0.1323879212141037","2707","2707","2707"
"270899","0.13192003965377808","0.13192003965377808","0.13192003965377808","2708","2708","2708"
"270999","0.13252289593219757","0.13252289593219757","0.13252289593219757","2709","2709","2709"
"271099","0.12917271256446838","0.12917271256446838","0.12917271256446838","2710","2710","2710"
"271199","0.13368648290634155","0.13368648290634155","0.13368648290634155","2711","2711","2711"
"271299","0.12915602326393127","0.12915602326393127","0.12915602326393127","2712","2712","2712"
"271399","0.13190236687660217","0.13190236687660217","0.13190236687660217","2713","2713","2713"
"271499","0.13051024079322815","0.13051024079322815","0.13051024079322815","2714","2714","2714"
"271599","0.12939786911010742","0.12939786911010742","0.12939786911010742","2715","2715","2715"
"271699","0.12988702952861786","0.12988702952861786","0.12988702952861786","2716","2716","2716"
"271799","0.1273575872182846","0.1273575872182846","0.1273575872182846","2717","2717","2717"
"271899","0.1350497156381607","0.1350497156381607","0.1350497156381607","2718","2718","2718"
"271999","0.13620981574058533","0.13620981574058533","0.13620981574058533","2719","2719","2719"
"272099","0.13422559201717377","0.13422559201717377","0.13422559201717377","2720","2720","2720"
"272199","0.13513940572738647","0.13513940572738647","0.13513940572738647","2721","2721","2721"
"272299","0.12861591577529907","0.12861591577529907","0.12861591577529907","2722","2722","2722"
"272399","0.13015516102313995","0.13015516102313995","0.13015516102313995","2723","2723","2723"
"272499","0.13229066133499146","0.13229066133499146","0.13229066133499146","2724","2724","2724"
"272599","0.13014568388462067","0.13014568388462067","0.13014568388462067","2725","2725","2725"
"272699","0.12682458758354187","0.12682458758354187","0.12682458758354187","2726","2726","2726"
"272799","0.1350010186433792","0.1350010186433792","0.1350010186433792","2727","2727","2727"
"272899","0.13526605069637299","0.13526605069637299","0.13526605069637299","2728","2728","2728"
"272999","0.13191521167755127","0.13191521167755127","0.13191521167755127","2729","2729","2729"
"273099","0.13471385836601257","0.13471385836601257","0.13471385836601257","2730","2730","2730"
"273199","0.12963172793388367","0.12963172793388367","0.12963172793388367","2731","2731","2731"
"273299","0.12963199615478516","0.12963199615478516","0.12963199615478516","2732","2732","2732"
"273399","0.13218514621257782","0.13218514621257782","0.13218514621257782","2733","2733","2733"
"273499","0.12441349029541016","0.12441349029541016","0.12441349029541016","2734","2734","2734"
"273599","0.13247312605381012","0.13247312605381012","0.13247312605381012","2735","2735","2735"
"273699","0.12484347075223923","0.12484347075223923","0.12484347075223923","2736","2736","2736"
"273799","0.1342257708311081","0.1342257708311081","0.1342257708311081","2737","2737","2737"
"273899","0.12895306944847107","0.12895306944847107","0.12895306944847107","2738","2738","2738"
"273999","0.13363783061504364","0.13363783061504364","0.13363783061504364","2739","2739","2739"
"274099","0.1315462440252304","0.1315462440252304","0.1315462440252304","2740","2740","2740"
"274199","0.131160169839859","0.131160169839859","0.131160169839859","2741","2741","2741"
"274299","0.13773179054260254","0.13773179054260254","0.13773179054260254","2742","2742","2742"
"274399","0.13757364451885223","0.13757364451885223","0.13757364451885223","2743","2743","2743"
"274499","0.13210810720920563","0.13210810720920563","0.13210810720920563","2744","2744","2744"
"274599","0.13381953537464142","0.13381953537464142","0.13381953537464142","2745","2745","2745"
"274699","0.13334961235523224","0.13334961235523224","0.13334961235523224","2746","2746","2746"
"274799","0.13616378605365753","0.13616378605365753","0.13616378605365753","2747","2747","2747"
"274899","0.13358931243419647","0.13358931243419647","0.13358931243419647","2748","2748","2748"
"274999","0.13898691534996033","0.13898691534996033","0.13898691534996033","2749","2749","2749"
"275099","0.13635145127773285","0.13635145127773285","0.13635145127773285","2750","2750","2750"
"275199","0.12434930354356766","0.12434930354356766","0.12434930354356766","2751","2751","2751"
"275299","0.12920603156089783","0.12920603156089783","0.12920603156089783","2752","2752","2752"
"275399","0.12457242608070374","0.12457242608070374","0.12457242608070374","2753","2753","2753"
"275499","0.12450168281793594","0.12450168281793594","0.12450168281793594","2754","2754","2754"
"275599","0.1300937831401825","0.1300937831401825","0.1300937831401825","2755","2755","2755"
"275699","0.126526340842247","0.126526340842247","0.126526340842247","2756","2756","2756"
"275799","0.1339637041091919","0.1339637041091919","0.1339637041091919","2757","2757","2757"
"275899","0.1315959393978119","0.1315959393978119","0.1315959393978119","2758","2758","2758"
"275999","0.1353115290403366","0.1353115290403366","0.1353115290403366","2759","2759","2759"
"276099","0.13662521541118622","0.13662521541118622","0.13662521541118622","2760","2760","2760"
"276199","0.1311555951833725","0.1311555951833725","0.1311555951833725","2761","2761","2761"
"276299","0.13486631214618683","0.13486631214618683","0.13486631214618683","2762","2762","2762"
"276399","0.14023567736148834","0.14023567736148834","0.14023567736148834","2763","2763","2763"
"276499","0.12991078197956085","0.12991078197956085","0.12991078197956085","2764","2764","2764"
"276599","0.134364053606987","0.134364053606987","0.134364053606987","2765","2765","2765"
"276699","0.12302172929048538","0.12302172929048538","0.12302172929048538","2766","2766","2766"
"276799","0.12722596526145935","0.12722596526145935","0.12722596526145935","2767","2767","2767"
"276899","0.1350630521774292","0.1350630521774292","0.1350630521774292","2768","2768","2768"
"276999","0.133829727768898","0.133829727768898","0.133829727768898","2769","2769","2769"
"277099","0.128158301115036","0.128158301115036","0.128158301115036","2770","2770","2770"
"277199","0.13777728378772736","0.13777728378772736","0.13777728378772736","2771","2771","2771"
"277299","0.13130511343479156","0.13130511343479156","0.13130511343479156","2772","2772","2772"
"277399","0.1273423582315445","0.1273423582315445","0.1273423582315445","2773","2773","2773"
"277499","0.12136899679899216","0.12136899679899216","0.12136899679899216","2774","2774","2774"
"277599","0.13146252930164337","0.13146252930164337","0.13146252930164337","2775","2775","2775"
"277699","0.13504840433597565","0.13504840433597565","0.13504840433597565","2776","2776","2776"
"277799","0.1313738226890564","0.1313738226890564","0.1313738226890564","2777","2777","2777"
"277899","0.13593462109565735","0.13593462109565735","0.13593462109565735","2778","2778","2778"
"277999","0.1361396461725235","0.1361396461725235","0.1361396461725235","2779","2779","2779"
"278099","0.12781639397144318","0.12781639397144318","0.12781639397144318","2780","2780","2780"
"278199","0.13371159136295319","0.13371159136295319","0.13371159136295319","2781","2781","2781"
"278299","0.1313703954219818","0.1313703954219818","0.1313703954219818","2782","2782","2782"
"278399","0.13580267131328583","0.13580267131328583","0.13580267131328583","2783","2783","2783"
"278499","0.13536424934864044","0.13536424934864044","0.13536424934864044","2784","2784","2784"
"278599","0.12722498178482056","0.12722498178482056","0.12722498178482056","2785","2785","2785"
"278699","0.14288759231567383","0.14288759231567383","0.14288759231567383","2786","2786","2786"
"278799","0.1292984038591385","0.1292984038591385","0.1292984038591385","2787","2787","2787"
"278899","0.13381288945674896","0.13381288945674896","0.13381288945674896","2788","2788","2788"
"278999","0.12740713357925415","0.12740713357925415","0.12740713357925415","2789","2789","2789"
"279099","0.12662547826766968","0.12662547826766968","0.12662547826766968","2790","2790","2790"
"279199","0.13125938177108765","0.13125938177108765","0.13125938177108765","2791","2791","2791"
"279299","0.13394036889076233","0.13394036889076233","0.13394036889076233","2792","2792","2792"
"279399","0.12897157669067383","0.12897157669067383","0.12897157669067383","2793","2793","2793"
"279499","0.13364551961421967","0.13364551961421967","0.13364551961421967","2794","2794","2794"
"279599","0.1341957449913025","0.1341957449913025","0.1341957449913025","2795","2795","2795"
"279699","0.13763687014579773","0.13763687014579773","0.13763687014579773","2796","2796","2796"
"279799","0.13292710483074188","0.13292710483074188","0.13292710483074188","2797","2797","2797"
"279899","0.1288202852010727","0.1288202852010727","0.1288202852010727","2798","2798","2798"
"279999","0.13020864129066467","0.13020864129066467","0.13020864129066467","2799","2799","2799"
"280099","0.12924301624298096","0.12924301624298096","0.12924301624298096","2800","2800","2800"
"280199","0.13126766681671143","0.13126766681671143","0.13126766681671143","2801","2801","2801"
"280299","0.13540410995483398","0.13540410995483398","0.13540410995483398","2802","2802","2802"
"280399","0.13114111125469208","0.13114111125469208","0.13114111125469208","2803","2803","2803"
"280499","0.1308029294013977","0.1308029294013977","0.1308029294013977","2804","2804","2804"
"280599","0.1335231512784958","0.1335231512784958","0.1335231512784958","2805","2805","2805"
"280699","0.13579097390174866","0.13579097390174866","0.13579097390174866","2806","2806","2806"
"280799","0.1275516301393509","0.1275516301393509","0.1275516301393509","2807","2807","2807"
"280899","0.13099446892738342","0.13099446892738342","0.13099446892738342","2808","2808","2808"
"280999","0.13604427874088287","0.13604427874088287","0.13604427874088287","2809","2809","2809"
"281099","0.12959381937980652","0.12959381937980652","0.12959381937980652","2810","2810","2810"
"281199","0.129654198884964","0.129654198884964","0.129654198884964","2811","2811","2811"
"281299","0.13008692860603333","0.13008692860603333","0.13008692860603333","2812","2812","2812"
"281399","0.12934717535972595","0.12934717535972595","0.12934717535972595","2813","2813","2813"
"281499","0.12476909160614014","0.12476909160614014","0.12476909160614014","2814","2814","2814"
"281599","0.13244861364364624","0.13244861364364624","0.13244861364364624","2815","2815","2815"
"281699","0.13649745285511017","0.13649745285511017","0.13649745285511017","2816","2816","2816"
"281799","0.13741517066955566","0.13741517066955566","0.13741517066955566","2817","2817","2817"
"281899","0.1353916972875595","0.1353916972875595","0.1353916972875595","2818","2818","2818"
"281999","0.1249278113245964","0.1249278113245964","0.1249278113245964","2819","2819","2819"
"282099","0.13486453890800476","0.13486453890800476","0.13486453890800476","2820","2820","2820"
"282199","0.137400820851326","0.137400820851326","0.137400820851326","2821","2821","2821"
"282299","0.1291520893573761","0.1291520893573761","0.1291520893573761","2822","2822","2822"
"282399","0.13219302892684937","0.13219302892684937","0.13219302892684937","2823","2823","2823"
"282499","0.13509969413280487","0.13509969413280487","0.13509969413280487","2824","2824","2824"
"282599","0.12749598920345306","0.12749598920345306","0.12749598920345306","2825","2825","2825"
"282699","0.1276545524597168","0.1276545524597168","0.1276545524597168","2826","2826","2826"
"282799","0.12952248752117157","0.12952248752117157","0.12952248752117157","2827","2827","2827"
"282899","0.128489688038826","0.128489688038826","0.128489688038826","2828","2828","2828"
"282999","0.1257370412349701","0.1257370412349701","0.1257370412349701","2829","2829","2829"
"283099","0.1342635303735733","0.1342635303735733","0.1342635303735733","2830","2830","2830"
"283199","0.13062164187431335","0.13062164187431335","0.13062164187431335","2831","2831","2831"
"283299","0.131901353597641","0.131901353597641","0.131901353597641","2832","2832","2832"
"283399","0.1344040185213089","0.1344040185213089","0.1344040185213089","2833","2833","2833"
"283499","0.13030417263507843","0.13030417263507843","0.13030417263507843","2834","2834","2834"
"283599","0.13193786144256592","0.13193786144256592","0.13193786144256592","2835","2835","2835"
"283699","0.13076189160346985","0.13076189160346985","0.13076189160346985","2836","2836","2836"
"283799","0.1339997798204422","0.1339997798204422","0.1339997798204422","2837","2837","2837"
"283899","0.13748899102210999","0.13748899102210999","0.13748899102210999","2838","2838","2838"
"283999","0.13153176009655","0.13153176009655","0.13153176009655","2839","2839","2839"
"284099","0.13403093814849854","0.13403093814849854","0.13403093814849854","2840","2840","2840"
"284199","0.13055001199245453","0.13055001199245453","0.13055001199245453","2841","2841","2841"
"284299","0.12864843010902405","0.12864843010902405","0.12864843010902405","2842","2842","2842"
"284399","0.13272111117839813","0.13272111117839813","0.13272111117839813","2843","2843","2843"
"284499","0.13072296977043152","0.13072296977043152","0.13072296977043152","2844","2844","2844"
"284599","0.13502059876918793","0.13502059876918793","0.13502059876918793","2845","2845","2845"
"284699","0.1326158046722412","0.1326158046722412","0.1326158046722412","2846","2846","2846"
"284799","0.13453041017055511","0.13453041017055511","0.13453041017055511","2847","2847","2847"
"284899","0.13318857550621033","0.13318857550621033","0.13318857550621033","2848","2848","2848"
"284999","0.13179300725460052","0.13179300725460052","0.13179300725460052","2849","2849","2849"
"285099","0.12580841779708862","0.12580841779708862","0.12580841779708862","2850","2850","2850"
"285199","0.12985271215438843","0.12985271215438843","0.12985271215438843","2851","2851","2851"
"285299","0.12831397354602814","0.12831397354602814","0.12831397354602814","2852","2852","2852"
"285399","0.13605797290802002","0.13605797290802002","0.13605797290802002","2853","2853","2853"
"285499","0.13246533274650574","0.13246533274650574","0.13246533274650574","2854","2854","2854"
"285599","0.1263449490070343","0.1263449490070343","0.1263449490070343","2855","2855","2855"
"285699","0.13006627559661865","0.13006627559661865","0.13006627559661865","2856","2856","2856"
"285799","0.12642881274223328","0.12642881274223328","0.12642881274223328","2857","2857","2857"
"285899","0.131025031208992","0.131025031208992","0.131025031208992","2858","2858","2858"
"285999","0.1300462782382965","0.1300462782382965","0.1300462782382965","2859","2859","2859"
"286099","0.13015717267990112","0.13015717267990112","0.13015717267990112","2860","2860","2860"
"286199","0.13056659698486328","0.13056659698486328","0.13056659698486328","2861","2861","2861"
"286299","0.13270185887813568","0.13270185887813568","0.13270185887813568","2862","2862","2862"
"286399","0.13047148287296295","0.13047148287296295","0.13047148287296295","2863","2863","2863"
"286499","0.12786927819252014","0.12786927819252014","0.12786927819252014","2864","2864","2864"
"286599","0.1322360634803772","0.1322360634803772","0.1322360634803772","2865","2865","2865"
"286699","0.1267031878232956","0.1267031878232956","0.1267031878232956","2866","2866","2866"
"286799","0.13707409799098969","0.13707409799098969","0.13707409799098969","2867","2867","2867"
"286899","0.13430045545101166","0.13430045545101166","0.13430045545101166","2868","2868","2868"
"286999","0.12243382632732391","0.12243382632732391","0.12243382632732391","2869","2869","2869"
"287099","0.13058540225028992","0.13058540225028992","0.13058540225028992","2870","2870","2870"
"287199","0.13054729998111725","0.13054729998111725","0.13054729998111725","2871","2871","2871"
"287299","0.13842634856700897","0.13842634856700897","0.13842634856700897","2872","2872","2872"
"287399","0.1284722536802292","0.1284722536802292","0.1284722536802292","2873","2873","2873"
"287499","0.12788695096969604","0.12788695096969604","0.12788695096969604","2874","2874","2874"
"287599","0.13310588896274567","0.13310588896274567","0.13310588896274567","2875","2875","2875"
"287699","0.13512571156024933","0.13512571156024933","0.13512571156024933","2876","2876","2876"
"287799","0.13167016208171844","0.13167016208171844","0.13167016208171844","2877","2877","2877"
"287899","0.12622123956680298","0.12622123956680298","0.12622123956680298","2878","2878","2878"
"287999","0.13246917724609375","0.13246917724609375","0.13246917724609375","2879","2879","2879"
"288099","0.13208121061325073","0.13208121061325073","0.13208121061325073","2880","2880","2880"
"288199","0.13023245334625244","0.13023245334625244","0.13023245334625244","2881","2881","2881"
"288299","0.1293298751115799","0.1293298751115799","0.1293298751115799","2882","2882","2882"
"288399","0.13375596702098846","0.13375596702098846","0.13375596702098846","2883","2883","2883"
"288499","0.1340705305337906","0.1340705305337906","0.1340705305337906","2884","2884","2884"
"288599","0.13263727724552155","0.13263727724552155","0.13263727724552155","2885","2885","2885"
"288699","0.1320205181837082","0.1320205181837082","0.1320205181837082","2886","2886","2886"
"288799","0.13169197738170624","0.13169197738170624","0.13169197738170624","2887","2887","2887"
"288899","0.13171802461147308","0.13171802461147308","0.13171802461147308","2888","2888","2888"
"288999","0.12992940843105316","0.12992940843105316","0.12992940843105316","2889","2889","2889"
"289099","0.12936358153820038","0.12936358153820038","0.12936358153820038","2890","2890","2890"
"289199","0.13743148744106293","0.13743148744106293","0.13743148744106293","2891","2891","2891"
"289299","0.12879128754138947","0.12879128754138947","0.12879128754138947","2892","2892","2892"
"289399","0.12631599605083466","0.12631599605083466","0.12631599605083466","2893","2893","2893"
"289499","0.1349017471075058","0.1349017471075058","0.1349017471075058","2894","2894","2894"
"289599","0.12994267046451569","0.12994267046451569","0.12994267046451569","2895","2895","2895"
"289699","0.13146105408668518","0.13146105408668518","0.13146105408668518","2896","2896","2896"
"289799","0.12791705131530762","0.12791705131530762","0.12791705131530762","2897","2897","2897"
"289899","0.130243718624115","0.130243718624115","0.130243718624115","2898","2898","2898"
"289999","0.1306832879781723","0.1306832879781723","0.1306832879781723","2899","2899","2899"
"290099","0.13120217621326447","0.13120217621326447","0.13120217621326447","2900","2900","2900"
"290199","0.13426680862903595","0.13426680862903595","0.13426680862903595","2901","2901","2901"
"290299","0.12611015141010284","0.12611015141010284","0.12611015141010284","2902","2902","2902"
"290399","0.13200154900550842","0.13200154900550842","0.13200154900550842","2903","2903","2903"
"290499","0.13498562574386597","0.13498562574386597","0.13498562574386597","2904","2904","2904"
"290599","0.1313284933567047","0.1313284933567047","0.1313284933567047","2905","2905","2905"
"290699","0.13426488637924194","0.13426488637924194","0.13426488637924194","2906","2906","2906"
"290799","0.13113366067409515","0.13113366067409515","0.13113366067409515","2907","2907","2907"
"290899","0.13043108582496643","0.13043108582496643","0.13043108582496643","2908","2908","2908"
"290999","0.12245379388332367","0.12245379388332367","0.12245379388332367","2909","2909","2909"
"291099","0.12690840661525726","0.12690840661525726","0.12690840661525726","2910","2910","2910"
"291199","0.12983019649982452","0.12983019649982452","0.12983019649982452","2911","2911","2911"
"291299","0.13487344980239868","0.13487344980239868","0.13487344980239868","2912","2912","2912"
"291399","0.13320894539356232","0.13320894539356232","0.13320894539356232","2913","2913","2913"
"291499","0.12401854246854782","0.12401854246854782","0.12401854246854782","2914","2914","2914"
"291599","0.12946680188179016","0.12946680188179016","0.12946680188179016","2915","2915","2915"
"291699","0.13820025324821472","0.13820025324821472","0.13820025324821472","2916","2916","2916"
"291799","0.13108514249324799","0.13108514249324799","0.13108514249324799","2917","2917","2917"
"291899","0.1335626095533371","0.1335626095533371","0.1335626095533371","2918","2918","2918"
"291999","0.13367290794849396","0.13367290794849396","0.13367290794849396","2919","2919","2919"
"292099","0.129712775349617","0.129712775349617","0.129712775349617","2920","2920","2920"
"292199","0.13686272501945496","0.13686272501945496","0.13686272501945496","2921","2921","2921"
"292299","0.13798749446868896","0.13798749446868896","0.13798749446868896","2922","2922","2922"
"292399","0.13388162851333618","0.13388162851333618","0.13388162851333618","2923","2923","2923"
"292499","0.1310703605413437","0.1310703605413437","0.1310703605413437","2924","2924","2924"
"292599","0.12851911783218384","0.12851911783218384","0.12851911783218384","2925","2925","2925"
"292699","0.13394282758235931","0.13394282758235931","0.13394282758235931","2926","2926","2926"
"292799","0.13357894122600555","0.13357894122600555","0.13357894122600555","2927","2927","2927"
"292899","0.13709233701229095","0.13709233701229095","0.13709233701229095","2928","2928","2928"
"292999","0.13719098269939423","0.13719098269939423","0.13719098269939423","2929","2929","2929"
"293099","0.12995785474777222","0.12995785474777222","0.12995785474777222","2930","2930","2930"
"293199","0.12763844430446625","0.12763844430446625","0.12763844430446625","2931","2931","2931"
"293299","0.1351708620786667","0.1351708620786667","0.1351708620786667","2932","2932","2932"
"293399","0.13281013071537018","0.13281013071537018","0.13281013071537018","2933","2933","2933"
"293499","0.1367478221654892","0.1367478221654892","0.1367478221654892","2934","2934","2934"
"293599","0.13693761825561523","0.13693761825561523","0.13693761825561523","2935","2935","2935"
"293699","0.12825249135494232","0.12825249135494232","0.12825249135494232","2936","2936","2936"
"293799","0.1313880980014801","0.1313880980014801","0.1313880980014801","2937","2937","2937"
"293899","0.1277056187391281","0.1277056187391281","0.1277056187391281","2938","2938","2938"
"293999","0.12281803041696548","0.12281803041696548","0.12281803041696548","2939","2939","2939"
"294099","0.13538488745689392","0.13538488745689392","0.13538488745689392","2940","2940","2940"
"294199","0.13304342329502106","0.13304342329502106","0.13304342329502106","2941","2941","2941"
"294299","0.12778005003929138","0.12778005003929138","0.12778005003929138","2942","2942","2942"
"294399","0.1333916187286377","0.1333916187286377","0.1333916187286377","2943","2943","2943"
"294499","0.12332834303379059","0.12332834303379059","0.12332834303379059","2944","2944","2944"
"294599","0.1330115646123886","0.1330115646123886","0.1330115646123886","2945","2945","2945"
"294699","0.1313784420490265","0.1313784420490265","0.1313784420490265","2946","2946","2946"
"294799","0.13282382488250732","0.13282382488250732","0.13282382488250732","2947","2947","2947"
"294899","0.12838806211948395","0.12838806211948395","0.12838806211948395","2948","2948","2948"
"294999","0.13294003903865814","0.13294003903865814","0.13294003903865814","2949","2949","2949"
"295099","0.13262219727039337","0.13262219727039337","0.13262219727039337","2950","2950","2950"
"295199","0.12943994998931885","0.12943994998931885","0.12943994998931885","2951","2951","2951"
"295299","0.13481907546520233","0.13481907546520233","0.13481907546520233","2952","2952","2952"
"295399","0.13267973065376282","0.13267973065376282","0.13267973065376282","2953","2953","2953"
"295499","0.13501328229904175","0.13501328229904175","0.13501328229904175","2954","2954","2954"
"295599","0.1283632516860962","0.1283632516860962","0.1283632516860962","2955","2955","2955"
"295699","0.13296152651309967","0.13296152651309967","0.13296152651309967","2956","2956","2956"
"295799","0.12872588634490967","0.12872588634490967","0.12872588634490967","2957","2957","2957"
"295899","0.1347048431634903","0.1347048431634903","0.1347048431634903","2958","2958","2958"
"295999","0.1375368982553482","0.1375368982553482","0.1375368982553482","2959","2959","2959"
"296099","0.13315844535827637","0.13315844535827637","0.13315844535827637","2960","2960","2960"
"296199","0.1336335688829422","0.1336335688829422","0.1336335688829422","2961","2961","2961"
"296299","0.13085943460464478","0.13085943460464478","0.13085943460464478","2962","2962","2962"
"296399","0.1280793696641922","0.1280793696641922","0.1280793696641922","2963","2963","2963"
"296499","0.12732326984405518","0.12732326984405518","0.12732326984405518","2964","2964","2964"
"296599","0.12385424971580505","0.12385424971580505","0.12385424971580505","2965","2965","2965"
"296699","0.12836004793643951","0.12836004793643951","0.12836004793643951","2966","2966","2966"
"296799","0.13604678213596344","0.13604678213596344","0.13604678213596344","2967","2967","2967"
"296899","0.1355382204055786","0.1355382204055786","0.1355382204055786","2968","2968","2968"
"296999","0.13360992074012756","0.13360992074012756","0.13360992074012756","2969","2969","2969"
"297099","0.13008618354797363","0.13008618354797363","0.13008618354797363","2970","2970","2970"
"297199","0.13007020950317383","0.13007020950317383","0.13007020950317383","2971","2971","2971"
"297299","0.1343669295310974","0.1343669295310974","0.1343669295310974","2972","2972","2972"
"297399","0.1294156163930893","0.1294156163930893","0.1294156163930893","2973","2973","2973"
"297499","0.13010089099407196","0.13010089099407196","0.13010089099407196","2974","2974","2974"
"297599","0.1344795972108841","0.1344795972108841","0.1344795972108841","2975","2975","2975"
"297699","0.12848542630672455","0.12848542630672455","0.12848542630672455","2976","2976","2976"
"297799","0.1345401257276535","0.1345401257276535","0.1345401257276535","2977","2977","2977"
"297899","0.13319051265716553","0.13319051265716553","0.13319051265716553","2978","2978","2978"
"297999","0.13218964636325836","0.13218964636325836","0.13218964636325836","2979","2979","2979"
"298099","0.13346633315086365","0.13346633315086365","0.13346633315086365","2980","2980","2980"
"298199","0.12565501034259796","0.12565501034259796","0.12565501034259796","2981","2981","2981"
"298299","0.13236357271671295","0.13236357271671295","0.13236357271671295","2982","2982","2982"
"298399","0.12757794559001923","0.12757794559001923","0.12757794559001923","2983","2983","2983"
"298499","0.1274876743555069","0.1274876743555069","0.1274876743555069","2984","2984","2984"
"298599","0.13164617121219635","0.13164617121219635","0.13164617121219635","2985","2985","2985"
"298699","0.12291837483644485","0.12291837483644485","0.12291837483644485","2986","2986","2986"
"298799","0.13748857378959656","0.13748857378959656","0.13748857378959656","2987","2987","2987"
"298899","0.13003647327423096","0.13003647327423096","0.13003647327423096","2988","2988","2988"
"298999","0.13269634544849396","0.13269634544849396","0.13269634544849396","2989","2989","2989"
"299099","0.13329140841960907","0.13329140841960907","0.13329140841960907","2990","2990","2990"
"299199","0.1309576779603958","0.1309576779603958","0.1309576779603958","2991","2991","2991"
"299299","0.13014806807041168","0.13014806807041168","0.13014806807041168","2992","2992","2992"
"299399","0.12662863731384277","0.12662863731384277","0.12662863731384277","2993","2993","2993"
"299499","0.13290031254291534","0.13290031254291534","0.13290031254291534","2994","2994","2994"
"299599","0.1303746998310089","0.1303746998310089","0.1303746998310089","2995","2995","2995"
"299699","0.13288673758506775","0.13288673758506775","0.13288673758506775","2996","2996","2996"
"299799","0.1310185194015503","0.1310185194015503","0.1310185194015503","2997","2997","2997"
"299899","0.12987564504146576","0.12987564504146576","0.12987564504146576","2998","2998","2998"
"299999","0.1269231140613556","0.1269231140613556","0.1269231140613556","2999","2999","2999"
"300099","0.13873252272605896","0.13873252272605896","0.13873252272605896","3000","3000","3000"
"300199","0.12682031095027924","0.12682031095027924","0.12682031095027924","3001","3001","3001"
"300299","0.1286657154560089","0.1286657154560089","0.1286657154560089","3002","3002","3002"
"300399","0.12470297515392303","0.12470297515392303","0.12470297515392303","3003","3003","3003"
"300499","0.12974750995635986","0.12974750995635986","0.12974750995635986","3004","3004","3004"
"300599","0.13098901510238647","0.13098901510238647","0.13098901510238647","3005","3005","3005"
"300699","0.12922243773937225","0.12922243773937225","0.12922243773937225","3006","3006","3006"
"300799","0.12719279527664185","0.12719279527664185","0.12719279527664185","3007","3007","3007"
"300899","0.12658128142356873","0.12658128142356873","0.12658128142356873","3008","3008","3008"
"300999","0.1372670829296112","0.1372670829296112","0.1372670829296112","3009","3009","3009"
"301099","0.13644234836101532","0.13644234836101532","0.13644234836101532","3010","3010","3010"
"301199","0.13484109938144684","0.13484109938144684","0.13484109938144684","3011","3011","3011"
"301299","0.1278734654188156","0.1278734654188156","0.1278734654188156","3012","3012","3012"
"301399","0.13472428917884827","0.13472428917884827","0.13472428917884827","3013","3013","3013"
"301499","0.12784501910209656","0.12784501910209656","0.12784501910209656","3014","3014","3014"
"301599","0.13167794048786163","0.13167794048786163","0.13167794048786163","3015","3015","3015"
"301699","0.13590079545974731","0.13590079545974731","0.13590079545974731","3016","3016","3016"
"301799","0.1277080476284027","0.1277080476284027","0.1277080476284027","3017","3017","3017"
"301899","0.13527362048625946","0.13527362048625946","0.13527362048625946","3018","3018","3018"
"301999","0.12605734169483185","0.12605734169483185","0.12605734169483185","3019","3019","3019"
"302099","0.1316472589969635","0.1316472589969635","0.1316472589969635","3020","3020","3020"
"302199","0.13179530203342438","0.13179530203342438","0.13179530203342438","3021","3021","3021"
"302299","0.13435105979442596","0.13435105979442596","0.13435105979442596","3022","3022","3022"
"302399","0.13328365981578827","0.13328365981578827","0.13328365981578827","3023","3023","3023"
"302499","0.1324789971113205","0.1324789971113205","0.1324789971113205","3024","3024","3024"
"302599","0.1363772600889206","0.1363772600889206","0.1363772600889206","3025","3025","3025"
"302699","0.13154520094394684","0.13154520094394684","0.13154520094394684","3026","3026","3026"
"302799","0.12249042093753815","0.12249042093753815","0.12249042093753815","3027","3027","3027"
"302899","0.12417993694543839","0.12417993694543839","0.12417993694543839","3028","3028","3028"
"302999","0.12693092226982117","0.12693092226982117","0.12693092226982117","3029","3029","3029"
"303099","0.1299353390932083","0.1299353390932083","0.1299353390932083","3030","3030","3030"
"303199","0.1274099200963974","0.1274099200963974","0.1274099200963974","3031","3031","3031"
"303299","0.14261017739772797","0.14261017739772797","0.14261017739772797","3032","3032","3032"
"303399","0.12616227567195892","0.12616227567195892","0.12616227567195892","3033","3033","3033"
"303499","0.13141204416751862","0.13141204416751862","0.13141204416751862","3034","3034","3034"
"303599","0.1353120654821396","0.1353120654821396","0.1353120654821396","3035","3035","3035"
"303699","0.13003481924533844","0.13003481924533844","0.13003481924533844","3036","3036","3036"
"303799","0.13086242973804474","0.13086242973804474","0.13086242973804474","3037","3037","3037"
"303899","0.13877204060554504","0.13877204060554504","0.13877204060554504","3038","3038","3038"
"303999","0.13341940939426422","0.13341940939426422","0.13341940939426422","3039","3039","3039"
"304099","0.12767276167869568","0.12767276167869568","0.12767276167869568","3040","3040","3040"
"304199","0.1264439970254898","0.1264439970254898","0.1264439970254898","3041","3041","3041"
"304299","0.12939324975013733","0.12939324975013733","0.12939324975013733","3042","3042","3042"
"304399","0.13332855701446533","0.13332855701446533","0.13332855701446533","3043","3043","3043"
"304499","0.13461174070835114","0.13461174070835114","0.13461174070835114","3044","3044","3044"
"304599","0.13518144190311432","0.13518144190311432","0.13518144190311432","3045","3045","3045"
"304699","0.13269029557704926","0.13269029557704926","0.13269029557704926","3046","3046","3046"
"304799","0.13891130685806274","0.13891130685806274","0.13891130685806274","3047","3047","3047"
"304899","0.13528551161289215","0.13528551161289215","0.13528551161289215","3048","3048","3048"
"304999","0.1414218246936798","0.1414218246936798","0.1414218246936798","3049","3049","3049"
"305099","0.13454529643058777","0.13454529643058777","0.13454529643058777","3050","3050","3050"
"305199","0.13438038527965546","0.13438038527965546","0.13438038527965546","3051","3051","3051"
"305299","0.12913621962070465","0.12913621962070465","0.12913621962070465","3052","3052","3052"
"305399","0.13821734488010406","0.13821734488010406","0.13821734488010406","3053","3053","3053"
"305499","0.13158640265464783","0.13158640265464783","0.13158640265464783","3054","3054","3054"
"305599","0.1308116912841797","0.1308116912841797","0.1308116912841797","3055","3055","3055"
"305699","0.13273866474628448","0.13273866474628448","0.13273866474628448","3056","3056","3056"
"305799","0.13633684813976288","0.13633684813976288","0.13633684813976288","3057","3057","3057"
"305899","0.13141416013240814","0.13141416013240814","0.13141416013240814","3058","3058","3058"
"305999","0.13047489523887634","0.13047489523887634","0.13047489523887634","3059","3059","3059"
"306099","0.1353074312210083","0.1353074312210083","0.1353074312210083","3060","3060","3060"
"306199","0.1328050196170807","0.1328050196170807","0.1328050196170807","3061","3061","3061"
"306299","0.13633200526237488","0.13633200526237488","0.13633200526237488","3062","3062","3062"
"306399","0.1311609148979187","0.1311609148979187","0.1311609148979187","3063","3063","3063"
"306499","0.1294582337141037","0.1294582337141037","0.1294582337141037","3064","3064","3064"
"306599","0.13929279148578644","0.13929279148578644","0.13929279148578644","3065","3065","3065"
"306699","0.13486848771572113","0.13486848771572113","0.13486848771572113","3066","3066","3066"
"306799","0.13499650359153748","0.13499650359153748","0.13499650359153748","3067","3067","3067"
"306899","0.13289956748485565","0.13289956748485565","0.13289956748485565","3068","3068","3068"
"306999","0.13570280373096466","0.13570280373096466","0.13570280373096466","3069","3069","3069"
"307099","0.13100840151309967","0.13100840151309967","0.13100840151309967","3070","3070","3070"
"307199","0.1313801258802414","0.1313801258802414","0.1313801258802414","3071","3071","3071"
"307299","0.1323775202035904","0.1323775202035904","0.1323775202035904","3072","3072","3072"
"307399","0.13178439438343048","0.13178439438343048","0.13178439438343048","3073","3073","3073"
"307499","0.12707112729549408","0.12707112729549408","0.12707112729549408","3074","3074","3074"
"307599","0.12777391076087952","0.12777391076087952","0.12777391076087952","3075","3075","3075"
"307699","0.13617722690105438","0.13617722690105438","0.13617722690105438","3076","3076","3076"
"307799","0.12948915362358093","0.12948915362358093","0.12948915362358093","3077","3077","3077"
"307899","0.1289396435022354","0.1289396435022354","0.1289396435022354","3078","3078","3078"
"307999","0.13344106078147888","0.13344106078147888","0.13344106078147888","3079","3079","3079"
"308099","0.12783126533031464","0.12783126533031464","0.12783126533031464","3080","3080","3080"
"308199","0.1362992525100708","0.1362992525100708","0.1362992525100708","3081","3081","3081"
"308299","0.1245761439204216","0.1245761439204216","0.1245761439204216","3082","3082","3082"
"308399","0.12941741943359375","0.12941741943359375","0.12941741943359375","3083","3083","3083"
"308499","0.12700611352920532","0.12700611352920532","0.12700611352920532","3084","3084","3084"
"308599","0.12757916748523712","0.12757916748523712","0.12757916748523712","3085","3085","3085"
"308699","0.1281598061323166","0.1281598061323166","0.1281598061323166","3086","3086","3086"
"308799","0.12801139056682587","0.12801139056682587","0.12801139056682587","3087","3087","3087"
"308899","0.13428261876106262","0.13428261876106262","0.13428261876106262","3088","3088","3088"
"308999","0.1372138112783432","0.1372138112783432","0.1372138112783432","3089","3089","3089"
"309099","0.1341748684644699","0.1341748684644699","0.1341748684644699","3090","3090","3090"
"309199","0.1278163343667984","0.1278163343667984","0.1278163343667984","3091","3091","3091"
"309299","0.12761323153972626","0.12761323153972626","0.12761323153972626","3092","3092","3092"
"309399","0.13354502618312836","0.13354502618312836","0.13354502618312836","3093","3093","3093"
"309499","0.1292749047279358","0.1292749047279358","0.1292749047279358","3094","3094","3094"
"309599","0.1321863979101181","0.1321863979101181","0.1321863979101181","3095","3095","3095"
"309699","0.1343071460723877","0.1343071460723877","0.1343071460723877","3096","3096","3096"
"309799","0.12577620148658752","0.12577620148658752","0.12577620148658752","3097","3097","3097"
"309899","0.12482594698667526","0.12482594698667526","0.12482594698667526","3098","3098","3098"
"309999","0.12505212426185608","0.12505212426185608","0.12505212426185608","3099","3099","3099"
"310099","0.12964563071727753","0.12964563071727753","0.12964563071727753","3100","3100","3100"
"310199","0.1322808861732483","0.1322808861732483","0.1322808861732483","3101","3101","3101"
"310299","0.12420547753572464","0.12420547753572464","0.12420547753572464","3102","3102","3102"
"310399","0.1246371790766716","0.1246371790766716","0.1246371790766716","3103","3103","3103"
"310499","0.12968389689922333","0.12968389689922333","0.12968389689922333","3104","3104","3104"
"310599","0.13096711039543152","0.13096711039543152","0.13096711039543152","3105","3105","3105"
"310699","0.13536815345287323","0.13536815345287323","0.13536815345287323","3106","3106","3106"
"310799","0.13337980210781097","0.13337980210781097","0.13337980210781097","3107","3107","3107"
"310899","0.13174429535865784","0.13174429535865784","0.13174429535865784","3108","3108","3108"
"310999","0.12701530754566193","0.12701530754566193","0.12701530754566193","3109","3109","3109"
"311099","0.1235620379447937","0.1235620379447937","0.1235620379447937","3110","3110","3110"
"311199","0.12830962240695953","0.12830962240695953","0.12830962240695953","3111","3111","3111"
"311299","0.1348808854818344","0.1348808854818344","0.1348808854818344","3112","3112","3112"
"311399","0.1360430270433426","0.1360430270433426","0.1360430270433426","3113","3113","3113"
"311499","0.1333812028169632","0.1333812028169632","0.1333812028169632","3114","3114","3114"
"311599","0.13448385894298553","0.13448385894298553","0.13448385894298553","3115","3115","3115"
"311699","0.13159751892089844","0.13159751892089844","0.13159751892089844","3116","3116","3116"
"311799","0.1299406737089157","0.1299406737089157","0.1299406737089157","3117","3117","3117"
"311899","0.12896251678466797","0.12896251678466797","0.12896251678466797","3118","3118","3118"
"311999","0.13322490453720093","0.13322490453720093","0.13322490453720093","3119","3119","3119"
"312099","0.1318809688091278","0.1318809688091278","0.1318809688091278","3120","3120","3120"
"312199","0.13274209201335907","0.13274209201335907","0.13274209201335907","3121","3121","3121"
"312299","0.13693740963935852","0.13693740963935852","0.13693740963935852","3122","3122","3122"
"312399","0.13577775657176971","0.13577775657176971","0.13577775657176971","3123","3123","3123"
"312499","0.13535664975643158","0.13535664975643158","0.13535664975643158","3124","3124","3124"
"312599","0.13155077397823334","0.13155077397823334","0.13155077397823334","3125","3125","3125"
"312699","0.13007427752017975","0.13007427752017975","0.13007427752017975","3126","3126","3126"
"312799","0.13182967901229858","0.13182967901229858","0.13182967901229858","3127","3127","3127"
"312899","0.13029968738555908","0.13029968738555908","0.13029968738555908","3128","3128","3128"
"312999","0.13628335297107697","0.13628335297107697","0.13628335297107697","3129","3129","3129"
"313099","0.12871308624744415","0.12871308624744415","0.12871308624744415","3130","3130","3130"
"313199","0.1303131878376007","0.1303131878376007","0.1303131878376007","3131","3131","3131"
"313299","0.12716081738471985","0.12716081738471985","0.12716081738471985","3132","3132","3132"
"313399","0.13288097083568573","0.13288097083568573","0.13288097083568573","3133","3133","3133"
"313499","0.13090106844902039","0.13090106844902039","0.13090106844902039","3134","3134","3134"
"313599","0.13154025375843048","0.13154025375843048","0.13154025375843048","3135","3135","3135"
"313699","0.1353752166032791","0.1353752166032791","0.1353752166032791","3136","3136","3136"
"313799","0.12646856904029846","0.12646856904029846","0.12646856904029846","3137","3137","3137"
"313899","0.14014026522636414","0.14014026522636414","0.14014026522636414","3138","3138","3138"
"313999","0.13318410515785217","0.13318410515785217","0.13318410515785217","3139","3139","3139"
"314099","0.13258256018161774","0.13258256018161774","0.13258256018161774","3140","3140","3140"
"314199","0.12718017399311066","0.12718017399311066","0.12718017399311066","3141","3141","3141"
"314299","0.1322748363018036","0.1322748363018036","0.1322748363018036","3142","3142","3142"
"314399","0.13337668776512146","0.13337668776512146","0.13337668776512146","3143","3143","3143"
"314499","0.12829701602458954","0.12829701602458954","0.12829701602458954","3144","3144","3144"
"314599","0.13610751926898956","0.13610751926898956","0.13610751926898956","3145","3145","3145"
"314699","0.1341489851474762","0.1341489851474762","0.1341489851474762","3146","3146","3146"
"314799","0.1387888789176941","0.1387888789176941","0.1387888789176941","3147","3147","3147"
"314899","0.1322287619113922","0.1322287619113922","0.1322287619113922","3148","3148","3148"
"314999","0.1329529732465744","0.1329529732465744","0.1329529732465744","3149","3149","3149"
"315099","0.13192877173423767","0.13192877173423767","0.13192877173423767","3150","3150","3150"
"315199","0.12993229925632477","0.12993229925632477","0.12993229925632477","3151","3151","3151"