"trainer/global_step","prefix4_mid - train_loss","prefix4_mid - train_loss__MIN","prefix4_mid - train_loss__MAX","prefix4_mid - _step","prefix4_mid - _step__MIN","prefix4_mid - _step__MAX"
"99","0.2903582751750946","0.2903582751750946","0.2903582751750946","0","0","0"
"199","0.2555064260959625","0.2555064260959625","0.2555064260959625","1","1","1"
"299","0.22962377965450287","0.22962377965450287","0.22962377965450287","2","2","2"
"399","0.22038473188877106","0.22038473188877106","0.22038473188877106","3","3","3"
"499","0.2122737467288971","0.2122737467288971","0.2122737467288971","4","4","4"
"599","0.20835520327091217","0.20835520327091217","0.20835520327091217","5","5","5"
"699","0.20039337873458862","0.20039337873458862","0.20039337873458862","6","6","6"
"799","0.19995251297950745","0.19995251297950745","0.19995251297950745","7","7","7"
"899","0.20131681859493256","0.20131681859493256","0.20131681859493256","8","8","8"
"999","0.18747921288013458","0.18747921288013458","0.18747921288013458","9","9","9"
"1099","0.190421462059021","0.190421462059021","0.190421462059021","10","10","10"
"1199","0.18638935685157776","0.18638935685157776","0.18638935685157776","11","11","11"
"1299","0.1887119710445404","0.1887119710445404","0.1887119710445404","12","12","12"
"1399","0.17955893278121948","0.17955893278121948","0.17955893278121948","13","13","13"
"1499","0.1865452527999878","0.1865452527999878","0.1865452527999878","14","14","14"
"1599","0.18099050223827362","0.18099050223827362","0.18099050223827362","15","15","15"
"1699","0.17193110287189484","0.17193110287189484","0.17193110287189484","16","16","16"
"1799","0.17730844020843506","0.17730844020843506","0.17730844020843506","17","17","17"
"1899","0.1758483201265335","0.1758483201265335","0.1758483201265335","18","18","18"
"1999","0.17890512943267822","0.17890512943267822","0.17890512943267822","19","19","19"
"2099","0.1723669171333313","0.1723669171333313","0.1723669171333313","20","20","20"
"2199","0.17655831575393677","0.17655831575393677","0.17655831575393677","21","21","21"
"2299","0.1652381718158722","0.1652381718158722","0.1652381718158722","22","22","22"
"2399","0.17196862399578094","0.17196862399578094","0.17196862399578094","23","23","23"
"2499","0.1702527403831482","0.1702527403831482","0.1702527403831482","24","24","24"
"2599","0.16836966574192047","0.16836966574192047","0.16836966574192047","25","25","25"
"2699","0.16706377267837524","0.16706377267837524","0.16706377267837524","26","26","26"
"2799","0.16741737723350525","0.16741737723350525","0.16741737723350525","27","27","27"
"2899","0.1611987054347992","0.1611987054347992","0.1611987054347992","28","28","28"
"2999","0.169708251953125","0.169708251953125","0.169708251953125","29","29","29"
"3099","0.1649266928434372","0.1649266928434372","0.1649266928434372","30","30","30"
"3199","0.16761089861392975","0.16761089861392975","0.16761089861392975","31","31","31"
"3299","0.1608109176158905","0.1608109176158905","0.1608109176158905","32","32","32"
"3399","0.16207875311374664","0.16207875311374664","0.16207875311374664","33","33","33"
"3499","0.1627851277589798","0.1627851277589798","0.1627851277589798","34","34","34"
"3599","0.16040043532848358","0.16040043532848358","0.16040043532848358","35","35","35"
"3699","0.158956378698349","0.158956378698349","0.158956378698349","36","36","36"
"3799","0.1660688817501068","0.1660688817501068","0.1660688817501068","37","37","37"
"3899","0.1627403199672699","0.1627403199672699","0.1627403199672699","38","38","38"
"3999","0.15662100911140442","0.15662100911140442","0.15662100911140442","39","39","39"
"4099","0.16371844708919525","0.16371844708919525","0.16371844708919525","40","40","40"
"4199","0.16375908255577087","0.16375908255577087","0.16375908255577087","41","41","41"
"4299","0.15677617490291595","0.15677617490291595","0.15677617490291595","42","42","42"
"4399","0.15986984968185425","0.15986984968185425","0.15986984968185425","43","43","43"
"4499","0.15845206379890442","0.15845206379890442","0.15845206379890442","44","44","44"
"4599","0.16283810138702393","0.16283810138702393","0.16283810138702393","45","45","45"
"4699","0.15026232600212097","0.15026232600212097","0.15026232600212097","46","46","46"
"4799","0.15100733935832977","0.15100733935832977","0.15100733935832977","47","47","47"
"4899","0.15900082886219025","0.15900082886219025","0.15900082886219025","48","48","48"
"4999","0.1562318503856659","0.1562318503856659","0.1562318503856659","49","49","49"
"5099","0.1555660218000412","0.1555660218000412","0.1555660218000412","50","50","50"
"5199","0.15479059517383575","0.15479059517383575","0.15479059517383575","51","51","51"
"5299","0.14569219946861267","0.14569219946861267","0.14569219946861267","52","52","52"
"5399","0.15457020699977875","0.15457020699977875","0.15457020699977875","53","53","53"
"5499","0.16184478998184204","0.16184478998184204","0.16184478998184204","54","54","54"
"5599","0.14711245894432068","0.14711245894432068","0.14711245894432068","55","55","55"
"5699","0.15189918875694275","0.15189918875694275","0.15189918875694275","56","56","56"
"5799","0.16051891446113586","0.16051891446113586","0.16051891446113586","57","57","57"
"5899","0.15821202099323273","0.15821202099323273","0.15821202099323273","58","58","58"
"5999","0.15010212361812592","0.15010212361812592","0.15010212361812592","59","59","59"
"6099","0.14354199171066284","0.14354199171066284","0.14354199171066284","60","60","60"
"6199","0.15582682192325592","0.15582682192325592","0.15582682192325592","61","61","61"
"6299","0.15323905646800995","0.15323905646800995","0.15323905646800995","62","62","62"
"6399","0.14733950793743134","0.14733950793743134","0.14733950793743134","63","63","63"
"6499","0.14769278466701508","0.14769278466701508","0.14769278466701508","64","64","64"
"6599","0.15065006911754608","0.15065006911754608","0.15065006911754608","65","65","65"
"6699","0.1503058820962906","0.1503058820962906","0.1503058820962906","66","66","66"
"6799","0.1513216644525528","0.1513216644525528","0.1513216644525528","67","67","67"
"6899","0.15558210015296936","0.15558210015296936","0.15558210015296936","68","68","68"
"6999","0.15182547271251678","0.15182547271251678","0.15182547271251678","69","69","69"
"7099","0.15110237896442413","0.15110237896442413","0.15110237896442413","70","70","70"
"7199","0.14901144802570343","0.14901144802570343","0.14901144802570343","71","71","71"
"7299","0.1526307761669159","0.1526307761669159","0.1526307761669159","72","72","72"
"7399","0.15184183418750763","0.15184183418750763","0.15184183418750763","73","73","73"
"7499","0.1486731767654419","0.1486731767654419","0.1486731767654419","74","74","74"
"7599","0.14395363628864288","0.14395363628864288","0.14395363628864288","75","75","75"
"7699","0.15361419320106506","0.15361419320106506","0.15361419320106506","76","76","76"
"7799","0.14661027491092682","0.14661027491092682","0.14661027491092682","77","77","77"
"7899","0.14917825162410736","0.14917825162410736","0.14917825162410736","78","78","78"
"7999","0.14684486389160156","0.14684486389160156","0.14684486389160156","79","79","79"
"8099","0.14300665259361267","0.14300665259361267","0.14300665259361267","80","80","80"
"8199","0.13974620401859283","0.13974620401859283","0.13974620401859283","81","81","81"
"8299","0.14484825730323792","0.14484825730323792","0.14484825730323792","82","82","82"
"8399","0.1484130173921585","0.1484130173921585","0.1484130173921585","83","83","83"
"8499","0.13986371457576752","0.13986371457576752","0.13986371457576752","84","84","84"
"8599","0.14750084280967712","0.14750084280967712","0.14750084280967712","85","85","85"
"8699","0.14455227553844452","0.14455227553844452","0.14455227553844452","86","86","86"
"8799","0.14568065106868744","0.14568065106868744","0.14568065106868744","87","87","87"
"8899","0.14610502123832703","0.14610502123832703","0.14610502123832703","88","88","88"
"8999","0.1455870419740677","0.1455870419740677","0.1455870419740677","89","89","89"
"9099","0.1428222507238388","0.1428222507238388","0.1428222507238388","90","90","90"
"9199","0.14911483228206635","0.14911483228206635","0.14911483228206635","91","91","91"
"9299","0.1476285755634308","0.1476285755634308","0.1476285755634308","92","92","92"
"9399","0.1475411206483841","0.1475411206483841","0.1475411206483841","93","93","93"
"9499","0.13939419388771057","0.13939419388771057","0.13939419388771057","94","94","94"
"9599","0.13686628639698029","0.13686628639698029","0.13686628639698029","95","95","95"
"9699","0.14806576073169708","0.14806576073169708","0.14806576073169708","96","96","96"
"9799","0.13958513736724854","0.13958513736724854","0.13958513736724854","97","97","97"
"9899","0.1347721368074417","0.1347721368074417","0.1347721368074417","98","98","98"
"9999","0.14166197180747986","0.14166197180747986","0.14166197180747986","99","99","99"
"10099","0.1436791568994522","0.1436791568994522","0.1436791568994522","100","100","100"
"10199","0.14253012835979462","0.14253012835979462","0.14253012835979462","101","101","101"
"10299","0.13781504333019257","0.13781504333019257","0.13781504333019257","102","102","102"
"10399","0.13968229293823242","0.13968229293823242","0.13968229293823242","103","103","103"
"10499","0.14513985812664032","0.14513985812664032","0.14513985812664032","104","104","104"
"10599","0.14307525753974915","0.14307525753974915","0.14307525753974915","105","105","105"
"10699","0.141349658370018","0.141349658370018","0.141349658370018","106","106","106"
"10799","0.1398235559463501","0.1398235559463501","0.1398235559463501","107","107","107"
"10899","0.13979922235012054","0.13979922235012054","0.13979922235012054","108","108","108"
"10999","0.13965405523777008","0.13965405523777008","0.13965405523777008","109","109","109"
"11099","0.13764069974422455","0.13764069974422455","0.13764069974422455","110","110","110"
"11199","0.14131908118724823","0.14131908118724823","0.14131908118724823","111","111","111"
"11299","0.14286302030086517","0.14286302030086517","0.14286302030086517","112","112","112"
"11399","0.14233547449111938","0.14233547449111938","0.14233547449111938","113","113","113"
"11499","0.14588673412799835","0.14588673412799835","0.14588673412799835","114","114","114"
"11599","0.14044734835624695","0.14044734835624695","0.14044734835624695","115","115","115"
"11699","0.14204026758670807","0.14204026758670807","0.14204026758670807","116","116","116"
"11799","0.14016039669513702","0.14016039669513702","0.14016039669513702","117","117","117"
"11899","0.14420071244239807","0.14420071244239807","0.14420071244239807","118","118","118"
"11999","0.1307488977909088","0.1307488977909088","0.1307488977909088","119","119","119"
"12099","0.13794231414794922","0.13794231414794922","0.13794231414794922","120","120","120"
"12199","0.13828802108764648","0.13828802108764648","0.13828802108764648","121","121","121"
"12299","0.13443832099437714","0.13443832099437714","0.13443832099437714","122","122","122"
"12399","0.13953067362308502","0.13953067362308502","0.13953067362308502","123","123","123"
"12499","0.13685402274131775","0.13685402274131775","0.13685402274131775","124","124","124"
"12599","0.13836349546909332","0.13836349546909332","0.13836349546909332","125","125","125"
"12699","0.1360979974269867","0.1360979974269867","0.1360979974269867","126","126","126"
"12799","0.13896594941616058","0.13896594941616058","0.13896594941616058","127","127","127"
"12899","0.1484706550836563","0.1484706550836563","0.1484706550836563","128","128","128"
"12999","0.14215558767318726","0.14215558767318726","0.14215558767318726","129","129","129"
"13099","0.14128482341766357","0.14128482341766357","0.14128482341766357","130","130","130"
"13199","0.13860411942005157","0.13860411942005157","0.13860411942005157","131","131","131"
"13299","0.14316008985042572","0.14316008985042572","0.14316008985042572","132","132","132"
"13399","0.1343165636062622","0.1343165636062622","0.1343165636062622","133","133","133"
"13499","0.13605575263500214","0.13605575263500214","0.13605575263500214","134","134","134"
"13599","0.13655847311019897","0.13655847311019897","0.13655847311019897","135","135","135"
"13699","0.13292548060417175","0.13292548060417175","0.13292548060417175","136","136","136"
"13799","0.1398129016160965","0.1398129016160965","0.1398129016160965","137","137","137"
"13899","0.1360461413860321","0.1360461413860321","0.1360461413860321","138","138","138"
"13999","0.13807155191898346","0.13807155191898346","0.13807155191898346","139","139","139"
"14099","0.14069198071956635","0.14069198071956635","0.14069198071956635","140","140","140"
"14199","0.1391313672065735","0.1391313672065735","0.1391313672065735","141","141","141"
"14299","0.1384011059999466","0.1384011059999466","0.1384011059999466","142","142","142"
"14399","0.1356867253780365","0.1356867253780365","0.1356867253780365","143","143","143"
"14499","0.13502998650074005","0.13502998650074005","0.13502998650074005","144","144","144"
"14599","0.13436052203178406","0.13436052203178406","0.13436052203178406","145","145","145"
"14699","0.13495460152626038","0.13495460152626038","0.13495460152626038","146","146","146"
"14799","0.1374751329421997","0.1374751329421997","0.1374751329421997","147","147","147"
"14899","0.13329388201236725","0.13329388201236725","0.13329388201236725","148","148","148"
"14999","0.23014868795871735","0.23014868795871735","0.23014868795871735","149","149","149"
"15099","0.17572557926177979","0.17572557926177979","0.17572557926177979","150","150","150"
"15199","0.16181206703186035","0.16181206703186035","0.16181206703186035","151","151","151"
"15299","0.1596325933933258","0.1596325933933258","0.1596325933933258","152","152","152"
"15399","0.15026171505451202","0.15026171505451202","0.15026171505451202","153","153","153"
"15499","0.148663729429245","0.148663729429245","0.148663729429245","154","154","154"
"15599","0.14134126901626587","0.14134126901626587","0.14134126901626587","155","155","155"
"15699","0.13781239092350006","0.13781239092350006","0.13781239092350006","156","156","156"
"15799","0.14155437052249908","0.14155437052249908","0.14155437052249908","157","157","157"
"15899","0.14194144308567047","0.14194144308567047","0.14194144308567047","158","158","158"
"15999","0.13229240477085114","0.13229240477085114","0.13229240477085114","159","159","159"
"16099","0.14355547726154327","0.14355547726154327","0.14355547726154327","160","160","160"
"16199","0.13934524357318878","0.13934524357318878","0.13934524357318878","161","161","161"
"16299","0.13656672835350037","0.13656672835350037","0.13656672835350037","162","162","162"
"16399","0.13498874008655548","0.13498874008655548","0.13498874008655548","163","163","163"
"16499","0.13742820918560028","0.13742820918560028","0.13742820918560028","164","164","164"
"16599","0.14041587710380554","0.14041587710380554","0.14041587710380554","165","165","165"
"16699","0.13629889488220215","0.13629889488220215","0.13629889488220215","166","166","166"
"16799","0.133384570479393","0.133384570479393","0.133384570479393","167","167","167"
"16899","0.13862864673137665","0.13862864673137665","0.13862864673137665","168","168","168"
"16999","0.13945278525352478","0.13945278525352478","0.13945278525352478","169","169","169"
"17099","0.13119275867938995","0.13119275867938995","0.13119275867938995","170","170","170"
"17199","0.13982582092285156","0.13982582092285156","0.13982582092285156","171","171","171"
"17299","0.14343851804733276","0.14343851804733276","0.14343851804733276","172","172","172"
"17399","0.13882037997245789","0.13882037997245789","0.13882037997245789","173","173","173"
"17499","0.12951263785362244","0.12951263785362244","0.12951263785362244","174","174","174"
"17599","0.1403602808713913","0.1403602808713913","0.1403602808713913","175","175","175"
"17699","0.13556352257728577","0.13556352257728577","0.13556352257728577","176","176","176"
"17799","0.1315726637840271","0.1315726637840271","0.1315726637840271","177","177","177"
"17899","0.1367589235305786","0.1367589235305786","0.1367589235305786","178","178","178"
"17999","0.137923926115036","0.137923926115036","0.137923926115036","179","179","179"
"18099","0.13618864119052887","0.13618864119052887","0.13618864119052887","180","180","180"
"18199","0.13698062300682068","0.13698062300682068","0.13698062300682068","181","181","181"
"18299","0.1352938711643219","0.1352938711643219","0.1352938711643219","182","182","182"
"18399","0.1327553540468216","0.1327553540468216","0.1327553540468216","183","183","183"
"18499","0.12953267991542816","0.12953267991542816","0.12953267991542816","184","184","184"
"18599","0.13287608325481415","0.13287608325481415","0.13287608325481415","185","185","185"
"18699","0.13663992285728455","0.13663992285728455","0.13663992285728455","186","186","186"
"18799","0.134256973862648","0.134256973862648","0.134256973862648","187","187","187"
"18899","0.1322840005159378","0.1322840005159378","0.1322840005159378","188","188","188"
"18999","0.13772453367710114","0.13772453367710114","0.13772453367710114","189","189","189"
"19099","0.13782693445682526","0.13782693445682526","0.13782693445682526","190","190","190"
"19199","0.12616588175296783","0.12616588175296783","0.12616588175296783","191","191","191"
"19299","0.1356040984392166","0.1356040984392166","0.1356040984392166","192","192","192"
"19399","0.13087061047554016","0.13087061047554016","0.13087061047554016","193","193","193"
"19499","0.13384105265140533","0.13384105265140533","0.13384105265140533","194","194","194"
"19599","0.13502033054828644","0.13502033054828644","0.13502033054828644","195","195","195"
"19699","0.13612093031406403","0.13612093031406403","0.13612093031406403","196","196","196"
"19799","0.13785035908222198","0.13785035908222198","0.13785035908222198","197","197","197"
"19899","0.13221749663352966","0.13221749663352966","0.13221749663352966","198","198","198"
"19999","0.138458251953125","0.138458251953125","0.138458251953125","199","199","199"
"20099","0.13509362936019897","0.13509362936019897","0.13509362936019897","200","200","200"
"20199","0.13178911805152893","0.13178911805152893","0.13178911805152893","201","201","201"
"20299","0.13435418903827667","0.13435418903827667","0.13435418903827667","202","202","202"
"20399","0.13721635937690735","0.13721635937690735","0.13721635937690735","203","203","203"
"20499","0.13520480692386627","0.13520480692386627","0.13520480692386627","204","204","204"
"20599","0.14073815941810608","0.14073815941810608","0.14073815941810608","205","205","205"
"20699","0.13063277304172516","0.13063277304172516","0.13063277304172516","206","206","206"
"20799","0.12924544513225555","0.12924544513225555","0.12924544513225555","207","207","207"
"20899","0.13112282752990723","0.13112282752990723","0.13112282752990723","208","208","208"
"20999","0.13026221096515656","0.13026221096515656","0.13026221096515656","209","209","209"
"21099","0.133967787027359","0.133967787027359","0.133967787027359","210","210","210"
"21199","0.13456346094608307","0.13456346094608307","0.13456346094608307","211","211","211"
"21299","0.13279922306537628","0.13279922306537628","0.13279922306537628","212","212","212"
"21399","0.1349472552537918","0.1349472552537918","0.1349472552537918","213","213","213"
"21499","0.11910612136125565","0.11910612136125565","0.11910612136125565","214","214","214"
"21599","0.13259585201740265","0.13259585201740265","0.13259585201740265","215","215","215"
"21699","0.12879006564617157","0.12879006564617157","0.12879006564617157","216","216","216"
"21799","0.12800464034080505","0.12800464034080505","0.12800464034080505","217","217","217"
"21899","0.1278178095817566","0.1278178095817566","0.1278178095817566","218","218","218"
"21999","0.13527993857860565","0.13527993857860565","0.13527993857860565","219","219","219"
"22099","0.13323336839675903","0.13323336839675903","0.13323336839675903","220","220","220"
"22199","0.1414104700088501","0.1414104700088501","0.1414104700088501","221","221","221"
"22299","0.12751567363739014","0.12751567363739014","0.12751567363739014","222","222","222"
"22399","0.1349431872367859","0.1349431872367859","0.1349431872367859","223","223","223"
"22499","0.12476455420255661","0.12476455420255661","0.12476455420255661","224","224","224"
"22599","0.1280137300491333","0.1280137300491333","0.1280137300491333","225","225","225"
"22699","0.1320897787809372","0.1320897787809372","0.1320897787809372","226","226","226"
"22799","0.13528621196746826","0.13528621196746826","0.13528621196746826","227","227","227"
"22899","0.12971225380897522","0.12971225380897522","0.12971225380897522","228","228","228"
"22999","0.1272989958524704","0.1272989958524704","0.1272989958524704","229","229","229"
"23099","0.13633888959884644","0.13633888959884644","0.13633888959884644","230","230","230"
"23199","0.1284814029932022","0.1284814029932022","0.1284814029932022","231","231","231"
"23299","0.13300637900829315","0.13300637900829315","0.13300637900829315","232","232","232"
"23399","0.1386156976222992","0.1386156976222992","0.1386156976222992","233","233","233"
"23499","0.1391228288412094","0.1391228288412094","0.1391228288412094","234","234","234"
"23599","0.1353289932012558","0.1353289932012558","0.1353289932012558","235","235","235"
"23699","0.12646350264549255","0.12646350264549255","0.12646350264549255","236","236","236"
"23799","0.12968584895133972","0.12968584895133972","0.12968584895133972","237","237","237"
"23899","0.13963645696640015","0.13963645696640015","0.13963645696640015","238","238","238"
"23999","0.1309605985879898","0.1309605985879898","0.1309605985879898","239","239","239"
"24099","0.12937067449092865","0.12937067449092865","0.12937067449092865","240","240","240"
"24199","0.12970894575119019","0.12970894575119019","0.12970894575119019","241","241","241"
"24299","0.1351315975189209","0.1351315975189209","0.1351315975189209","242","242","242"
"24399","0.1317635029554367","0.1317635029554367","0.1317635029554367","243","243","243"
"24499","0.12766128778457642","0.12766128778457642","0.12766128778457642","244","244","244"
"24599","0.1275836080312729","0.1275836080312729","0.1275836080312729","245","245","245"
"24699","0.2245585024356842","0.2245585024356842","0.2245585024356842","246","246","246"
"24799","0.1707962304353714","0.1707962304353714","0.1707962304353714","247","247","247"
"24899","0.1655031442642212","0.1655031442642212","0.1655031442642212","248","248","248"
"24999","0.1577938050031662","0.1577938050031662","0.1577938050031662","249","249","249"
"25099","0.16456924378871918","0.16456924378871918","0.16456924378871918","250","250","250"
"25199","0.1586216539144516","0.1586216539144516","0.1586216539144516","251","251","251"
"25299","0.15297651290893555","0.15297651290893555","0.15297651290893555","252","252","252"
"25399","0.15505152940750122","0.15505152940750122","0.15505152940750122","253","253","253"
"25499","0.14681722223758698","0.14681722223758698","0.14681722223758698","254","254","254"
"25599","0.1498996913433075","0.1498996913433075","0.1498996913433075","255","255","255"
"25699","0.15249775350093842","0.15249775350093842","0.15249775350093842","256","256","256"
"25799","0.14691786468029022","0.14691786468029022","0.14691786468029022","257","257","257"
"25899","0.1450459361076355","0.1450459361076355","0.1450459361076355","258","258","258"
"25999","0.148332878947258","0.148332878947258","0.148332878947258","259","259","259"
"26099","0.1452171504497528","0.1452171504497528","0.1452171504497528","260","260","260"
"26199","0.13862577080726624","0.13862577080726624","0.13862577080726624","261","261","261"
"26299","0.14008869230747223","0.14008869230747223","0.14008869230747223","262","262","262"
"26399","0.13421784341335297","0.13421784341335297","0.13421784341335297","263","263","263"
"26499","0.1371399462223053","0.1371399462223053","0.1371399462223053","264","264","264"
"26599","0.1442180573940277","0.1442180573940277","0.1442180573940277","265","265","265"
"26699","0.13564147055149078","0.13564147055149078","0.13564147055149078","266","266","266"
"26799","0.13323621451854706","0.13323621451854706","0.13323621451854706","267","267","267"
"26899","0.133895605802536","0.133895605802536","0.133895605802536","268","268","268"
"26999","0.14368827641010284","0.14368827641010284","0.14368827641010284","269","269","269"
"27099","0.13302849233150482","0.13302849233150482","0.13302849233150482","270","270","270"
"27199","0.13240499794483185","0.13240499794483185","0.13240499794483185","271","271","271"
"27299","0.13912032544612885","0.13912032544612885","0.13912032544612885","272","272","272"
"27399","0.14469166100025177","0.14469166100025177","0.14469166100025177","273","273","273"
"27499","0.13987962901592255","0.13987962901592255","0.13987962901592255","274","274","274"
"27599","0.1302948147058487","0.1302948147058487","0.1302948147058487","275","275","275"
"27699","0.1333860456943512","0.1333860456943512","0.1333860456943512","276","276","276"
"27799","0.13348962366580963","0.13348962366580963","0.13348962366580963","277","277","277"
"27899","0.12975873053073883","0.12975873053073883","0.12975873053073883","278","278","278"
"27999","0.14022688567638397","0.14022688567638397","0.14022688567638397","279","279","279"
"28099","0.13315235078334808","0.13315235078334808","0.13315235078334808","280","280","280"
"28199","0.1317334771156311","0.1317334771156311","0.1317334771156311","281","281","281"
"28299","0.13582725822925568","0.13582725822925568","0.13582725822925568","282","282","282"
"28399","0.1325208693742752","0.1325208693742752","0.1325208693742752","283","283","283"
"28499","0.1367596983909607","0.1367596983909607","0.1367596983909607","284","284","284"
"28599","0.13060078024864197","0.13060078024864197","0.13060078024864197","285","285","285"
"28699","0.1287798285484314","0.1287798285484314","0.1287798285484314","286","286","286"
"28799","0.1373748779296875","0.1373748779296875","0.1373748779296875","287","287","287"
"28899","0.1293785721063614","0.1293785721063614","0.1293785721063614","288","288","288"
"28999","0.13233298063278198","0.13233298063278198","0.13233298063278198","289","289","289"
"29099","0.13433262705802917","0.13433262705802917","0.13433262705802917","290","290","290"
"29199","0.13839200139045715","0.13839200139045715","0.13839200139045715","291","291","291"
"29299","0.1393873244524002","0.1393873244524002","0.1393873244524002","292","292","292"
"29399","0.134022518992424","0.134022518992424","0.134022518992424","293","293","293"
"29499","0.13258187472820282","0.13258187472820282","0.13258187472820282","294","294","294"
"29599","0.12774856388568878","0.12774856388568878","0.12774856388568878","295","295","295"
"29699","0.1296045333147049","0.1296045333147049","0.1296045333147049","296","296","296"
"29799","0.13195952773094177","0.13195952773094177","0.13195952773094177","297","297","297"
"29899","0.13335168361663818","0.13335168361663818","0.13335168361663818","298","298","298"
"29999","0.12953272461891174","0.12953272461891174","0.12953272461891174","299","299","299"
"30099","0.12802210450172424","0.12802210450172424","0.12802210450172424","300","300","300"
"30199","0.13059726357460022","0.13059726357460022","0.13059726357460022","301","301","301"
"30299","0.13300666213035583","0.13300666213035583","0.13300666213035583","302","302","302"
"30399","0.13123059272766113","0.13123059272766113","0.13123059272766113","303","303","303"
"30499","0.13643188774585724","0.13643188774585724","0.13643188774585724","304","304","304"
"30599","0.12789508700370789","0.12789508700370789","0.12789508700370789","305","305","305"
"30699","0.13680389523506165","0.13680389523506165","0.13680389523506165","306","306","306"
"30799","0.13419467210769653","0.13419467210769653","0.13419467210769653","307","307","307"
"30899","0.13310685753822327","0.13310685753822327","0.13310685753822327","308","308","308"
"30999","0.13659468293190002","0.13659468293190002","0.13659468293190002","309","309","309"
"31099","0.1276712864637375","0.1276712864637375","0.1276712864637375","310","310","310"
"31199","0.12905506789684296","0.12905506789684296","0.12905506789684296","311","311","311"
"31299","0.12621794641017914","0.12621794641017914","0.12621794641017914","312","312","312"
"31399","0.13191662728786469","0.13191662728786469","0.13191662728786469","313","313","313"
"31499","0.13364961743354797","0.13364961743354797","0.13364961743354797","314","314","314"
"31599","0.1257619708776474","0.1257619708776474","0.1257619708776474","315","315","315"
"31699","0.12942343950271606","0.12942343950271606","0.12942343950271606","316","316","316"
"31799","0.12848469614982605","0.12848469614982605","0.12848469614982605","317","317","317"
"31899","0.13712602853775024","0.13712602853775024","0.13712602853775024","318","318","318"
"31999","0.1318666785955429","0.1318666785955429","0.1318666785955429","319","319","319"
"32099","0.12677854299545288","0.12677854299545288","0.12677854299545288","320","320","320"
"32199","0.13590213656425476","0.13590213656425476","0.13590213656425476","321","321","321"
"32299","0.12492801249027252","0.12492801249027252","0.12492801249027252","322","322","322"
"32399","0.12834976613521576","0.12834976613521576","0.12834976613521576","323","323","323"
"32499","0.1373998522758484","0.1373998522758484","0.1373998522758484","324","324","324"
"32599","0.13125847280025482","0.13125847280025482","0.13125847280025482","325","325","325"
"32699","0.13322843611240387","0.13322843611240387","0.13322843611240387","326","326","326"
"32799","0.13377608358860016","0.13377608358860016","0.13377608358860016","327","327","327"
"32899","0.12731340527534485","0.12731340527534485","0.12731340527534485","328","328","328"
"32999","0.1303032636642456","0.1303032636642456","0.1303032636642456","329","329","329"
"33099","0.13728837668895721","0.13728837668895721","0.13728837668895721","330","330","330"
"33199","0.13512423634529114","0.13512423634529114","0.13512423634529114","331","331","331"
"33299","0.13088926672935486","0.13088926672935486","0.13088926672935486","332","332","332"
"33399","0.1324000507593155","0.1324000507593155","0.1324000507593155","333","333","333"
"33499","0.13138870894908905","0.13138870894908905","0.13138870894908905","334","334","334"
"33599","0.13022920489311218","0.13022920489311218","0.13022920489311218","335","335","335"
"33699","0.12801380455493927","0.12801380455493927","0.12801380455493927","336","336","336"
"33799","0.12366625666618347","0.12366625666618347","0.12366625666618347","337","337","337"
"33899","0.1283392757177353","0.1283392757177353","0.1283392757177353","338","338","338"
"33999","0.13346081972122192","0.13346081972122192","0.13346081972122192","339","339","339"
"34099","0.13326212763786316","0.13326212763786316","0.13326212763786316","340","340","340"
"34199","0.13071154057979584","0.13071154057979584","0.13071154057979584","341","341","341"
"34299","0.13530969619750977","0.13530969619750977","0.13530969619750977","342","342","342"
"34399","0.131944939494133","0.131944939494133","0.131944939494133","343","343","343"
"34499","0.132473424077034","0.132473424077034","0.132473424077034","344","344","344"
"34599","0.1322382092475891","0.1322382092475891","0.1322382092475891","345","345","345"
"34699","0.13117672502994537","0.13117672502994537","0.13117672502994537","346","346","346"
"34799","0.13389313220977783","0.13389313220977783","0.13389313220977783","347","347","347"
"34899","0.1287742555141449","0.1287742555141449","0.1287742555141449","348","348","348"
"34999","0.13267308473587036","0.13267308473587036","0.13267308473587036","349","349","349"
"35099","0.1225804015994072","0.1225804015994072","0.1225804015994072","350","350","350"
"35199","0.1283583790063858","0.1283583790063858","0.1283583790063858","351","351","351"
"35299","0.13369154930114746","0.13369154930114746","0.13369154930114746","352","352","352"
"35399","0.1365356743335724","0.1365356743335724","0.1365356743335724","353","353","353"
"35499","0.1301281452178955","0.1301281452178955","0.1301281452178955","354","354","354"
"35599","0.13261517882347107","0.13261517882347107","0.13261517882347107","355","355","355"
"35699","0.12944062054157257","0.12944062054157257","0.12944062054157257","356","356","356"
"35799","0.12557977437973022","0.12557977437973022","0.12557977437973022","357","357","357"
"35899","0.13509489595890045","0.13509489595890045","0.13509489595890045","358","358","358"
"35999","0.1263488382101059","0.1263488382101059","0.1263488382101059","359","359","359"
"36099","0.1256277859210968","0.1256277859210968","0.1256277859210968","360","360","360"
"36199","0.13248591125011444","0.13248591125011444","0.13248591125011444","361","361","361"
"36299","0.13070125877857208","0.13070125877857208","0.13070125877857208","362","362","362"
"36399","0.1240285336971283","0.1240285336971283","0.1240285336971283","363","363","363"
"36499","0.1349145919084549","0.1349145919084549","0.1349145919084549","364","364","364"
"36599","0.12308541685342789","0.12308541685342789","0.12308541685342789","365","365","365"
"36699","0.135309636592865","0.135309636592865","0.135309636592865","366","366","366"
"36799","0.12389916181564331","0.12389916181564331","0.12389916181564331","367","367","367"
"36899","0.13296839594841003","0.13296839594841003","0.13296839594841003","368","368","368"
"36999","0.12697762250900269","0.12697762250900269","0.12697762250900269","369","369","369"
"37099","0.13252994418144226","0.13252994418144226","0.13252994418144226","370","370","370"
"37199","0.1288163959980011","0.1288163959980011","0.1288163959980011","371","371","371"
"37299","0.1296430081129074","0.1296430081129074","0.1296430081129074","372","372","372"
"37399","0.12943404912948608","0.12943404912948608","0.12943404912948608","373","373","373"
"37499","0.13744878768920898","0.13744878768920898","0.13744878768920898","374","374","374"
"37599","0.12782880663871765","0.12782880663871765","0.12782880663871765","375","375","375"
"37699","0.13236291706562042","0.13236291706562042","0.13236291706562042","376","376","376"
"37799","0.13360562920570374","0.13360562920570374","0.13360562920570374","377","377","377"
"37899","0.12959478795528412","0.12959478795528412","0.12959478795528412","378","378","378"
"37999","0.1295114904642105","0.1295114904642105","0.1295114904642105","379","379","379"
"38099","0.12434210628271103","0.12434210628271103","0.12434210628271103","380","380","380"
"38199","0.12952977418899536","0.12952977418899536","0.12952977418899536","381","381","381"
"38299","0.12515206634998322","0.12515206634998322","0.12515206634998322","382","382","382"
"38399","0.13589154183864594","0.13589154183864594","0.13589154183864594","383","383","383"
"38499","0.12986215949058533","0.12986215949058533","0.12986215949058533","384","384","384"
"38599","0.12302570790052414","0.12302570790052414","0.12302570790052414","385","385","385"
"38699","0.13123787939548492","0.13123787939548492","0.13123787939548492","386","386","386"
"38799","0.12875337898731232","0.12875337898731232","0.12875337898731232","387","387","387"
"38899","0.12307381629943848","0.12307381629943848","0.12307381629943848","388","388","388"
"38999","0.13028544187545776","0.13028544187545776","0.13028544187545776","389","389","389"
"39099","0.13038495182991028","0.13038495182991028","0.13038495182991028","390","390","390"
"39199","0.1293085813522339","0.1293085813522339","0.1293085813522339","391","391","391"
"39299","0.13116192817687988","0.13116192817687988","0.13116192817687988","392","392","392"
"39399","0.12873604893684387","0.12873604893684387","0.12873604893684387","393","393","393"
"39499","0.1317078173160553","0.1317078173160553","0.1317078173160553","394","394","394"
"39599","0.1300540715456009","0.1300540715456009","0.1300540715456009","395","395","395"
"39699","0.12193923443555832","0.12193923443555832","0.12193923443555832","396","396","396"
"39799","0.13002339005470276","0.13002339005470276","0.13002339005470276","397","397","397"
"39899","0.12907658517360687","0.12907658517360687","0.12907658517360687","398","398","398"
"39999","0.12162269651889801","0.12162269651889801","0.12162269651889801","399","399","399"
"40099","0.1376168429851532","0.1376168429851532","0.1376168429851532","400","400","400"
"40199","0.13783442974090576","0.13783442974090576","0.13783442974090576","401","401","401"
"40299","0.13172182440757751","0.13172182440757751","0.13172182440757751","402","402","402"
"40399","0.12988026440143585","0.12988026440143585","0.12988026440143585","403","403","403"
"40499","0.13345681130886078","0.13345681130886078","0.13345681130886078","404","404","404"
"40599","0.12854065001010895","0.12854065001010895","0.12854065001010895","405","405","405"
"40699","0.13270246982574463","0.13270246982574463","0.13270246982574463","406","406","406"
"40799","0.12740780413150787","0.12740780413150787","0.12740780413150787","407","407","407"
"40899","0.12692959606647491","0.12692959606647491","0.12692959606647491","408","408","408"
"40999","0.13070032000541687","0.13070032000541687","0.13070032000541687","409","409","409"
"41099","0.1274590641260147","0.1274590641260147","0.1274590641260147","410","410","410"
"41199","0.1320134550333023","0.1320134550333023","0.1320134550333023","411","411","411"
"41299","0.1255197823047638","0.1255197823047638","0.1255197823047638","412","412","412"
"41399","0.12631382048130035","0.12631382048130035","0.12631382048130035","413","413","413"
"41499","0.13261128962039948","0.13261128962039948","0.13261128962039948","414","414","414"
"41599","0.1329292505979538","0.1329292505979538","0.1329292505979538","415","415","415"
"41699","0.12735913693904877","0.12735913693904877","0.12735913693904877","416","416","416"
"41799","0.12664268910884857","0.12664268910884857","0.12664268910884857","417","417","417"
"41899","0.12922552227973938","0.12922552227973938","0.12922552227973938","418","418","418"
"41999","0.1355341672897339","0.1355341672897339","0.1355341672897339","419","419","419"
"42099","0.1268783062696457","0.1268783062696457","0.1268783062696457","420","420","420"
"42199","0.12689897418022156","0.12689897418022156","0.12689897418022156","421","421","421"
"42299","0.12810826301574707","0.12810826301574707","0.12810826301574707","422","422","422"
"42399","0.1301758587360382","0.1301758587360382","0.1301758587360382","423","423","423"
"42499","0.12493368238210678","0.12493368238210678","0.12493368238210678","424","424","424"
"42599","0.1276148557662964","0.1276148557662964","0.1276148557662964","425","425","425"
"42699","0.13145680725574493","0.13145680725574493","0.13145680725574493","426","426","426"
"42799","0.1267070472240448","0.1267070472240448","0.1267070472240448","427","427","427"
"42899","0.12682697176933289","0.12682697176933289","0.12682697176933289","428","428","428"
"42999","0.12866318225860596","0.12866318225860596","0.12866318225860596","429","429","429"
"43099","0.1330072432756424","0.1330072432756424","0.1330072432756424","430","430","430"
"43199","0.1260647475719452","0.1260647475719452","0.1260647475719452","431","431","431"
"43299","0.12933021783828735","0.12933021783828735","0.12933021783828735","432","432","432"
"43399","0.13388752937316895","0.13388752937316895","0.13388752937316895","433","433","433"
"43499","0.12764514982700348","0.12764514982700348","0.12764514982700348","434","434","434"
"43599","0.12778589129447937","0.12778589129447937","0.12778589129447937","435","435","435"
"43699","0.13002565503120422","0.13002565503120422","0.13002565503120422","436","436","436"
"43799","0.12765897810459137","0.12765897810459137","0.12765897810459137","437","437","437"
"43899","0.12900513410568237","0.12900513410568237","0.12900513410568237","438","438","438"
"43999","0.12281698733568192","0.12281698733568192","0.12281698733568192","439","439","439"
"44099","0.13253234326839447","0.13253234326839447","0.13253234326839447","440","440","440"
"44199","0.13146854937076569","0.13146854937076569","0.13146854937076569","441","441","441"
"44299","0.12430450320243835","0.12430450320243835","0.12430450320243835","442","442","442"
"44399","0.12738686800003052","0.12738686800003052","0.12738686800003052","443","443","443"
"44499","0.12539421021938324","0.12539421021938324","0.12539421021938324","444","444","444"
"44599","0.12581974267959595","0.12581974267959595","0.12581974267959595","445","445","445"
"44699","0.12785527110099792","0.12785527110099792","0.12785527110099792","446","446","446"
"44799","0.12973757088184357","0.12973757088184357","0.12973757088184357","447","447","447"
"44899","0.12800505757331848","0.12800505757331848","0.12800505757331848","448","448","448"
"44999","0.12157300114631653","0.12157300114631653","0.12157300114631653","449","449","449"
"45099","0.12833750247955322","0.12833750247955322","0.12833750247955322","450","450","450"
"45199","0.13318489491939545","0.13318489491939545","0.13318489491939545","451","451","451"
"45299","0.13183672726154327","0.13183672726154327","0.13183672726154327","452","452","452"
"45399","0.13392531871795654","0.13392531871795654","0.13392531871795654","453","453","453"
"45499","0.11851032823324203","0.11851032823324203","0.11851032823324203","454","454","454"
"45599","0.12707014381885529","0.12707014381885529","0.12707014381885529","455","455","455"
"45699","0.13179197907447815","0.13179197907447815","0.13179197907447815","456","456","456"
"45799","0.12622815370559692","0.12622815370559692","0.12622815370559692","457","457","457"
"45899","0.12651237845420837","0.12651237845420837","0.12651237845420837","458","458","458"
"45999","0.12376325577497482","0.12376325577497482","0.12376325577497482","459","459","459"
"46099","0.12756545841693878","0.12756545841693878","0.12756545841693878","460","460","460"
"46199","0.12837958335876465","0.12837958335876465","0.12837958335876465","461","461","461"
"46299","0.12186341732740402","0.12186341732740402","0.12186341732740402","462","462","462"
"46399","0.13217605650424957","0.13217605650424957","0.13217605650424957","463","463","463"
"46499","0.12587344646453857","0.12587344646453857","0.12587344646453857","464","464","464"
"46599","0.13458497822284698","0.13458497822284698","0.13458497822284698","465","465","465"
"46699","0.13049057126045227","0.13049057126045227","0.13049057126045227","466","466","466"
"46799","0.1238325759768486","0.1238325759768486","0.1238325759768486","467","467","467"
"46899","0.12265075743198395","0.12265075743198395","0.12265075743198395","468","468","468"
"46999","0.1245369017124176","0.1245369017124176","0.1245369017124176","469","469","469"
"47099","0.12375014275312424","0.12375014275312424","0.12375014275312424","470","470","470"
"47199","0.12785881757736206","0.12785881757736206","0.12785881757736206","471","471","471"
"47299","0.13431333005428314","0.13431333005428314","0.13431333005428314","472","472","472"
"47399","0.1300869733095169","0.1300869733095169","0.1300869733095169","473","473","473"
"47499","0.13404758274555206","0.13404758274555206","0.13404758274555206","474","474","474"
"47599","0.12548932433128357","0.12548932433128357","0.12548932433128357","475","475","475"
"47699","0.12480507045984268","0.12480507045984268","0.12480507045984268","476","476","476"
"47799","0.12599997222423553","0.12599997222423553","0.12599997222423553","477","477","477"
"47899","0.13480296730995178","0.13480296730995178","0.13480296730995178","478","478","478"
"47999","0.12803608179092407","0.12803608179092407","0.12803608179092407","479","479","479"
"48099","0.12832538783550262","0.12832538783550262","0.12832538783550262","480","480","480"
"48199","0.11902143806219101","0.11902143806219101","0.11902143806219101","481","481","481"
"48299","0.1212008073925972","0.1212008073925972","0.1212008073925972","482","482","482"
"48399","0.12832576036453247","0.12832576036453247","0.12832576036453247","483","483","483"
"48499","0.12705354392528534","0.12705354392528534","0.12705354392528534","484","484","484"
"48599","0.12624093890190125","0.12624093890190125","0.12624093890190125","485","485","485"
"48699","0.12721718847751617","0.12721718847751617","0.12721718847751617","486","486","486"
"48799","0.1288800835609436","0.1288800835609436","0.1288800835609436","487","487","487"
"48899","0.12545430660247803","0.12545430660247803","0.12545430660247803","488","488","488"
"48999","0.12716732919216156","0.12716732919216156","0.12716732919216156","489","489","489"
"49099","0.1224752813577652","0.1224752813577652","0.1224752813577652","490","490","490"
"49199","0.12559771537780762","0.12559771537780762","0.12559771537780762","491","491","491"
"49299","0.12829428911209106","0.12829428911209106","0.12829428911209106","492","492","492"
"49399","0.12400104105472565","0.12400104105472565","0.12400104105472565","493","493","493"
"49499","0.12791776657104492","0.12791776657104492","0.12791776657104492","494","494","494"
"49599","0.12779882550239563","0.12779882550239563","0.12779882550239563","495","495","495"
"49699","0.12668778002262115","0.12668778002262115","0.12668778002262115","496","496","496"
"49799","0.1225898265838623","0.1225898265838623","0.1225898265838623","497","497","497"
"49899","0.11975932121276855","0.11975932121276855","0.11975932121276855","498","498","498"
"49999","0.12307322025299072","0.12307322025299072","0.12307322025299072","499","499","499"
"50099","0.12503740191459656","0.12503740191459656","0.12503740191459656","500","500","500"
"50199","0.12218411266803741","0.12218411266803741","0.12218411266803741","501","501","501"
"50299","0.12227661907672882","0.12227661907672882","0.12227661907672882","502","502","502"
"50399","0.12145382165908813","0.12145382165908813","0.12145382165908813","503","503","503"
"50499","0.12728866934776306","0.12728866934776306","0.12728866934776306","504","504","504"
"50599","0.12171921133995056","0.12171921133995056","0.12171921133995056","505","505","505"
"50699","0.1287294179201126","0.1287294179201126","0.1287294179201126","506","506","506"
"50799","0.1244702935218811","0.1244702935218811","0.1244702935218811","507","507","507"
"50899","0.126007542014122","0.126007542014122","0.126007542014122","508","508","508"
"50999","0.12778864800930023","0.12778864800930023","0.12778864800930023","509","509","509"
"51099","0.12209420651197433","0.12209420651197433","0.12209420651197433","510","510","510"
"51199","0.12700553238391876","0.12700553238391876","0.12700553238391876","511","511","511"
"51299","0.12373507022857666","0.12373507022857666","0.12373507022857666","512","512","512"
"51399","0.11963384598493576","0.11963384598493576","0.11963384598493576","513","513","513"
"51499","0.13180707395076752","0.13180707395076752","0.13180707395076752","514","514","514"
"51599","0.12325495481491089","0.12325495481491089","0.12325495481491089","515","515","515"
"51699","0.12414578348398209","0.12414578348398209","0.12414578348398209","516","516","516"
"51799","0.12749409675598145","0.12749409675598145","0.12749409675598145","517","517","517"
"51899","0.1276906281709671","0.1276906281709671","0.1276906281709671","518","518","518"
"51999","0.12357523292303085","0.12357523292303085","0.12357523292303085","519","519","519"
"52099","0.12589137256145477","0.12589137256145477","0.12589137256145477","520","520","520"
"52199","0.12440905719995499","0.12440905719995499","0.12440905719995499","521","521","521"
"52299","0.12630198895931244","0.12630198895931244","0.12630198895931244","522","522","522"
"52399","0.12245699763298035","0.12245699763298035","0.12245699763298035","523","523","523"
"52499","0.12399306148290634","0.12399306148290634","0.12399306148290634","524","524","524"
"52599","0.12862665951251984","0.12862665951251984","0.12862665951251984","525","525","525"
"52699","0.12030601501464844","0.12030601501464844","0.12030601501464844","526","526","526"
"52799","0.13395345211029053","0.13395345211029053","0.13395345211029053","527","527","527"
"52899","0.12648019194602966","0.12648019194602966","0.12648019194602966","528","528","528"
"52999","0.12422875314950943","0.12422875314950943","0.12422875314950943","529","529","529"
"53099","0.12366070598363876","0.12366070598363876","0.12366070598363876","530","530","530"
"53199","0.12210582941770554","0.12210582941770554","0.12210582941770554","531","531","531"
"53299","0.12206915766000748","0.12206915766000748","0.12206915766000748","532","532","532"
"53399","0.1303812563419342","0.1303812563419342","0.1303812563419342","533","533","533"
"53499","0.12008749693632126","0.12008749693632126","0.12008749693632126","534","534","534"
"53599","0.12471747398376465","0.12471747398376465","0.12471747398376465","535","535","535"
"53699","0.12573054432868958","0.12573054432868958","0.12573054432868958","536","536","536"
"53799","0.12811751663684845","0.12811751663684845","0.12811751663684845","537","537","537"
"53899","0.1331179141998291","0.1331179141998291","0.1331179141998291","538","538","538"
"53999","0.12464512884616852","0.12464512884616852","0.12464512884616852","539","539","539"
"54099","0.13213562965393066","0.13213562965393066","0.13213562965393066","540","540","540"
"54199","0.11861014366149902","0.11861014366149902","0.11861014366149902","541","541","541"
"54299","0.13174502551555634","0.13174502551555634","0.13174502551555634","542","542","542"
"54399","0.11695161461830139","0.11695161461830139","0.11695161461830139","543","543","543"
"54499","0.12618152797222137","0.12618152797222137","0.12618152797222137","544","544","544"
"54599","0.11838860809803009","0.11838860809803009","0.11838860809803009","545","545","545"
"54699","0.13011009991168976","0.13011009991168976","0.13011009991168976","546","546","546"
"54799","0.12527889013290405","0.12527889013290405","0.12527889013290405","547","547","547"
"54899","0.1289241462945938","0.1289241462945938","0.1289241462945938","548","548","548"
"54999","0.1297065019607544","0.1297065019607544","0.1297065019607544","549","549","549"
"55099","0.12123686820268631","0.12123686820268631","0.12123686820268631","550","550","550"
"55199","0.1245773509144783","0.1245773509144783","0.1245773509144783","551","551","551"
"55299","0.13021987676620483","0.13021987676620483","0.13021987676620483","552","552","552"
"55399","0.12327981740236282","0.12327981740236282","0.12327981740236282","553","553","553"
"55499","0.12385913729667664","0.12385913729667664","0.12385913729667664","554","554","554"
"55599","0.1222834438085556","0.1222834438085556","0.1222834438085556","555","555","555"
"55699","0.12545911967754364","0.12545911967754364","0.12545911967754364","556","556","556"
"55799","0.12674212455749512","0.12674212455749512","0.12674212455749512","557","557","557"
"55899","0.12666404247283936","0.12666404247283936","0.12666404247283936","558","558","558"
"55999","0.12298451364040375","0.12298451364040375","0.12298451364040375","559","559","559"
"56099","0.12839923799037933","0.12839923799037933","0.12839923799037933","560","560","560"
"56199","0.1239834576845169","0.1239834576845169","0.1239834576845169","561","561","561"
"56299","0.13208496570587158","0.13208496570587158","0.13208496570587158","562","562","562"
"56399","0.1261313110589981","0.1261313110589981","0.1261313110589981","563","563","563"
"56499","0.1243261992931366","0.1243261992931366","0.1243261992931366","564","564","564"
"56599","0.1245163157582283","0.1245163157582283","0.1245163157582283","565","565","565"
"56699","0.12948957085609436","0.12948957085609436","0.12948957085609436","566","566","566"
"56799","0.12754873931407928","0.12754873931407928","0.12754873931407928","567","567","567"
"56899","0.131235271692276","0.131235271692276","0.131235271692276","568","568","568"
"56999","0.11985361576080322","0.11985361576080322","0.11985361576080322","569","569","569"
"57099","0.11751613020896912","0.11751613020896912","0.11751613020896912","570","570","570"
"57199","0.1276218742132187","0.1276218742132187","0.1276218742132187","571","571","571"
"57299","0.1276680827140808","0.1276680827140808","0.1276680827140808","572","572","572"
"57399","0.12141387164592743","0.12141387164592743","0.12141387164592743","573","573","573"
"57499","0.12638017535209656","0.12638017535209656","0.12638017535209656","574","574","574"
"57599","0.1231205016374588","0.1231205016374588","0.1231205016374588","575","575","575"
"57699","0.11745540052652359","0.11745540052652359","0.11745540052652359","576","576","576"
"57799","0.12566310167312622","0.12566310167312622","0.12566310167312622","577","577","577"
"57899","0.12358780950307846","0.12358780950307846","0.12358780950307846","578","578","578"
"57999","0.119214728474617","0.119214728474617","0.119214728474617","579","579","579"
"58099","0.12726305425167084","0.12726305425167084","0.12726305425167084","580","580","580"
"58199","0.12439743429422379","0.12439743429422379","0.12439743429422379","581","581","581"
"58299","0.1283511221408844","0.1283511221408844","0.1283511221408844","582","582","582"
"58399","0.12883320450782776","0.12883320450782776","0.12883320450782776","583","583","583"
"58499","0.12492043524980545","0.12492043524980545","0.12492043524980545","584","584","584"
"58599","0.1256036013364792","0.1256036013364792","0.1256036013364792","585","585","585"
"58699","0.1271052062511444","0.1271052062511444","0.1271052062511444","586","586","586"
"58799","0.1255505084991455","0.1255505084991455","0.1255505084991455","587","587","587"
"58899","0.12264057993888855","0.12264057993888855","0.12264057993888855","588","588","588"
"58999","0.1294320523738861","0.1294320523738861","0.1294320523738861","589","589","589"
"59099","0.12699362635612488","0.12699362635612488","0.12699362635612488","590","590","590"
"59199","0.11771918833255768","0.11771918833255768","0.11771918833255768","591","591","591"
"59299","0.12366113066673279","0.12366113066673279","0.12366113066673279","592","592","592"
"59399","0.11661737412214279","0.11661737412214279","0.11661737412214279","593","593","593"
"59499","0.13200345635414124","0.13200345635414124","0.13200345635414124","594","594","594"
"59599","0.12293059378862381","0.12293059378862381","0.12293059378862381","595","595","595"
"59699","0.12571671605110168","0.12571671605110168","0.12571671605110168","596","596","596"
"59799","0.12677951157093048","0.12677951157093048","0.12677951157093048","597","597","597"
"59899","0.12266255915164948","0.12266255915164948","0.12266255915164948","598","598","598"
"59999","0.12828339636325836","0.12828339636325836","0.12828339636325836","599","599","599"
"60099","0.12566545605659485","0.12566545605659485","0.12566545605659485","600","600","600"
"60199","0.12092797458171844","0.12092797458171844","0.12092797458171844","601","601","601"
"60299","0.11818396300077438","0.11818396300077438","0.11818396300077438","602","602","602"
"60399","0.1247066855430603","0.1247066855430603","0.1247066855430603","603","603","603"
"60499","0.11955111473798752","0.11955111473798752","0.11955111473798752","604","604","604"
"60599","0.11899859458208084","0.11899859458208084","0.11899859458208084","605","605","605"
"60699","0.1252732276916504","0.1252732276916504","0.1252732276916504","606","606","606"
"60799","0.12640687823295593","0.12640687823295593","0.12640687823295593","607","607","607"
"60899","0.12208879739046097","0.12208879739046097","0.12208879739046097","608","608","608"
"60999","0.12295632064342499","0.12295632064342499","0.12295632064342499","609","609","609"
"61099","0.11847793310880661","0.11847793310880661","0.11847793310880661","610","610","610"
"61199","0.12259966880083084","0.12259966880083084","0.12259966880083084","611","611","611"
"61299","0.11892019212245941","0.11892019212245941","0.11892019212245941","612","612","612"
"61399","0.12311535328626633","0.12311535328626633","0.12311535328626633","613","613","613"
"61499","0.12857283651828766","0.12857283651828766","0.12857283651828766","614","614","614"
"61599","0.1261419653892517","0.1261419653892517","0.1261419653892517","615","615","615"
"61699","0.12423821538686752","0.12423821538686752","0.12423821538686752","616","616","616"
"61799","0.12780335545539856","0.12780335545539856","0.12780335545539856","617","617","617"
"61899","0.1252020299434662","0.1252020299434662","0.1252020299434662","618","618","618"
"61999","0.12341032922267914","0.12341032922267914","0.12341032922267914","619","619","619"
"62099","0.12893150746822357","0.12893150746822357","0.12893150746822357","620","620","620"
"62199","0.11365076899528503","0.11365076899528503","0.11365076899528503","621","621","621"
"62299","0.1267312616109848","0.1267312616109848","0.1267312616109848","622","622","622"
"62399","0.12236642092466354","0.12236642092466354","0.12236642092466354","623","623","623"
"62499","0.1205979660153389","0.1205979660153389","0.1205979660153389","624","624","624"
"62599","0.12687501311302185","0.12687501311302185","0.12687501311302185","625","625","625"
"62699","0.13850004971027374","0.13850004971027374","0.13850004971027374","626","626","626"
"62799","0.12286313623189926","0.12286313623189926","0.12286313623189926","627","627","627"
"62899","0.1276426613330841","0.1276426613330841","0.1276426613330841","628","628","628"
"62999","0.1272704005241394","0.1272704005241394","0.1272704005241394","629","629","629"
"63099","0.13052959740161896","0.13052959740161896","0.13052959740161896","630","630","630"
"63199","0.12465270608663559","0.12465270608663559","0.12465270608663559","631","631","631"
"63299","0.12496904283761978","0.12496904283761978","0.12496904283761978","632","632","632"
"63399","0.12570105493068695","0.12570105493068695","0.12570105493068695","633","633","633"
"63499","0.12626858055591583","0.12626858055591583","0.12626858055591583","634","634","634"
"63599","0.12518557906150818","0.12518557906150818","0.12518557906150818","635","635","635"
"63699","0.1253071129322052","0.1253071129322052","0.1253071129322052","636","636","636"
"63799","0.12409491837024689","0.12409491837024689","0.12409491837024689","637","637","637"
"63899","0.11811068654060364","0.11811068654060364","0.11811068654060364","638","638","638"
"63999","0.12390075623989105","0.12390075623989105","0.12390075623989105","639","639","639"
"64099","0.11743108928203583","0.11743108928203583","0.11743108928203583","640","640","640"
"64199","0.12451408058404922","0.12451408058404922","0.12451408058404922","641","641","641"
"64299","0.1210809051990509","0.1210809051990509","0.1210809051990509","642","642","642"
"64399","0.12059247493743896","0.12059247493743896","0.12059247493743896","643","643","643"
"64499","0.12668855488300323","0.12668855488300323","0.12668855488300323","644","644","644"
"64599","0.12472577393054962","0.12472577393054962","0.12472577393054962","645","645","645"
"64699","0.11747729033231735","0.11747729033231735","0.11747729033231735","646","646","646"
"64799","0.12816111743450165","0.12816111743450165","0.12816111743450165","647","647","647"
"64899","0.1253211945295334","0.1253211945295334","0.1253211945295334","648","648","648"
"64999","0.11945153772830963","0.11945153772830963","0.11945153772830963","649","649","649"
"65099","0.11353965848684311","0.11353965848684311","0.11353965848684311","650","650","650"
"65199","0.12118744105100632","0.12118744105100632","0.12118744105100632","651","651","651"
"65299","0.11628248542547226","0.11628248542547226","0.11628248542547226","652","652","652"
"65399","0.11668916046619415","0.11668916046619415","0.11668916046619415","653","653","653"
"65499","0.12350235134363174","0.12350235134363174","0.12350235134363174","654","654","654"
"65599","0.11857856065034866","0.11857856065034866","0.11857856065034866","655","655","655"
"65699","0.12376997619867325","0.12376997619867325","0.12376997619867325","656","656","656"
"65799","0.12292288988828659","0.12292288988828659","0.12292288988828659","657","657","657"
"65899","0.1171635165810585","0.1171635165810585","0.1171635165810585","658","658","658"
"65999","0.12651126086711884","0.12651126086711884","0.12651126086711884","659","659","659"
"66099","0.1257520169019699","0.1257520169019699","0.1257520169019699","660","660","660"
"66199","0.12697328627109528","0.12697328627109528","0.12697328627109528","661","661","661"
"66299","0.12059392035007477","0.12059392035007477","0.12059392035007477","662","662","662"
"66399","0.12551650404930115","0.12551650404930115","0.12551650404930115","663","663","663"
"66499","0.12338291108608246","0.12338291108608246","0.12338291108608246","664","664","664"
"66599","0.12775349617004395","0.12775349617004395","0.12775349617004395","665","665","665"
"66699","0.12644091248512268","0.12644091248512268","0.12644091248512268","666","666","666"
"66799","0.12803766131401062","0.12803766131401062","0.12803766131401062","667","667","667"
"66899","0.1247856467962265","0.1247856467962265","0.1247856467962265","668","668","668"
"66999","0.12313304841518402","0.12313304841518402","0.12313304841518402","669","669","669"
"67099","0.12417370080947876","0.12417370080947876","0.12417370080947876","670","670","670"
"67199","0.12192804366350174","0.12192804366350174","0.12192804366350174","671","671","671"
"67299","0.12177369743585587","0.12177369743585587","0.12177369743585587","672","672","672"
"67399","0.12123440206050873","0.12123440206050873","0.12123440206050873","673","673","673"
"67499","0.12389472126960754","0.12389472126960754","0.12389472126960754","674","674","674"
"67599","0.12166866660118103","0.12166866660118103","0.12166866660118103","675","675","675"
"67699","0.1259506493806839","0.1259506493806839","0.1259506493806839","676","676","676"
"67799","0.12164105474948883","0.12164105474948883","0.12164105474948883","677","677","677"
"67899","0.1223682388663292","0.1223682388663292","0.1223682388663292","678","678","678"
"67999","0.12588565051555634","0.12588565051555634","0.12588565051555634","679","679","679"
"68099","0.11933070421218872","0.11933070421218872","0.11933070421218872","680","680","680"
"68199","0.1252463459968567","0.1252463459968567","0.1252463459968567","681","681","681"
"68299","0.1260300576686859","0.1260300576686859","0.1260300576686859","682","682","682"
"68399","0.12926240265369415","0.12926240265369415","0.12926240265369415","683","683","683"
"68499","0.13243505358695984","0.13243505358695984","0.13243505358695984","684","684","684"
"68599","0.12036142498254776","0.12036142498254776","0.12036142498254776","685","685","685"
"68699","0.11785558611154556","0.11785558611154556","0.11785558611154556","686","686","686"
"68799","0.12196623533964157","0.12196623533964157","0.12196623533964157","687","687","687"
"68899","0.11877243220806122","0.11877243220806122","0.11877243220806122","688","688","688"
"68999","0.12435860931873322","0.12435860931873322","0.12435860931873322","689","689","689"
"69099","0.12296292185783386","0.12296292185783386","0.12296292185783386","690","690","690"
"69199","0.12125051021575928","0.12125051021575928","0.12125051021575928","691","691","691"
"69299","0.11733514815568924","0.11733514815568924","0.11733514815568924","692","692","692"
"69399","0.12458105385303497","0.12458105385303497","0.12458105385303497","693","693","693"
"69499","0.12352018058300018","0.12352018058300018","0.12352018058300018","694","694","694"
"69599","0.12456001341342926","0.12456001341342926","0.12456001341342926","695","695","695"
"69699","0.12446092069149017","0.12446092069149017","0.12446092069149017","696","696","696"
"69799","0.1262737214565277","0.1262737214565277","0.1262737214565277","697","697","697"
"69899","0.12595196068286896","0.12595196068286896","0.12595196068286896","698","698","698"
"69999","0.12513458728790283","0.12513458728790283","0.12513458728790283","699","699","699"
"70099","0.12160078436136246","0.12160078436136246","0.12160078436136246","700","700","700"
"70199","0.11706943809986115","0.11706943809986115","0.11706943809986115","701","701","701"
"70299","0.12108992040157318","0.12108992040157318","0.12108992040157318","702","702","702"
"70399","0.12452318519353867","0.12452318519353867","0.12452318519353867","703","703","703"
"70499","0.12848135828971863","0.12848135828971863","0.12848135828971863","704","704","704"
"70599","0.12766645848751068","0.12766645848751068","0.12766645848751068","705","705","705"
"70699","0.1232094094157219","0.1232094094157219","0.1232094094157219","706","706","706"
"70799","0.12195708602666855","0.12195708602666855","0.12195708602666855","707","707","707"
"70899","0.12129749357700348","0.12129749357700348","0.12129749357700348","708","708","708"
"70999","0.12394945323467255","0.12394945323467255","0.12394945323467255","709","709","709"
"71099","0.1259121596813202","0.1259121596813202","0.1259121596813202","710","710","710"
"71199","0.12203717976808548","0.12203717976808548","0.12203717976808548","711","711","711"
"71299","0.13113950192928314","0.13113950192928314","0.13113950192928314","712","712","712"
"71399","0.12973350286483765","0.12973350286483765","0.12973350286483765","713","713","713"
"71499","0.12827163934707642","0.12827163934707642","0.12827163934707642","714","714","714"
"71599","0.11668503284454346","0.11668503284454346","0.11668503284454346","715","715","715"
"71699","0.12478204816579819","0.12478204816579819","0.12478204816579819","716","716","716"
"71799","0.1260865330696106","0.1260865330696106","0.1260865330696106","717","717","717"
"71899","0.1265212446451187","0.1265212446451187","0.1265212446451187","718","718","718"
"71999","0.12014586478471756","0.12014586478471756","0.12014586478471756","719","719","719"
"72099","0.12278101593255997","0.12278101593255997","0.12278101593255997","720","720","720"
"72199","0.13164906203746796","0.13164906203746796","0.13164906203746796","721","721","721"
"72299","0.117420494556427","0.117420494556427","0.117420494556427","722","722","722"
"72399","0.12345617264509201","0.12345617264509201","0.12345617264509201","723","723","723"
"72499","0.11966270208358765","0.11966270208358765","0.11966270208358765","724","724","724"
"72599","0.13125114142894745","0.13125114142894745","0.13125114142894745","725","725","725"
"72699","0.12385120987892151","0.12385120987892151","0.12385120987892151","726","726","726"
"72799","0.12286587804555893","0.12286587804555893","0.12286587804555893","727","727","727"
"72899","0.12173957377672195","0.12173957377672195","0.12173957377672195","728","728","728"
"72999","0.1276209056377411","0.1276209056377411","0.1276209056377411","729","729","729"
"73099","0.12347141653299332","0.12347141653299332","0.12347141653299332","730","730","730"
"73199","0.1246374174952507","0.1246374174952507","0.1246374174952507","731","731","731"
"73299","0.12168725579977036","0.12168725579977036","0.12168725579977036","732","732","732"
"73399","0.11826500296592712","0.11826500296592712","0.11826500296592712","733","733","733"
"73499","0.12611258029937744","0.12611258029937744","0.12611258029937744","734","734","734"
"73599","0.12358886748552322","0.12358886748552322","0.12358886748552322","735","735","735"
"73699","0.127319797873497","0.127319797873497","0.127319797873497","736","736","736"
"73799","0.12020190805196762","0.12020190805196762","0.12020190805196762","737","737","737"
"73899","0.1220514178276062","0.1220514178276062","0.1220514178276062","738","738","738"
"73999","0.1205136626958847","0.1205136626958847","0.1205136626958847","739","739","739"
"74099","0.1324608027935028","0.1324608027935028","0.1324608027935028","740","740","740"
"74199","0.1216714158654213","0.1216714158654213","0.1216714158654213","741","741","741"
"74299","0.12018845975399017","0.12018845975399017","0.12018845975399017","742","742","742"
"74399","0.12534204125404358","0.12534204125404358","0.12534204125404358","743","743","743"
"74499","0.12331610172986984","0.12331610172986984","0.12331610172986984","744","744","744"
"74599","0.12446310371160507","0.12446310371160507","0.12446310371160507","745","745","745"
"74699","0.12294907867908478","0.12294907867908478","0.12294907867908478","746","746","746"
"74799","0.1204366683959961","0.1204366683959961","0.1204366683959961","747","747","747"
"74899","0.12483067810535431","0.12483067810535431","0.12483067810535431","748","748","748"
"74999","0.12085584551095963","0.12085584551095963","0.12085584551095963","749","749","749"
"75099","0.12265834212303162","0.12265834212303162","0.12265834212303162","750","750","750"
"75199","0.12894581258296967","0.12894581258296967","0.12894581258296967","751","751","751"
"75299","0.12602448463439941","0.12602448463439941","0.12602448463439941","752","752","752"
"75399","0.12311189621686935","0.12311189621686935","0.12311189621686935","753","753","753"
"75499","0.121980220079422","0.121980220079422","0.121980220079422","754","754","754"
"75599","0.12246629595756531","0.12246629595756531","0.12246629595756531","755","755","755"
"75699","0.12402868270874023","0.12402868270874023","0.12402868270874023","756","756","756"
"75799","0.12630391120910645","0.12630391120910645","0.12630391120910645","757","757","757"
"75899","0.11774389445781708","0.11774389445781708","0.11774389445781708","758","758","758"
"75999","0.12028717994689941","0.12028717994689941","0.12028717994689941","759","759","759"
"76099","0.12250380963087082","0.12250380963087082","0.12250380963087082","760","760","760"
"76199","0.1201755627989769","0.1201755627989769","0.1201755627989769","761","761","761"
"76299","0.12703737616539001","0.12703737616539001","0.12703737616539001","762","762","762"
"76399","0.11860997974872589","0.11860997974872589","0.11860997974872589","763","763","763"
"76499","0.12156364321708679","0.12156364321708679","0.12156364321708679","764","764","764"
"76599","0.12869590520858765","0.12869590520858765","0.12869590520858765","765","765","765"
"76699","0.124355249106884","0.124355249106884","0.124355249106884","766","766","766"
"76799","0.12079573422670364","0.12079573422670364","0.12079573422670364","767","767","767"
"76899","0.12510409951210022","0.12510409951210022","0.12510409951210022","768","768","768"
"76999","0.12411772459745407","0.12411772459745407","0.12411772459745407","769","769","769"
"77099","0.12227735668420792","0.12227735668420792","0.12227735668420792","770","770","770"
"77199","0.1238781213760376","0.1238781213760376","0.1238781213760376","771","771","771"
"77299","0.12914198637008667","0.12914198637008667","0.12914198637008667","772","772","772"
"77399","0.11720811575651169","0.11720811575651169","0.11720811575651169","773","773","773"
"77499","0.12401256710290909","0.12401256710290909","0.12401256710290909","774","774","774"
"77599","0.12214082479476929","0.12214082479476929","0.12214082479476929","775","775","775"
"77699","0.12652167677879333","0.12652167677879333","0.12652167677879333","776","776","776"
"77799","0.12219125032424927","0.12219125032424927","0.12219125032424927","777","777","777"
"77899","0.11986105144023895","0.11986105144023895","0.11986105144023895","778","778","778"
"77999","0.12799720466136932","0.12799720466136932","0.12799720466136932","779","779","779"
"78099","0.11636565625667572","0.11636565625667572","0.11636565625667572","780","780","780"
"78199","0.12075391411781311","0.12075391411781311","0.12075391411781311","781","781","781"
"78299","0.12746915221214294","0.12746915221214294","0.12746915221214294","782","782","782"
"78399","0.12558937072753906","0.12558937072753906","0.12558937072753906","783","783","783"
"78499","0.11873709410429001","0.11873709410429001","0.11873709410429001","784","784","784"
"78599","0.13113172352313995","0.13113172352313995","0.13113172352313995","785","785","785"
"78699","0.1201869323849678","0.1201869323849678","0.1201869323849678","786","786","786"
"78799","0.12286482006311417","0.12286482006311417","0.12286482006311417","787","787","787"
"78899","0.12550903856754303","0.12550903856754303","0.12550903856754303","788","788","788"
"78999","0.12323550879955292","0.12323550879955292","0.12323550879955292","789","789","789"
"79099","0.11584268510341644","0.11584268510341644","0.11584268510341644","790","790","790"
"79199","0.12146070599555969","0.12146070599555969","0.12146070599555969","791","791","791"
"79299","0.1233782172203064","0.1233782172203064","0.1233782172203064","792","792","792"
"79399","0.12363981455564499","0.12363981455564499","0.12363981455564499","793","793","793"
"79499","0.12850001454353333","0.12850001454353333","0.12850001454353333","794","794","794"
"79599","0.1284363716840744","0.1284363716840744","0.1284363716840744","795","795","795"
"79699","0.12006600201129913","0.12006600201129913","0.12006600201129913","796","796","796"
"79799","0.11927909404039383","0.11927909404039383","0.11927909404039383","797","797","797"
"79899","0.12391624599695206","0.12391624599695206","0.12391624599695206","798","798","798"
"79999","0.12037264555692673","0.12037264555692673","0.12037264555692673","799","799","799"
"80099","0.12214187532663345","0.12214187532663345","0.12214187532663345","800","800","800"
"80199","0.11720064282417297","0.11720064282417297","0.11720064282417297","801","801","801"
"80299","0.11784203350543976","0.11784203350543976","0.11784203350543976","802","802","802"
"80399","0.121615931391716","0.121615931391716","0.121615931391716","803","803","803"
"80499","0.12885525822639465","0.12885525822639465","0.12885525822639465","804","804","804"
"80599","0.11949369311332703","0.11949369311332703","0.11949369311332703","805","805","805"
"80699","0.11557425558567047","0.11557425558567047","0.11557425558567047","806","806","806"
"80799","0.12612079083919525","0.12612079083919525","0.12612079083919525","807","807","807"
"80899","0.11733531206846237","0.11733531206846237","0.11733531206846237","808","808","808"
"80999","0.1148911714553833","0.1148911714553833","0.1148911714553833","809","809","809"
"81099","0.12171273678541183","0.12171273678541183","0.12171273678541183","810","810","810"
"81199","0.12358620762825012","0.12358620762825012","0.12358620762825012","811","811","811"
"81299","0.11942652612924576","0.11942652612924576","0.11942652612924576","812","812","812"
"81399","0.12419213354587555","0.12419213354587555","0.12419213354587555","813","813","813"
"81499","0.1194317564368248","0.1194317564368248","0.1194317564368248","814","814","814"
"81599","0.12353754788637161","0.12353754788637161","0.12353754788637161","815","815","815"
"81699","0.11849012225866318","0.11849012225866318","0.11849012225866318","816","816","816"
"81799","0.12021919339895248","0.12021919339895248","0.12021919339895248","817","817","817"
"81899","0.12408898025751114","0.12408898025751114","0.12408898025751114","818","818","818"
"81999","0.12175919115543365","0.12175919115543365","0.12175919115543365","819","819","819"
"82099","0.11642758548259735","0.11642758548259735","0.11642758548259735","820","820","820"
"82199","0.1266520768404007","0.1266520768404007","0.1266520768404007","821","821","821"
"82299","0.12215398997068405","0.12215398997068405","0.12215398997068405","822","822","822"
"82399","0.11984816938638687","0.11984816938638687","0.11984816938638687","823","823","823"
"82499","0.11464651674032211","0.11464651674032211","0.11464651674032211","824","824","824"
"82599","0.11118476092815399","0.11118476092815399","0.11118476092815399","825","825","825"
"82699","0.12383712828159332","0.12383712828159332","0.12383712828159332","826","826","826"
"82799","0.12061722576618195","0.12061722576618195","0.12061722576618195","827","827","827"
"82899","0.12288465350866318","0.12288465350866318","0.12288465350866318","828","828","828"
"82999","0.1225154846906662","0.1225154846906662","0.1225154846906662","829","829","829"
"83099","0.11536383628845215","0.11536383628845215","0.11536383628845215","830","830","830"
"83199","0.12281176447868347","0.12281176447868347","0.12281176447868347","831","831","831"
"83299","0.11559859663248062","0.11559859663248062","0.11559859663248062","832","832","832"
"83399","0.12130765616893768","0.12130765616893768","0.12130765616893768","833","833","833"
"83499","0.12033699452877045","0.12033699452877045","0.12033699452877045","834","834","834"
"83599","0.12033265084028244","0.12033265084028244","0.12033265084028244","835","835","835"
"83699","0.11710554361343384","0.11710554361343384","0.11710554361343384","836","836","836"
"83799","0.11517176777124405","0.11517176777124405","0.11517176777124405","837","837","837"
"83899","0.12077875435352325","0.12077875435352325","0.12077875435352325","838","838","838"
"83999","0.11807791143655777","0.11807791143655777","0.11807791143655777","839","839","839"
"84099","0.11682284623384476","0.11682284623384476","0.11682284623384476","840","840","840"
"84199","0.1220027282834053","0.1220027282834053","0.1220027282834053","841","841","841"
"84299","0.1197868287563324","0.1197868287563324","0.1197868287563324","842","842","842"
"84399","0.11662182956933975","0.11662182956933975","0.11662182956933975","843","843","843"
"84499","0.12021759152412415","0.12021759152412415","0.12021759152412415","844","844","844"
"84599","0.12377496063709259","0.12377496063709259","0.12377496063709259","845","845","845"
"84699","0.12046384066343307","0.12046384066343307","0.12046384066343307","846","846","846"
"84799","0.12482377141714096","0.12482377141714096","0.12482377141714096","847","847","847"
"84899","0.11661064624786377","0.11661064624786377","0.11661064624786377","848","848","848"
"84999","0.12682227790355682","0.12682227790355682","0.12682227790355682","849","849","849"
"85099","0.12012030929327011","0.12012030929327011","0.12012030929327011","850","850","850"
"85199","0.12496820092201233","0.12496820092201233","0.12496820092201233","851","851","851"
"85299","0.11986342072486877","0.11986342072486877","0.11986342072486877","852","852","852"
"85399","0.12116250395774841","0.12116250395774841","0.12116250395774841","853","853","853"
"85499","0.1172264814376831","0.1172264814376831","0.1172264814376831","854","854","854"
"85599","0.1268085241317749","0.1268085241317749","0.1268085241317749","855","855","855"
"85699","0.1301281750202179","0.1301281750202179","0.1301281750202179","856","856","856"
"85799","0.12085278332233429","0.12085278332233429","0.12085278332233429","857","857","857"
"85899","0.12577639520168304","0.12577639520168304","0.12577639520168304","858","858","858"
"85999","0.12470615655183792","0.12470615655183792","0.12470615655183792","859","859","859"
"86099","0.12480337172746658","0.12480337172746658","0.12480337172746658","860","860","860"
"86199","0.12166568636894226","0.12166568636894226","0.12166568636894226","861","861","861"
"86299","0.12543733417987823","0.12543733417987823","0.12543733417987823","862","862","862"
"86399","0.11582909524440765","0.11582909524440765","0.11582909524440765","863","863","863"
"86499","0.1243932694196701","0.1243932694196701","0.1243932694196701","864","864","864"
"86599","0.11814761161804199","0.11814761161804199","0.11814761161804199","865","865","865"
"86699","0.12240828573703766","0.12240828573703766","0.12240828573703766","866","866","866"
"86799","0.12141668796539307","0.12141668796539307","0.12141668796539307","867","867","867"
"86899","0.11569522321224213","0.11569522321224213","0.11569522321224213","868","868","868"
"86999","0.12129087746143341","0.12129087746143341","0.12129087746143341","869","869","869"
"87099","0.1262418031692505","0.1262418031692505","0.1262418031692505","870","870","870"
"87199","0.1261870414018631","0.1261870414018631","0.1261870414018631","871","871","871"
"87299","0.1259031593799591","0.1259031593799591","0.1259031593799591","872","872","872"
"87399","0.12258248031139374","0.12258248031139374","0.12258248031139374","873","873","873"
"87499","0.11974616348743439","0.11974616348743439","0.11974616348743439","874","874","874"
"87599","0.12326278537511826","0.12326278537511826","0.12326278537511826","875","875","875"
"87699","0.12241905927658081","0.12241905927658081","0.12241905927658081","876","876","876"
"87799","0.11673291772603989","0.11673291772603989","0.11673291772603989","877","877","877"
"87899","0.12223172932863235","0.12223172932863235","0.12223172932863235","878","878","878"
"87999","0.12589910626411438","0.12589910626411438","0.12589910626411438","879","879","879"
"88099","0.12026689946651459","0.12026689946651459","0.12026689946651459","880","880","880"
"88199","0.11680681258440018","0.11680681258440018","0.11680681258440018","881","881","881"
"88299","0.12113223224878311","0.12113223224878311","0.12113223224878311","882","882","882"
"88399","0.11897487938404083","0.11897487938404083","0.11897487938404083","883","883","883"
"88499","0.1233748123049736","0.1233748123049736","0.1233748123049736","884","884","884"
"88599","0.12095820903778076","0.12095820903778076","0.12095820903778076","885","885","885"
"88699","0.12025029957294464","0.12025029957294464","0.12025029957294464","886","886","886"
"88799","0.11962050944566727","0.11962050944566727","0.11962050944566727","887","887","887"
"88899","0.11955706775188446","0.11955706775188446","0.11955706775188446","888","888","888"
"88999","0.12470798194408417","0.12470798194408417","0.12470798194408417","889","889","889"
"89099","0.11178331077098846","0.11178331077098846","0.11178331077098846","890","890","890"
"89199","0.11985437572002411","0.11985437572002411","0.11985437572002411","891","891","891"
"89299","0.12055165320634842","0.12055165320634842","0.12055165320634842","892","892","892"
"89399","0.12055493891239166","0.12055493891239166","0.12055493891239166","893","893","893"
"89499","0.12077252566814423","0.12077252566814423","0.12077252566814423","894","894","894"
"89599","0.11341720074415207","0.11341720074415207","0.11341720074415207","895","895","895"
"89699","0.11158815771341324","0.11158815771341324","0.11158815771341324","896","896","896"
"89799","0.12325064092874527","0.12325064092874527","0.12325064092874527","897","897","897"
"89899","0.12563247978687286","0.12563247978687286","0.12563247978687286","898","898","898"
"89999","0.1247614324092865","0.1247614324092865","0.1247614324092865","899","899","899"
"90099","0.11978396773338318","0.11978396773338318","0.11978396773338318","900","900","900"
"90199","0.12300887703895569","0.12300887703895569","0.12300887703895569","901","901","901"
"90299","0.12029032409191132","0.12029032409191132","0.12029032409191132","902","902","902"
"90399","0.11767745018005371","0.11767745018005371","0.11767745018005371","903","903","903"
"90499","0.12156564742326736","0.12156564742326736","0.12156564742326736","904","904","904"
"90599","0.11832820624113083","0.11832820624113083","0.11832820624113083","905","905","905"
"90699","0.12659882009029388","0.12659882009029388","0.12659882009029388","906","906","906"
"90799","0.12265399843454361","0.12265399843454361","0.12265399843454361","907","907","907"
"90899","0.11514879018068314","0.11514879018068314","0.11514879018068314","908","908","908"
"90999","0.12178816646337509","0.12178816646337509","0.12178816646337509","909","909","909"
"91099","0.12286730110645294","0.12286730110645294","0.12286730110645294","910","910","910"
"91199","0.12764911353588104","0.12764911353588104","0.12764911353588104","911","911","911"
"91299","0.11960776895284653","0.11960776895284653","0.11960776895284653","912","912","912"
"91399","0.11936794221401215","0.11936794221401215","0.11936794221401215","913","913","913"
"91499","0.11615152657032013","0.11615152657032013","0.11615152657032013","914","914","914"
"91599","0.12878364324569702","0.12878364324569702","0.12878364324569702","915","915","915"
"91699","0.1184362843632698","0.1184362843632698","0.1184362843632698","916","916","916"
"91799","0.11919311434030533","0.11919311434030533","0.11919311434030533","917","917","917"
"91899","0.12323988974094391","0.12323988974094391","0.12323988974094391","918","918","918"
"91999","0.12316679954528809","0.12316679954528809","0.12316679954528809","919","919","919"
"92099","0.12014329433441162","0.12014329433441162","0.12014329433441162","920","920","920"
"92199","0.11908231675624847","0.11908231675624847","0.11908231675624847","921","921","921"
"92299","0.12027700245380402","0.12027700245380402","0.12027700245380402","922","922","922"
"92399","0.1209869310259819","0.1209869310259819","0.1209869310259819","923","923","923"
"92499","0.11745262891054153","0.11745262891054153","0.11745262891054153","924","924","924"
"92599","0.1177503690123558","0.1177503690123558","0.1177503690123558","925","925","925"
"92699","0.11289654672145844","0.11289654672145844","0.11289654672145844","926","926","926"
"92799","0.12699320912361145","0.12699320912361145","0.12699320912361145","927","927","927"
"92899","0.12624454498291016","0.12624454498291016","0.12624454498291016","928","928","928"
"92999","0.13017013669013977","0.13017013669013977","0.13017013669013977","929","929","929"
"93099","0.12389026582241058","0.12389026582241058","0.12389026582241058","930","930","930"
"93199","0.12021265178918839","0.12021265178918839","0.12021265178918839","931","931","931"
"93299","0.11978963762521744","0.11978963762521744","0.11978963762521744","932","932","932"
"93399","0.11954087018966675","0.11954087018966675","0.11954087018966675","933","933","933"
"93499","0.12049972265958786","0.12049972265958786","0.12049972265958786","934","934","934"
"93599","0.11638486385345459","0.11638486385345459","0.11638486385345459","935","935","935"
"93699","0.11653853952884674","0.11653853952884674","0.11653853952884674","936","936","936"
"93799","0.1195545420050621","0.1195545420050621","0.1195545420050621","937","937","937"
"93899","0.12628182768821716","0.12628182768821716","0.12628182768821716","938","938","938"
"93999","0.12531618773937225","0.12531618773937225","0.12531618773937225","939","939","939"
"94099","0.11730087548494339","0.11730087548494339","0.11730087548494339","940","940","940"
"94199","0.12718543410301208","0.12718543410301208","0.12718543410301208","941","941","941"
"94299","0.12414729595184326","0.12414729595184326","0.12414729595184326","942","942","942"
"94399","0.12096653133630753","0.12096653133630753","0.12096653133630753","943","943","943"
"94499","0.1196260154247284","0.1196260154247284","0.1196260154247284","944","944","944"
"94599","0.11948388069868088","0.11948388069868088","0.11948388069868088","945","945","945"
"94699","0.12114030867815018","0.12114030867815018","0.12114030867815018","946","946","946"
"94799","0.1272910237312317","0.1272910237312317","0.1272910237312317","947","947","947"
"94899","0.12215122580528259","0.12215122580528259","0.12215122580528259","948","948","948"
"94999","0.12000295519828796","0.12000295519828796","0.12000295519828796","949","949","949"
"95099","0.11771855503320694","0.11771855503320694","0.11771855503320694","950","950","950"
"95199","0.12372714281082153","0.12372714281082153","0.12372714281082153","951","951","951"
"95299","0.12407582998275757","0.12407582998275757","0.12407582998275757","952","952","952"
"95399","0.12929655611515045","0.12929655611515045","0.12929655611515045","953","953","953"
"95499","0.12378121167421341","0.12378121167421341","0.12378121167421341","954","954","954"
"95599","0.11749004572629929","0.11749004572629929","0.11749004572629929","955","955","955"
"95699","0.12398988753557205","0.12398988753557205","0.12398988753557205","956","956","956"
"95799","0.12748703360557556","0.12748703360557556","0.12748703360557556","957","957","957"
"95899","0.11156810820102692","0.11156810820102692","0.11156810820102692","958","958","958"
"95999","0.11441782861948013","0.11441782861948013","0.11441782861948013","959","959","959"
"96099","0.1184304878115654","0.1184304878115654","0.1184304878115654","960","960","960"
"96199","0.12054279446601868","0.12054279446601868","0.12054279446601868","961","961","961"
"96299","0.12460571527481079","0.12460571527481079","0.12460571527481079","962","962","962"
"96399","0.12369533628225327","0.12369533628225327","0.12369533628225327","963","963","963"
"96499","0.11871900409460068","0.11871900409460068","0.11871900409460068","964","964","964"
"96599","0.11845801770687103","0.11845801770687103","0.11845801770687103","965","965","965"
"96699","0.12475379556417465","0.12475379556417465","0.12475379556417465","966","966","966"
"96799","0.11676958203315735","0.11676958203315735","0.11676958203315735","967","967","967"
"96899","0.11535780131816864","0.11535780131816864","0.11535780131816864","968","968","968"
"96999","0.12027031183242798","0.12027031183242798","0.12027031183242798","969","969","969"
"97099","0.12284382432699203","0.12284382432699203","0.12284382432699203","970","970","970"
"97199","0.12415830790996552","0.12415830790996552","0.12415830790996552","971","971","971"
"97299","0.11732783913612366","0.11732783913612366","0.11732783913612366","972","972","972"
"97399","0.11756089329719543","0.11756089329719543","0.11756089329719543","973","973","973"
"97499","0.12117690593004227","0.12117690593004227","0.12117690593004227","974","974","974"
"97599","0.1217215359210968","0.1217215359210968","0.1217215359210968","975","975","975"
"97699","0.12209583818912506","0.12209583818912506","0.12209583818912506","976","976","976"
"97799","0.11905640363693237","0.11905640363693237","0.11905640363693237","977","977","977"
"97899","0.11743342876434326","0.11743342876434326","0.11743342876434326","978","978","978"
"97999","0.1240488663315773","0.1240488663315773","0.1240488663315773","979","979","979"
"98099","0.11613178253173828","0.11613178253173828","0.11613178253173828","980","980","980"
"98199","0.12471576780080795","0.12471576780080795","0.12471576780080795","981","981","981"
"98299","0.11468107253313065","0.11468107253313065","0.11468107253313065","982","982","982"
"98399","0.12183750420808792","0.12183750420808792","0.12183750420808792","983","983","983"
"98499","0.11977975815534592","0.11977975815534592","0.11977975815534592","984","984","984"
"98599","0.12062913924455643","0.12062913924455643","0.12062913924455643","985","985","985"
"98699","0.12131547927856445","0.12131547927856445","0.12131547927856445","986","986","986"
"98799","0.12346857786178589","0.12346857786178589","0.12346857786178589","987","987","987"
"98899","0.12038693577051163","0.12038693577051163","0.12038693577051163","988","988","988"
"98999","0.1231267973780632","0.1231267973780632","0.1231267973780632","989","989","989"
"99099","0.11769517511129379","0.11769517511129379","0.11769517511129379","990","990","990"
"99199","0.1238923966884613","0.1238923966884613","0.1238923966884613","991","991","991"
"99299","0.1208958849310875","0.1208958849310875","0.1208958849310875","992","992","992"
"99399","0.12040263414382935","0.12040263414382935","0.12040263414382935","993","993","993"
"99499","0.11907071620225906","0.11907071620225906","0.11907071620225906","994","994","994"
"99599","0.12078408896923065","0.12078408896923065","0.12078408896923065","995","995","995"
"99699","0.12148889899253845","0.12148889899253845","0.12148889899253845","996","996","996"
"99799","0.11871102452278137","0.11871102452278137","0.11871102452278137","997","997","997"
"99899","0.12015404552221298","0.12015404552221298","0.12015404552221298","998","998","998"
"99999","0.11566730588674545","0.11566730588674545","0.11566730588674545","999","999","999"
"100099","0.12094216793775558","0.12094216793775558","0.12094216793775558","1000","1000","1000"
"100199","0.11835049092769623","0.11835049092769623","0.11835049092769623","1001","1001","1001"
"100299","0.12252755463123322","0.12252755463123322","0.12252755463123322","1002","1002","1002"
"100399","0.1249312236905098","0.1249312236905098","0.1249312236905098","1003","1003","1003"
"100499","0.12238557636737823","0.12238557636737823","0.12238557636737823","1004","1004","1004"
"100599","0.12769123911857605","0.12769123911857605","0.12769123911857605","1005","1005","1005"
"100699","0.1164502426981926","0.1164502426981926","0.1164502426981926","1006","1006","1006"
"100799","0.1195974349975586","0.1195974349975586","0.1195974349975586","1007","1007","1007"
"100899","0.11918850243091583","0.11918850243091583","0.11918850243091583","1008","1008","1008"
"100999","0.12553519010543823","0.12553519010543823","0.12553519010543823","1009","1009","1009"
"101099","0.1256495714187622","0.1256495714187622","0.1256495714187622","1010","1010","1010"
"101199","0.11780039221048355","0.11780039221048355","0.11780039221048355","1011","1011","1011"
"101299","0.12118715792894363","0.12118715792894363","0.12118715792894363","1012","1012","1012"
"101399","0.12236496061086655","0.12236496061086655","0.12236496061086655","1013","1013","1013"
"101499","0.11647859215736389","0.11647859215736389","0.11647859215736389","1014","1014","1014"
"101599","0.12393767386674881","0.12393767386674881","0.12393767386674881","1015","1015","1015"
"101699","0.11755397170782089","0.11755397170782089","0.11755397170782089","1016","1016","1016"
"101799","0.11920566111803055","0.11920566111803055","0.11920566111803055","1017","1017","1017"
"101899","0.12232840061187744","0.12232840061187744","0.12232840061187744","1018","1018","1018"
"101999","0.12492315471172333","0.12492315471172333","0.12492315471172333","1019","1019","1019"
"102099","0.12098762392997742","0.12098762392997742","0.12098762392997742","1020","1020","1020"
"102199","0.12292689830064774","0.12292689830064774","0.12292689830064774","1021","1021","1021"
"102299","0.11880763620138168","0.11880763620138168","0.11880763620138168","1022","1022","1022"
"102399","0.11685444414615631","0.11685444414615631","0.11685444414615631","1023","1023","1023"
"102499","0.12253490835428238","0.12253490835428238","0.12253490835428238","1024","1024","1024"
"102599","0.12391479313373566","0.12391479313373566","0.12391479313373566","1025","1025","1025"
"102699","0.12073065340518951","0.12073065340518951","0.12073065340518951","1026","1026","1026"
"102799","0.11935026198625565","0.11935026198625565","0.11935026198625565","1027","1027","1027"
"102899","0.11217056959867477","0.11217056959867477","0.11217056959867477","1028","1028","1028"
"102999","0.1272801011800766","0.1272801011800766","0.1272801011800766","1029","1029","1029"
"103099","0.12189173698425293","0.12189173698425293","0.12189173698425293","1030","1030","1030"
"103199","0.11853017657995224","0.11853017657995224","0.11853017657995224","1031","1031","1031"
"103299","0.1226043701171875","0.1226043701171875","0.1226043701171875","1032","1032","1032"
"103399","0.12039706856012344","0.12039706856012344","0.12039706856012344","1033","1033","1033"
"103499","0.12174307554960251","0.12174307554960251","0.12174307554960251","1034","1034","1034"
"103599","0.11861417442560196","0.11861417442560196","0.11861417442560196","1035","1035","1035"
"103699","0.11892179399728775","0.11892179399728775","0.11892179399728775","1036","1036","1036"
"103799","0.11916858702898026","0.11916858702898026","0.11916858702898026","1037","1037","1037"
"103899","0.11913158744573593","0.11913158744573593","0.11913158744573593","1038","1038","1038"
"103999","0.1157812848687172","0.1157812848687172","0.1157812848687172","1039","1039","1039"
"104099","0.11808492243289948","0.11808492243289948","0.11808492243289948","1040","1040","1040"
"104199","0.12089213728904724","0.12089213728904724","0.12089213728904724","1041","1041","1041"
"104299","0.12571483850479126","0.12571483850479126","0.12571483850479126","1042","1042","1042"
"104399","0.11761852353811264","0.11761852353811264","0.11761852353811264","1043","1043","1043"
"104499","0.11956983804702759","0.11956983804702759","0.11956983804702759","1044","1044","1044"
"104599","0.11914706230163574","0.11914706230163574","0.11914706230163574","1045","1045","1045"
"104699","0.11322267353534698","0.11322267353534698","0.11322267353534698","1046","1046","1046"
"104799","0.11876565217971802","0.11876565217971802","0.11876565217971802","1047","1047","1047"
"104899","0.12616214156150818","0.12616214156150818","0.12616214156150818","1048","1048","1048"
"104999","0.1177116334438324","0.1177116334438324","0.1177116334438324","1049","1049","1049"
"105099","0.11843714118003845","0.11843714118003845","0.11843714118003845","1050","1050","1050"
"105199","0.11554523557424545","0.11554523557424545","0.11554523557424545","1051","1051","1051"
"105299","0.11524782329797745","0.11524782329797745","0.11524782329797745","1052","1052","1052"
"105399","0.11825183033943176","0.11825183033943176","0.11825183033943176","1053","1053","1053"
"105499","0.11433438211679459","0.11433438211679459","0.11433438211679459","1054","1054","1054"
"105599","0.12390582263469696","0.12390582263469696","0.12390582263469696","1055","1055","1055"
"105699","0.12517568469047546","0.12517568469047546","0.12517568469047546","1056","1056","1056"
"105799","0.1167181208729744","0.1167181208729744","0.1167181208729744","1057","1057","1057"
"105899","0.11757674068212509","0.11757674068212509","0.11757674068212509","1058","1058","1058"
"105999","0.11502964794635773","0.11502964794635773","0.11502964794635773","1059","1059","1059"
"106099","0.12201058864593506","0.12201058864593506","0.12201058864593506","1060","1060","1060"
"106199","0.11797521263360977","0.11797521263360977","0.11797521263360977","1061","1061","1061"
"106299","0.12414732575416565","0.12414732575416565","0.12414732575416565","1062","1062","1062"
"106399","0.11999614536762238","0.11999614536762238","0.11999614536762238","1063","1063","1063"
"106499","0.11611814796924591","0.11611814796924591","0.11611814796924591","1064","1064","1064"
"106599","0.11409714072942734","0.11409714072942734","0.11409714072942734","1065","1065","1065"
"106699","0.11791909486055374","0.11791909486055374","0.11791909486055374","1066","1066","1066"
"106799","0.11893550306558609","0.11893550306558609","0.11893550306558609","1067","1067","1067"
"106899","0.12151434272527695","0.12151434272527695","0.12151434272527695","1068","1068","1068"
"106999","0.12242168188095093","0.12242168188095093","0.12242168188095093","1069","1069","1069"
"107099","0.11687740683555603","0.11687740683555603","0.11687740683555603","1070","1070","1070"
"107199","0.1236066147685051","0.1236066147685051","0.1236066147685051","1071","1071","1071"
"107299","0.12350647151470184","0.12350647151470184","0.12350647151470184","1072","1072","1072"
"107399","0.12415516376495361","0.12415516376495361","0.12415516376495361","1073","1073","1073"
"107499","0.12105489522218704","0.12105489522218704","0.12105489522218704","1074","1074","1074"
"107599","0.11335372924804688","0.11335372924804688","0.11335372924804688","1075","1075","1075"
"107699","0.11298569291830063","0.11298569291830063","0.11298569291830063","1076","1076","1076"
"107799","0.12150353193283081","0.12150353193283081","0.12150353193283081","1077","1077","1077"
"107899","0.11734414100646973","0.11734414100646973","0.11734414100646973","1078","1078","1078"
"107999","0.12237641215324402","0.12237641215324402","0.12237641215324402","1079","1079","1079"
"108099","0.1229206770658493","0.1229206770658493","0.1229206770658493","1080","1080","1080"
"108199","0.11638437211513519","0.11638437211513519","0.11638437211513519","1081","1081","1081"
"108299","0.11563535034656525","0.11563535034656525","0.11563535034656525","1082","1082","1082"
"108399","0.12134300917387009","0.12134300917387009","0.12134300917387009","1083","1083","1083"
"108499","0.12153278291225433","0.12153278291225433","0.12153278291225433","1084","1084","1084"
"108599","0.11894785612821579","0.11894785612821579","0.11894785612821579","1085","1085","1085"
"108699","0.12208673357963562","0.12208673357963562","0.12208673357963562","1086","1086","1086"
"108799","0.11949456483125687","0.11949456483125687","0.11949456483125687","1087","1087","1087"
"108899","0.12114915251731873","0.12114915251731873","0.12114915251731873","1088","1088","1088"
"108999","0.11985373497009277","0.11985373497009277","0.11985373497009277","1089","1089","1089"
"109099","0.11825786530971527","0.11825786530971527","0.11825786530971527","1090","1090","1090"
"109199","0.11799177527427673","0.11799177527427673","0.11799177527427673","1091","1091","1091"
"109299","0.12096809595823288","0.12096809595823288","0.12096809595823288","1092","1092","1092"
"109399","0.11838427931070328","0.11838427931070328","0.11838427931070328","1093","1093","1093"
"109499","0.12211355566978455","0.12211355566978455","0.12211355566978455","1094","1094","1094"
"109599","0.12259357422590256","0.12259357422590256","0.12259357422590256","1095","1095","1095"
"109699","0.12097272276878357","0.12097272276878357","0.12097272276878357","1096","1096","1096"
"109799","0.11916361004114151","0.11916361004114151","0.11916361004114151","1097","1097","1097"
"109899","0.11828335374593735","0.11828335374593735","0.11828335374593735","1098","1098","1098"
"109999","0.11719639599323273","0.11719639599323273","0.11719639599323273","1099","1099","1099"
"110099","0.12168409675359726","0.12168409675359726","0.12168409675359726","1100","1100","1100"
"110199","0.1197427436709404","0.1197427436709404","0.1197427436709404","1101","1101","1101"
"110299","0.12120453268289566","0.12120453268289566","0.12120453268289566","1102","1102","1102"
"110399","0.12331122159957886","0.12331122159957886","0.12331122159957886","1103","1103","1103"
"110499","0.11587296426296234","0.11587296426296234","0.11587296426296234","1104","1104","1104"
"110599","0.1257447451353073","0.1257447451353073","0.1257447451353073","1105","1105","1105"
"110699","0.11728190630674362","0.11728190630674362","0.11728190630674362","1106","1106","1106"
"110799","0.12100517749786377","0.12100517749786377","0.12100517749786377","1107","1107","1107"
"110899","0.11604682356119156","0.11604682356119156","0.11604682356119156","1108","1108","1108"
"110999","0.11560460180044174","0.11560460180044174","0.11560460180044174","1109","1109","1109"
"111099","0.11314394325017929","0.11314394325017929","0.11314394325017929","1110","1110","1110"
"111199","0.12392126768827438","0.12392126768827438","0.12392126768827438","1111","1111","1111"
"111299","0.11878243088722229","0.11878243088722229","0.11878243088722229","1112","1112","1112"
"111399","0.120979905128479","0.120979905128479","0.120979905128479","1113","1113","1113"
"111499","0.11742836236953735","0.11742836236953735","0.11742836236953735","1114","1114","1114"
"111599","0.11952058970928192","0.11952058970928192","0.11952058970928192","1115","1115","1115"
"111699","0.11369068920612335","0.11369068920612335","0.11369068920612335","1116","1116","1116"
"111799","0.12087009102106094","0.12087009102106094","0.12087009102106094","1117","1117","1117"
"111899","0.11877229809761047","0.11877229809761047","0.11877229809761047","1118","1118","1118"
"111999","0.11803936958312988","0.11803936958312988","0.11803936958312988","1119","1119","1119"
"112099","0.12057273089885712","0.12057273089885712","0.12057273089885712","1120","1120","1120"
"112199","0.12234945595264435","0.12234945595264435","0.12234945595264435","1121","1121","1121"
"112299","0.11937644332647324","0.11937644332647324","0.11937644332647324","1122","1122","1122"
"112399","0.11711955070495605","0.11711955070495605","0.11711955070495605","1123","1123","1123"
"112499","0.11426231265068054","0.11426231265068054","0.11426231265068054","1124","1124","1124"
"112599","0.11982076615095139","0.11982076615095139","0.11982076615095139","1125","1125","1125"
"112699","0.11653611063957214","0.11653611063957214","0.11653611063957214","1126","1126","1126"
"112799","0.12043510377407074","0.12043510377407074","0.12043510377407074","1127","1127","1127"
"112899","0.12231265008449554","0.12231265008449554","0.12231265008449554","1128","1128","1128"
"112999","0.11650317907333374","0.11650317907333374","0.11650317907333374","1129","1129","1129"
"113099","0.12050723284482956","0.12050723284482956","0.12050723284482956","1130","1130","1130"
"113199","0.1211196631193161","0.1211196631193161","0.1211196631193161","1131","1131","1131"
"113299","0.12140161544084549","0.12140161544084549","0.12140161544084549","1132","1132","1132"
"113399","0.11662027984857559","0.11662027984857559","0.11662027984857559","1133","1133","1133"
"113499","0.11926232278347015","0.11926232278347015","0.11926232278347015","1134","1134","1134"
"113599","0.11705104261636734","0.11705104261636734","0.11705104261636734","1135","1135","1135"
"113699","0.11608380079269409","0.11608380079269409","0.11608380079269409","1136","1136","1136"
"113799","0.1145654171705246","0.1145654171705246","0.1145654171705246","1137","1137","1137"
"113899","0.12051013857126236","0.12051013857126236","0.12051013857126236","1138","1138","1138"
"113999","0.12266875803470612","0.12266875803470612","0.12266875803470612","1139","1139","1139"
"114099","0.12186656147241592","0.12186656147241592","0.12186656147241592","1140","1140","1140"
"114199","0.12498043477535248","0.12498043477535248","0.12498043477535248","1141","1141","1141"
"114299","0.11934500932693481","0.11934500932693481","0.11934500932693481","1142","1142","1142"
"114399","0.11587181687355042","0.11587181687355042","0.11587181687355042","1143","1143","1143"
"114499","0.12334097176790237","0.12334097176790237","0.12334097176790237","1144","1144","1144"
"114599","0.11358655244112015","0.11358655244112015","0.11358655244112015","1145","1145","1145"
"114699","0.11738221347332001","0.11738221347332001","0.11738221347332001","1146","1146","1146"
"114799","0.12183521687984467","0.12183521687984467","0.12183521687984467","1147","1147","1147"
"114899","0.11953520029783249","0.11953520029783249","0.11953520029783249","1148","1148","1148"
"114999","0.12199003249406815","0.12199003249406815","0.12199003249406815","1149","1149","1149"
"115099","0.1218656376004219","0.1218656376004219","0.1218656376004219","1150","1150","1150"
"115199","0.11847929656505585","0.11847929656505585","0.11847929656505585","1151","1151","1151"
"115299","0.11969263106584549","0.11969263106584549","0.11969263106584549","1152","1152","1152"
"115399","0.11874260753393173","0.11874260753393173","0.11874260753393173","1153","1153","1153"
"115499","0.12409088760614395","0.12409088760614395","0.12409088760614395","1154","1154","1154"
"115599","0.1208975538611412","0.1208975538611412","0.1208975538611412","1155","1155","1155"
"115699","0.11852480471134186","0.11852480471134186","0.11852480471134186","1156","1156","1156"
"115799","0.11803150922060013","0.11803150922060013","0.11803150922060013","1157","1157","1157"
"115899","0.11529449373483658","0.11529449373483658","0.11529449373483658","1158","1158","1158"
"115999","0.12108344584703445","0.12108344584703445","0.12108344584703445","1159","1159","1159"
"116099","0.11483234912157059","0.11483234912157059","0.11483234912157059","1160","1160","1160"
"116199","0.1182529404759407","0.1182529404759407","0.1182529404759407","1161","1161","1161"
"116299","0.12032189220190048","0.12032189220190048","0.12032189220190048","1162","1162","1162"
"116399","0.11810141801834106","0.11810141801834106","0.11810141801834106","1163","1163","1163"
"116499","0.11452659219503403","0.11452659219503403","0.11452659219503403","1164","1164","1164"
"116599","0.12351292371749878","0.12351292371749878","0.12351292371749878","1165","1165","1165"
"116699","0.11330058425664902","0.11330058425664902","0.11330058425664902","1166","1166","1166"
"116799","0.12118492275476456","0.12118492275476456","0.12118492275476456","1167","1167","1167"
"116899","0.12419958412647247","0.12419958412647247","0.12419958412647247","1168","1168","1168"
"116999","0.12006022781133652","0.12006022781133652","0.12006022781133652","1169","1169","1169"
"117099","0.1185467392206192","0.1185467392206192","0.1185467392206192","1170","1170","1170"
"117199","0.12572182714939117","0.12572182714939117","0.12572182714939117","1171","1171","1171"
"117299","0.11454305797815323","0.11454305797815323","0.11454305797815323","1172","1172","1172"
"117399","0.12266271561384201","0.12266271561384201","0.12266271561384201","1173","1173","1173"
"117499","0.12066525965929031","0.12066525965929031","0.12066525965929031","1174","1174","1174"
"117599","0.1230807900428772","0.1230807900428772","0.1230807900428772","1175","1175","1175"
"117699","0.11639818549156189","0.11639818549156189","0.11639818549156189","1176","1176","1176"
"117799","0.12466054409742355","0.12466054409742355","0.12466054409742355","1177","1177","1177"
"117899","0.11741728335618973","0.11741728335618973","0.11741728335618973","1178","1178","1178"
"117999","0.12372223287820816","0.12372223287820816","0.12372223287820816","1179","1179","1179"
"118099","0.12162218987941742","0.12162218987941742","0.12162218987941742","1180","1180","1180"
"118199","0.1266642063856125","0.1266642063856125","0.1266642063856125","1181","1181","1181"
"118299","0.11889202892780304","0.11889202892780304","0.11889202892780304","1182","1182","1182"
"118399","0.11425123363733292","0.11425123363733292","0.11425123363733292","1183","1183","1183"
"118499","0.11903370171785355","0.11903370171785355","0.11903370171785355","1184","1184","1184"
"118599","0.11722185462713242","0.11722185462713242","0.11722185462713242","1185","1185","1185"
"118699","0.11734353750944138","0.11734353750944138","0.11734353750944138","1186","1186","1186"
"118799","0.11857428401708603","0.11857428401708603","0.11857428401708603","1187","1187","1187"
"118899","0.11379287391901016","0.11379287391901016","0.11379287391901016","1188","1188","1188"
"118999","0.11591710150241852","0.11591710150241852","0.11591710150241852","1189","1189","1189"
"119099","0.10900859534740448","0.10900859534740448","0.10900859534740448","1190","1190","1190"
"119199","0.1126207560300827","0.1126207560300827","0.1126207560300827","1191","1191","1191"
"119299","0.11916126310825348","0.11916126310825348","0.11916126310825348","1192","1192","1192"
"119399","0.12216557562351227","0.12216557562351227","0.12216557562351227","1193","1193","1193"
"119499","0.12243593484163284","0.12243593484163284","0.12243593484163284","1194","1194","1194"
"119599","0.1213020384311676","0.1213020384311676","0.1213020384311676","1195","1195","1195"
"119699","0.12343066930770874","0.12343066930770874","0.12343066930770874","1196","1196","1196"
"119799","0.11759912222623825","0.11759912222623825","0.11759912222623825","1197","1197","1197"
"119899","0.11825963854789734","0.11825963854789734","0.11825963854789734","1198","1198","1198"
"119999","0.11956916749477386","0.11956916749477386","0.11956916749477386","1199","1199","1199"
"120099","0.11687885224819183","0.11687885224819183","0.11687885224819183","1200","1200","1200"
"120199","0.1183813214302063","0.1183813214302063","0.1183813214302063","1201","1201","1201"
"120299","0.12299301475286484","0.12299301475286484","0.12299301475286484","1202","1202","1202"
"120399","0.12479733675718307","0.12479733675718307","0.12479733675718307","1203","1203","1203"
"120499","0.1263316422700882","0.1263316422700882","0.1263316422700882","1204","1204","1204"
"120599","0.12101893126964569","0.12101893126964569","0.12101893126964569","1205","1205","1205"
"120699","0.12113722413778305","0.12113722413778305","0.12113722413778305","1206","1206","1206"
"120799","0.12066378444433212","0.12066378444433212","0.12066378444433212","1207","1207","1207"
"120899","0.12127764523029327","0.12127764523029327","0.12127764523029327","1208","1208","1208"
"120999","0.11715812236070633","0.11715812236070633","0.11715812236070633","1209","1209","1209"
"121099","0.1186528205871582","0.1186528205871582","0.1186528205871582","1210","1210","1210"
"121199","0.12049366533756256","0.12049366533756256","0.12049366533756256","1211","1211","1211"
"121299","0.1185183897614479","0.1185183897614479","0.1185183897614479","1212","1212","1212"
"121399","0.11288288980722427","0.11288288980722427","0.11288288980722427","1213","1213","1213"
"121499","0.11960617452859879","0.11960617452859879","0.11960617452859879","1214","1214","1214"
"121599","0.11989987641572952","0.11989987641572952","0.11989987641572952","1215","1215","1215"
"121699","0.11980273574590683","0.11980273574590683","0.11980273574590683","1216","1216","1216"
"121799","0.11628330498933792","0.11628330498933792","0.11628330498933792","1217","1217","1217"
"121899","0.11811701953411102","0.11811701953411102","0.11811701953411102","1218","1218","1218"
"121999","0.11837596446275711","0.11837596446275711","0.11837596446275711","1219","1219","1219"
"122099","0.11935760825872421","0.11935760825872421","0.11935760825872421","1220","1220","1220"
"122199","0.11904347687959671","0.11904347687959671","0.11904347687959671","1221","1221","1221"
"122299","0.11460854858160019","0.11460854858160019","0.11460854858160019","1222","1222","1222"
"122399","0.11747965961694717","0.11747965961694717","0.11747965961694717","1223","1223","1223"
"122499","0.11128877848386765","0.11128877848386765","0.11128877848386765","1224","1224","1224"
"122599","0.12103640288114548","0.12103640288114548","0.12103640288114548","1225","1225","1225"
"122699","0.12651687860488892","0.12651687860488892","0.12651687860488892","1226","1226","1226"
"122799","0.11983051896095276","0.11983051896095276","0.11983051896095276","1227","1227","1227"
"122899","0.12029410153627396","0.12029410153627396","0.12029410153627396","1228","1228","1228"
"122999","0.12074204534292221","0.12074204534292221","0.12074204534292221","1229","1229","1229"
"123099","0.11625588685274124","0.11625588685274124","0.11625588685274124","1230","1230","1230"
"123199","0.12324978411197662","0.12324978411197662","0.12324978411197662","1231","1231","1231"
"123299","0.12040205299854279","0.12040205299854279","0.12040205299854279","1232","1232","1232"
"123399","0.11887150257825851","0.11887150257825851","0.11887150257825851","1233","1233","1233"
"123499","0.11748534440994263","0.11748534440994263","0.11748534440994263","1234","1234","1234"
"123599","0.1185593232512474","0.1185593232512474","0.1185593232512474","1235","1235","1235"
"123699","0.11716429889202118","0.11716429889202118","0.11716429889202118","1236","1236","1236"
"123799","0.11710648983716965","0.11710648983716965","0.11710648983716965","1237","1237","1237"
"123899","0.1216142326593399","0.1216142326593399","0.1216142326593399","1238","1238","1238"
"123999","0.12363439798355103","0.12363439798355103","0.12363439798355103","1239","1239","1239"
"124099","0.11618927866220474","0.11618927866220474","0.11618927866220474","1240","1240","1240"
"124199","0.12090297788381577","0.12090297788381577","0.12090297788381577","1241","1241","1241"
"124299","0.12314809113740921","0.12314809113740921","0.12314809113740921","1242","1242","1242"
"124399","0.11249981820583344","0.11249981820583344","0.11249981820583344","1243","1243","1243"
"124499","0.1174999549984932","0.1174999549984932","0.1174999549984932","1244","1244","1244"
"124599","0.11056248098611832","0.11056248098611832","0.11056248098611832","1245","1245","1245"
"124699","0.11518055200576782","0.11518055200576782","0.11518055200576782","1246","1246","1246"
"124799","0.1157720759510994","0.1157720759510994","0.1157720759510994","1247","1247","1247"
"124899","0.11996878683567047","0.11996878683567047","0.11996878683567047","1248","1248","1248"
"124999","0.11800218373537064","0.11800218373537064","0.11800218373537064","1249","1249","1249"
"125099","0.12216652184724808","0.12216652184724808","0.12216652184724808","1250","1250","1250"
"125199","0.1243588775396347","0.1243588775396347","0.1243588775396347","1251","1251","1251"
"125299","0.12303818017244339","0.12303818017244339","0.12303818017244339","1252","1252","1252"
"125399","0.12018298357725143","0.12018298357725143","0.12018298357725143","1253","1253","1253"
"125499","0.11651259660720825","0.11651259660720825","0.11651259660720825","1254","1254","1254"
"125599","0.11745071411132812","0.11745071411132812","0.11745071411132812","1255","1255","1255"
"125699","0.12041554600000381","0.12041554600000381","0.12041554600000381","1256","1256","1256"
"125799","0.1166323646903038","0.1166323646903038","0.1166323646903038","1257","1257","1257"
"125899","0.11658498644828796","0.11658498644828796","0.11658498644828796","1258","1258","1258"
"125999","0.12233798205852509","0.12233798205852509","0.12233798205852509","1259","1259","1259"
"126099","0.12605240941047668","0.12605240941047668","0.12605240941047668","1260","1260","1260"
"126199","0.11962506920099258","0.11962506920099258","0.11962506920099258","1261","1261","1261"
"126299","0.11688641458749771","0.11688641458749771","0.11688641458749771","1262","1262","1262"
"126399","0.11489656567573547","0.11489656567573547","0.11489656567573547","1263","1263","1263"
"126499","0.11749874800443649","0.11749874800443649","0.11749874800443649","1264","1264","1264"
"126599","0.11308947205543518","0.11308947205543518","0.11308947205543518","1265","1265","1265"
"126699","0.12415235489606857","0.12415235489606857","0.12415235489606857","1266","1266","1266"
"126799","0.12269573658704758","0.12269573658704758","0.12269573658704758","1267","1267","1267"
"126899","0.12445086240768433","0.12445086240768433","0.12445086240768433","1268","1268","1268"
"126999","0.12364406138658524","0.12364406138658524","0.12364406138658524","1269","1269","1269"
"127099","0.11832001805305481","0.11832001805305481","0.11832001805305481","1270","1270","1270"
"127199","0.11697220057249069","0.11697220057249069","0.11697220057249069","1271","1271","1271"
"127299","0.11262630671262741","0.11262630671262741","0.11262630671262741","1272","1272","1272"
"127399","0.1265835464000702","0.1265835464000702","0.1265835464000702","1273","1273","1273"
"127499","0.12073419243097305","0.12073419243097305","0.12073419243097305","1274","1274","1274"
"127599","0.1148393377661705","0.1148393377661705","0.1148393377661705","1275","1275","1275"
"127699","0.12068406492471695","0.12068406492471695","0.12068406492471695","1276","1276","1276"
"127799","0.1159004271030426","0.1159004271030426","0.1159004271030426","1277","1277","1277"
"127899","0.11543607711791992","0.11543607711791992","0.11543607711791992","1278","1278","1278"
"127999","0.11877875030040741","0.11877875030040741","0.11877875030040741","1279","1279","1279"
"128099","0.11205367743968964","0.11205367743968964","0.11205367743968964","1280","1280","1280"
"128199","0.12326185405254364","0.12326185405254364","0.12326185405254364","1281","1281","1281"
"128299","0.12063191831111908","0.12063191831111908","0.12063191831111908","1282","1282","1282"
"128399","0.11101451516151428","0.11101451516151428","0.11101451516151428","1283","1283","1283"
"128499","0.1198611781001091","0.1198611781001091","0.1198611781001091","1284","1284","1284"
"128599","0.1164068728685379","0.1164068728685379","0.1164068728685379","1285","1285","1285"
"128699","0.11684530228376389","0.11684530228376389","0.11684530228376389","1286","1286","1286"
"128799","0.12082193046808243","0.12082193046808243","0.12082193046808243","1287","1287","1287"
"128899","0.11388023942708969","0.11388023942708969","0.11388023942708969","1288","1288","1288"
"128999","0.1264515370130539","0.1264515370130539","0.1264515370130539","1289","1289","1289"
"129099","0.11747381091117859","0.11747381091117859","0.11747381091117859","1290","1290","1290"
"129199","0.12112602591514587","0.12112602591514587","0.12112602591514587","1291","1291","1291"
"129299","0.11925489455461502","0.11925489455461502","0.11925489455461502","1292","1292","1292"
"129399","0.12002549320459366","0.12002549320459366","0.12002549320459366","1293","1293","1293"
"129499","0.11715526878833771","0.11715526878833771","0.11715526878833771","1294","1294","1294"
"129599","0.12575212121009827","0.12575212121009827","0.12575212121009827","1295","1295","1295"
"129699","0.1215767115354538","0.1215767115354538","0.1215767115354538","1296","1296","1296"
"129799","0.11837069690227509","0.11837069690227509","0.11837069690227509","1297","1297","1297"
"129899","0.11722084134817123","0.11722084134817123","0.11722084134817123","1298","1298","1298"
"129999","0.12437322735786438","0.12437322735786438","0.12437322735786438","1299","1299","1299"
"130099","0.11509713530540466","0.11509713530540466","0.11509713530540466","1300","1300","1300"
"130199","0.1273200362920761","0.1273200362920761","0.1273200362920761","1301","1301","1301"
"130299","0.11555929481983185","0.11555929481983185","0.11555929481983185","1302","1302","1302"
"130399","0.11052893847227097","0.11052893847227097","0.11052893847227097","1303","1303","1303"
"130499","0.12144456058740616","0.12144456058740616","0.12144456058740616","1304","1304","1304"
"130599","0.11547381430864334","0.11547381430864334","0.11547381430864334","1305","1305","1305"
"130699","0.11390113085508347","0.11390113085508347","0.11390113085508347","1306","1306","1306"
"130799","0.11388440430164337","0.11388440430164337","0.11388440430164337","1307","1307","1307"
"130899","0.11764433234930038","0.11764433234930038","0.11764433234930038","1308","1308","1308"
"130999","0.11868502199649811","0.11868502199649811","0.11868502199649811","1309","1309","1309"
"131099","0.1117011159658432","0.1117011159658432","0.1117011159658432","1310","1310","1310"
"131199","0.1156930923461914","0.1156930923461914","0.1156930923461914","1311","1311","1311"
"131299","0.11718924343585968","0.11718924343585968","0.11718924343585968","1312","1312","1312"
"131399","0.11895962804555893","0.11895962804555893","0.11895962804555893","1313","1313","1313"
"131499","0.11219285428524017","0.11219285428524017","0.11219285428524017","1314","1314","1314"
"131599","0.1224864274263382","0.1224864274263382","0.1224864274263382","1315","1315","1315"
"131699","0.12391721457242966","0.12391721457242966","0.12391721457242966","1316","1316","1316"
"131799","0.10948658734560013","0.10948658734560013","0.10948658734560013","1317","1317","1317"
"131899","0.11814284324645996","0.11814284324645996","0.11814284324645996","1318","1318","1318"
"131999","0.11273495107889175","0.11273495107889175","0.11273495107889175","1319","1319","1319"
"132099","0.12647585570812225","0.12647585570812225","0.12647585570812225","1320","1320","1320"
"132199","0.11599282175302505","0.11599282175302505","0.11599282175302505","1321","1321","1321"
"132299","0.12406963109970093","0.12406963109970093","0.12406963109970093","1322","1322","1322"
"132399","0.12010090798139572","0.12010090798139572","0.12010090798139572","1323","1323","1323"
"132499","0.10958170890808105","0.10958170890808105","0.10958170890808105","1324","1324","1324"
"132599","0.1189829409122467","0.1189829409122467","0.1189829409122467","1325","1325","1325"
"132699","0.11457555741071701","0.11457555741071701","0.11457555741071701","1326","1326","1326"
"132799","0.12067080289125443","0.12067080289125443","0.12067080289125443","1327","1327","1327"
"132899","0.1198490783572197","0.1198490783572197","0.1198490783572197","1328","1328","1328"
"132999","0.1196184828877449","0.1196184828877449","0.1196184828877449","1329","1329","1329"
"133099","0.12555289268493652","0.12555289268493652","0.12555289268493652","1330","1330","1330"
"133199","0.11770570278167725","0.11770570278167725","0.11770570278167725","1331","1331","1331"
"133299","0.11379443854093552","0.11379443854093552","0.11379443854093552","1332","1332","1332"
"133399","0.11955005675554276","0.11955005675554276","0.11955005675554276","1333","1333","1333"
"133499","0.12440075725317001","0.12440075725317001","0.12440075725317001","1334","1334","1334"
"133599","0.12092065811157227","0.12092065811157227","0.12092065811157227","1335","1335","1335"
"133699","0.12105190008878708","0.12105190008878708","0.12105190008878708","1336","1336","1336"
"133799","0.1187182366847992","0.1187182366847992","0.1187182366847992","1337","1337","1337"
"133899","0.11160937696695328","0.11160937696695328","0.11160937696695328","1338","1338","1338"
"133999","0.11396744847297668","0.11396744847297668","0.11396744847297668","1339","1339","1339"
"134099","0.12079572677612305","0.12079572677612305","0.12079572677612305","1340","1340","1340"
"134199","0.11237510293722153","0.11237510293722153","0.11237510293722153","1341","1341","1341"
"134299","0.11637720465660095","0.11637720465660095","0.11637720465660095","1342","1342","1342"
"134399","0.11661719530820847","0.11661719530820847","0.11661719530820847","1343","1343","1343"
"134499","0.11989691108465195","0.11989691108465195","0.11989691108465195","1344","1344","1344"
"134599","0.12382812052965164","0.12382812052965164","0.12382812052965164","1345","1345","1345"
"134699","0.12458132952451706","0.12458132952451706","0.12458132952451706","1346","1346","1346"
"134799","0.12425322085618973","0.12425322085618973","0.12425322085618973","1347","1347","1347"
"134899","0.12169605493545532","0.12169605493545532","0.12169605493545532","1348","1348","1348"
"134999","0.11456941068172455","0.11456941068172455","0.11456941068172455","1349","1349","1349"
"135099","0.1204560250043869","0.1204560250043869","0.1204560250043869","1350","1350","1350"
"135199","0.11511436104774475","0.11511436104774475","0.11511436104774475","1351","1351","1351"
"135299","0.12483270466327667","0.12483270466327667","0.12483270466327667","1352","1352","1352"
"135399","0.12319266051054001","0.12319266051054001","0.12319266051054001","1353","1353","1353"
"135499","0.12456894665956497","0.12456894665956497","0.12456894665956497","1354","1354","1354"
"135599","0.1237441673874855","0.1237441673874855","0.1237441673874855","1355","1355","1355"
"135699","0.11446705460548401","0.11446705460548401","0.11446705460548401","1356","1356","1356"
"135799","0.11104439944028854","0.11104439944028854","0.11104439944028854","1357","1357","1357"
"135899","0.11700160056352615","0.11700160056352615","0.11700160056352615","1358","1358","1358"
"135999","0.11525581777095795","0.11525581777095795","0.11525581777095795","1359","1359","1359"
"136099","0.11574690788984299","0.11574690788984299","0.11574690788984299","1360","1360","1360"
"136199","0.11946295201778412","0.11946295201778412","0.11946295201778412","1361","1361","1361"
"136299","0.11109687387943268","0.11109687387943268","0.11109687387943268","1362","1362","1362"
"136399","0.12740273773670197","0.12740273773670197","0.12740273773670197","1363","1363","1363"
"136499","0.11186574399471283","0.11186574399471283","0.11186574399471283","1364","1364","1364"
"136599","0.12100034952163696","0.12100034952163696","0.12100034952163696","1365","1365","1365"
"136699","0.12103681266307831","0.12103681266307831","0.12103681266307831","1366","1366","1366"
"136799","0.11915401369333267","0.11915401369333267","0.11915401369333267","1367","1367","1367"
"136899","0.11741231381893158","0.11741231381893158","0.11741231381893158","1368","1368","1368"
"136999","0.12115874141454697","0.12115874141454697","0.12115874141454697","1369","1369","1369"
"137099","0.1179283931851387","0.1179283931851387","0.1179283931851387","1370","1370","1370"
"137199","0.11826938390731812","0.11826938390731812","0.11826938390731812","1371","1371","1371"
"137299","0.12045682966709137","0.12045682966709137","0.12045682966709137","1372","1372","1372"
"137399","0.12168098241090775","0.12168098241090775","0.12168098241090775","1373","1373","1373"
"137499","0.12474461644887924","0.12474461644887924","0.12474461644887924","1374","1374","1374"
"137599","0.12159731239080429","0.12159731239080429","0.12159731239080429","1375","1375","1375"
"137699","0.11207098513841629","0.11207098513841629","0.11207098513841629","1376","1376","1376"
"137799","0.11649417132139206","0.11649417132139206","0.11649417132139206","1377","1377","1377"
"137899","0.11945508420467377","0.11945508420467377","0.11945508420467377","1378","1378","1378"
"137999","0.12271399796009064","0.12271399796009064","0.12271399796009064","1379","1379","1379"
"138099","0.12418339401483536","0.12418339401483536","0.12418339401483536","1380","1380","1380"
"138199","0.11458051204681396","0.11458051204681396","0.11458051204681396","1381","1381","1381"
"138299","0.11898861825466156","0.11898861825466156","0.11898861825466156","1382","1382","1382"
"138399","0.11564495414495468","0.11564495414495468","0.11564495414495468","1383","1383","1383"
"138499","0.11669027805328369","0.11669027805328369","0.11669027805328369","1384","1384","1384"
"138599","0.11799556016921997","0.11799556016921997","0.11799556016921997","1385","1385","1385"
"138699","0.11543373018503189","0.11543373018503189","0.11543373018503189","1386","1386","1386"
"138799","0.11405966430902481","0.11405966430902481","0.11405966430902481","1387","1387","1387"
"138899","0.11752250045537949","0.11752250045537949","0.11752250045537949","1388","1388","1388"
"138999","0.117693692445755","0.117693692445755","0.117693692445755","1389","1389","1389"
"139099","0.11581279337406158","0.11581279337406158","0.11581279337406158","1390","1390","1390"
"139199","0.12311822921037674","0.12311822921037674","0.12311822921037674","1391","1391","1391"
"139299","0.12225048989057541","0.12225048989057541","0.12225048989057541","1392","1392","1392"
"139399","0.11737027019262314","0.11737027019262314","0.11737027019262314","1393","1393","1393"
"139499","0.1240922138094902","0.1240922138094902","0.1240922138094902","1394","1394","1394"
"139599","0.11559852957725525","0.11559852957725525","0.11559852957725525","1395","1395","1395"
"139699","0.12465404719114304","0.12465404719114304","0.12465404719114304","1396","1396","1396"
"139799","0.12363368272781372","0.12363368272781372","0.12363368272781372","1397","1397","1397"
"139899","0.11966557800769806","0.11966557800769806","0.11966557800769806","1398","1398","1398"
"139999","0.11916252225637436","0.11916252225637436","0.11916252225637436","1399","1399","1399"
"140099","0.1195375844836235","0.1195375844836235","0.1195375844836235","1400","1400","1400"
"140199","0.12330657243728638","0.12330657243728638","0.12330657243728638","1401","1401","1401"
"140299","0.11451635509729385","0.11451635509729385","0.11451635509729385","1402","1402","1402"
"140399","0.11962300539016724","0.11962300539016724","0.11962300539016724","1403","1403","1403"
"140499","0.13006700575351715","0.13006700575351715","0.13006700575351715","1404","1404","1404"
"140599","0.12073001265525818","0.12073001265525818","0.12073001265525818","1405","1405","1405"
"140699","0.11679598689079285","0.11679598689079285","0.11679598689079285","1406","1406","1406"
"140799","0.11686845868825912","0.11686845868825912","0.11686845868825912","1407","1407","1407"
"140899","0.11328747123479843","0.11328747123479843","0.11328747123479843","1408","1408","1408"
"140999","0.11573696881532669","0.11573696881532669","0.11573696881532669","1409","1409","1409"
"141099","0.12072455883026123","0.12072455883026123","0.12072455883026123","1410","1410","1410"
"141199","0.12150232493877411","0.12150232493877411","0.12150232493877411","1411","1411","1411"
"141299","0.11807041615247726","0.11807041615247726","0.11807041615247726","1412","1412","1412"
"141399","0.11824051290750504","0.11824051290750504","0.11824051290750504","1413","1413","1413"
"141499","0.11566456407308578","0.11566456407308578","0.11566456407308578","1414","1414","1414"
"141599","0.11946185678243637","0.11946185678243637","0.11946185678243637","1415","1415","1415"
"141699","0.11401396244764328","0.11401396244764328","0.11401396244764328","1416","1416","1416"
"141799","0.11679898947477341","0.11679898947477341","0.11679898947477341","1417","1417","1417"
"141899","0.11744578927755356","0.11744578927755356","0.11744578927755356","1418","1418","1418"
"141999","0.12479275465011597","0.12479275465011597","0.12479275465011597","1419","1419","1419"
"142099","0.1175462007522583","0.1175462007522583","0.1175462007522583","1420","1420","1420"
"142199","0.1223921850323677","0.1223921850323677","0.1223921850323677","1421","1421","1421"
"142299","0.12665142118930817","0.12665142118930817","0.12665142118930817","1422","1422","1422"
"142399","0.11971262842416763","0.11971262842416763","0.11971262842416763","1423","1423","1423"
"142499","0.11574453860521317","0.11574453860521317","0.11574453860521317","1424","1424","1424"
"142599","0.11647485196590424","0.11647485196590424","0.11647485196590424","1425","1425","1425"
"142699","0.11582671105861664","0.11582671105861664","0.11582671105861664","1426","1426","1426"
"142799","0.1167510598897934","0.1167510598897934","0.1167510598897934","1427","1427","1427"
"142899","0.11810751259326935","0.11810751259326935","0.11810751259326935","1428","1428","1428"
"142999","0.11598751693964005","0.11598751693964005","0.11598751693964005","1429","1429","1429"
"143099","0.12367767095565796","0.12367767095565796","0.12367767095565796","1430","1430","1430"
"143199","0.1196090430021286","0.1196090430021286","0.1196090430021286","1431","1431","1431"
"143299","0.11913427710533142","0.11913427710533142","0.11913427710533142","1432","1432","1432"
"143399","0.1202300637960434","0.1202300637960434","0.1202300637960434","1433","1433","1433"
"143499","0.11471325904130936","0.11471325904130936","0.11471325904130936","1434","1434","1434"
"143599","0.11288750171661377","0.11288750171661377","0.11288750171661377","1435","1435","1435"
"143699","0.11575168371200562","0.11575168371200562","0.11575168371200562","1436","1436","1436"
"143799","0.12014760822057724","0.12014760822057724","0.12014760822057724","1437","1437","1437"
"143899","0.12421337515115738","0.12421337515115738","0.12421337515115738","1438","1438","1438"
"143999","0.11597708612680435","0.11597708612680435","0.11597708612680435","1439","1439","1439"
"144099","0.1205296739935875","0.1205296739935875","0.1205296739935875","1440","1440","1440"
"144199","0.12634412944316864","0.12634412944316864","0.12634412944316864","1441","1441","1441"
"144299","0.12598472833633423","0.12598472833633423","0.12598472833633423","1442","1442","1442"
"144399","0.11571509391069412","0.11571509391069412","0.11571509391069412","1443","1443","1443"
"144499","0.12229237705469131","0.12229237705469131","0.12229237705469131","1444","1444","1444"
"144599","0.11278664320707321","0.11278664320707321","0.11278664320707321","1445","1445","1445"
"144699","0.11889133602380753","0.11889133602380753","0.11889133602380753","1446","1446","1446"
"144799","0.11957699060440063","0.11957699060440063","0.11957699060440063","1447","1447","1447"
"144899","0.11202239245176315","0.11202239245176315","0.11202239245176315","1448","1448","1448"
"144999","0.1178269311785698","0.1178269311785698","0.1178269311785698","1449","1449","1449"
"145099","0.11476869136095047","0.11476869136095047","0.11476869136095047","1450","1450","1450"
"145199","0.12130974233150482","0.12130974233150482","0.12130974233150482","1451","1451","1451"
"145299","0.12085595726966858","0.12085595726966858","0.12085595726966858","1452","1452","1452"
"145399","0.11653097718954086","0.11653097718954086","0.11653097718954086","1453","1453","1453"
"145499","0.11648174375295639","0.11648174375295639","0.11648174375295639","1454","1454","1454"
"145599","0.11512577533721924","0.11512577533721924","0.11512577533721924","1455","1455","1455"
"145699","0.11055028438568115","0.11055028438568115","0.11055028438568115","1456","1456","1456"
"145799","0.11776712536811829","0.11776712536811829","0.11776712536811829","1457","1457","1457"
"145899","0.11911332607269287","0.11911332607269287","0.11911332607269287","1458","1458","1458"
"145999","0.12060531228780746","0.12060531228780746","0.12060531228780746","1459","1459","1459"
"146099","0.11537659168243408","0.11537659168243408","0.11537659168243408","1460","1460","1460"
"146199","0.12314247339963913","0.12314247339963913","0.12314247339963913","1461","1461","1461"
"146299","0.11443427205085754","0.11443427205085754","0.11443427205085754","1462","1462","1462"
"146399","0.1164567619562149","0.1164567619562149","0.1164567619562149","1463","1463","1463"
"146499","0.11719781160354614","0.11719781160354614","0.11719781160354614","1464","1464","1464"
"146599","0.12003445625305176","0.12003445625305176","0.12003445625305176","1465","1465","1465"
"146699","0.12460772693157196","0.12460772693157196","0.12460772693157196","1466","1466","1466"
"146799","0.10945102572441101","0.10945102572441101","0.10945102572441101","1467","1467","1467"
"146899","0.11637014895677567","0.11637014895677567","0.11637014895677567","1468","1468","1468"
"146999","0.12304908037185669","0.12304908037185669","0.12304908037185669","1469","1469","1469"
"147099","0.11754731088876724","0.11754731088876724","0.11754731088876724","1470","1470","1470"
"147199","0.12012061476707458","0.12012061476707458","0.12012061476707458","1471","1471","1471"
"147299","0.12357380241155624","0.12357380241155624","0.12357380241155624","1472","1472","1472"
"147399","0.12107006460428238","0.12107006460428238","0.12107006460428238","1473","1473","1473"
"147499","0.11871463060379028","0.11871463060379028","0.11871463060379028","1474","1474","1474"
"147599","0.1135772094130516","0.1135772094130516","0.1135772094130516","1475","1475","1475"
"147699","0.11734791845083237","0.11734791845083237","0.11734791845083237","1476","1476","1476"
"147799","0.11870203912258148","0.11870203912258148","0.11870203912258148","1477","1477","1477"
"147899","0.12383018434047699","0.12383018434047699","0.12383018434047699","1478","1478","1478"
"147999","0.11441969871520996","0.11441969871520996","0.11441969871520996","1479","1479","1479"
"148099","0.11519034951925278","0.11519034951925278","0.11519034951925278","1480","1480","1480"
"148199","0.12102218717336655","0.12102218717336655","0.12102218717336655","1481","1481","1481"
"148299","0.12156158685684204","0.12156158685684204","0.12156158685684204","1482","1482","1482"
"148399","0.11923135071992874","0.11923135071992874","0.11923135071992874","1483","1483","1483"
"148499","0.11901344358921051","0.11901344358921051","0.11901344358921051","1484","1484","1484"
"148599","0.11862441897392273","0.11862441897392273","0.11862441897392273","1485","1485","1485"
"148699","0.11744115501642227","0.11744115501642227","0.11744115501642227","1486","1486","1486"
"148799","0.12447507679462433","0.12447507679462433","0.12447507679462433","1487","1487","1487"
"148899","0.11465488374233246","0.11465488374233246","0.11465488374233246","1488","1488","1488"
"148999","0.11551426351070404","0.11551426351070404","0.11551426351070404","1489","1489","1489"
"149099","0.115593820810318","0.115593820810318","0.115593820810318","1490","1490","1490"
"149199","0.1199318990111351","0.1199318990111351","0.1199318990111351","1491","1491","1491"
"149299","0.12292090058326721","0.12292090058326721","0.12292090058326721","1492","1492","1492"
"149399","0.11648484319448471","0.11648484319448471","0.11648484319448471","1493","1493","1493"
"149499","0.12111042439937592","0.12111042439937592","0.12111042439937592","1494","1494","1494"
"149599","0.11242135614156723","0.11242135614156723","0.11242135614156723","1495","1495","1495"
"149699","0.12016121298074722","0.12016121298074722","0.12016121298074722","1496","1496","1496"
"149799","0.11640561372041702","0.11640561372041702","0.11640561372041702","1497","1497","1497"
"149899","0.12140782177448273","0.12140782177448273","0.12140782177448273","1498","1498","1498"
"149999","0.12251896411180496","0.12251896411180496","0.12251896411180496","1499","1499","1499"
"150099","0.12074078619480133","0.12074078619480133","0.12074078619480133","1500","1500","1500"
"150199","0.12462861090898514","0.12462861090898514","0.12462861090898514","1501","1501","1501"
"150299","0.11257766932249069","0.11257766932249069","0.11257766932249069","1502","1502","1502"
"150399","0.12237194925546646","0.12237194925546646","0.12237194925546646","1503","1503","1503"
"150499","0.12136661261320114","0.12136661261320114","0.12136661261320114","1504","1504","1504"
"150599","0.11721773445606232","0.11721773445606232","0.11721773445606232","1505","1505","1505"
"150699","0.11574141681194305","0.11574141681194305","0.11574141681194305","1506","1506","1506"
"150799","0.12101075798273087","0.12101075798273087","0.12101075798273087","1507","1507","1507"
"150899","0.1179671511054039","0.1179671511054039","0.1179671511054039","1508","1508","1508"
"150999","0.12213598936796188","0.12213598936796188","0.12213598936796188","1509","1509","1509"
"151099","0.11935869604349136","0.11935869604349136","0.11935869604349136","1510","1510","1510"
"151199","0.11559151858091354","0.11559151858091354","0.11559151858091354","1511","1511","1511"
"151299","0.1131826639175415","0.1131826639175415","0.1131826639175415","1512","1512","1512"
"151399","0.1244141161441803","0.1244141161441803","0.1244141161441803","1513","1513","1513"
"151499","0.11828851699829102","0.11828851699829102","0.11828851699829102","1514","1514","1514"
"151599","0.11468968540430069","0.11468968540430069","0.11468968540430069","1515","1515","1515"
"151699","0.11672805994749069","0.11672805994749069","0.11672805994749069","1516","1516","1516"
"151799","0.12245438992977142","0.12245438992977142","0.12245438992977142","1517","1517","1517"
"151899","0.1245824471116066","0.1245824471116066","0.1245824471116066","1518","1518","1518"
"151999","0.11566240340471268","0.11566240340471268","0.11566240340471268","1519","1519","1519"
"152099","0.12368104606866837","0.12368104606866837","0.12368104606866837","1520","1520","1520"
"152199","0.12681527435779572","0.12681527435779572","0.12681527435779572","1521","1521","1521"
"152299","0.11330723017454147","0.11330723017454147","0.11330723017454147","1522","1522","1522"
"152399","0.11812438070774078","0.11812438070774078","0.11812438070774078","1523","1523","1523"
"152499","0.1233222484588623","0.1233222484588623","0.1233222484588623","1524","1524","1524"
"152599","0.11080669611692429","0.11080669611692429","0.11080669611692429","1525","1525","1525"
"152699","0.12512728571891785","0.12512728571891785","0.12512728571891785","1526","1526","1526"
"152799","0.11974747478961945","0.11974747478961945","0.11974747478961945","1527","1527","1527"
"152899","0.11560860276222229","0.11560860276222229","0.11560860276222229","1528","1528","1528"
"152999","0.11770031601190567","0.11770031601190567","0.11770031601190567","1529","1529","1529"
"153099","0.11520030349493027","0.11520030349493027","0.11520030349493027","1530","1530","1530"
"153199","0.11621536314487457","0.11621536314487457","0.11621536314487457","1531","1531","1531"
"153299","0.11381663382053375","0.11381663382053375","0.11381663382053375","1532","1532","1532"
"153399","0.1202072948217392","0.1202072948217392","0.1202072948217392","1533","1533","1533"
"153499","0.11603499948978424","0.11603499948978424","0.11603499948978424","1534","1534","1534"
"153599","0.1171962097287178","0.1171962097287178","0.1171962097287178","1535","1535","1535"
"153699","0.11443979293107986","0.11443979293107986","0.11443979293107986","1536","1536","1536"
"153799","0.11550800502300262","0.11550800502300262","0.11550800502300262","1537","1537","1537"
"153899","0.11985991150140762","0.11985991150140762","0.11985991150140762","1538","1538","1538"
"153999","0.12065984308719635","0.12065984308719635","0.12065984308719635","1539","1539","1539"
"154099","0.12622134387493134","0.12622134387493134","0.12622134387493134","1540","1540","1540"
"154199","0.11955195665359497","0.11955195665359497","0.11955195665359497","1541","1541","1541"
"154299","0.1174362376332283","0.1174362376332283","0.1174362376332283","1542","1542","1542"
"154399","0.11654052138328552","0.11654052138328552","0.11654052138328552","1543","1543","1543"
"154499","0.11550042778253555","0.11550042778253555","0.11550042778253555","1544","1544","1544"
"154599","0.12187929451465607","0.12187929451465607","0.12187929451465607","1545","1545","1545"
"154699","0.1193556934595108","0.1193556934595108","0.1193556934595108","1546","1546","1546"
"154799","0.12236659228801727","0.12236659228801727","0.12236659228801727","1547","1547","1547"
"154899","0.1212453693151474","0.1212453693151474","0.1212453693151474","1548","1548","1548"
"154999","0.12371832877397537","0.12371832877397537","0.12371832877397537","1549","1549","1549"
"155099","0.12346811592578888","0.12346811592578888","0.12346811592578888","1550","1550","1550"
"155199","0.11807925999164581","0.11807925999164581","0.11807925999164581","1551","1551","1551"
"155299","0.11852623522281647","0.11852623522281647","0.11852623522281647","1552","1552","1552"
"155399","0.11970463395118713","0.11970463395118713","0.11970463395118713","1553","1553","1553"
"155499","0.12089037895202637","0.12089037895202637","0.12089037895202637","1554","1554","1554"
"155599","0.12589427828788757","0.12589427828788757","0.12589427828788757","1555","1555","1555"
"155699","0.11444564908742905","0.11444564908742905","0.11444564908742905","1556","1556","1556"
"155799","0.12096825242042542","0.12096825242042542","0.12096825242042542","1557","1557","1557"
"155899","0.12216847389936447","0.12216847389936447","0.12216847389936447","1558","1558","1558"
"155999","0.12322553992271423","0.12322553992271423","0.12322553992271423","1559","1559","1559"
"156099","0.11778426170349121","0.11778426170349121","0.11778426170349121","1560","1560","1560"
"156199","0.1188107505440712","0.1188107505440712","0.1188107505440712","1561","1561","1561"
"156299","0.12441591918468475","0.12441591918468475","0.12441591918468475","1562","1562","1562"
"156399","0.12323158234357834","0.12323158234357834","0.12323158234357834","1563","1563","1563"
"156499","0.11938931047916412","0.11938931047916412","0.11938931047916412","1564","1564","1564"
"156599","0.11348897218704224","0.11348897218704224","0.11348897218704224","1565","1565","1565"
"156699","0.11536651104688644","0.11536651104688644","0.11536651104688644","1566","1566","1566"
"156799","0.11803412437438965","0.11803412437438965","0.11803412437438965","1567","1567","1567"
"156899","0.1196238249540329","0.1196238249540329","0.1196238249540329","1568","1568","1568"
"156999","0.12184233963489532","0.12184233963489532","0.12184233963489532","1569","1569","1569"
"157099","0.11660530418157578","0.11660530418157578","0.11660530418157578","1570","1570","1570"
"157199","0.11160232126712799","0.11160232126712799","0.11160232126712799","1571","1571","1571"
"157299","0.11796228587627411","0.11796228587627411","0.11796228587627411","1572","1572","1572"
"157399","0.1145213171839714","0.1145213171839714","0.1145213171839714","1573","1573","1573"
"157499","0.11789858341217041","0.11789858341217041","0.11789858341217041","1574","1574","1574"
"157599","0.11567916721105576","0.11567916721105576","0.11567916721105576","1575","1575","1575"
"157699","0.12062069028615952","0.12062069028615952","0.12062069028615952","1576","1576","1576"
"157799","0.12303262203931808","0.12303262203931808","0.12303262203931808","1577","1577","1577"
"157899","0.12038498371839523","0.12038498371839523","0.12038498371839523","1578","1578","1578"
"157999","0.11846479028463364","0.11846479028463364","0.11846479028463364","1579","1579","1579"
"158099","0.11812581866979599","0.11812581866979599","0.11812581866979599","1580","1580","1580"
"158199","0.12125322967767715","0.12125322967767715","0.12125322967767715","1581","1581","1581"
"158299","0.12185822427272797","0.12185822427272797","0.12185822427272797","1582","1582","1582"
"158399","0.1220942959189415","0.1220942959189415","0.1220942959189415","1583","1583","1583"
"158499","0.12062650918960571","0.12062650918960571","0.12062650918960571","1584","1584","1584"
"158599","0.11558816581964493","0.11558816581964493","0.11558816581964493","1585","1585","1585"
"158699","0.11962141841650009","0.11962141841650009","0.11962141841650009","1586","1586","1586"
"158799","0.11794658750295639","0.11794658750295639","0.11794658750295639","1587","1587","1587"
"158899","0.11745044589042664","0.11745044589042664","0.11745044589042664","1588","1588","1588"
"158999","0.11377916485071182","0.11377916485071182","0.11377916485071182","1589","1589","1589"
"159099","0.10942338407039642","0.10942338407039642","0.10942338407039642","1590","1590","1590"
"159199","0.11827865988016129","0.11827865988016129","0.11827865988016129","1591","1591","1591"
"159299","0.11388005316257477","0.11388005316257477","0.11388005316257477","1592","1592","1592"
"159399","0.12121827900409698","0.12121827900409698","0.12121827900409698","1593","1593","1593"
"159499","0.10768190771341324","0.10768190771341324","0.10768190771341324","1594","1594","1594"
"159599","0.11096260696649551","0.11096260696649551","0.11096260696649551","1595","1595","1595"
"159699","0.11577499657869339","0.11577499657869339","0.11577499657869339","1596","1596","1596"
"159799","0.11714796721935272","0.11714796721935272","0.11714796721935272","1597","1597","1597"
"159899","0.12112035602331161","0.12112035602331161","0.12112035602331161","1598","1598","1598"
"159999","0.11704342812299728","0.11704342812299728","0.11704342812299728","1599","1599","1599"
"160099","0.12293633073568344","0.12293633073568344","0.12293633073568344","1600","1600","1600"
"160199","0.11342203617095947","0.11342203617095947","0.11342203617095947","1601","1601","1601"
"160299","0.123966284096241","0.123966284096241","0.123966284096241","1602","1602","1602"
"160399","0.1238161027431488","0.1238161027431488","0.1238161027431488","1603","1603","1603"
"160499","0.12091454118490219","0.12091454118490219","0.12091454118490219","1604","1604","1604"
"160599","0.11607711017131805","0.11607711017131805","0.11607711017131805","1605","1605","1605"
"160699","0.11728572100400925","0.11728572100400925","0.11728572100400925","1606","1606","1606"
"160799","0.11217347532510757","0.11217347532510757","0.11217347532510757","1607","1607","1607"
"160899","0.11214670538902283","0.11214670538902283","0.11214670538902283","1608","1608","1608"
"160999","0.11619523912668228","0.11619523912668228","0.11619523912668228","1609","1609","1609"
"161099","0.11796381324529648","0.11796381324529648","0.11796381324529648","1610","1610","1610"
"161199","0.12075429409742355","0.12075429409742355","0.12075429409742355","1611","1611","1611"
"161299","0.1186475083231926","0.1186475083231926","0.1186475083231926","1612","1612","1612"
"161399","0.12388602644205093","0.12388602644205093","0.12388602644205093","1613","1613","1613"
"161499","0.12304208427667618","0.12304208427667618","0.12304208427667618","1614","1614","1614"
"161599","0.11796506494283676","0.11796506494283676","0.11796506494283676","1615","1615","1615"
"161699","0.12001512199640274","0.12001512199640274","0.12001512199640274","1616","1616","1616"
"161799","0.1206325888633728","0.1206325888633728","0.1206325888633728","1617","1617","1617"
"161899","0.11690837144851685","0.11690837144851685","0.11690837144851685","1618","1618","1618"
"161999","0.11384267359972","0.11384267359972","0.11384267359972","1619","1619","1619"
"162099","0.11962283402681351","0.11962283402681351","0.11962283402681351","1620","1620","1620"
"162199","0.1228213980793953","0.1228213980793953","0.1228213980793953","1621","1621","1621"
"162299","0.11777724325656891","0.11777724325656891","0.11777724325656891","1622","1622","1622"
"162399","0.12141045182943344","0.12141045182943344","0.12141045182943344","1623","1623","1623"
"162499","0.11512868851423264","0.11512868851423264","0.11512868851423264","1624","1624","1624"
"162599","0.12413161247968674","0.12413161247968674","0.12413161247968674","1625","1625","1625"
"162699","0.12132947891950607","0.12132947891950607","0.12132947891950607","1626","1626","1626"
"162799","0.11594226956367493","0.11594226956367493","0.11594226956367493","1627","1627","1627"
"162899","0.12432970106601715","0.12432970106601715","0.12432970106601715","1628","1628","1628"
"162999","0.12282247841358185","0.12282247841358185","0.12282247841358185","1629","1629","1629"
"163099","0.11078332364559174","0.11078332364559174","0.11078332364559174","1630","1630","1630"
"163199","0.11779296398162842","0.11779296398162842","0.11779296398162842","1631","1631","1631"
"163299","0.12163417786359787","0.12163417786359787","0.12163417786359787","1632","1632","1632"
"163399","0.1191650852560997","0.1191650852560997","0.1191650852560997","1633","1633","1633"
"163499","0.11455987393856049","0.11455987393856049","0.11455987393856049","1634","1634","1634"
"163599","0.11882764846086502","0.11882764846086502","0.11882764846086502","1635","1635","1635"
"163699","0.11562475562095642","0.11562475562095642","0.11562475562095642","1636","1636","1636"
"163799","0.12194044142961502","0.12194044142961502","0.12194044142961502","1637","1637","1637"
"163899","0.12009303271770477","0.12009303271770477","0.12009303271770477","1638","1638","1638"
"163999","0.11872548609972","0.11872548609972","0.11872548609972","1639","1639","1639"
"164099","0.12064766138792038","0.12064766138792038","0.12064766138792038","1640","1640","1640"
"164199","0.119414322078228","0.119414322078228","0.119414322078228","1641","1641","1641"
"164299","0.1232575923204422","0.1232575923204422","0.1232575923204422","1642","1642","1642"
"164399","0.1204298660159111","0.1204298660159111","0.1204298660159111","1643","1643","1643"
"164499","0.11972682923078537","0.11972682923078537","0.11972682923078537","1644","1644","1644"
"164599","0.11809379607439041","0.11809379607439041","0.11809379607439041","1645","1645","1645"
"164699","0.12626919150352478","0.12626919150352478","0.12626919150352478","1646","1646","1646"
"164799","0.11924818903207779","0.11924818903207779","0.11924818903207779","1647","1647","1647"
"164899","0.11526437103748322","0.11526437103748322","0.11526437103748322","1648","1648","1648"
"164999","0.1135425716638565","0.1135425716638565","0.1135425716638565","1649","1649","1649"
"165099","0.11565788090229034","0.11565788090229034","0.11565788090229034","1650","1650","1650"
"165199","0.11645685881376266","0.11645685881376266","0.11645685881376266","1651","1651","1651"
"165299","0.12168978899717331","0.12168978899717331","0.12168978899717331","1652","1652","1652"
"165399","0.12190409004688263","0.12190409004688263","0.12190409004688263","1653","1653","1653"
"165499","0.12304312735795975","0.12304312735795975","0.12304312735795975","1654","1654","1654"
"165599","0.11920244246721268","0.11920244246721268","0.11920244246721268","1655","1655","1655"
"165699","0.12221984565258026","0.12221984565258026","0.12221984565258026","1656","1656","1656"
"165799","0.11723577231168747","0.11723577231168747","0.11723577231168747","1657","1657","1657"
"165899","0.11934429407119751","0.11934429407119751","0.11934429407119751","1658","1658","1658"
"165999","0.11907447129487991","0.11907447129487991","0.11907447129487991","1659","1659","1659"
"166099","0.12303177267313004","0.12303177267313004","0.12303177267313004","1660","1660","1660"
"166199","0.11486318707466125","0.11486318707466125","0.11486318707466125","1661","1661","1661"
"166299","0.11806654930114746","0.11806654930114746","0.11806654930114746","1662","1662","1662"
"166399","0.12178477644920349","0.12178477644920349","0.12178477644920349","1663","1663","1663"
"166499","0.11579396575689316","0.11579396575689316","0.11579396575689316","1664","1664","1664"
"166599","0.11639732122421265","0.11639732122421265","0.11639732122421265","1665","1665","1665"
"166699","0.11756068468093872","0.11756068468093872","0.11756068468093872","1666","1666","1666"
"166799","0.10964445024728775","0.10964445024728775","0.10964445024728775","1667","1667","1667"
"166899","0.11681187897920609","0.11681187897920609","0.11681187897920609","1668","1668","1668"
"166999","0.11543424427509308","0.11543424427509308","0.11543424427509308","1669","1669","1669"
"167099","0.11602860689163208","0.11602860689163208","0.11602860689163208","1670","1670","1670"
"167199","0.12140577286481857","0.12140577286481857","0.12140577286481857","1671","1671","1671"
"167299","0.11632110178470612","0.11632110178470612","0.11632110178470612","1672","1672","1672"
"167399","0.11753148585557938","0.11753148585557938","0.11753148585557938","1673","1673","1673"
"167499","0.12277040630578995","0.12277040630578995","0.12277040630578995","1674","1674","1674"
"167599","0.11983194947242737","0.11983194947242737","0.11983194947242737","1675","1675","1675"
"167699","0.1144324466586113","0.1144324466586113","0.1144324466586113","1676","1676","1676"
"167799","0.12086620926856995","0.12086620926856995","0.12086620926856995","1677","1677","1677"
"167899","0.11573004722595215","0.11573004722595215","0.11573004722595215","1678","1678","1678"
"167999","0.11974304914474487","0.11974304914474487","0.11974304914474487","1679","1679","1679"
"168099","0.11431770771741867","0.11431770771741867","0.11431770771741867","1680","1680","1680"
"168199","0.11907502263784409","0.11907502263784409","0.11907502263784409","1681","1681","1681"
"168299","0.12214741110801697","0.12214741110801697","0.12214741110801697","1682","1682","1682"
"168399","0.12546829879283905","0.12546829879283905","0.12546829879283905","1683","1683","1683"
"168499","0.12181385606527328","0.12181385606527328","0.12181385606527328","1684","1684","1684"
"168599","0.1179707795381546","0.1179707795381546","0.1179707795381546","1685","1685","1685"
"168699","0.12180713564157486","0.12180713564157486","0.12180713564157486","1686","1686","1686"
"168799","0.12215199321508408","0.12215199321508408","0.12215199321508408","1687","1687","1687"
"168899","0.11995844542980194","0.11995844542980194","0.11995844542980194","1688","1688","1688"
"168999","0.11753135919570923","0.11753135919570923","0.11753135919570923","1689","1689","1689"
"169099","0.11914365738630295","0.11914365738630295","0.11914365738630295","1690","1690","1690"
"169199","0.11979338526725769","0.11979338526725769","0.11979338526725769","1691","1691","1691"
"169299","0.10374381393194199","0.10374381393194199","0.10374381393194199","1692","1692","1692"
"169399","0.11641033738851547","0.11641033738851547","0.11641033738851547","1693","1693","1693"
"169499","0.12201161682605743","0.12201161682605743","0.12201161682605743","1694","1694","1694"
"169599","0.1165233850479126","0.1165233850479126","0.1165233850479126","1695","1695","1695"
"169699","0.11357308179140091","0.11357308179140091","0.11357308179140091","1696","1696","1696"
"169799","0.11914019286632538","0.11914019286632538","0.11914019286632538","1697","1697","1697"
"169899","0.1211065873503685","0.1211065873503685","0.1211065873503685","1698","1698","1698"
"169999","0.11491938680410385","0.11491938680410385","0.11491938680410385","1699","1699","1699"
"170099","0.12669429183006287","0.12669429183006287","0.12669429183006287","1700","1700","1700"
"170199","0.1185864806175232","0.1185864806175232","0.1185864806175232","1701","1701","1701"
"170299","0.11194585263729095","0.11194585263729095","0.11194585263729095","1702","1702","1702"
"170399","0.11548402160406113","0.11548402160406113","0.11548402160406113","1703","1703","1703"
"170499","0.11594071239233017","0.11594071239233017","0.11594071239233017","1704","1704","1704"
"170599","0.12400126457214355","0.12400126457214355","0.12400126457214355","1705","1705","1705"
"170699","0.12765111029148102","0.12765111029148102","0.12765111029148102","1706","1706","1706"
"170799","0.11919529736042023","0.11919529736042023","0.11919529736042023","1707","1707","1707"
"170899","0.11324866116046906","0.11324866116046906","0.11324866116046906","1708","1708","1708"
"170999","0.11619038879871368","0.11619038879871368","0.11619038879871368","1709","1709","1709"
"171099","0.11461131274700165","0.11461131274700165","0.11461131274700165","1710","1710","1710"
"171199","0.11993492394685745","0.11993492394685745","0.11993492394685745","1711","1711","1711"
"171299","0.11471980810165405","0.11471980810165405","0.11471980810165405","1712","1712","1712"
"171399","0.11327483505010605","0.11327483505010605","0.11327483505010605","1713","1713","1713"
"171499","0.11845719069242477","0.11845719069242477","0.11845719069242477","1714","1714","1714"
"171599","0.12580646574497223","0.12580646574497223","0.12580646574497223","1715","1715","1715"
"171699","0.11870992183685303","0.11870992183685303","0.11870992183685303","1716","1716","1716"
"171799","0.12289464473724365","0.12289464473724365","0.12289464473724365","1717","1717","1717"
"171899","0.11880908906459808","0.11880908906459808","0.11880908906459808","1718","1718","1718"
"171999","0.11619875580072403","0.11619875580072403","0.11619875580072403","1719","1719","1719"
"172099","0.11131492257118225","0.11131492257118225","0.11131492257118225","1720","1720","1720"
"172199","0.11919667571783066","0.11919667571783066","0.11919667571783066","1721","1721","1721"
"172299","0.12198133766651154","0.12198133766651154","0.12198133766651154","1722","1722","1722"
"172399","0.11687389761209488","0.11687389761209488","0.11687389761209488","1723","1723","1723"
"172499","0.11713294684886932","0.11713294684886932","0.11713294684886932","1724","1724","1724"
"172599","0.1200195923447609","0.1200195923447609","0.1200195923447609","1725","1725","1725"
"172699","0.1201581060886383","0.1201581060886383","0.1201581060886383","1726","1726","1726"
"172799","0.1158340722322464","0.1158340722322464","0.1158340722322464","1727","1727","1727"
"172899","0.12378927320241928","0.12378927320241928","0.12378927320241928","1728","1728","1728"
"172999","0.11977408081293106","0.11977408081293106","0.11977408081293106","1729","1729","1729"
"173099","0.11566652357578278","0.11566652357578278","0.11566652357578278","1730","1730","1730"
"173199","0.12666040658950806","0.12666040658950806","0.12666040658950806","1731","1731","1731"
"173299","0.11308999359607697","0.11308999359607697","0.11308999359607697","1732","1732","1732"
"173399","0.1174110546708107","0.1174110546708107","0.1174110546708107","1733","1733","1733"
"173499","0.12969961762428284","0.12969961762428284","0.12969961762428284","1734","1734","1734"
"173599","0.11347376555204391","0.11347376555204391","0.11347376555204391","1735","1735","1735"
"173699","0.11855577677488327","0.11855577677488327","0.11855577677488327","1736","1736","1736"
"173799","0.11719702929258347","0.11719702929258347","0.11719702929258347","1737","1737","1737"
"173899","0.11741328984498978","0.11741328984498978","0.11741328984498978","1738","1738","1738"
"173999","0.11398611217737198","0.11398611217737198","0.11398611217737198","1739","1739","1739"
"174099","0.1179102435708046","0.1179102435708046","0.1179102435708046","1740","1740","1740"
"174199","0.11426994204521179","0.11426994204521179","0.11426994204521179","1741","1741","1741"
"174299","0.11808399111032486","0.11808399111032486","0.11808399111032486","1742","1742","1742"
"174399","0.1130235493183136","0.1130235493183136","0.1130235493183136","1743","1743","1743"
"174499","0.11791705340147018","0.11791705340147018","0.11791705340147018","1744","1744","1744"
"174599","0.1189650371670723","0.1189650371670723","0.1189650371670723","1745","1745","1745"
"174699","0.11783405393362045","0.11783405393362045","0.11783405393362045","1746","1746","1746"
"174799","0.11452674120664597","0.11452674120664597","0.11452674120664597","1747","1747","1747"
"174899","0.12127264589071274","0.12127264589071274","0.12127264589071274","1748","1748","1748"
"174999","0.11063344776630402","0.11063344776630402","0.11063344776630402","1749","1749","1749"
"175099","0.1260894238948822","0.1260894238948822","0.1260894238948822","1750","1750","1750"
"175199","0.11957918852567673","0.11957918852567673","0.11957918852567673","1751","1751","1751"
"175299","0.11669597029685974","0.11669597029685974","0.11669597029685974","1752","1752","1752"
"175399","0.11639996618032455","0.11639996618032455","0.11639996618032455","1753","1753","1753"
"175499","0.1271546334028244","0.1271546334028244","0.1271546334028244","1754","1754","1754"
"175599","0.11501886695623398","0.11501886695623398","0.11501886695623398","1755","1755","1755"
"175699","0.1157977432012558","0.1157977432012558","0.1157977432012558","1756","1756","1756"
"175799","0.11753718554973602","0.11753718554973602","0.11753718554973602","1757","1757","1757"
"175899","0.11147725582122803","0.11147725582122803","0.11147725582122803","1758","1758","1758"
"175999","0.11501122266054153","0.11501122266054153","0.11501122266054153","1759","1759","1759"
"176099","0.11656595021486282","0.11656595021486282","0.11656595021486282","1760","1760","1760"
"176199","0.11935767531394958","0.11935767531394958","0.11935767531394958","1761","1761","1761"
"176299","0.11498904228210449","0.11498904228210449","0.11498904228210449","1762","1762","1762"
"176399","0.11706973612308502","0.11706973612308502","0.11706973612308502","1763","1763","1763"
"176499","0.11321262270212173","0.11321262270212173","0.11321262270212173","1764","1764","1764"
"176599","0.1185934841632843","0.1185934841632843","0.1185934841632843","1765","1765","1765"
"176699","0.11632034182548523","0.11632034182548523","0.11632034182548523","1766","1766","1766"
"176799","0.1272013783454895","0.1272013783454895","0.1272013783454895","1767","1767","1767"
"176899","0.11898696422576904","0.11898696422576904","0.11898696422576904","1768","1768","1768"
"176999","0.11930309981107712","0.11930309981107712","0.11930309981107712","1769","1769","1769"
"177099","0.119383305311203","0.119383305311203","0.119383305311203","1770","1770","1770"
"177199","0.11959902942180634","0.11959902942180634","0.11959902942180634","1771","1771","1771"
"177299","0.11925412714481354","0.11925412714481354","0.11925412714481354","1772","1772","1772"
"177399","0.11135283857584","0.11135283857584","0.11135283857584","1773","1773","1773"
"177499","0.11967772990465164","0.11967772990465164","0.11967772990465164","1774","1774","1774"
"177599","0.12100479006767273","0.12100479006767273","0.12100479006767273","1775","1775","1775"
"177699","0.11716552078723907","0.11716552078723907","0.11716552078723907","1776","1776","1776"
"177799","0.12363863736391068","0.12363863736391068","0.12363863736391068","1777","1777","1777"
"177899","0.11673802137374878","0.11673802137374878","0.11673802137374878","1778","1778","1778"
"177999","0.12072566151618958","0.12072566151618958","0.12072566151618958","1779","1779","1779"
"178099","0.11836541444063187","0.11836541444063187","0.11836541444063187","1780","1780","1780"
"178199","0.12032239884138107","0.12032239884138107","0.12032239884138107","1781","1781","1781"
"178299","0.1202528178691864","0.1202528178691864","0.1202528178691864","1782","1782","1782"
"178399","0.12266814708709717","0.12266814708709717","0.12266814708709717","1783","1783","1783"
"178499","0.12163294851779938","0.12163294851779938","0.12163294851779938","1784","1784","1784"
"178599","0.11609288305044174","0.11609288305044174","0.11609288305044174","1785","1785","1785"
"178699","0.11908627301454544","0.11908627301454544","0.11908627301454544","1786","1786","1786"
"178799","0.1144135370850563","0.1144135370850563","0.1144135370850563","1787","1787","1787"
"178899","0.12214583158493042","0.12214583158493042","0.12214583158493042","1788","1788","1788"
"178999","0.12111486494541168","0.12111486494541168","0.12111486494541168","1789","1789","1789"
"179099","0.11666107922792435","0.11666107922792435","0.11666107922792435","1790","1790","1790"
"179199","0.11886035650968552","0.11886035650968552","0.11886035650968552","1791","1791","1791"
"179299","0.1187201589345932","0.1187201589345932","0.1187201589345932","1792","1792","1792"
"179399","0.11910257488489151","0.11910257488489151","0.11910257488489151","1793","1793","1793"
"179499","0.1217934787273407","0.1217934787273407","0.1217934787273407","1794","1794","1794"
"179599","0.11614296585321426","0.11614296585321426","0.11614296585321426","1795","1795","1795"
"179699","0.1272715926170349","0.1272715926170349","0.1272715926170349","1796","1796","1796"
"179799","0.11007527261972427","0.11007527261972427","0.11007527261972427","1797","1797","1797"
"179899","0.12297797948122025","0.12297797948122025","0.12297797948122025","1798","1798","1798"
"179999","0.12366767972707748","0.12366767972707748","0.12366767972707748","1799","1799","1799"
"180099","0.11833636462688446","0.11833636462688446","0.11833636462688446","1800","1800","1800"
"180199","0.1161520704627037","0.1161520704627037","0.1161520704627037","1801","1801","1801"
"180299","0.11815560609102249","0.11815560609102249","0.11815560609102249","1802","1802","1802"
"180399","0.11827206611633301","0.11827206611633301","0.11827206611633301","1803","1803","1803"
"180499","0.11962594836950302","0.11962594836950302","0.11962594836950302","1804","1804","1804"
"180599","0.11861824244260788","0.11861824244260788","0.11861824244260788","1805","1805","1805"
"180699","0.1202697604894638","0.1202697604894638","0.1202697604894638","1806","1806","1806"
"180799","0.11648307740688324","0.11648307740688324","0.11648307740688324","1807","1807","1807"
"180899","0.11405191570520401","0.11405191570520401","0.11405191570520401","1808","1808","1808"
"180999","0.11844189465045929","0.11844189465045929","0.11844189465045929","1809","1809","1809"
"181099","0.11730950325727463","0.11730950325727463","0.11730950325727463","1810","1810","1810"
"181199","0.11828821152448654","0.11828821152448654","0.11828821152448654","1811","1811","1811"
"181299","0.11729593575000763","0.11729593575000763","0.11729593575000763","1812","1812","1812"
"181399","0.11519607156515121","0.11519607156515121","0.11519607156515121","1813","1813","1813"
"181499","0.12630075216293335","0.12630075216293335","0.12630075216293335","1814","1814","1814"
"181599","0.11741763353347778","0.11741763353347778","0.11741763353347778","1815","1815","1815"
"181699","0.11996114253997803","0.11996114253997803","0.11996114253997803","1816","1816","1816"
"181799","0.12184390425682068","0.12184390425682068","0.12184390425682068","1817","1817","1817"
"181899","0.12099482864141464","0.12099482864141464","0.12099482864141464","1818","1818","1818"
"181999","0.11408547312021255","0.11408547312021255","0.11408547312021255","1819","1819","1819"
"182099","0.12853407859802246","0.12853407859802246","0.12853407859802246","1820","1820","1820"
"182199","0.12192165106534958","0.12192165106534958","0.12192165106534958","1821","1821","1821"
"182299","0.12168022245168686","0.12168022245168686","0.12168022245168686","1822","1822","1822"
"182399","0.11242371797561646","0.11242371797561646","0.11242371797561646","1823","1823","1823"
"182499","0.11808638274669647","0.11808638274669647","0.11808638274669647","1824","1824","1824"
"182599","0.11714313924312592","0.11714313924312592","0.11714313924312592","1825","1825","1825"
"182699","0.12224911153316498","0.12224911153316498","0.12224911153316498","1826","1826","1826"
"182799","0.1170208603143692","0.1170208603143692","0.1170208603143692","1827","1827","1827"
"182899","0.12284045666456223","0.12284045666456223","0.12284045666456223","1828","1828","1828"
"182999","0.11512529104948044","0.11512529104948044","0.11512529104948044","1829","1829","1829"
"183099","0.11996469646692276","0.11996469646692276","0.11996469646692276","1830","1830","1830"
"183199","0.11636898666620255","0.11636898666620255","0.11636898666620255","1831","1831","1831"
"183299","0.12083713710308075","0.12083713710308075","0.12083713710308075","1832","1832","1832"
"183399","0.12048275768756866","0.12048275768756866","0.12048275768756866","1833","1833","1833"
"183499","0.11727572232484818","0.11727572232484818","0.11727572232484818","1834","1834","1834"
"183599","0.12223490327596664","0.12223490327596664","0.12223490327596664","1835","1835","1835"
"183699","0.11732757836580276","0.11732757836580276","0.11732757836580276","1836","1836","1836"
"183799","0.1129356250166893","0.1129356250166893","0.1129356250166893","1837","1837","1837"
"183899","0.11411016434431076","0.11411016434431076","0.11411016434431076","1838","1838","1838"
"183999","0.11827726662158966","0.11827726662158966","0.11827726662158966","1839","1839","1839"
"184099","0.1215050145983696","0.1215050145983696","0.1215050145983696","1840","1840","1840"
"184199","0.12072491645812988","0.12072491645812988","0.12072491645812988","1841","1841","1841"
"184299","0.11887046694755554","0.11887046694755554","0.11887046694755554","1842","1842","1842"
"184399","0.1235688328742981","0.1235688328742981","0.1235688328742981","1843","1843","1843"
"184499","0.12330717593431473","0.12330717593431473","0.12330717593431473","1844","1844","1844"
"184599","0.12157351523637772","0.12157351523637772","0.12157351523637772","1845","1845","1845"
"184699","0.11470125615596771","0.11470125615596771","0.11470125615596771","1846","1846","1846"
"184799","0.12292154878377914","0.12292154878377914","0.12292154878377914","1847","1847","1847"
"184899","0.11939157545566559","0.11939157545566559","0.11939157545566559","1848","1848","1848"
"184999","0.11504695564508438","0.11504695564508438","0.11504695564508438","1849","1849","1849"
"185099","0.12118974328041077","0.12118974328041077","0.12118974328041077","1850","1850","1850"
"185199","0.11667793244123459","0.11667793244123459","0.11667793244123459","1851","1851","1851"
"185299","0.11822070181369781","0.11822070181369781","0.11822070181369781","1852","1852","1852"
"185399","0.11686816066503525","0.11686816066503525","0.11686816066503525","1853","1853","1853"
"185499","0.11843385547399521","0.11843385547399521","0.11843385547399521","1854","1854","1854"
"185599","0.1197652742266655","0.1197652742266655","0.1197652742266655","1855","1855","1855"
"185699","0.1169547513127327","0.1169547513127327","0.1169547513127327","1856","1856","1856"
"185799","0.11134634166955948","0.11134634166955948","0.11134634166955948","1857","1857","1857"
"185899","0.12153241783380508","0.12153241783380508","0.12153241783380508","1858","1858","1858"
"185999","0.1214878186583519","0.1214878186583519","0.1214878186583519","1859","1859","1859"
"186099","0.1121947392821312","0.1121947392821312","0.1121947392821312","1860","1860","1860"
"186199","0.11620800942182541","0.11620800942182541","0.11620800942182541","1861","1861","1861"
"186299","0.11555083841085434","0.11555083841085434","0.11555083841085434","1862","1862","1862"
"186399","0.1195223480463028","0.1195223480463028","0.1195223480463028","1863","1863","1863"
"186499","0.1244477853178978","0.1244477853178978","0.1244477853178978","1864","1864","1864"
"186599","0.11984474956989288","0.11984474956989288","0.11984474956989288","1865","1865","1865"
"186699","0.12126529216766357","0.12126529216766357","0.12126529216766357","1866","1866","1866"
"186799","0.12182452529668808","0.12182452529668808","0.12182452529668808","1867","1867","1867"
"186899","0.1215357556939125","0.1215357556939125","0.1215357556939125","1868","1868","1868"
"186999","0.1119234636425972","0.1119234636425972","0.1119234636425972","1869","1869","1869"
"187099","0.12224031239748001","0.12224031239748001","0.12224031239748001","1870","1870","1870"
"187199","0.11084791272878647","0.11084791272878647","0.11084791272878647","1871","1871","1871"
"187299","0.12105285376310349","0.12105285376310349","0.12105285376310349","1872","1872","1872"
"187399","0.11247052252292633","0.11247052252292633","0.11247052252292633","1873","1873","1873"
"187499","0.11863291263580322","0.11863291263580322","0.11863291263580322","1874","1874","1874"
"187599","0.12026478350162506","0.12026478350162506","0.12026478350162506","1875","1875","1875"
"187699","0.12201249599456787","0.12201249599456787","0.12201249599456787","1876","1876","1876"
"187799","0.11658110469579697","0.11658110469579697","0.11658110469579697","1877","1877","1877"
"187899","0.11375916004180908","0.11375916004180908","0.11375916004180908","1878","1878","1878"
"187999","0.12309108674526215","0.12309108674526215","0.12309108674526215","1879","1879","1879"
"188099","0.1251467615365982","0.1251467615365982","0.1251467615365982","1880","1880","1880"
"188199","0.12315057218074799","0.12315057218074799","0.12315057218074799","1881","1881","1881"
"188299","0.11749255657196045","0.11749255657196045","0.11749255657196045","1882","1882","1882"
"188399","0.1156458854675293","0.1156458854675293","0.1156458854675293","1883","1883","1883"
"188499","0.12282799184322357","0.12282799184322357","0.12282799184322357","1884","1884","1884"
"188599","0.1217593178153038","0.1217593178153038","0.1217593178153038","1885","1885","1885"
"188699","0.11802030354738235","0.11802030354738235","0.11802030354738235","1886","1886","1886"
"188799","0.11914675682783127","0.11914675682783127","0.11914675682783127","1887","1887","1887"
"188899","0.11722590774297714","0.11722590774297714","0.11722590774297714","1888","1888","1888"
"188999","0.12008652091026306","0.12008652091026306","0.12008652091026306","1889","1889","1889"
"189099","0.116919606924057","0.116919606924057","0.116919606924057","1890","1890","1890"
"189199","0.11793027073144913","0.11793027073144913","0.11793027073144913","1891","1891","1891"
"189299","0.12019985914230347","0.12019985914230347","0.12019985914230347","1892","1892","1892"
"189399","0.12083075195550919","0.12083075195550919","0.12083075195550919","1893","1893","1893"
"189499","0.11463569849729538","0.11463569849729538","0.11463569849729538","1894","1894","1894"
"189599","0.1256747543811798","0.1256747543811798","0.1256747543811798","1895","1895","1895"
"189699","0.11018650978803635","0.11018650978803635","0.11018650978803635","1896","1896","1896"
"189799","0.1219068095088005","0.1219068095088005","0.1219068095088005","1897","1897","1897"
"189899","0.11647673696279526","0.11647673696279526","0.11647673696279526","1898","1898","1898"
"189999","0.11937472224235535","0.11937472224235535","0.11937472224235535","1899","1899","1899"
"190099","0.11581108719110489","0.11581108719110489","0.11581108719110489","1900","1900","1900"
"190199","0.12487230449914932","0.12487230449914932","0.12487230449914932","1901","1901","1901"
"190299","0.11805497854948044","0.11805497854948044","0.11805497854948044","1902","1902","1902"
"190399","0.11620652675628662","0.11620652675628662","0.11620652675628662","1903","1903","1903"
"190499","0.12253843247890472","0.12253843247890472","0.12253843247890472","1904","1904","1904"
"190599","0.12068061530590057","0.12068061530590057","0.12068061530590057","1905","1905","1905"
"190699","0.12335464358329773","0.12335464358329773","0.12335464358329773","1906","1906","1906"
"190799","0.12250518053770065","0.12250518053770065","0.12250518053770065","1907","1907","1907"
"190899","0.1124681755900383","0.1124681755900383","0.1124681755900383","1908","1908","1908"
"190999","0.11314400285482407","0.11314400285482407","0.11314400285482407","1909","1909","1909"
"191099","0.11399096995592117","0.11399096995592117","0.11399096995592117","1910","1910","1910"
"191199","0.11697190254926682","0.11697190254926682","0.11697190254926682","1911","1911","1911"
"191299","0.11678040772676468","0.11678040772676468","0.11678040772676468","1912","1912","1912"
"191399","0.1165446862578392","0.1165446862578392","0.1165446862578392","1913","1913","1913"
"191499","0.1213030070066452","0.1213030070066452","0.1213030070066452","1914","1914","1914"
"191599","0.11849278956651688","0.11849278956651688","0.11849278956651688","1915","1915","1915"
"191699","0.12832780182361603","0.12832780182361603","0.12832780182361603","1916","1916","1916"
"191799","0.11557912826538086","0.11557912826538086","0.11557912826538086","1917","1917","1917"
"191899","0.11971732974052429","0.11971732974052429","0.11971732974052429","1918","1918","1918"
"191999","0.11758221685886383","0.11758221685886383","0.11758221685886383","1919","1919","1919"
"192099","0.11899632215499878","0.11899632215499878","0.11899632215499878","1920","1920","1920"
"192199","0.1201409175992012","0.1201409175992012","0.1201409175992012","1921","1921","1921"
"192299","0.1168079823255539","0.1168079823255539","0.1168079823255539","1922","1922","1922"
"192399","0.11829209327697754","0.11829209327697754","0.11829209327697754","1923","1923","1923"
"192499","0.11372403055429459","0.11372403055429459","0.11372403055429459","1924","1924","1924"
"192599","0.11796735227108002","0.11796735227108002","0.11796735227108002","1925","1925","1925"
"192699","0.11989731341600418","0.11989731341600418","0.11989731341600418","1926","1926","1926"
"192799","0.1173022910952568","0.1173022910952568","0.1173022910952568","1927","1927","1927"
"192899","0.12241453677415848","0.12241453677415848","0.12241453677415848","1928","1928","1928"
"192999","0.11040720343589783","0.11040720343589783","0.11040720343589783","1929","1929","1929"
"193099","0.12258753180503845","0.12258753180503845","0.12258753180503845","1930","1930","1930"
"193199","0.12158916890621185","0.12158916890621185","0.12158916890621185","1931","1931","1931"
"193299","0.11391347646713257","0.11391347646713257","0.11391347646713257","1932","1932","1932"
"193399","0.11906405538320541","0.11906405538320541","0.11906405538320541","1933","1933","1933"
"193499","0.11652930825948715","0.11652930825948715","0.11652930825948715","1934","1934","1934"
"193599","0.12082888185977936","0.12082888185977936","0.12082888185977936","1935","1935","1935"
"193699","0.1172046810388565","0.1172046810388565","0.1172046810388565","1936","1936","1936"
"193799","0.11897699534893036","0.11897699534893036","0.11897699534893036","1937","1937","1937"
"193899","0.12042668461799622","0.12042668461799622","0.12042668461799622","1938","1938","1938"
"193999","0.12167565524578094","0.12167565524578094","0.12167565524578094","1939","1939","1939"
"194099","0.11823965609073639","0.11823965609073639","0.11823965609073639","1940","1940","1940"
"194199","0.12248557806015015","0.12248557806015015","0.12248557806015015","1941","1941","1941"
"194299","0.11742345988750458","0.11742345988750458","0.11742345988750458","1942","1942","1942"
"194399","0.1157909631729126","0.1157909631729126","0.1157909631729126","1943","1943","1943"
"194499","0.11796904355287552","0.11796904355287552","0.11796904355287552","1944","1944","1944"
"194599","0.11641840636730194","0.11641840636730194","0.11641840636730194","1945","1945","1945"
"194699","0.11998220533132553","0.11998220533132553","0.11998220533132553","1946","1946","1946"
"194799","0.12010890990495682","0.12010890990495682","0.12010890990495682","1947","1947","1947"
"194899","0.12020117044448853","0.12020117044448853","0.12020117044448853","1948","1948","1948"
"194999","0.11470877379179001","0.11470877379179001","0.11470877379179001","1949","1949","1949"
"195099","0.11874541640281677","0.11874541640281677","0.11874541640281677","1950","1950","1950"
"195199","0.12202543765306473","0.12202543765306473","0.12202543765306473","1951","1951","1951"
"195299","0.12240761518478394","0.12240761518478394","0.12240761518478394","1952","1952","1952"
"195399","0.11154408752918243","0.11154408752918243","0.11154408752918243","1953","1953","1953"
"195499","0.11487586051225662","0.11487586051225662","0.11487586051225662","1954","1954","1954"
"195599","0.12200344353914261","0.12200344353914261","0.12200344353914261","1955","1955","1955"
"195699","0.1241503581404686","0.1241503581404686","0.1241503581404686","1956","1956","1956"
"195799","0.1131032258272171","0.1131032258272171","0.1131032258272171","1957","1957","1957"
"195899","0.1186085119843483","0.1186085119843483","0.1186085119843483","1958","1958","1958"
"195999","0.11485973745584488","0.11485973745584488","0.11485973745584488","1959","1959","1959"
"196099","0.11603338271379471","0.11603338271379471","0.11603338271379471","1960","1960","1960"
"196199","0.12273907661437988","0.12273907661437988","0.12273907661437988","1961","1961","1961"
"196299","0.1200217753648758","0.1200217753648758","0.1200217753648758","1962","1962","1962"
"196399","0.12087035179138184","0.12087035179138184","0.12087035179138184","1963","1963","1963"
"196499","0.11587332934141159","0.11587332934141159","0.11587332934141159","1964","1964","1964"
"196599","0.11655623465776443","0.11655623465776443","0.11655623465776443","1965","1965","1965"
"196699","0.11742301285266876","0.11742301285266876","0.11742301285266876","1966","1966","1966"
"196799","0.11509451270103455","0.11509451270103455","0.11509451270103455","1967","1967","1967"
"196899","0.11440452188253403","0.11440452188253403","0.11440452188253403","1968","1968","1968"
"196999","0.11531037092208862","0.11531037092208862","0.11531037092208862","1969","1969","1969"
"197099","0.11727625131607056","0.11727625131607056","0.11727625131607056","1970","1970","1970"
"197199","0.109714575111866","0.109714575111866","0.109714575111866","1971","1971","1971"
"197299","0.12436012923717499","0.12436012923717499","0.12436012923717499","1972","1972","1972"
"197399","0.12792760133743286","0.12792760133743286","0.12792760133743286","1973","1973","1973"
"197499","0.11772822588682175","0.11772822588682175","0.11772822588682175","1974","1974","1974"
"197599","0.12588994204998016","0.12588994204998016","0.12588994204998016","1975","1975","1975"
"197699","0.11883913725614548","0.11883913725614548","0.11883913725614548","1976","1976","1976"
"197799","0.12242380529642105","0.12242380529642105","0.12242380529642105","1977","1977","1977"
"197899","0.11798985302448273","0.11798985302448273","0.11798985302448273","1978","1978","1978"
"197999","0.11417382955551147","0.11417382955551147","0.11417382955551147","1979","1979","1979"
"198099","0.11868298798799515","0.11868298798799515","0.11868298798799515","1980","1980","1980"
"198199","0.12045340240001678","0.12045340240001678","0.12045340240001678","1981","1981","1981"
"198299","0.120569609105587","0.120569609105587","0.120569609105587","1982","1982","1982"
"198399","0.1202639564871788","0.1202639564871788","0.1202639564871788","1983","1983","1983"
"198499","0.11695834249258041","0.11695834249258041","0.11695834249258041","1984","1984","1984"
"198599","0.11977442353963852","0.11977442353963852","0.11977442353963852","1985","1985","1985"
"198699","0.11611673980951309","0.11611673980951309","0.11611673980951309","1986","1986","1986"
"198799","0.11648543924093246","0.11648543924093246","0.11648543924093246","1987","1987","1987"
"198899","0.11633201688528061","0.11633201688528061","0.11633201688528061","1988","1988","1988"
"198999","0.12166056036949158","0.12166056036949158","0.12166056036949158","1989","1989","1989"
"199099","0.11514893174171448","0.11514893174171448","0.11514893174171448","1990","1990","1990"
"199199","0.11615940928459167","0.11615940928459167","0.11615940928459167","1991","1991","1991"
"199299","0.11566834896802902","0.11566834896802902","0.11566834896802902","1992","1992","1992"
"199399","0.12218395620584488","0.12218395620584488","0.12218395620584488","1993","1993","1993"
"199499","0.1186237558722496","0.1186237558722496","0.1186237558722496","1994","1994","1994"
"199599","0.12150297313928604","0.12150297313928604","0.12150297313928604","1995","1995","1995"
"199699","0.1130993664264679","0.1130993664264679","0.1130993664264679","1996","1996","1996"
"199799","0.1260480135679245","0.1260480135679245","0.1260480135679245","1997","1997","1997"
"199899","0.11785789579153061","0.11785789579153061","0.11785789579153061","1998","1998","1998"
"199999","0.12136892974376678","0.12136892974376678","0.12136892974376678","1999","1999","1999"
"200099","0.12397800385951996","0.12397800385951996","0.12397800385951996","2000","2000","2000"
"200199","0.11980698257684708","0.11980698257684708","0.11980698257684708","2001","2001","2001"
"200299","0.11582069098949432","0.11582069098949432","0.11582069098949432","2002","2002","2002"
"200399","0.1096576452255249","0.1096576452255249","0.1096576452255249","2003","2003","2003"
"200499","0.11720942705869675","0.11720942705869675","0.11720942705869675","2004","2004","2004"
"200599","0.1157970055937767","0.1157970055937767","0.1157970055937767","2005","2005","2005"
"200699","0.11467129737138748","0.11467129737138748","0.11467129737138748","2006","2006","2006"
"200799","0.11686382442712784","0.11686382442712784","0.11686382442712784","2007","2007","2007"
"200899","0.11883412301540375","0.11883412301540375","0.11883412301540375","2008","2008","2008"
"200999","0.11553890258073807","0.11553890258073807","0.11553890258073807","2009","2009","2009"
"201099","0.1124730110168457","0.1124730110168457","0.1124730110168457","2010","2010","2010"
"201199","0.12063343077898026","0.12063343077898026","0.12063343077898026","2011","2011","2011"
"201299","0.11538899689912796","0.11538899689912796","0.11538899689912796","2012","2012","2012"
"201399","0.11802424490451813","0.11802424490451813","0.11802424490451813","2013","2013","2013"
"201499","0.12326411157846451","0.12326411157846451","0.12326411157846451","2014","2014","2014"
"201599","0.11354692280292511","0.11354692280292511","0.11354692280292511","2015","2015","2015"
"201699","0.11571957170963287","0.11571957170963287","0.11571957170963287","2016","2016","2016"
"201799","0.11326917260885239","0.11326917260885239","0.11326917260885239","2017","2017","2017"
"201899","0.12156893312931061","0.12156893312931061","0.12156893312931061","2018","2018","2018"
"201999","0.11708188056945801","0.11708188056945801","0.11708188056945801","2019","2019","2019"
"202099","0.1156967505812645","0.1156967505812645","0.1156967505812645","2020","2020","2020"
"202199","0.11543666571378708","0.11543666571378708","0.11543666571378708","2021","2021","2021"
"202299","0.12170328199863434","0.12170328199863434","0.12170328199863434","2022","2022","2022"
"202399","0.11234208196401596","0.11234208196401596","0.11234208196401596","2023","2023","2023"
"202499","0.11250193417072296","0.11250193417072296","0.11250193417072296","2024","2024","2024"
"202599","0.1275957226753235","0.1275957226753235","0.1275957226753235","2025","2025","2025"
"202699","0.118766188621521","0.118766188621521","0.118766188621521","2026","2026","2026"
"202799","0.12177954614162445","0.12177954614162445","0.12177954614162445","2027","2027","2027"
"202899","0.11641503125429153","0.11641503125429153","0.11641503125429153","2028","2028","2028"
"202999","0.1203143447637558","0.1203143447637558","0.1203143447637558","2029","2029","2029"
"203099","0.10924319922924042","0.10924319922924042","0.10924319922924042","2030","2030","2030"
"203199","0.1163220927119255","0.1163220927119255","0.1163220927119255","2031","2031","2031"
"203299","0.11491695046424866","0.11491695046424866","0.11491695046424866","2032","2032","2032"
"203399","0.11292918771505356","0.11292918771505356","0.11292918771505356","2033","2033","2033"
"203499","0.12030138075351715","0.12030138075351715","0.12030138075351715","2034","2034","2034"
"203599","0.12254686653614044","0.12254686653614044","0.12254686653614044","2035","2035","2035"
"203699","0.11539218574762344","0.11539218574762344","0.11539218574762344","2036","2036","2036"
"203799","0.11977384239435196","0.11977384239435196","0.11977384239435196","2037","2037","2037"
"203899","0.11454800516366959","0.11454800516366959","0.11454800516366959","2038","2038","2038"
"203999","0.11877770721912384","0.11877770721912384","0.11877770721912384","2039","2039","2039"
"204099","0.12060491740703583","0.12060491740703583","0.12060491740703583","2040","2040","2040"
"204199","0.11180812120437622","0.11180812120437622","0.11180812120437622","2041","2041","2041"
"204299","0.11780297756195068","0.11780297756195068","0.11780297756195068","2042","2042","2042"
"204399","0.11897246539592743","0.11897246539592743","0.11897246539592743","2043","2043","2043"
"204499","0.1212487667798996","0.1212487667798996","0.1212487667798996","2044","2044","2044"
"204599","0.11927913874387741","0.11927913874387741","0.11927913874387741","2045","2045","2045"
"204699","0.11803131550550461","0.11803131550550461","0.11803131550550461","2046","2046","2046"
"204799","0.11509456485509872","0.11509456485509872","0.11509456485509872","2047","2047","2047"
"204899","0.11658816039562225","0.11658816039562225","0.11658816039562225","2048","2048","2048"
"204999","0.11986247450113297","0.11986247450113297","0.11986247450113297","2049","2049","2049"
"205099","0.12033669650554657","0.12033669650554657","0.12033669650554657","2050","2050","2050"
"205199","0.11645577847957611","0.11645577847957611","0.11645577847957611","2051","2051","2051"
"205299","0.11231789737939835","0.11231789737939835","0.11231789737939835","2052","2052","2052"
"205399","0.11917031556367874","0.11917031556367874","0.11917031556367874","2053","2053","2053"
"205499","0.11223343759775162","0.11223343759775162","0.11223343759775162","2054","2054","2054"
"205599","0.10951492190361023","0.10951492190361023","0.10951492190361023","2055","2055","2055"
"205699","0.12232045084238052","0.12232045084238052","0.12232045084238052","2056","2056","2056"
"205799","0.11550202965736389","0.11550202965736389","0.11550202965736389","2057","2057","2057"
"205899","0.11770079284906387","0.11770079284906387","0.11770079284906387","2058","2058","2058"
"205999","0.11452822387218475","0.11452822387218475","0.11452822387218475","2059","2059","2059"
"206099","0.11757238209247589","0.11757238209247589","0.11757238209247589","2060","2060","2060"
"206199","0.11172299832105637","0.11172299832105637","0.11172299832105637","2061","2061","2061"
"206299","0.11349736154079437","0.11349736154079437","0.11349736154079437","2062","2062","2062"
"206399","0.12532185018062592","0.12532185018062592","0.12532185018062592","2063","2063","2063"
"206499","0.11935145407915115","0.11935145407915115","0.11935145407915115","2064","2064","2064"
"206599","0.11561624705791473","0.11561624705791473","0.11561624705791473","2065","2065","2065"
"206699","0.11906103789806366","0.11906103789806366","0.11906103789806366","2066","2066","2066"
"206799","0.12177975475788116","0.12177975475788116","0.12177975475788116","2067","2067","2067"
"206899","0.11979526281356812","0.11979526281356812","0.11979526281356812","2068","2068","2068"
"206999","0.11455625295639038","0.11455625295639038","0.11455625295639038","2069","2069","2069"
"207099","0.11479673534631729","0.11479673534631729","0.11479673534631729","2070","2070","2070"
"207199","0.12276065349578857","0.12276065349578857","0.12276065349578857","2071","2071","2071"
"207299","0.1195329874753952","0.1195329874753952","0.1195329874753952","2072","2072","2072"
"207399","0.11918246001005173","0.11918246001005173","0.11918246001005173","2073","2073","2073"
"207499","0.11704462021589279","0.11704462021589279","0.11704462021589279","2074","2074","2074"
"207599","0.11577558517456055","0.11577558517456055","0.11577558517456055","2075","2075","2075"
"207699","0.11448303610086441","0.11448303610086441","0.11448303610086441","2076","2076","2076"
"207799","0.1249486431479454","0.1249486431479454","0.1249486431479454","2077","2077","2077"
"207899","0.11584603786468506","0.11584603786468506","0.11584603786468506","2078","2078","2078"
"207999","0.12313955277204514","0.12313955277204514","0.12313955277204514","2079","2079","2079"
"208099","0.1182059645652771","0.1182059645652771","0.1182059645652771","2080","2080","2080"
"208199","0.10955066233873367","0.10955066233873367","0.10955066233873367","2081","2081","2081"
"208299","0.11826182901859283","0.11826182901859283","0.11826182901859283","2082","2082","2082"
"208399","0.12159782648086548","0.12159782648086548","0.12159782648086548","2083","2083","2083"
"208499","0.11237359791994095","0.11237359791994095","0.11237359791994095","2084","2084","2084"
"208599","0.11929415911436081","0.11929415911436081","0.11929415911436081","2085","2085","2085"
"208699","0.12040702253580093","0.12040702253580093","0.12040702253580093","2086","2086","2086"
"208799","0.1113477349281311","0.1113477349281311","0.1113477349281311","2087","2087","2087"
"208899","0.11657442897558212","0.11657442897558212","0.11657442897558212","2088","2088","2088"
"208999","0.11728300899267197","0.11728300899267197","0.11728300899267197","2089","2089","2089"
"209099","0.1238420233130455","0.1238420233130455","0.1238420233130455","2090","2090","2090"
"209199","0.11682622879743576","0.11682622879743576","0.11682622879743576","2091","2091","2091"
"209299","0.11515498161315918","0.11515498161315918","0.11515498161315918","2092","2092","2092"
"209399","0.11602970212697983","0.11602970212697983","0.11602970212697983","2093","2093","2093"
"209499","0.11934229731559753","0.11934229731559753","0.11934229731559753","2094","2094","2094"
"209599","0.12461784482002258","0.12461784482002258","0.12461784482002258","2095","2095","2095"
"209699","0.1189485564827919","0.1189485564827919","0.1189485564827919","2096","2096","2096"
"209799","0.11626222729682922","0.11626222729682922","0.11626222729682922","2097","2097","2097"
"209899","0.12165042012929916","0.12165042012929916","0.12165042012929916","2098","2098","2098"
"209999","0.11780569702386856","0.11780569702386856","0.11780569702386856","2099","2099","2099"
"210099","0.12316787987947464","0.12316787987947464","0.12316787987947464","2100","2100","2100"
"210199","0.11560914665460587","0.11560914665460587","0.11560914665460587","2101","2101","2101"
"210299","0.12319759279489517","0.12319759279489517","0.12319759279489517","2102","2102","2102"
"210399","0.11818942427635193","0.11818942427635193","0.11818942427635193","2103","2103","2103"
"210499","0.11656292527914047","0.11656292527914047","0.11656292527914047","2104","2104","2104"
"210599","0.11582240462303162","0.11582240462303162","0.11582240462303162","2105","2105","2105"
"210699","0.11819223314523697","0.11819223314523697","0.11819223314523697","2106","2106","2106"
"210799","0.1191200315952301","0.1191200315952301","0.1191200315952301","2107","2107","2107"
"210899","0.12114070355892181","0.12114070355892181","0.12114070355892181","2108","2108","2108"
"210999","0.11746445298194885","0.11746445298194885","0.11746445298194885","2109","2109","2109"
"211099","0.1204233169555664","0.1204233169555664","0.1204233169555664","2110","2110","2110"
"211199","0.11719180643558502","0.11719180643558502","0.11719180643558502","2111","2111","2111"
"211299","0.1139892041683197","0.1139892041683197","0.1139892041683197","2112","2112","2112"
"211399","0.12507466971874237","0.12507466971874237","0.12507466971874237","2113","2113","2113"
"211499","0.11603368818759918","0.11603368818759918","0.11603368818759918","2114","2114","2114"
"211599","0.1133401170372963","0.1133401170372963","0.1133401170372963","2115","2115","2115"
"211699","0.12426218390464783","0.12426218390464783","0.12426218390464783","2116","2116","2116"
"211799","0.11951212584972382","0.11951212584972382","0.11951212584972382","2117","2117","2117"
"211899","0.11915817111730576","0.11915817111730576","0.11915817111730576","2118","2118","2118"
"211999","0.12014111131429672","0.12014111131429672","0.12014111131429672","2119","2119","2119"
"212099","0.11885401606559753","0.11885401606559753","0.11885401606559753","2120","2120","2120"
"212199","0.11372964829206467","0.11372964829206467","0.11372964829206467","2121","2121","2121"
"212299","0.12368843704462051","0.12368843704462051","0.12368843704462051","2122","2122","2122"
"212399","0.11361617594957352","0.11361617594957352","0.11361617594957352","2123","2123","2123"
"212499","0.12188009917736053","0.12188009917736053","0.12188009917736053","2124","2124","2124"
"212599","0.11344975978136063","0.11344975978136063","0.11344975978136063","2125","2125","2125"
"212699","0.12380389124155045","0.12380389124155045","0.12380389124155045","2126","2126","2126"
"212799","0.12296263128519058","0.12296263128519058","0.12296263128519058","2127","2127","2127"
"212899","0.12216693162918091","0.12216693162918091","0.12216693162918091","2128","2128","2128"
"212999","0.118111751973629","0.118111751973629","0.118111751973629","2129","2129","2129"
"213099","0.11859724670648575","0.11859724670648575","0.11859724670648575","2130","2130","2130"
"213199","0.11659781634807587","0.11659781634807587","0.11659781634807587","2131","2131","2131"
"213299","0.1197265237569809","0.1197265237569809","0.1197265237569809","2132","2132","2132"
"213399","0.12625189125537872","0.12625189125537872","0.12625189125537872","2133","2133","2133"
"213499","0.12252461910247803","0.12252461910247803","0.12252461910247803","2134","2134","2134"
"213599","0.1238120049238205","0.1238120049238205","0.1238120049238205","2135","2135","2135"
"213699","0.11917255818843842","0.11917255818843842","0.11917255818843842","2136","2136","2136"
"213799","0.11751854419708252","0.11751854419708252","0.11751854419708252","2137","2137","2137"
"213899","0.1180875152349472","0.1180875152349472","0.1180875152349472","2138","2138","2138"
"213999","0.11543280631303787","0.11543280631303787","0.11543280631303787","2139","2139","2139"
"214099","0.11767666041851044","0.11767666041851044","0.11767666041851044","2140","2140","2140"
"214199","0.12800033390522003","0.12800033390522003","0.12800033390522003","2141","2141","2141"
"214299","0.11128281056880951","0.11128281056880951","0.11128281056880951","2142","2142","2142"
"214399","0.11703772097826004","0.11703772097826004","0.11703772097826004","2143","2143","2143"
"214499","0.11660136282444","0.11660136282444","0.11660136282444","2144","2144","2144"
"214599","0.11964418739080429","0.11964418739080429","0.11964418739080429","2145","2145","2145"
"214699","0.1120968833565712","0.1120968833565712","0.1120968833565712","2146","2146","2146"
"214799","0.11860411614179611","0.11860411614179611","0.11860411614179611","2147","2147","2147"
"214899","0.1190185621380806","0.1190185621380806","0.1190185621380806","2148","2148","2148"
"214999","0.11288444697856903","0.11288444697856903","0.11288444697856903","2149","2149","2149"
"215099","0.12133433669805527","0.12133433669805527","0.12133433669805527","2150","2150","2150"
"215199","0.12081597745418549","0.12081597745418549","0.12081597745418549","2151","2151","2151"
"215299","0.11639126390218735","0.11639126390218735","0.11639126390218735","2152","2152","2152"
"215399","0.11468958854675293","0.11468958854675293","0.11468958854675293","2153","2153","2153"
"215499","0.11491458117961884","0.11491458117961884","0.11491458117961884","2154","2154","2154"
"215599","0.11324839293956757","0.11324839293956757","0.11324839293956757","2155","2155","2155"
"215699","0.11951529234647751","0.11951529234647751","0.11951529234647751","2156","2156","2156"
"215799","0.12052344530820847","0.12052344530820847","0.12052344530820847","2157","2157","2157"
"215899","0.1165332943201065","0.1165332943201065","0.1165332943201065","2158","2158","2158"
"215999","0.12500981986522675","0.12500981986522675","0.12500981986522675","2159","2159","2159"
"216099","0.11696676164865494","0.11696676164865494","0.11696676164865494","2160","2160","2160"
"216199","0.12395717203617096","0.12395717203617096","0.12395717203617096","2161","2161","2161"
"216299","0.11931544542312622","0.11931544542312622","0.11931544542312622","2162","2162","2162"
"216399","0.11448275297880173","0.11448275297880173","0.11448275297880173","2163","2163","2163"
"216499","0.11174415051937103","0.11174415051937103","0.11174415051937103","2164","2164","2164"
"216599","0.11985242366790771","0.11985242366790771","0.11985242366790771","2165","2165","2165"
"216699","0.11258513480424881","0.11258513480424881","0.11258513480424881","2166","2166","2166"
"216799","0.12301551550626755","0.12301551550626755","0.12301551550626755","2167","2167","2167"
"216899","0.11505194753408432","0.11505194753408432","0.11505194753408432","2168","2168","2168"
"216999","0.11236804723739624","0.11236804723739624","0.11236804723739624","2169","2169","2169"
"217099","0.11166471242904663","0.11166471242904663","0.11166471242904663","2170","2170","2170"
"217199","0.11339724063873291","0.11339724063873291","0.11339724063873291","2171","2171","2171"
"217299","0.11335620284080505","0.11335620284080505","0.11335620284080505","2172","2172","2172"
"217399","0.12510205805301666","0.12510205805301666","0.12510205805301666","2173","2173","2173"
"217499","0.11764887720346451","0.11764887720346451","0.11764887720346451","2174","2174","2174"
"217599","0.11331798136234283","0.11331798136234283","0.11331798136234283","2175","2175","2175"
"217699","0.12146364897489548","0.12146364897489548","0.12146364897489548","2176","2176","2176"
"217799","0.12011939287185669","0.12011939287185669","0.12011939287185669","2177","2177","2177"
"217899","0.11872948706150055","0.11872948706150055","0.11872948706150055","2178","2178","2178"
"217999","0.11965767294168472","0.11965767294168472","0.11965767294168472","2179","2179","2179"
"218099","0.11948545277118683","0.11948545277118683","0.11948545277118683","2180","2180","2180"
"218199","0.11868418008089066","0.11868418008089066","0.11868418008089066","2181","2181","2181"
"218299","0.12293461710214615","0.12293461710214615","0.12293461710214615","2182","2182","2182"
"218399","0.12619972229003906","0.12619972229003906","0.12619972229003906","2183","2183","2183"
"218499","0.12159619480371475","0.12159619480371475","0.12159619480371475","2184","2184","2184"
"218599","0.12216627597808838","0.12216627597808838","0.12216627597808838","2185","2185","2185"
"218699","0.11210187524557114","0.11210187524557114","0.11210187524557114","2186","2186","2186"
"218799","0.11508339643478394","0.11508339643478394","0.11508339643478394","2187","2187","2187"
"218899","0.11241497099399567","0.11241497099399567","0.11241497099399567","2188","2188","2188"
"218999","0.11642266064882278","0.11642266064882278","0.11642266064882278","2189","2189","2189"
"219099","0.11837800592184067","0.11837800592184067","0.11837800592184067","2190","2190","2190"
"219199","0.11697521060705185","0.11697521060705185","0.11697521060705185","2191","2191","2191"
"219299","0.10980665683746338","0.10980665683746338","0.10980665683746338","2192","2192","2192"
"219399","0.11075197905302048","0.11075197905302048","0.11075197905302048","2193","2193","2193"
"219499","0.1112898513674736","0.1112898513674736","0.1112898513674736","2194","2194","2194"
"219599","0.12232749164104462","0.12232749164104462","0.12232749164104462","2195","2195","2195"
"219699","0.1182500422000885","0.1182500422000885","0.1182500422000885","2196","2196","2196"
"219799","0.11756971478462219","0.11756971478462219","0.11756971478462219","2197","2197","2197"
"219899","0.11081116646528244","0.11081116646528244","0.11081116646528244","2198","2198","2198"
"219999","0.12068217992782593","0.12068217992782593","0.12068217992782593","2199","2199","2199"
"220099","0.11818264424800873","0.11818264424800873","0.11818264424800873","2200","2200","2200"
"220199","0.12003470957279205","0.12003470957279205","0.12003470957279205","2201","2201","2201"
"220299","0.11984260380268097","0.11984260380268097","0.11984260380268097","2202","2202","2202"
"220399","0.11678464710712433","0.11678464710712433","0.11678464710712433","2203","2203","2203"
"220499","0.11319314688444138","0.11319314688444138","0.11319314688444138","2204","2204","2204"
"220599","0.1169886365532875","0.1169886365532875","0.1169886365532875","2205","2205","2205"
"220699","0.11785782873630524","0.11785782873630524","0.11785782873630524","2206","2206","2206"
"220799","0.1190967783331871","0.1190967783331871","0.1190967783331871","2207","2207","2207"
"220899","0.11068432033061981","0.11068432033061981","0.11068432033061981","2208","2208","2208"
"220999","0.11084233224391937","0.11084233224391937","0.11084233224391937","2209","2209","2209"
"221099","0.11567457765340805","0.11567457765340805","0.11567457765340805","2210","2210","2210"
"221199","0.1194467544555664","0.1194467544555664","0.1194467544555664","2211","2211","2211"
"221299","0.12246464937925339","0.12246464937925339","0.12246464937925339","2212","2212","2212"
"221399","0.12425849586725235","0.12425849586725235","0.12425849586725235","2213","2213","2213"
"221499","0.11671511828899384","0.11671511828899384","0.11671511828899384","2214","2214","2214"
"221599","0.11464868485927582","0.11464868485927582","0.11464868485927582","2215","2215","2215"
"221699","0.12521429359912872","0.12521429359912872","0.12521429359912872","2216","2216","2216"
"221799","0.11691047251224518","0.11691047251224518","0.11691047251224518","2217","2217","2217"
"221899","0.11855048686265945","0.11855048686265945","0.11855048686265945","2218","2218","2218"
"221999","0.1167459785938263","0.1167459785938263","0.1167459785938263","2219","2219","2219"
"222099","0.11161018162965775","0.11161018162965775","0.11161018162965775","2220","2220","2220"
"222199","0.12045466899871826","0.12045466899871826","0.12045466899871826","2221","2221","2221"
"222299","0.11712215840816498","0.11712215840816498","0.11712215840816498","2222","2222","2222"
"222399","0.11492858827114105","0.11492858827114105","0.11492858827114105","2223","2223","2223"
"222499","0.12023546546697617","0.12023546546697617","0.12023546546697617","2224","2224","2224"
"222599","0.12345317751169205","0.12345317751169205","0.12345317751169205","2225","2225","2225"
"222699","0.12174505740404129","0.12174505740404129","0.12174505740404129","2226","2226","2226"
"222799","0.11302963644266129","0.11302963644266129","0.11302963644266129","2227","2227","2227"
"222899","0.12022851407527924","0.12022851407527924","0.12022851407527924","2228","2228","2228"
"222999","0.11474569141864777","0.11474569141864777","0.11474569141864777","2229","2229","2229"
"223099","0.1166115328669548","0.1166115328669548","0.1166115328669548","2230","2230","2230"
"223199","0.11868024617433548","0.11868024617433548","0.11868024617433548","2231","2231","2231"
"223299","0.11745709180831909","0.11745709180831909","0.11745709180831909","2232","2232","2232"
"223399","0.11474359035491943","0.11474359035491943","0.11474359035491943","2233","2233","2233"
"223499","0.12002665549516678","0.12002665549516678","0.12002665549516678","2234","2234","2234"
"223599","0.11922991275787354","0.11922991275787354","0.11922991275787354","2235","2235","2235"
"223699","0.1177084669470787","0.1177084669470787","0.1177084669470787","2236","2236","2236"
"223799","0.11850042641162872","0.11850042641162872","0.11850042641162872","2237","2237","2237"
"223899","0.1205051988363266","0.1205051988363266","0.1205051988363266","2238","2238","2238"
"223999","0.12089861929416656","0.12089861929416656","0.12089861929416656","2239","2239","2239"
"224099","0.1162700206041336","0.1162700206041336","0.1162700206041336","2240","2240","2240"
"224199","0.11946547031402588","0.11946547031402588","0.11946547031402588","2241","2241","2241"
"224299","0.12516888976097107","0.12516888976097107","0.12516888976097107","2242","2242","2242"
"224399","0.11274371296167374","0.11274371296167374","0.11274371296167374","2243","2243","2243"
"224499","0.11908924579620361","0.11908924579620361","0.11908924579620361","2244","2244","2244"
"224599","0.11996155977249146","0.11996155977249146","0.11996155977249146","2245","2245","2245"
"224699","0.1202039048075676","0.1202039048075676","0.1202039048075676","2246","2246","2246"
"224799","0.12480350583791733","0.12480350583791733","0.12480350583791733","2247","2247","2247"
"224899","0.11466329544782639","0.11466329544782639","0.11466329544782639","2248","2248","2248"
"224999","0.11450520157814026","0.11450520157814026","0.11450520157814026","2249","2249","2249"
"225099","0.1114145815372467","0.1114145815372467","0.1114145815372467","2250","2250","2250"
"225199","0.11992912739515305","0.11992912739515305","0.11992912739515305","2251","2251","2251"
"225299","0.12186435610055923","0.12186435610055923","0.12186435610055923","2252","2252","2252"
"225399","0.11514528095722198","0.11514528095722198","0.11514528095722198","2253","2253","2253"
"225499","0.11879084259271622","0.11879084259271622","0.11879084259271622","2254","2254","2254"
"225599","0.1198999360203743","0.1198999360203743","0.1198999360203743","2255","2255","2255"
"225699","0.11912151426076889","0.11912151426076889","0.11912151426076889","2256","2256","2256"
"225799","0.11465214192867279","0.11465214192867279","0.11465214192867279","2257","2257","2257"
"225899","0.1128377914428711","0.1128377914428711","0.1128377914428711","2258","2258","2258"
"225999","0.1164659857749939","0.1164659857749939","0.1164659857749939","2259","2259","2259"
"226099","0.12470800429582596","0.12470800429582596","0.12470800429582596","2260","2260","2260"
"226199","0.12572108209133148","0.12572108209133148","0.12572108209133148","2261","2261","2261"
"226299","0.12097396701574326","0.12097396701574326","0.12097396701574326","2262","2262","2262"
"226399","0.11646198481321335","0.11646198481321335","0.11646198481321335","2263","2263","2263"
"226499","0.12282638996839523","0.12282638996839523","0.12282638996839523","2264","2264","2264"
"226599","0.11407439410686493","0.11407439410686493","0.11407439410686493","2265","2265","2265"
"226699","0.11607977747917175","0.11607977747917175","0.11607977747917175","2266","2266","2266"
"226799","0.11800690740346909","0.11800690740346909","0.11800690740346909","2267","2267","2267"
"226899","0.11999551951885223","0.11999551951885223","0.11999551951885223","2268","2268","2268"
"226999","0.11739088594913483","0.11739088594913483","0.11739088594913483","2269","2269","2269"
"227099","0.12274996936321259","0.12274996936321259","0.12274996936321259","2270","2270","2270"
"227199","0.12121791392564774","0.12121791392564774","0.12121791392564774","2271","2271","2271"
"227299","0.11583663523197174","0.11583663523197174","0.11583663523197174","2272","2272","2272"
"227399","0.11393487453460693","0.11393487453460693","0.11393487453460693","2273","2273","2273"
"227499","0.11768077313899994","0.11768077313899994","0.11768077313899994","2274","2274","2274"
"227599","0.12748096883296967","0.12748096883296967","0.12748096883296967","2275","2275","2275"
"227699","0.11796669661998749","0.11796669661998749","0.11796669661998749","2276","2276","2276"
"227799","0.12454796582460403","0.12454796582460403","0.12454796582460403","2277","2277","2277"
"227899","0.12174525111913681","0.12174525111913681","0.12174525111913681","2278","2278","2278"
"227999","0.12504851818084717","0.12504851818084717","0.12504851818084717","2279","2279","2279"
"228099","0.1118810772895813","0.1118810772895813","0.1118810772895813","2280","2280","2280"
"228199","0.11598172783851624","0.11598172783851624","0.11598172783851624","2281","2281","2281"
"228299","0.11827658116817474","0.11827658116817474","0.11827658116817474","2282","2282","2282"
"228399","0.12017738074064255","0.12017738074064255","0.12017738074064255","2283","2283","2283"
"228499","0.1202768012881279","0.1202768012881279","0.1202768012881279","2284","2284","2284"
"228599","0.1190347671508789","0.1190347671508789","0.1190347671508789","2285","2285","2285"
"228699","0.1145467683672905","0.1145467683672905","0.1145467683672905","2286","2286","2286"
"228799","0.1244601383805275","0.1244601383805275","0.1244601383805275","2287","2287","2287"
"228899","0.12013471871614456","0.12013471871614456","0.12013471871614456","2288","2288","2288"
"228999","0.12024679780006409","0.12024679780006409","0.12024679780006409","2289","2289","2289"
"229099","0.11700262129306793","0.11700262129306793","0.11700262129306793","2290","2290","2290"
"229199","0.12006968259811401","0.12006968259811401","0.12006968259811401","2291","2291","2291"
"229299","0.11981423199176788","0.11981423199176788","0.11981423199176788","2292","2292","2292"
"229399","0.11424899101257324","0.11424899101257324","0.11424899101257324","2293","2293","2293"
"229499","0.12186342477798462","0.12186342477798462","0.12186342477798462","2294","2294","2294"
"229599","0.12350179255008698","0.12350179255008698","0.12350179255008698","2295","2295","2295"
"229699","0.11623255908489227","0.11623255908489227","0.11623255908489227","2296","2296","2296"
"229799","0.12056206166744232","0.12056206166744232","0.12056206166744232","2297","2297","2297"
"229899","0.11374063789844513","0.11374063789844513","0.11374063789844513","2298","2298","2298"
"229999","0.11863040179014206","0.11863040179014206","0.11863040179014206","2299","2299","2299"
"230099","0.1206553652882576","0.1206553652882576","0.1206553652882576","2300","2300","2300"
"230199","0.11742353439331055","0.11742353439331055","0.11742353439331055","2301","2301","2301"
"230299","0.11527637392282486","0.11527637392282486","0.11527637392282486","2302","2302","2302"
"230399","0.12250816076993942","0.12250816076993942","0.12250816076993942","2303","2303","2303"
"230499","0.11991708725690842","0.11991708725690842","0.11991708725690842","2304","2304","2304"
"230599","0.11856211721897125","0.11856211721897125","0.11856211721897125","2305","2305","2305"
"230699","0.11715050786733627","0.11715050786733627","0.11715050786733627","2306","2306","2306"
"230799","0.1163683608174324","0.1163683608174324","0.1163683608174324","2307","2307","2307"
"230899","0.12301742285490036","0.12301742285490036","0.12301742285490036","2308","2308","2308"
"230999","0.11931566894054413","0.11931566894054413","0.11931566894054413","2309","2309","2309"
"231099","0.11419977992773056","0.11419977992773056","0.11419977992773056","2310","2310","2310"
"231199","0.11847370117902756","0.11847370117902756","0.11847370117902756","2311","2311","2311"
"231299","0.11458482593297958","0.11458482593297958","0.11458482593297958","2312","2312","2312"
"231399","0.11981024593114853","0.11981024593114853","0.11981024593114853","2313","2313","2313"
"231499","0.11598221957683563","0.11598221957683563","0.11598221957683563","2314","2314","2314"
"231599","0.11707397550344467","0.11707397550344467","0.11707397550344467","2315","2315","2315"
"231699","0.12480466812849045","0.12480466812849045","0.12480466812849045","2316","2316","2316"
"231799","0.11761830002069473","0.11761830002069473","0.11761830002069473","2317","2317","2317"
"231899","0.11572703719139099","0.11572703719139099","0.11572703719139099","2318","2318","2318"
"231999","0.11728397756814957","0.11728397756814957","0.11728397756814957","2319","2319","2319"
"232099","0.11182334274053574","0.11182334274053574","0.11182334274053574","2320","2320","2320"
"232199","0.12124656140804291","0.12124656140804291","0.12124656140804291","2321","2321","2321"
"232299","0.11970727890729904","0.11970727890729904","0.11970727890729904","2322","2322","2322"
"232399","0.12115276604890823","0.12115276604890823","0.12115276604890823","2323","2323","2323"
"232499","0.11881114542484283","0.11881114542484283","0.11881114542484283","2324","2324","2324"
"232599","0.12360384315252304","0.12360384315252304","0.12360384315252304","2325","2325","2325"
"232699","0.12011740356683731","0.12011740356683731","0.12011740356683731","2326","2326","2326"
"232799","0.12051791697740555","0.12051791697740555","0.12051791697740555","2327","2327","2327"
"232899","0.12355989962816238","0.12355989962816238","0.12355989962816238","2328","2328","2328"
"232999","0.12181419134140015","0.12181419134140015","0.12181419134140015","2329","2329","2329"
"233099","0.11219654232263565","0.11219654232263565","0.11219654232263565","2330","2330","2330"
"233199","0.11482725292444229","0.11482725292444229","0.11482725292444229","2331","2331","2331"
"233299","0.11834964156150818","0.11834964156150818","0.11834964156150818","2332","2332","2332"
"233399","0.12147501111030579","0.12147501111030579","0.12147501111030579","2333","2333","2333"
"233499","0.1147243082523346","0.1147243082523346","0.1147243082523346","2334","2334","2334"
"233599","0.11973521113395691","0.11973521113395691","0.11973521113395691","2335","2335","2335"
"233699","0.12164951860904694","0.12164951860904694","0.12164951860904694","2336","2336","2336"
"233799","0.11275614798069","0.11275614798069","0.11275614798069","2337","2337","2337"
"233899","0.12544763088226318","0.12544763088226318","0.12544763088226318","2338","2338","2338"
"233999","0.11302054673433304","0.11302054673433304","0.11302054673433304","2339","2339","2339"
"234099","0.11499357968568802","0.11499357968568802","0.11499357968568802","2340","2340","2340"
"234199","0.12177307903766632","0.12177307903766632","0.12177307903766632","2341","2341","2341"
"234299","0.1215258464217186","0.1215258464217186","0.1215258464217186","2342","2342","2342"
"234399","0.12344629317522049","0.12344629317522049","0.12344629317522049","2343","2343","2343"
"234499","0.11874444782733917","0.11874444782733917","0.11874444782733917","2344","2344","2344"
"234599","0.1155182346701622","0.1155182346701622","0.1155182346701622","2345","2345","2345"
"234699","0.11716794967651367","0.11716794967651367","0.11716794967651367","2346","2346","2346"
"234799","0.11700385808944702","0.11700385808944702","0.11700385808944702","2347","2347","2347"
"234899","0.11748632788658142","0.11748632788658142","0.11748632788658142","2348","2348","2348"
"234999","0.12036890536546707","0.12036890536546707","0.12036890536546707","2349","2349","2349"
"235099","0.1256536990404129","0.1256536990404129","0.1256536990404129","2350","2350","2350"
"235199","0.11635789275169373","0.11635789275169373","0.11635789275169373","2351","2351","2351"
"235299","0.11537230014801025","0.11537230014801025","0.11537230014801025","2352","2352","2352"
"235399","0.11930554360151291","0.11930554360151291","0.11930554360151291","2353","2353","2353"
"235499","0.12083853781223297","0.12083853781223297","0.12083853781223297","2354","2354","2354"
"235599","0.12005479633808136","0.12005479633808136","0.12005479633808136","2355","2355","2355"
"235699","0.11613864451646805","0.11613864451646805","0.11613864451646805","2356","2356","2356"
"235799","0.11841214448213577","0.11841214448213577","0.11841214448213577","2357","2357","2357"
"235899","0.11867468059062958","0.11867468059062958","0.11867468059062958","2358","2358","2358"
"235999","0.12357921898365021","0.12357921898365021","0.12357921898365021","2359","2359","2359"
"236099","0.12110023945569992","0.12110023945569992","0.12110023945569992","2360","2360","2360"
"236199","0.1146029457449913","0.1146029457449913","0.1146029457449913","2361","2361","2361"
"236299","0.11791159212589264","0.11791159212589264","0.11791159212589264","2362","2362","2362"
"236399","0.11909814178943634","0.11909814178943634","0.11909814178943634","2363","2363","2363"
"236499","0.12376642972230911","0.12376642972230911","0.12376642972230911","2364","2364","2364"
"236599","0.11808767169713974","0.11808767169713974","0.11808767169713974","2365","2365","2365"
"236699","0.11786001175642014","0.11786001175642014","0.11786001175642014","2366","2366","2366"
"236799","0.11553457379341125","0.11553457379341125","0.11553457379341125","2367","2367","2367"
"236899","0.11252782493829727","0.11252782493829727","0.11252782493829727","2368","2368","2368"
"236999","0.11887826770544052","0.11887826770544052","0.11887826770544052","2369","2369","2369"
"237099","0.12018852680921555","0.12018852680921555","0.12018852680921555","2370","2370","2370"
"237199","0.12156131118535995","0.12156131118535995","0.12156131118535995","2371","2371","2371"
"237299","0.11945455521345139","0.11945455521345139","0.11945455521345139","2372","2372","2372"
"237399","0.11862493306398392","0.11862493306398392","0.11862493306398392","2373","2373","2373"
"237499","0.1166888102889061","0.1166888102889061","0.1166888102889061","2374","2374","2374"
"237599","0.11523264646530151","0.11523264646530151","0.11523264646530151","2375","2375","2375"
"237699","0.11024796962738037","0.11024796962738037","0.11024796962738037","2376","2376","2376"
"237799","0.11645302921533585","0.11645302921533585","0.11645302921533585","2377","2377","2377"
"237899","0.11440934240818024","0.11440934240818024","0.11440934240818024","2378","2378","2378"
"237999","0.11685178428888321","0.11685178428888321","0.11685178428888321","2379","2379","2379"
"238099","0.11030061542987823","0.11030061542987823","0.11030061542987823","2380","2380","2380"
"238199","0.11930405348539352","0.11930405348539352","0.11930405348539352","2381","2381","2381"
"238299","0.11022613942623138","0.11022613942623138","0.11022613942623138","2382","2382","2382"
"238399","0.11839500814676285","0.11839500814676285","0.11839500814676285","2383","2383","2383"
"238499","0.11610590666532516","0.11610590666532516","0.11610590666532516","2384","2384","2384"
"238599","0.1154983714222908","0.1154983714222908","0.1154983714222908","2385","2385","2385"
"238699","0.11606590449810028","0.11606590449810028","0.11606590449810028","2386","2386","2386"
"238799","0.11371268332004547","0.11371268332004547","0.11371268332004547","2387","2387","2387"
"238899","0.11713002622127533","0.11713002622127533","0.11713002622127533","2388","2388","2388"
"238999","0.11800388246774673","0.11800388246774673","0.11800388246774673","2389","2389","2389"
"239099","0.12185855954885483","0.12185855954885483","0.12185855954885483","2390","2390","2390"
"239199","0.12647001445293427","0.12647001445293427","0.12647001445293427","2391","2391","2391"
"239299","0.1176949143409729","0.1176949143409729","0.1176949143409729","2392","2392","2392"
"239399","0.11369060724973679","0.11369060724973679","0.11369060724973679","2393","2393","2393"
"239499","0.11407418549060822","0.11407418549060822","0.11407418549060822","2394","2394","2394"
"239599","0.11507152765989304","0.11507152765989304","0.11507152765989304","2395","2395","2395"
"239699","0.11185254901647568","0.11185254901647568","0.11185254901647568","2396","2396","2396"
"239799","0.12236635386943817","0.12236635386943817","0.12236635386943817","2397","2397","2397"
"239899","0.11530272662639618","0.11530272662639618","0.11530272662639618","2398","2398","2398"
"239999","0.12073840200901031","0.12073840200901031","0.12073840200901031","2399","2399","2399"
"240099","0.11795757710933685","0.11795757710933685","0.11795757710933685","2400","2400","2400"
"240199","0.11527903378009796","0.11527903378009796","0.11527903378009796","2401","2401","2401"
"240299","0.12328552454710007","0.12328552454710007","0.12328552454710007","2402","2402","2402"
"240399","0.11903300881385803","0.11903300881385803","0.11903300881385803","2403","2403","2403"
"240499","0.11618843674659729","0.11618843674659729","0.11618843674659729","2404","2404","2404"
"240599","0.1281556338071823","0.1281556338071823","0.1281556338071823","2405","2405","2405"
"240699","0.11851906031370163","0.11851906031370163","0.11851906031370163","2406","2406","2406"
"240799","0.12557725608348846","0.12557725608348846","0.12557725608348846","2407","2407","2407"
"240899","0.11464245617389679","0.11464245617389679","0.11464245617389679","2408","2408","2408"
"240999","0.11841417104005814","0.11841417104005814","0.11841417104005814","2409","2409","2409"
"241099","0.12044724822044373","0.12044724822044373","0.12044724822044373","2410","2410","2410"
"241199","0.11877891421318054","0.11877891421318054","0.11877891421318054","2411","2411","2411"
"241299","0.11280476301908493","0.11280476301908493","0.11280476301908493","2412","2412","2412"
"241399","0.12026095390319824","0.12026095390319824","0.12026095390319824","2413","2413","2413"
"241499","0.12192094326019287","0.12192094326019287","0.12192094326019287","2414","2414","2414"
"241599","0.12091470509767532","0.12091470509767532","0.12091470509767532","2415","2415","2415"
"241699","0.11969748884439468","0.11969748884439468","0.11969748884439468","2416","2416","2416"
"241799","0.11622206121683121","0.11622206121683121","0.11622206121683121","2417","2417","2417"
"241899","0.10667244344949722","0.10667244344949722","0.10667244344949722","2418","2418","2418"
"241999","0.11943098902702332","0.11943098902702332","0.11943098902702332","2419","2419","2419"
"242099","0.12640522420406342","0.12640522420406342","0.12640522420406342","2420","2420","2420"
"242199","0.1136508360505104","0.1136508360505104","0.1136508360505104","2421","2421","2421"
"242299","0.11302049458026886","0.11302049458026886","0.11302049458026886","2422","2422","2422"
"242399","0.11740721017122269","0.11740721017122269","0.11740721017122269","2423","2423","2423"
"242499","0.12006643414497375","0.12006643414497375","0.12006643414497375","2424","2424","2424"
"242599","0.12436741590499878","0.12436741590499878","0.12436741590499878","2425","2425","2425"
"242699","0.12408816069364548","0.12408816069364548","0.12408816069364548","2426","2426","2426"
"242799","0.11289551854133606","0.11289551854133606","0.11289551854133606","2427","2427","2427"
"242899","0.11735361069440842","0.11735361069440842","0.11735361069440842","2428","2428","2428"
"242999","0.12064258009195328","0.12064258009195328","0.12064258009195328","2429","2429","2429"
"243099","0.11877743154764175","0.11877743154764175","0.11877743154764175","2430","2430","2430"
"243199","0.11600162088871002","0.11600162088871002","0.11600162088871002","2431","2431","2431"
"243299","0.11501472443342209","0.11501472443342209","0.11501472443342209","2432","2432","2432"
"243399","0.11894386261701584","0.11894386261701584","0.11894386261701584","2433","2433","2433"
"243499","0.12458303570747375","0.12458303570747375","0.12458303570747375","2434","2434","2434"
"243599","0.11402714997529984","0.11402714997529984","0.11402714997529984","2435","2435","2435"
"243699","0.11750046163797379","0.11750046163797379","0.11750046163797379","2436","2436","2436"
"243799","0.11761544644832611","0.11761544644832611","0.11761544644832611","2437","2437","2437"
"243899","0.11692884564399719","0.11692884564399719","0.11692884564399719","2438","2438","2438"
"243999","0.12167604267597198","0.12167604267597198","0.12167604267597198","2439","2439","2439"
"244099","0.12021162360906601","0.12021162360906601","0.12021162360906601","2440","2440","2440"
"244199","0.12074504047632217","0.12074504047632217","0.12074504047632217","2441","2441","2441"
"244299","0.12203074991703033","0.12203074991703033","0.12203074991703033","2442","2442","2442"
"244399","0.1176932081580162","0.1176932081580162","0.1176932081580162","2443","2443","2443"
"244499","0.11182784289121628","0.11182784289121628","0.11182784289121628","2444","2444","2444"
"244599","0.11806261539459229","0.11806261539459229","0.11806261539459229","2445","2445","2445"
"244699","0.10859586298465729","0.10859586298465729","0.10859586298465729","2446","2446","2446"
"244799","0.10961773991584778","0.10961773991584778","0.10961773991584778","2447","2447","2447"
"244899","0.13373732566833496","0.13373732566833496","0.13373732566833496","2448","2448","2448"
"244999","0.1208195835351944","0.1208195835351944","0.1208195835351944","2449","2449","2449"
"245099","0.12053228169679642","0.12053228169679642","0.12053228169679642","2450","2450","2450"
"245199","0.1160358339548111","0.1160358339548111","0.1160358339548111","2451","2451","2451"
"245299","0.11689993739128113","0.11689993739128113","0.11689993739128113","2452","2452","2452"
"245399","0.11923019587993622","0.11923019587993622","0.11923019587993622","2453","2453","2453"
"245499","0.12421248108148575","0.12421248108148575","0.12421248108148575","2454","2454","2454"
"245599","0.11663219332695007","0.11663219332695007","0.11663219332695007","2455","2455","2455"
"245699","0.11822524666786194","0.11822524666786194","0.11822524666786194","2456","2456","2456"
"245799","0.12115828692913055","0.12115828692913055","0.12115828692913055","2457","2457","2457"
"245899","0.12107271701097488","0.12107271701097488","0.12107271701097488","2458","2458","2458"
"245999","0.11679460853338242","0.11679460853338242","0.11679460853338242","2459","2459","2459"
"246099","0.11635546386241913","0.11635546386241913","0.11635546386241913","2460","2460","2460"
"246199","0.12095250934362411","0.12095250934362411","0.12095250934362411","2461","2461","2461"
"246299","0.12449228018522263","0.12449228018522263","0.12449228018522263","2462","2462","2462"
"246399","0.1163436695933342","0.1163436695933342","0.1163436695933342","2463","2463","2463"
"246499","0.11474756896495819","0.11474756896495819","0.11474756896495819","2464","2464","2464"
"246599","0.1252351701259613","0.1252351701259613","0.1252351701259613","2465","2465","2465"
"246699","0.11194176971912384","0.11194176971912384","0.11194176971912384","2466","2466","2466"
"246799","0.11897286027669907","0.11897286027669907","0.11897286027669907","2467","2467","2467"
"246899","0.1152772530913353","0.1152772530913353","0.1152772530913353","2468","2468","2468"
"246999","0.11948356032371521","0.11948356032371521","0.11948356032371521","2469","2469","2469"
"247099","0.12055814266204834","0.12055814266204834","0.12055814266204834","2470","2470","2470"
"247199","0.11510013788938522","0.11510013788938522","0.11510013788938522","2471","2471","2471"
"247299","0.12314721196889877","0.12314721196889877","0.12314721196889877","2472","2472","2472"
"247399","0.12411847710609436","0.12411847710609436","0.12411847710609436","2473","2473","2473"
"247499","0.12038708478212357","0.12038708478212357","0.12038708478212357","2474","2474","2474"
"247599","0.11618271470069885","0.11618271470069885","0.11618271470069885","2475","2475","2475"
"247699","0.11796274781227112","0.11796274781227112","0.11796274781227112","2476","2476","2476"
"247799","0.12425969541072845","0.12425969541072845","0.12425969541072845","2477","2477","2477"
"247899","0.12061919271945953","0.12061919271945953","0.12061919271945953","2478","2478","2478"
"247999","0.11588318645954132","0.11588318645954132","0.11588318645954132","2479","2479","2479"
"248099","0.12103018164634705","0.12103018164634705","0.12103018164634705","2480","2480","2480"
"248199","0.1209167093038559","0.1209167093038559","0.1209167093038559","2481","2481","2481"
"248299","0.11813591420650482","0.11813591420650482","0.11813591420650482","2482","2482","2482"
"248399","0.1107090637087822","0.1107090637087822","0.1107090637087822","2483","2483","2483"
"248499","0.11431480944156647","0.11431480944156647","0.11431480944156647","2484","2484","2484"
"248599","0.1169971227645874","0.1169971227645874","0.1169971227645874","2485","2485","2485"
"248699","0.11792085319757462","0.11792085319757462","0.11792085319757462","2486","2486","2486"
"248799","0.12232576310634613","0.12232576310634613","0.12232576310634613","2487","2487","2487"
"248899","0.11124137789011002","0.11124137789011002","0.11124137789011002","2488","2488","2488"
"248999","0.11999478936195374","0.11999478936195374","0.11999478936195374","2489","2489","2489"
"249099","0.11809968948364258","0.11809968948364258","0.11809968948364258","2490","2490","2490"
"249199","0.12130242586135864","0.12130242586135864","0.12130242586135864","2491","2491","2491"
"249299","0.11454537510871887","0.11454537510871887","0.11454537510871887","2492","2492","2492"
"249399","0.12624405324459076","0.12624405324459076","0.12624405324459076","2493","2493","2493"
"249499","0.1231430396437645","0.1231430396437645","0.1231430396437645","2494","2494","2494"
"249599","0.1183246299624443","0.1183246299624443","0.1183246299624443","2495","2495","2495"
"249699","0.11345065385103226","0.11345065385103226","0.11345065385103226","2496","2496","2496"
"249799","0.12452343106269836","0.12452343106269836","0.12452343106269836","2497","2497","2497"
"249899","0.10893493890762329","0.10893493890762329","0.10893493890762329","2498","2498","2498"
"249999","0.11149156093597412","0.11149156093597412","0.11149156093597412","2499","2499","2499"
"250099","0.1124069020152092","0.1124069020152092","0.1124069020152092","2500","2500","2500"
"250199","0.11863300949335098","0.11863300949335098","0.11863300949335098","2501","2501","2501"
"250299","0.11732466518878937","0.11732466518878937","0.11732466518878937","2502","2502","2502"
"250399","0.11947360634803772","0.11947360634803772","0.11947360634803772","2503","2503","2503"
"250499","0.12393064796924591","0.12393064796924591","0.12393064796924591","2504","2504","2504"
"250599","0.11730103939771652","0.11730103939771652","0.11730103939771652","2505","2505","2505"
"250699","0.11700726300477982","0.11700726300477982","0.11700726300477982","2506","2506","2506"
"250799","0.11791687458753586","0.11791687458753586","0.11791687458753586","2507","2507","2507"
"250899","0.12176278233528137","0.12176278233528137","0.12176278233528137","2508","2508","2508"
"250999","0.1228107362985611","0.1228107362985611","0.1228107362985611","2509","2509","2509"
"251099","0.11583687365055084","0.11583687365055084","0.11583687365055084","2510","2510","2510"
"251199","0.11543840914964676","0.11543840914964676","0.11543840914964676","2511","2511","2511"
"251299","0.11585243046283722","0.11585243046283722","0.11585243046283722","2512","2512","2512"
"251399","0.11847426742315292","0.11847426742315292","0.11847426742315292","2513","2513","2513"
"251499","0.11677547544240952","0.11677547544240952","0.11677547544240952","2514","2514","2514"
"251599","0.11836045235395432","0.11836045235395432","0.11836045235395432","2515","2515","2515"
"251699","0.12046591937541962","0.12046591937541962","0.12046591937541962","2516","2516","2516"
"251799","0.120409294962883","0.120409294962883","0.120409294962883","2517","2517","2517"
"251899","0.11407232284545898","0.11407232284545898","0.11407232284545898","2518","2518","2518"
"251999","0.11617561429738998","0.11617561429738998","0.11617561429738998","2519","2519","2519"
"252099","0.12132155895233154","0.12132155895233154","0.12132155895233154","2520","2520","2520"
"252199","0.11353033781051636","0.11353033781051636","0.11353033781051636","2521","2521","2521"
"252299","0.11606094986200333","0.11606094986200333","0.11606094986200333","2522","2522","2522"
"252399","0.1162940114736557","0.1162940114736557","0.1162940114736557","2523","2523","2523"
"252499","0.11254701763391495","0.11254701763391495","0.11254701763391495","2524","2524","2524"
"252599","0.1186336874961853","0.1186336874961853","0.1186336874961853","2525","2525","2525"
"252699","0.12240730226039886","0.12240730226039886","0.12240730226039886","2526","2526","2526"
"252799","0.12129043787717819","0.12129043787717819","0.12129043787717819","2527","2527","2527"
"252899","0.12073051184415817","0.12073051184415817","0.12073051184415817","2528","2528","2528"
"252999","0.11576332151889801","0.11576332151889801","0.11576332151889801","2529","2529","2529"
"253099","0.11828558892011642","0.11828558892011642","0.11828558892011642","2530","2530","2530"
"253199","0.11797621101140976","0.11797621101140976","0.11797621101140976","2531","2531","2531"
"253299","0.12147871404886246","0.12147871404886246","0.12147871404886246","2532","2532","2532"
"253399","0.11847346276044846","0.11847346276044846","0.11847346276044846","2533","2533","2533"
"253499","0.11747810989618301","0.11747810989618301","0.11747810989618301","2534","2534","2534"
"253599","0.11828003823757172","0.11828003823757172","0.11828003823757172","2535","2535","2535"
"253699","0.11731502413749695","0.11731502413749695","0.11731502413749695","2536","2536","2536"
"253799","0.11971790343523026","0.11971790343523026","0.11971790343523026","2537","2537","2537"
"253899","0.11415284126996994","0.11415284126996994","0.11415284126996994","2538","2538","2538"
"253999","0.11445587873458862","0.11445587873458862","0.11445587873458862","2539","2539","2539"
"254099","0.11998812854290009","0.11998812854290009","0.11998812854290009","2540","2540","2540"
"254199","0.11908746510744095","0.11908746510744095","0.11908746510744095","2541","2541","2541"
"254299","0.11943618208169937","0.11943618208169937","0.11943618208169937","2542","2542","2542"
"254399","0.11745069175958633","0.11745069175958633","0.11745069175958633","2543","2543","2543"
"254499","0.1193823367357254","0.1193823367357254","0.1193823367357254","2544","2544","2544"
"254599","0.11821779608726501","0.11821779608726501","0.11821779608726501","2545","2545","2545"
"254699","0.12062658369541168","0.12062658369541168","0.12062658369541168","2546","2546","2546"
"254799","0.11976046860218048","0.11976046860218048","0.11976046860218048","2547","2547","2547"
"254899","0.11004742234945297","0.11004742234945297","0.11004742234945297","2548","2548","2548"
"254999","0.11317242681980133","0.11317242681980133","0.11317242681980133","2549","2549","2549"
"255099","0.11262968182563782","0.11262968182563782","0.11262968182563782","2550","2550","2550"
"255199","0.11938012391328812","0.11938012391328812","0.11938012391328812","2551","2551","2551"
"255299","0.11654110252857208","0.11654110252857208","0.11654110252857208","2552","2552","2552"
"255399","0.11743169277906418","0.11743169277906418","0.11743169277906418","2553","2553","2553"
"255499","0.1166863664984703","0.1166863664984703","0.1166863664984703","2554","2554","2554"
"255599","0.11700567603111267","0.11700567603111267","0.11700567603111267","2555","2555","2555"
"255699","0.11594642698764801","0.11594642698764801","0.11594642698764801","2556","2556","2556"
"255799","0.11917228996753693","0.11917228996753693","0.11917228996753693","2557","2557","2557"
"255899","0.11876098066568375","0.11876098066568375","0.11876098066568375","2558","2558","2558"
"255999","0.11722401529550552","0.11722401529550552","0.11722401529550552","2559","2559","2559"
"256099","0.11572418361902237","0.11572418361902237","0.11572418361902237","2560","2560","2560"
"256199","0.12254436314105988","0.12254436314105988","0.12254436314105988","2561","2561","2561"
"256299","0.11835188418626785","0.11835188418626785","0.11835188418626785","2562","2562","2562"
"256399","0.11657159775495529","0.11657159775495529","0.11657159775495529","2563","2563","2563"
"256499","0.11964540928602219","0.11964540928602219","0.11964540928602219","2564","2564","2564"
"256599","0.1152205765247345","0.1152205765247345","0.1152205765247345","2565","2565","2565"
"256699","0.11344628781080246","0.11344628781080246","0.11344628781080246","2566","2566","2566"
"256799","0.11903629451990128","0.11903629451990128","0.11903629451990128","2567","2567","2567"
"256899","0.1167357861995697","0.1167357861995697","0.1167357861995697","2568","2568","2568"
"256999","0.12206026166677475","0.12206026166677475","0.12206026166677475","2569","2569","2569"
"257099","0.11686188727617264","0.11686188727617264","0.11686188727617264","2570","2570","2570"
"257199","0.1243492066860199","0.1243492066860199","0.1243492066860199","2571","2571","2571"
"257299","0.11799051612615585","0.11799051612615585","0.11799051612615585","2572","2572","2572"
"257399","0.12055053561925888","0.12055053561925888","0.12055053561925888","2573","2573","2573"
"257499","0.12127185612916946","0.12127185612916946","0.12127185612916946","2574","2574","2574"
"257599","0.11605946719646454","0.11605946719646454","0.11605946719646454","2575","2575","2575"
"257699","0.11604052782058716","0.11604052782058716","0.11604052782058716","2576","2576","2576"
"257799","0.11788240075111389","0.11788240075111389","0.11788240075111389","2577","2577","2577"
"257899","0.11492706090211868","0.11492706090211868","0.11492706090211868","2578","2578","2578"
"257999","0.11675345152616501","0.11675345152616501","0.11675345152616501","2579","2579","2579"
"258099","0.1141197457909584","0.1141197457909584","0.1141197457909584","2580","2580","2580"
"258199","0.12129136174917221","0.12129136174917221","0.12129136174917221","2581","2581","2581"
"258299","0.11817988753318787","0.11817988753318787","0.11817988753318787","2582","2582","2582"
"258399","0.12106582522392273","0.12106582522392273","0.12106582522392273","2583","2583","2583"
"258499","0.12206793576478958","0.12206793576478958","0.12206793576478958","2584","2584","2584"
"258599","0.1134786307811737","0.1134786307811737","0.1134786307811737","2585","2585","2585"
"258699","0.11244156211614609","0.11244156211614609","0.11244156211614609","2586","2586","2586"
"258799","0.11130097508430481","0.11130097508430481","0.11130097508430481","2587","2587","2587"
"258899","0.11417388170957565","0.11417388170957565","0.11417388170957565","2588","2588","2588"
"258999","0.11715121567249298","0.11715121567249298","0.11715121567249298","2589","2589","2589"
"259099","0.11650632321834564","0.11650632321834564","0.11650632321834564","2590","2590","2590"
"259199","0.11725739389657974","0.11725739389657974","0.11725739389657974","2591","2591","2591"
"259299","0.1177670806646347","0.1177670806646347","0.1177670806646347","2592","2592","2592"
"259399","0.1198807880282402","0.1198807880282402","0.1198807880282402","2593","2593","2593"
"259499","0.11925255507230759","0.11925255507230759","0.11925255507230759","2594","2594","2594"
"259599","0.12136311829090118","0.12136311829090118","0.12136311829090118","2595","2595","2595"
"259699","0.11097615212202072","0.11097615212202072","0.11097615212202072","2596","2596","2596"
"259799","0.11226090043783188","0.11226090043783188","0.11226090043783188","2597","2597","2597"
"259899","0.11858638375997543","0.11858638375997543","0.11858638375997543","2598","2598","2598"
"259999","0.1165546253323555","0.1165546253323555","0.1165546253323555","2599","2599","2599"
"260099","0.11601722985506058","0.11601722985506058","0.11601722985506058","2600","2600","2600"
"260199","0.12149462848901749","0.12149462848901749","0.12149462848901749","2601","2601","2601"
"260299","0.11906133592128754","0.11906133592128754","0.11906133592128754","2602","2602","2602"
"260399","0.11993762850761414","0.11993762850761414","0.11993762850761414","2603","2603","2603"
"260499","0.12273843586444855","0.12273843586444855","0.12273843586444855","2604","2604","2604"
"260599","0.11727558076381683","0.11727558076381683","0.11727558076381683","2605","2605","2605"
"260699","0.11682702600955963","0.11682702600955963","0.11682702600955963","2606","2606","2606"
"260799","0.11631494015455246","0.11631494015455246","0.11631494015455246","2607","2607","2607"
"260899","0.12037640064954758","0.12037640064954758","0.12037640064954758","2608","2608","2608"
"260999","0.12323013693094254","0.12323013693094254","0.12323013693094254","2609","2609","2609"
"261099","0.11590204387903214","0.11590204387903214","0.11590204387903214","2610","2610","2610"
"261199","0.11875007301568985","0.11875007301568985","0.11875007301568985","2611","2611","2611"
"261299","0.11827662587165833","0.11827662587165833","0.11827662587165833","2612","2612","2612"
"261399","0.11597380042076111","0.11597380042076111","0.11597380042076111","2613","2613","2613"
"261499","0.11251486837863922","0.11251486837863922","0.11251486837863922","2614","2614","2614"
"261599","0.1231483519077301","0.1231483519077301","0.1231483519077301","2615","2615","2615"
"261699","0.11491142213344574","0.11491142213344574","0.11491142213344574","2616","2616","2616"
"261799","0.11885670572519302","0.11885670572519302","0.11885670572519302","2617","2617","2617"
"261899","0.11989978700876236","0.11989978700876236","0.11989978700876236","2618","2618","2618"
"261999","0.11404716223478317","0.11404716223478317","0.11404716223478317","2619","2619","2619"
"262099","0.11941975355148315","0.11941975355148315","0.11941975355148315","2620","2620","2620"
"262199","0.11278966814279556","0.11278966814279556","0.11278966814279556","2621","2621","2621"
"262299","0.1126961037516594","0.1126961037516594","0.1126961037516594","2622","2622","2622"
"262399","0.11452751606702805","0.11452751606702805","0.11452751606702805","2623","2623","2623"
"262499","0.11947540193796158","0.11947540193796158","0.11947540193796158","2624","2624","2624"
"262599","0.11645224690437317","0.11645224690437317","0.11645224690437317","2625","2625","2625"
"262699","0.11797675490379333","0.11797675490379333","0.11797675490379333","2626","2626","2626"
"262799","0.12497402727603912","0.12497402727603912","0.12497402727603912","2627","2627","2627"
"262899","0.12004386633634567","0.12004386633634567","0.12004386633634567","2628","2628","2628"
"262999","0.1187342181801796","0.1187342181801796","0.1187342181801796","2629","2629","2629"
"263099","0.11952798813581467","0.11952798813581467","0.11952798813581467","2630","2630","2630"
"263199","0.12449822574853897","0.12449822574853897","0.12449822574853897","2631","2631","2631"
"263299","0.12143971771001816","0.12143971771001816","0.12143971771001816","2632","2632","2632"
"263399","0.11326891928911209","0.11326891928911209","0.11326891928911209","2633","2633","2633"
"263499","0.11397826671600342","0.11397826671600342","0.11397826671600342","2634","2634","2634"
"263599","0.11756738275289536","0.11756738275289536","0.11756738275289536","2635","2635","2635"
"263699","0.12373220175504684","0.12373220175504684","0.12373220175504684","2636","2636","2636"
"263799","0.12256330996751785","0.12256330996751785","0.12256330996751785","2637","2637","2637"
"263899","0.1186864897608757","0.1186864897608757","0.1186864897608757","2638","2638","2638"
"263999","0.12169693410396576","0.12169693410396576","0.12169693410396576","2639","2639","2639"
"264099","0.11476774513721466","0.11476774513721466","0.11476774513721466","2640","2640","2640"
"264199","0.11826206743717194","0.11826206743717194","0.11826206743717194","2641","2641","2641"
"264299","0.11494956910610199","0.11494956910610199","0.11494956910610199","2642","2642","2642"
"264399","0.11611568182706833","0.11611568182706833","0.11611568182706833","2643","2643","2643"
"264499","0.11658266931772232","0.11658266931772232","0.11658266931772232","2644","2644","2644"
"264599","0.1280675083398819","0.1280675083398819","0.1280675083398819","2645","2645","2645"
"264699","0.11829164624214172","0.11829164624214172","0.11829164624214172","2646","2646","2646"
"264799","0.11322840303182602","0.11322840303182602","0.11322840303182602","2647","2647","2647"
"264899","0.11639563739299774","0.11639563739299774","0.11639563739299774","2648","2648","2648"
"264999","0.12064023315906525","0.12064023315906525","0.12064023315906525","2649","2649","2649"
"265099","0.1235513836145401","0.1235513836145401","0.1235513836145401","2650","2650","2650"
"265199","0.1160939484834671","0.1160939484834671","0.1160939484834671","2651","2651","2651"
"265299","0.12208986282348633","0.12208986282348633","0.12208986282348633","2652","2652","2652"
"265399","0.11425522714853287","0.11425522714853287","0.11425522714853287","2653","2653","2653"
"265499","0.12332490086555481","0.12332490086555481","0.12332490086555481","2654","2654","2654"
"265599","0.11303984373807907","0.11303984373807907","0.11303984373807907","2655","2655","2655"
"265699","0.12024904787540436","0.12024904787540436","0.12024904787540436","2656","2656","2656"
"265799","0.1171429380774498","0.1171429380774498","0.1171429380774498","2657","2657","2657"
"265899","0.11456947028636932","0.11456947028636932","0.11456947028636932","2658","2658","2658"
"265999","0.12369964271783829","0.12369964271783829","0.12369964271783829","2659","2659","2659"
"266099","0.11640248447656631","0.11640248447656631","0.11640248447656631","2660","2660","2660"
"266199","0.1153300553560257","0.1153300553560257","0.1153300553560257","2661","2661","2661"
"266299","0.11988358199596405","0.11988358199596405","0.11988358199596405","2662","2662","2662"
"266399","0.11924060434103012","0.11924060434103012","0.11924060434103012","2663","2663","2663"
"266499","0.11480244994163513","0.11480244994163513","0.11480244994163513","2664","2664","2664"
"266599","0.11496954411268234","0.11496954411268234","0.11496954411268234","2665","2665","2665"
"266699","0.120975561439991","0.120975561439991","0.120975561439991","2666","2666","2666"
"266799","0.11729385703802109","0.11729385703802109","0.11729385703802109","2667","2667","2667"
"266899","0.12007957696914673","0.12007957696914673","0.12007957696914673","2668","2668","2668"
"266999","0.1176023855805397","0.1176023855805397","0.1176023855805397","2669","2669","2669"
"267099","0.11391587555408478","0.11391587555408478","0.11391587555408478","2670","2670","2670"
"267199","0.11795512586832047","0.11795512586832047","0.11795512586832047","2671","2671","2671"
"267299","0.1250530183315277","0.1250530183315277","0.1250530183315277","2672","2672","2672"
"267399","0.11807256191968918","0.11807256191968918","0.11807256191968918","2673","2673","2673"
"267499","0.11980145424604416","0.11980145424604416","0.11980145424604416","2674","2674","2674"
"267599","0.11938950419425964","0.11938950419425964","0.11938950419425964","2675","2675","2675"
"267699","0.11845356225967407","0.11845356225967407","0.11845356225967407","2676","2676","2676"
"267799","0.12264620512723923","0.12264620512723923","0.12264620512723923","2677","2677","2677"
"267899","0.11189649999141693","0.11189649999141693","0.11189649999141693","2678","2678","2678"
"267999","0.12027883529663086","0.12027883529663086","0.12027883529663086","2679","2679","2679"
"268099","0.11670468747615814","0.11670468747615814","0.11670468747615814","2680","2680","2680"
"268199","0.12177965044975281","0.12177965044975281","0.12177965044975281","2681","2681","2681"
"268299","0.11132624000310898","0.11132624000310898","0.11132624000310898","2682","2682","2682"
"268399","0.11540727317333221","0.11540727317333221","0.11540727317333221","2683","2683","2683"
"268499","0.1238148882985115","0.1238148882985115","0.1238148882985115","2684","2684","2684"
"268599","0.1205536425113678","0.1205536425113678","0.1205536425113678","2685","2685","2685"
"268699","0.12155413627624512","0.12155413627624512","0.12155413627624512","2686","2686","2686"
"268799","0.11693452298641205","0.11693452298641205","0.11693452298641205","2687","2687","2687"
"268899","0.11872371286153793","0.11872371286153793","0.11872371286153793","2688","2688","2688"
"268999","0.12229320406913757","0.12229320406913757","0.12229320406913757","2689","2689","2689"
"269099","0.12383125722408295","0.12383125722408295","0.12383125722408295","2690","2690","2690"
"269199","0.1126195415854454","0.1126195415854454","0.1126195415854454","2691","2691","2691"
"269299","0.12002892792224884","0.12002892792224884","0.12002892792224884","2692","2692","2692"
"269399","0.11964618414640427","0.11964618414640427","0.11964618414640427","2693","2693","2693"
"269499","0.11435100436210632","0.11435100436210632","0.11435100436210632","2694","2694","2694"
"269599","0.12271694093942642","0.12271694093942642","0.12271694093942642","2695","2695","2695"
"269699","0.1207718700170517","0.1207718700170517","0.1207718700170517","2696","2696","2696"
"269799","0.115637868642807","0.115637868642807","0.115637868642807","2697","2697","2697"
"269899","0.11712551862001419","0.11712551862001419","0.11712551862001419","2698","2698","2698"
"269999","0.11690949648618698","0.11690949648618698","0.11690949648618698","2699","2699","2699"
"270099","0.11724795401096344","0.11724795401096344","0.11724795401096344","2700","2700","2700"
"270199","0.11872857064008713","0.11872857064008713","0.11872857064008713","2701","2701","2701"
"270299","0.12341208755970001","0.12341208755970001","0.12341208755970001","2702","2702","2702"
"270399","0.11353430896997452","0.11353430896997452","0.11353430896997452","2703","2703","2703"
"270499","0.11369387060403824","0.11369387060403824","0.11369387060403824","2704","2704","2704"
"270599","0.12166842073202133","0.12166842073202133","0.12166842073202133","2705","2705","2705"
"270699","0.12423236668109894","0.12423236668109894","0.12423236668109894","2706","2706","2706"
"270799","0.11765816807746887","0.11765816807746887","0.11765816807746887","2707","2707","2707"
"270899","0.11894331127405167","0.11894331127405167","0.11894331127405167","2708","2708","2708"
"270999","0.11888493597507477","0.11888493597507477","0.11888493597507477","2709","2709","2709"
"271099","0.11509781330823898","0.11509781330823898","0.11509781330823898","2710","2710","2710"
"271199","0.12119272351264954","0.12119272351264954","0.12119272351264954","2711","2711","2711"
"271299","0.11434469372034073","0.11434469372034073","0.11434469372034073","2712","2712","2712"
"271399","0.11993581801652908","0.11993581801652908","0.11993581801652908","2713","2713","2713"
"271499","0.11643587797880173","0.11643587797880173","0.11643587797880173","2714","2714","2714"
"271599","0.11590129137039185","0.11590129137039185","0.11590129137039185","2715","2715","2715"
"271699","0.11641557514667511","0.11641557514667511","0.11641557514667511","2716","2716","2716"
"271799","0.11292143166065216","0.11292143166065216","0.11292143166065216","2717","2717","2717"
"271899","0.12332719564437866","0.12332719564437866","0.12332719564437866","2718","2718","2718"
"271999","0.12148747593164444","0.12148747593164444","0.12148747593164444","2719","2719","2719"
"272099","0.12103121727705002","0.12103121727705002","0.12103121727705002","2720","2720","2720"
"272199","0.1222710907459259","0.1222710907459259","0.1222710907459259","2721","2721","2721"
"272299","0.11333095282316208","0.11333095282316208","0.11333095282316208","2722","2722","2722"
"272399","0.1180843859910965","0.1180843859910965","0.1180843859910965","2723","2723","2723"
"272499","0.11775103956460953","0.11775103956460953","0.11775103956460953","2724","2724","2724"
"272599","0.11624002456665039","0.11624002456665039","0.11624002456665039","2725","2725","2725"
"272699","0.11545424908399582","0.11545424908399582","0.11545424908399582","2726","2726","2726"
"272799","0.12011656165122986","0.12011656165122986","0.12011656165122986","2727","2727","2727"
"272899","0.12241829186677933","0.12241829186677933","0.12241829186677933","2728","2728","2728"
"272999","0.11953739821910858","0.11953739821910858","0.11953739821910858","2729","2729","2729"
"273099","0.11906394362449646","0.11906394362449646","0.11906394362449646","2730","2730","2730"
"273199","0.11410168558359146","0.11410168558359146","0.11410168558359146","2731","2731","2731"
"273299","0.11577320843935013","0.11577320843935013","0.11577320843935013","2732","2732","2732"
"273399","0.11867673695087433","0.11867673695087433","0.11867673695087433","2733","2733","2733"
"273499","0.10968561470508575","0.10968561470508575","0.10968561470508575","2734","2734","2734"
"273599","0.11870521306991577","0.11870521306991577","0.11870521306991577","2735","2735","2735"
"273699","0.1127173900604248","0.1127173900604248","0.1127173900604248","2736","2736","2736"
"273799","0.12090317159891129","0.12090317159891129","0.12090317159891129","2737","2737","2737"
"273899","0.11536543071269989","0.11536543071269989","0.11536543071269989","2738","2738","2738"
"273999","0.1202702596783638","0.1202702596783638","0.1202702596783638","2739","2739","2739"
"274099","0.11795687675476074","0.11795687675476074","0.11795687675476074","2740","2740","2740"
"274199","0.11612848937511444","0.11612848937511444","0.11612848937511444","2741","2741","2741"
"274299","0.1272243708372116","0.1272243708372116","0.1272243708372116","2742","2742","2742"
"274399","0.12298275530338287","0.12298275530338287","0.12298275530338287","2743","2743","2743"
"274499","0.1172320544719696","0.1172320544719696","0.1172320544719696","2744","2744","2744"
"274599","0.11772744357585907","0.11772744357585907","0.11772744357585907","2745","2745","2745"
"274699","0.1195330023765564","0.1195330023765564","0.1195330023765564","2746","2746","2746"
"274799","0.12348536401987076","0.12348536401987076","0.12348536401987076","2747","2747","2747"
"274899","0.12115214765071869","0.12115214765071869","0.12115214765071869","2748","2748","2748"
"274999","0.12611380219459534","0.12611380219459534","0.12611380219459534","2749","2749","2749"
"275099","0.12394899129867554","0.12394899129867554","0.12394899129867554","2750","2750","2750"
"275199","0.11362020671367645","0.11362020671367645","0.11362020671367645","2751","2751","2751"
"275299","0.1156625747680664","0.1156625747680664","0.1156625747680664","2752","2752","2752"
"275399","0.11117444932460785","0.11117444932460785","0.11117444932460785","2753","2753","2753"
"275499","0.11132543534040451","0.11132543534040451","0.11132543534040451","2754","2754","2754"
"275599","0.11617223173379898","0.11617223173379898","0.11617223173379898","2755","2755","2755"
"275699","0.11165472120046616","0.11165472120046616","0.11165472120046616","2756","2756","2756"
"275799","0.11976861953735352","0.11976861953735352","0.11976861953735352","2757","2757","2757"
"275899","0.11791761219501495","0.11791761219501495","0.11791761219501495","2758","2758","2758"
"275999","0.12104376405477524","0.12104376405477524","0.12104376405477524","2759","2759","2759"
"276099","0.12082115560770035","0.12082115560770035","0.12082115560770035","2760","2760","2760"
"276199","0.11721748858690262","0.11721748858690262","0.11721748858690262","2761","2761","2761"
"276299","0.12265157699584961","0.12265157699584961","0.12265157699584961","2762","2762","2762"
"276399","0.12844477593898773","0.12844477593898773","0.12844477593898773","2763","2763","2763"
"276499","0.11674226075410843","0.11674226075410843","0.11674226075410843","2764","2764","2764"
"276599","0.12048029154539108","0.12048029154539108","0.12048029154539108","2765","2765","2765"
"276699","0.1106979176402092","0.1106979176402092","0.1106979176402092","2766","2766","2766"
"276799","0.11498942226171494","0.11498942226171494","0.11498942226171494","2767","2767","2767"
"276899","0.12134568393230438","0.12134568393230438","0.12134568393230438","2768","2768","2768"
"276999","0.12270039319992065","0.12270039319992065","0.12270039319992065","2769","2769","2769"
"277099","0.11562802642583847","0.11562802642583847","0.11562802642583847","2770","2770","2770"
"277199","0.12574198842048645","0.12574198842048645","0.12574198842048645","2771","2771","2771"
"277299","0.11637789756059647","0.11637789756059647","0.11637789756059647","2772","2772","2772"
"277399","0.11228867620229721","0.11228867620229721","0.11228867620229721","2773","2773","2773"
"277499","0.10904156416654587","0.10904156416654587","0.10904156416654587","2774","2774","2774"
"277599","0.11848427355289459","0.11848427355289459","0.11848427355289459","2775","2775","2775"
"277699","0.12424915283918381","0.12424915283918381","0.12424915283918381","2776","2776","2776"
"277799","0.12148023396730423","0.12148023396730423","0.12148023396730423","2777","2777","2777"
"277899","0.12314856052398682","0.12314856052398682","0.12314856052398682","2778","2778","2778"
"277999","0.12317816913127899","0.12317816913127899","0.12317816913127899","2779","2779","2779"
"278099","0.11424562335014343","0.11424562335014343","0.11424562335014343","2780","2780","2780"
"278199","0.11915687471628189","0.11915687471628189","0.11915687471628189","2781","2781","2781"
"278299","0.11861484497785568","0.11861484497785568","0.11861484497785568","2782","2782","2782"
"278399","0.1206032857298851","0.1206032857298851","0.1206032857298851","2783","2783","2783"
"278499","0.12110906094312668","0.12110906094312668","0.12110906094312668","2784","2784","2784"
"278599","0.11224618554115295","0.11224618554115295","0.11224618554115295","2785","2785","2785"
"278699","0.1316569745540619","0.1316569745540619","0.1316569745540619","2786","2786","2786"
"278799","0.11521740257740021","0.11521740257740021","0.11521740257740021","2787","2787","2787"
"278899","0.12047417461872101","0.12047417461872101","0.12047417461872101","2788","2788","2788"
"278999","0.11389084160327911","0.11389084160327911","0.11389084160327911","2789","2789","2789"
"279099","0.11303705722093582","0.11303705722093582","0.11303705722093582","2790","2790","2790"
"279199","0.11913970857858658","0.11913970857858658","0.11913970857858658","2791","2791","2791"
"279299","0.11989429593086243","0.11989429593086243","0.11989429593086243","2792","2792","2792"
"279399","0.11606360971927643","0.11606360971927643","0.11606360971927643","2793","2793","2793"
"279499","0.12070291489362717","0.12070291489362717","0.12070291489362717","2794","2794","2794"
"279599","0.12031969428062439","0.12031969428062439","0.12031969428062439","2795","2795","2795"
"279699","0.12471920251846313","0.12471920251846313","0.12471920251846313","2796","2796","2796"
"279799","0.11887425929307938","0.11887425929307938","0.11887425929307938","2797","2797","2797"
"279899","0.11529795825481415","0.11529795825481415","0.11529795825481415","2798","2798","2798"
"279999","0.11746671795845032","0.11746671795845032","0.11746671795845032","2799","2799","2799"
"280099","0.11694201827049255","0.11694201827049255","0.11694201827049255","2800","2800","2800"
"280199","0.11843519657850266","0.11843519657850266","0.11843519657850266","2801","2801","2801"
"280299","0.12144798040390015","0.12144798040390015","0.12144798040390015","2802","2802","2802"
"280399","0.1176004633307457","0.1176004633307457","0.1176004633307457","2803","2803","2803"
"280499","0.11771895736455917","0.11771895736455917","0.11771895736455917","2804","2804","2804"
"280599","0.1200815811753273","0.1200815811753273","0.1200815811753273","2805","2805","2805"
"280699","0.12358789145946503","0.12358789145946503","0.12358789145946503","2806","2806","2806"
"280799","0.11151798814535141","0.11151798814535141","0.11151798814535141","2807","2807","2807"
"280899","0.11818642914295197","0.11818642914295197","0.11818642914295197","2808","2808","2808"
"280999","0.12402141839265823","0.12402141839265823","0.12402141839265823","2809","2809","2809"
"281099","0.11723829060792923","0.11723829060792923","0.11723829060792923","2810","2810","2810"
"281199","0.11497816443443298","0.11497816443443298","0.11497816443443298","2811","2811","2811"
"281299","0.11684629321098328","0.11684629321098328","0.11684629321098328","2812","2812","2812"
"281399","0.11596987396478653","0.11596987396478653","0.11596987396478653","2813","2813","2813"
"281499","0.11137671023607254","0.11137671023607254","0.11137671023607254","2814","2814","2814"
"281599","0.12060445547103882","0.12060445547103882","0.12060445547103882","2815","2815","2815"
"281699","0.12259101122617722","0.12259101122617722","0.12259101122617722","2816","2816","2816"
"281799","0.1241384893655777","0.1241384893655777","0.1241384893655777","2817","2817","2817"
"281899","0.12515242397785187","0.12515242397785187","0.12515242397785187","2818","2818","2818"
"281999","0.11251156777143478","0.11251156777143478","0.11251156777143478","2819","2819","2819"
"282099","0.12072021514177322","0.12072021514177322","0.12072021514177322","2820","2820","2820"
"282199","0.12335825711488724","0.12335825711488724","0.12335825711488724","2821","2821","2821"
"282299","0.11602653563022614","0.11602653563022614","0.11602653563022614","2822","2822","2822"
"282399","0.11961964517831802","0.11961964517831802","0.11961964517831802","2823","2823","2823"
"282499","0.12201845645904541","0.12201845645904541","0.12201845645904541","2824","2824","2824"
"282599","0.11452631652355194","0.11452631652355194","0.11452631652355194","2825","2825","2825"
"282699","0.11384271830320358","0.11384271830320358","0.11384271830320358","2826","2826","2826"
"282799","0.11522000283002853","0.11522000283002853","0.11522000283002853","2827","2827","2827"
"282899","0.11244252324104309","0.11244252324104309","0.11244252324104309","2828","2828","2828"
"282999","0.11285895109176636","0.11285895109176636","0.11285895109176636","2829","2829","2829"
"283099","0.12112156301736832","0.12112156301736832","0.12112156301736832","2830","2830","2830"
"283199","0.11601102352142334","0.11601102352142334","0.11601102352142334","2831","2831","2831"
"283299","0.11982870101928711","0.11982870101928711","0.11982870101928711","2832","2832","2832"
"283399","0.12070968002080917","0.12070968002080917","0.12070968002080917","2833","2833","2833"
"283499","0.11594757437705994","0.11594757437705994","0.11594757437705994","2834","2834","2834"
"283599","0.11951398849487305","0.11951398849487305","0.11951398849487305","2835","2835","2835"
"283699","0.11375565081834793","0.11375565081834793","0.11375565081834793","2836","2836","2836"
"283799","0.11976950615644455","0.11976950615644455","0.11976950615644455","2837","2837","2837"
"283899","0.12592825293540955","0.12592825293540955","0.12592825293540955","2838","2838","2838"
"283999","0.11757876724004745","0.11757876724004745","0.11757876724004745","2839","2839","2839"
"284099","0.12082073837518692","0.12082073837518692","0.12082073837518692","2840","2840","2840"
"284199","0.11778682470321655","0.11778682470321655","0.11778682470321655","2841","2841","2841"
"284299","0.11581970751285553","0.11581970751285553","0.11581970751285553","2842","2842","2842"
"284399","0.11861715465784073","0.11861715465784073","0.11861715465784073","2843","2843","2843"
"284499","0.11862790584564209","0.11862790584564209","0.11862790584564209","2844","2844","2844"
"284599","0.11958708614110947","0.11958708614110947","0.11958708614110947","2845","2845","2845"
"284699","0.11851179599761963","0.11851179599761963","0.11851179599761963","2846","2846","2846"
"284799","0.12237222492694855","0.12237222492694855","0.12237222492694855","2847","2847","2847"
"284899","0.12391920387744904","0.12391920387744904","0.12391920387744904","2848","2848","2848"
"284999","0.11827127635478973","0.11827127635478973","0.11827127635478973","2849","2849","2849"
"285099","0.11124773323535919","0.11124773323535919","0.11124773323535919","2850","2850","2850"
"285199","0.11793243139982224","0.11793243139982224","0.11793243139982224","2851","2851","2851"
"285299","0.11637336760759354","0.11637336760759354","0.11637336760759354","2852","2852","2852"
"285399","0.12299934774637222","0.12299934774637222","0.12299934774637222","2853","2853","2853"
"285499","0.11748269200325012","0.11748269200325012","0.11748269200325012","2854","2854","2854"
"285599","0.11431845277547836","0.11431845277547836","0.11431845277547836","2855","2855","2855"
"285699","0.11719951033592224","0.11719951033592224","0.11719951033592224","2856","2856","2856"
"285799","0.11435794085264206","0.11435794085264206","0.11435794085264206","2857","2857","2857"
"285899","0.11840236932039261","0.11840236932039261","0.11840236932039261","2858","2858","2858"
"285999","0.11573345959186554","0.11573345959186554","0.11573345959186554","2859","2859","2859"
"286099","0.1170421689748764","0.1170421689748764","0.1170421689748764","2860","2860","2860"
"286199","0.11790375411510468","0.11790375411510468","0.11790375411510468","2861","2861","2861"
"286299","0.11805363744497299","0.11805363744497299","0.11805363744497299","2862","2862","2862"
"286399","0.11591412127017975","0.11591412127017975","0.11591412127017975","2863","2863","2863"
"286499","0.11470197141170502","0.11470197141170502","0.11470197141170502","2864","2864","2864"
"286599","0.12051966786384583","0.12051966786384583","0.12051966786384583","2865","2865","2865"
"286699","0.11370472609996796","0.11370472609996796","0.11370472609996796","2866","2866","2866"
"286799","0.12172965705394745","0.12172965705394745","0.12172965705394745","2867","2867","2867"
"286899","0.12096716463565826","0.12096716463565826","0.12096716463565826","2868","2868","2868"
"286999","0.10843855887651443","0.10843855887651443","0.10843855887651443","2869","2869","2869"
"287099","0.11600657552480698","0.11600657552480698","0.11600657552480698","2870","2870","2870"
"287199","0.11788898706436157","0.11788898706436157","0.11788898706436157","2871","2871","2871"
"287299","0.12566982209682465","0.12566982209682465","0.12566982209682465","2872","2872","2872"
"287399","0.11475545912981033","0.11475545912981033","0.11475545912981033","2873","2873","2873"
"287499","0.11663125455379486","0.11663125455379486","0.11663125455379486","2874","2874","2874"
"287599","0.11747447401285172","0.11747447401285172","0.11747447401285172","2875","2875","2875"
"287699","0.12126699090003967","0.12126699090003967","0.12126699090003967","2876","2876","2876"
"287799","0.1158653274178505","0.1158653274178505","0.1158653274178505","2877","2877","2877"
"287899","0.11299329251050949","0.11299329251050949","0.11299329251050949","2878","2878","2878"
"287999","0.11954855918884277","0.11954855918884277","0.11954855918884277","2879","2879","2879"
"288099","0.11801917105913162","0.11801917105913162","0.11801917105913162","2880","2880","2880"
"288199","0.11846484243869781","0.11846484243869781","0.11846484243869781","2881","2881","2881"
"288299","0.11453722417354584","0.11453722417354584","0.11453722417354584","2882","2882","2882"
"288399","0.11881089955568314","0.11881089955568314","0.11881089955568314","2883","2883","2883"
"288499","0.11965856701135635","0.11965856701135635","0.11965856701135635","2884","2884","2884"
"288599","0.11756579577922821","0.11756579577922821","0.11756579577922821","2885","2885","2885"
"288699","0.11683092266321182","0.11683092266321182","0.11683092266321182","2886","2886","2886"
"288799","0.11737624555826187","0.11737624555826187","0.11737624555826187","2887","2887","2887"
"288899","0.11888933181762695","0.11888933181762695","0.11888933181762695","2888","2888","2888"
"288999","0.11700089275836945","0.11700089275836945","0.11700089275836945","2889","2889","2889"
"289099","0.11764460802078247","0.11764460802078247","0.11764460802078247","2890","2890","2890"
"289199","0.12321726977825165","0.12321726977825165","0.12321726977825165","2891","2891","2891"
"289299","0.11504396796226501","0.11504396796226501","0.11504396796226501","2892","2892","2892"
"289399","0.11452499777078629","0.11452499777078629","0.11452499777078629","2893","2893","2893"
"289499","0.12065082788467407","0.12065082788467407","0.12065082788467407","2894","2894","2894"
"289599","0.11771437525749207","0.11771437525749207","0.11771437525749207","2895","2895","2895"
"289699","0.11550571024417877","0.11550571024417877","0.11550571024417877","2896","2896","2896"
"289799","0.11469759792089462","0.11469759792089462","0.11469759792089462","2897","2897","2897"
"289899","0.1155378594994545","0.1155378594994545","0.1155378594994545","2898","2898","2898"
"289999","0.11727523058652878","0.11727523058652878","0.11727523058652878","2899","2899","2899"
"290099","0.11644648760557175","0.11644648760557175","0.11644648760557175","2900","2900","2900"
"290199","0.12095530331134796","0.12095530331134796","0.12095530331134796","2901","2901","2901"
"290299","0.11217118054628372","0.11217118054628372","0.11217118054628372","2902","2902","2902"
"290399","0.11785195022821426","0.11785195022821426","0.11785195022821426","2903","2903","2903"
"290499","0.12155431509017944","0.12155431509017944","0.12155431509017944","2904","2904","2904"
"290599","0.11588684469461441","0.11588684469461441","0.11588684469461441","2905","2905","2905"
"290699","0.12259715795516968","0.12259715795516968","0.12259715795516968","2906","2906","2906"
"290799","0.11644693464040756","0.11644693464040756","0.11644693464040756","2907","2907","2907"
"290899","0.11681150645017624","0.11681150645017624","0.11681150645017624","2908","2908","2908"
"290999","0.1112283393740654","0.1112283393740654","0.1112283393740654","2909","2909","2909"
"291099","0.1152467355132103","0.1152467355132103","0.1152467355132103","2910","2910","2910"
"291199","0.11592576652765274","0.11592576652765274","0.11592576652765274","2911","2911","2911"
"291299","0.12075285613536835","0.12075285613536835","0.12075285613536835","2912","2912","2912"
"291399","0.11823063343763351","0.11823063343763351","0.11823063343763351","2913","2913","2913"
"291499","0.11175545305013657","0.11175545305013657","0.11175545305013657","2914","2914","2914"
"291599","0.1161336675286293","0.1161336675286293","0.1161336675286293","2915","2915","2915"
"291699","0.12542568147182465","0.12542568147182465","0.12542568147182465","2916","2916","2916"
"291799","0.11706078797578812","0.11706078797578812","0.11706078797578812","2917","2917","2917"
"291899","0.12033206224441528","0.12033206224441528","0.12033206224441528","2918","2918","2918"
"291999","0.12102016806602478","0.12102016806602478","0.12102016806602478","2919","2919","2919"
"292099","0.11593778431415558","0.11593778431415558","0.11593778431415558","2920","2920","2920"
"292199","0.12327805161476135","0.12327805161476135","0.12327805161476135","2921","2921","2921"
"292299","0.12341354787349701","0.12341354787349701","0.12341354787349701","2922","2922","2922"
"292399","0.12130864709615707","0.12130864709615707","0.12130864709615707","2923","2923","2923"
"292499","0.11619759351015091","0.11619759351015091","0.11619759351015091","2924","2924","2924"
"292599","0.1178826317191124","0.1178826317191124","0.1178826317191124","2925","2925","2925"
"292699","0.11861427873373032","0.11861427873373032","0.11861427873373032","2926","2926","2926"
"292799","0.11996959894895554","0.11996959894895554","0.11996959894895554","2927","2927","2927"
"292899","0.12422079592943192","0.12422079592943192","0.12422079592943192","2928","2928","2928"
"292999","0.12321177124977112","0.12321177124977112","0.12321177124977112","2929","2929","2929"
"293099","0.11501055210828781","0.11501055210828781","0.11501055210828781","2930","2930","2930"
"293199","0.11210672557353973","0.11210672557353973","0.11210672557353973","2931","2931","2931"
"293299","0.12263041734695435","0.12263041734695435","0.12263041734695435","2932","2932","2932"
"293399","0.11973103880882263","0.11973103880882263","0.11973103880882263","2933","2933","2933"
"293499","0.12308278679847717","0.12308278679847717","0.12308278679847717","2934","2934","2934"
"293599","0.12111303955316544","0.12111303955316544","0.12111303955316544","2935","2935","2935"
"293699","0.11512123793363571","0.11512123793363571","0.11512123793363571","2936","2936","2936"
"293799","0.11774513870477676","0.11774513870477676","0.11774513870477676","2937","2937","2937"
"293899","0.11414316296577454","0.11414316296577454","0.11414316296577454","2938","2938","2938"
"293999","0.10836153477430344","0.10836153477430344","0.10836153477430344","2939","2939","2939"
"294099","0.12412387877702713","0.12412387877702713","0.12412387877702713","2940","2940","2940"
"294199","0.12015809863805771","0.12015809863805771","0.12015809863805771","2941","2941","2941"
"294299","0.11457100510597229","0.11457100510597229","0.11457100510597229","2942","2942","2942"
"294399","0.11940286308526993","0.11940286308526993","0.11940286308526993","2943","2943","2943"
"294499","0.11001203209161758","0.11001203209161758","0.11001203209161758","2944","2944","2944"
"294599","0.12029798328876495","0.12029798328876495","0.12029798328876495","2945","2945","2945"
"294699","0.1183805838227272","0.1183805838227272","0.1183805838227272","2946","2946","2946"
"294799","0.11780156940221786","0.11780156940221786","0.11780156940221786","2947","2947","2947"
"294899","0.11442875862121582","0.11442875862121582","0.11442875862121582","2948","2948","2948"
"294999","0.1183638945221901","0.1183638945221901","0.1183638945221901","2949","2949","2949"
"295099","0.11854086071252823","0.11854086071252823","0.11854086071252823","2950","2950","2950"
"295199","0.1155003234744072","0.1155003234744072","0.1155003234744072","2951","2951","2951"
"295299","0.12075621634721756","0.12075621634721756","0.12075621634721756","2952","2952","2952"
"295399","0.12073145806789398","0.12073145806789398","0.12073145806789398","2953","2953","2953"
"295499","0.12141084671020508","0.12141084671020508","0.12141084671020508","2954","2954","2954"
"295599","0.1149732694029808","0.1149732694029808","0.1149732694029808","2955","2955","2955"
"295699","0.11881052702665329","0.11881052702665329","0.11881052702665329","2956","2956","2956"
"295799","0.11659270524978638","0.11659270524978638","0.11659270524978638","2957","2957","2957"
"295899","0.12668734788894653","0.12668734788894653","0.12668734788894653","2958","2958","2958"
"295999","0.12386190891265869","0.12386190891265869","0.12386190891265869","2959","2959","2959"
"296099","0.12223873287439346","0.12223873287439346","0.12223873287439346","2960","2960","2960"
"296199","0.12083829194307327","0.12083829194307327","0.12083829194307327","2961","2961","2961"
"296299","0.1159900575876236","0.1159900575876236","0.1159900575876236","2962","2962","2962"
"296399","0.11370150744915009","0.11370150744915009","0.11370150744915009","2963","2963","2963"
"296499","0.11578617990016937","0.11578617990016937","0.11578617990016937","2964","2964","2964"
"296599","0.11013010144233704","0.11013010144233704","0.11013010144233704","2965","2965","2965"
"296699","0.11412274092435837","0.11412274092435837","0.11412274092435837","2966","2966","2966"
"296799","0.12191114574670792","0.12191114574670792","0.12191114574670792","2967","2967","2967"
"296899","0.12286762148141861","0.12286762148141861","0.12286762148141861","2968","2968","2968"
"296999","0.12201311439275742","0.12201311439275742","0.12201311439275742","2969","2969","2969"
"297099","0.11481662094593048","0.11481662094593048","0.11481662094593048","2970","2970","2970"
"297199","0.11759183555841446","0.11759183555841446","0.11759183555841446","2971","2971","2971"
"297299","0.12226197868585587","0.12226197868585587","0.12226197868585587","2972","2972","2972"
"297399","0.11784417927265167","0.11784417927265167","0.11784417927265167","2973","2973","2973"
"297499","0.11677783727645874","0.11677783727645874","0.11677783727645874","2974","2974","2974"
"297599","0.11975152790546417","0.11975152790546417","0.11975152790546417","2975","2975","2975"
"297699","0.11622928828001022","0.11622928828001022","0.11622928828001022","2976","2976","2976"
"297799","0.12177532911300659","0.12177532911300659","0.12177532911300659","2977","2977","2977"
"297899","0.11896535754203796","0.11896535754203796","0.11896535754203796","2978","2978","2978"
"297999","0.11726651340723038","0.11726651340723038","0.11726651340723038","2979","2979","2979"
"298099","0.12066216766834259","0.12066216766834259","0.12066216766834259","2980","2980","2980"
"298199","0.11244942247867584","0.11244942247867584","0.11244942247867584","2981","2981","2981"
"298299","0.11655139178037643","0.11655139178037643","0.11655139178037643","2982","2982","2982"
"298399","0.11685137450695038","0.11685137450695038","0.11685137450695038","2983","2983","2983"
"298499","0.1143166795372963","0.1143166795372963","0.1143166795372963","2984","2984","2984"
"298599","0.11705292761325836","0.11705292761325836","0.11705292761325836","2985","2985","2985"
"298699","0.11056506633758545","0.11056506633758545","0.11056506633758545","2986","2986","2986"
"298799","0.12299466878175735","0.12299466878175735","0.12299466878175735","2987","2987","2987"
"298899","0.1184239387512207","0.1184239387512207","0.1184239387512207","2988","2988","2988"
"298999","0.11810174584388733","0.11810174584388733","0.11810174584388733","2989","2989","2989"
"299099","0.11888456344604492","0.11888456344604492","0.11888456344604492","2990","2990","2990"
"299199","0.11752238124608994","0.11752238124608994","0.11752238124608994","2991","2991","2991"
"299299","0.11615368723869324","0.11615368723869324","0.11615368723869324","2992","2992","2992"
"299399","0.11480846256017685","0.11480846256017685","0.11480846256017685","2993","2993","2993"
"299499","0.11997543275356293","0.11997543275356293","0.11997543275356293","2994","2994","2994"
"299599","0.11719346791505814","0.11719346791505814","0.11719346791505814","2995","2995","2995"
"299699","0.116925910115242","0.116925910115242","0.116925910115242","2996","2996","2996"
"299799","0.11846036463975906","0.11846036463975906","0.11846036463975906","2997","2997","2997"
"299899","0.11656133830547333","0.11656133830547333","0.11656133830547333","2998","2998","2998"
"299999","0.11258872598409653","0.11258872598409653","0.11258872598409653","2999","2999","2999"
"300099","0.12284126877784729","0.12284126877784729","0.12284126877784729","3000","3000","3000"
"300199","0.11344104260206223","0.11344104260206223","0.11344104260206223","3001","3001","3001"
"300299","0.1150738000869751","0.1150738000869751","0.1150738000869751","3002","3002","3002"
"300399","0.11257144808769226","0.11257144808769226","0.11257144808769226","3003","3003","3003"
"300499","0.11809216439723969","0.11809216439723969","0.11809216439723969","3004","3004","3004"
"300599","0.1186232641339302","0.1186232641339302","0.1186232641339302","3005","3005","3005"
"300699","0.11580130457878113","0.11580130457878113","0.11580130457878113","3006","3006","3006"
"300799","0.11342821270227432","0.11342821270227432","0.11342821270227432","3007","3007","3007"
"300899","0.10975587368011475","0.10975587368011475","0.10975587368011475","3008","3008","3008"
"300999","0.1253136545419693","0.1253136545419693","0.1253136545419693","3009","3009","3009"
"301099","0.12492559850215912","0.12492559850215912","0.12492559850215912","3010","3010","3010"
"301199","0.12352994084358215","0.12352994084358215","0.12352994084358215","3011","3011","3011"
"301299","0.11396357417106628","0.11396357417106628","0.11396357417106628","3012","3012","3012"
"301399","0.12009803205728531","0.12009803205728531","0.12009803205728531","3013","3013","3013"
"301499","0.11309636384248734","0.11309636384248734","0.11309636384248734","3014","3014","3014"
"301599","0.11814650893211365","0.11814650893211365","0.11814650893211365","3015","3015","3015"
"301699","0.1237674430012703","0.1237674430012703","0.1237674430012703","3016","3016","3016"
"301799","0.11545634269714355","0.11545634269714355","0.11545634269714355","3017","3017","3017"
"301899","0.12385609745979309","0.12385609745979309","0.12385609745979309","3018","3018","3018"
"301999","0.11385853588581085","0.11385853588581085","0.11385853588581085","3019","3019","3019"
"302099","0.118230901658535","0.118230901658535","0.118230901658535","3020","3020","3020"
"302199","0.11825752258300781","0.11825752258300781","0.11825752258300781","3021","3021","3021"
"302299","0.1219119280576706","0.1219119280576706","0.1219119280576706","3022","3022","3022"
"302399","0.11875348538160324","0.11875348538160324","0.11875348538160324","3023","3023","3023"
"302499","0.11769531667232513","0.11769531667232513","0.11769531667232513","3024","3024","3024"
"302599","0.1238258108496666","0.1238258108496666","0.1238258108496666","3025","3025","3025"
"302699","0.11524607986211777","0.11524607986211777","0.11524607986211777","3026","3026","3026"
"302799","0.10858801752328873","0.10858801752328873","0.10858801752328873","3027","3027","3027"
"302899","0.11076121032238007","0.11076121032238007","0.11076121032238007","3028","3028","3028"
"302999","0.11324014514684677","0.11324014514684677","0.11324014514684677","3029","3029","3029"
"303099","0.11525095999240875","0.11525095999240875","0.11525095999240875","3030","3030","3030"
"303199","0.1146804615855217","0.1146804615855217","0.1146804615855217","3031","3031","3031"
"303299","0.12837795913219452","0.12837795913219452","0.12837795913219452","3032","3032","3032"
"303399","0.11290911585092545","0.11290911585092545","0.11290911585092545","3033","3033","3033"
"303499","0.11736293882131577","0.11736293882131577","0.11736293882131577","3034","3034","3034"
"303599","0.1225469633936882","0.1225469633936882","0.1225469633936882","3035","3035","3035"
"303699","0.11723630130290985","0.11723630130290985","0.11723630130290985","3036","3036","3036"
"303799","0.1170235127210617","0.1170235127210617","0.1170235127210617","3037","3037","3037"
"303899","0.12689821422100067","0.12689821422100067","0.12689821422100067","3038","3038","3038"
"303999","0.12073566019535065","0.12073566019535065","0.12073566019535065","3039","3039","3039"
"304099","0.11476428061723709","0.11476428061723709","0.11476428061723709","3040","3040","3040"
"304199","0.11105219274759293","0.11105219274759293","0.11105219274759293","3041","3041","3041"
"304299","0.11760712414979935","0.11760712414979935","0.11760712414979935","3042","3042","3042"
"304399","0.1204911544919014","0.1204911544919014","0.1204911544919014","3043","3043","3043"
"304499","0.1186891421675682","0.1186891421675682","0.1186891421675682","3044","3044","3044"
"304599","0.12300380319356918","0.12300380319356918","0.12300380319356918","3045","3045","3045"
"304699","0.12100868672132492","0.12100868672132492","0.12100868672132492","3046","3046","3046"
"304799","0.12568481266498566","0.12568481266498566","0.12568481266498566","3047","3047","3047"
"304899","0.12288787215948105","0.12288787215948105","0.12288787215948105","3048","3048","3048"
"304999","0.12643443048000336","0.12643443048000336","0.12643443048000336","3049","3049","3049"
"305099","0.12181936949491501","0.12181936949491501","0.12181936949491501","3050","3050","3050"
"305199","0.12115687131881714","0.12115687131881714","0.12115687131881714","3051","3051","3051"
"305299","0.11662117391824722","0.11662117391824722","0.11662117391824722","3052","3052","3052"
"305399","0.12348506599664688","0.12348506599664688","0.12348506599664688","3053","3053","3053"
"305499","0.11904268711805344","0.11904268711805344","0.11904268711805344","3054","3054","3054"
"305599","0.11669805645942688","0.11669805645942688","0.11669805645942688","3055","3055","3055"
"305699","0.11812841892242432","0.11812841892242432","0.11812841892242432","3056","3056","3056"
"305799","0.12096597254276276","0.12096597254276276","0.12096597254276276","3057","3057","3057"
"305899","0.11739271134138107","0.11739271134138107","0.11739271134138107","3058","3058","3058"
"305999","0.1183018684387207","0.1183018684387207","0.1183018684387207","3059","3059","3059"
"306099","0.12225759029388428","0.12225759029388428","0.12225759029388428","3060","3060","3060"
"306199","0.11927340924739838","0.11927340924739838","0.11927340924739838","3061","3061","3061"
"306299","0.1225854679942131","0.1225854679942131","0.1225854679942131","3062","3062","3062"
"306399","0.11695925891399384","0.11695925891399384","0.11695925891399384","3063","3063","3063"
"306499","0.11771627515554428","0.11771627515554428","0.11771627515554428","3064","3064","3064"
"306599","0.1270473152399063","0.1270473152399063","0.1270473152399063","3065","3065","3065"
"306699","0.11937642842531204","0.11937642842531204","0.11937642842531204","3066","3066","3066"
"306799","0.1236947551369667","0.1236947551369667","0.1236947551369667","3067","3067","3067"
"306899","0.12142065167427063","0.12142065167427063","0.12142065167427063","3068","3068","3068"
"306999","0.1228664442896843","0.1228664442896843","0.1228664442896843","3069","3069","3069"
"307099","0.11710070073604584","0.11710070073604584","0.11710070073604584","3070","3070","3070"
"307199","0.11840174347162247","0.11840174347162247","0.11840174347162247","3071","3071","3071"
"307299","0.12038333714008331","0.12038333714008331","0.12038333714008331","3072","3072","3072"
"307399","0.11601919680833817","0.11601919680833817","0.11601919680833817","3073","3073","3073"
"307499","0.1134302169084549","0.1134302169084549","0.1134302169084549","3074","3074","3074"
"307599","0.116368368268013","0.116368368268013","0.116368368268013","3075","3075","3075"
"307699","0.12416814267635345","0.12416814267635345","0.12416814267635345","3076","3076","3076"
"307799","0.11983318626880646","0.11983318626880646","0.11983318626880646","3077","3077","3077"
"307899","0.11535172164440155","0.11535172164440155","0.11535172164440155","3078","3078","3078"
"307999","0.1219976469874382","0.1219976469874382","0.1219976469874382","3079","3079","3079"
"308099","0.11413384974002838","0.11413384974002838","0.11413384974002838","3080","3080","3080"
"308199","0.12244334071874619","0.12244334071874619","0.12244334071874619","3081","3081","3081"
"308299","0.11233515292406082","0.11233515292406082","0.11233515292406082","3082","3082","3082"
"308399","0.11741989850997925","0.11741989850997925","0.11741989850997925","3083","3083","3083"
"308499","0.11525857448577881","0.11525857448577881","0.11525857448577881","3084","3084","3084"
"308599","0.11397218704223633","0.11397218704223633","0.11397218704223633","3085","3085","3085"
"308699","0.11402688175439835","0.11402688175439835","0.11402688175439835","3086","3086","3086"
"308799","0.11568836867809296","0.11568836867809296","0.11568836867809296","3087","3087","3087"
"308899","0.11973071098327637","0.11973071098327637","0.11973071098327637","3088","3088","3088"
"308999","0.12333991378545761","0.12333991378545761","0.12333991378545761","3089","3089","3089"
"309099","0.12157876789569855","0.12157876789569855","0.12157876789569855","3090","3090","3090"
"309199","0.11424369364976883","0.11424369364976883","0.11424369364976883","3091","3091","3091"
"309299","0.11349751800298691","0.11349751800298691","0.11349751800298691","3092","3092","3092"
"309399","0.12167701125144958","0.12167701125144958","0.12167701125144958","3093","3093","3093"
"309499","0.11372509598731995","0.11372509598731995","0.11372509598731995","3094","3094","3094"
"309599","0.11682753264904022","0.11682753264904022","0.11682753264904022","3095","3095","3095"
"309699","0.12042374908924103","0.12042374908924103","0.12042374908924103","3096","3096","3096"
"309799","0.11439062654972076","0.11439062654972076","0.11439062654972076","3097","3097","3097"
"309899","0.11027120053768158","0.11027120053768158","0.11027120053768158","3098","3098","3098"
"309999","0.1124253123998642","0.1124253123998642","0.1124253123998642","3099","3099","3099"
"310099","0.11608555912971497","0.11608555912971497","0.11608555912971497","3100","3100","3100"
"310199","0.11759555339813232","0.11759555339813232","0.11759555339813232","3101","3101","3101"
"310299","0.11144322156906128","0.11144322156906128","0.11144322156906128","3102","3102","3102"
"310399","0.10913728177547455","0.10913728177547455","0.10913728177547455","3103","3103","3103"
"310499","0.11612123996019363","0.11612123996019363","0.11612123996019363","3104","3104","3104"
"310599","0.12122981250286102","0.12122981250286102","0.12122981250286102","3105","3105","3105"
"310699","0.12180233746767044","0.12180233746767044","0.12180233746767044","3106","3106","3106"
"310799","0.12162972241640091","0.12162972241640091","0.12162972241640091","3107","3107","3107"
"310899","0.11854426562786102","0.11854426562786102","0.11854426562786102","3108","3108","3108"
"310999","0.11328794807195663","0.11328794807195663","0.11328794807195663","3109","3109","3109"
"311099","0.1104322001338005","0.1104322001338005","0.1104322001338005","3110","3110","3110"
"311199","0.11341895163059235","0.11341895163059235","0.11341895163059235","3111","3111","3111"
"311299","0.12083465605974197","0.12083465605974197","0.12083465605974197","3112","3112","3112"
"311399","0.12384180724620819","0.12384180724620819","0.12384180724620819","3113","3113","3113"
"311499","0.11804844439029694","0.11804844439029694","0.11804844439029694","3114","3114","3114"
"311599","0.12045125663280487","0.12045125663280487","0.12045125663280487","3115","3115","3115"
"311699","0.11763650923967361","0.11763650923967361","0.11763650923967361","3116","3116","3116"
"311799","0.11575962603092194","0.11575962603092194","0.11575962603092194","3117","3117","3117"
"311899","0.11573725938796997","0.11573725938796997","0.11573725938796997","3118","3118","3118"
"311999","0.11998402327299118","0.11998402327299118","0.11998402327299118","3119","3119","3119"
"312099","0.11965431272983551","0.11965431272983551","0.11965431272983551","3120","3120","3120"
"312199","0.11971448361873627","0.11971448361873627","0.11971448361873627","3121","3121","3121"
"312299","0.11935913562774658","0.11935913562774658","0.11935913562774658","3122","3122","3122"
"312399","0.12226802110671997","0.12226802110671997","0.12226802110671997","3123","3123","3123"
"312499","0.12339301407337189","0.12339301407337189","0.12339301407337189","3124","3124","3124"
"312599","0.11843101680278778","0.11843101680278778","0.11843101680278778","3125","3125","3125"
"312699","0.11718835681676865","0.11718835681676865","0.11718835681676865","3126","3126","3126"
"312799","0.11871042102575302","0.11871042102575302","0.11871042102575302","3127","3127","3127"
"312899","0.11730898916721344","0.11730898916721344","0.11730898916721344","3128","3128","3128"
"312999","0.12167844921350479","0.12167844921350479","0.12167844921350479","3129","3129","3129"
"313099","0.11489026993513107","0.11489026993513107","0.11489026993513107","3130","3130","3130"
"313199","0.11815544217824936","0.11815544217824936","0.11815544217824936","3131","3131","3131"
"313299","0.1138569563627243","0.1138569563627243","0.1138569563627243","3132","3132","3132"
"313399","0.12153218686580658","0.12153218686580658","0.12153218686580658","3133","3133","3133"
"313499","0.11648966372013092","0.11648966372013092","0.11648966372013092","3134","3134","3134"
"313599","0.11828430742025375","0.11828430742025375","0.11828430742025375","3135","3135","3135"
"313699","0.1223221942782402","0.1223221942782402","0.1223221942782402","3136","3136","3136"
"313799","0.11339718103408813","0.11339718103408813","0.11339718103408813","3137","3137","3137"
"313899","0.12623825669288635","0.12623825669288635","0.12623825669288635","3138","3138","3138"
"313999","0.11949675530195236","0.11949675530195236","0.11949675530195236","3139","3139","3139"
"314099","0.1183692216873169","0.1183692216873169","0.1183692216873169","3140","3140","3140"
"314199","0.11475401371717453","0.11475401371717453","0.11475401371717453","3141","3141","3141"
"314299","0.12006182968616486","0.12006182968616486","0.12006182968616486","3142","3142","3142"
"314399","0.12052328139543533","0.12052328139543533","0.12052328139543533","3143","3143","3143"
"314499","0.11669564247131348","0.11669564247131348","0.11669564247131348","3144","3144","3144"
"314599","0.12204492837190628","0.12204492837190628","0.12204492837190628","3145","3145","3145"
"314699","0.12025302648544312","0.12025302648544312","0.12025302648544312","3146","3146","3146"
"314799","0.12583814561367035","0.12583814561367035","0.12583814561367035","3147","3147","3147"
"314899","0.12104972451925278","0.12104972451925278","0.12104972451925278","3148","3148","3148"
"314999","0.12047457695007324","0.12047457695007324","0.12047457695007324","3149","3149","3149"
"315099","0.11696159094572067","0.11696159094572067","0.11696159094572067","3150","3150","3150"
"315199","0.11739732325077057","0.11739732325077057","0.11739732325077057","3151","3151","3151"