"trainer/global_step","vanilla_mid - train_loss","vanilla_mid - train_loss__MIN","vanilla_mid - train_loss__MAX","vanilla_mid - _step","vanilla_mid - _step__MIN","vanilla_mid - _step__MAX"
"99","0.24635235965251923","0.24635235965251923","0.24635235965251923","0","0","0"
"199","0.2184913456439972","0.2184913456439972","0.2184913456439972","1","1","1"
"299","0.21455857157707214","0.21455857157707214","0.21455857157707214","2","2","2"
"399","0.2030169814825058","0.2030169814825058","0.2030169814825058","3","3","3"
"499","0.19734957814216614","0.19734957814216614","0.19734957814216614","4","4","4"
"599","0.19310301542282104","0.19310301542282104","0.19310301542282104","5","5","5"
"699","0.18854348361492157","0.18854348361492157","0.18854348361492157","6","6","6"
"799","0.18409080803394318","0.18409080803394318","0.18409080803394318","7","7","7"
"899","0.18971844017505646","0.18971844017505646","0.18971844017505646","8","8","8"
"999","0.17695334553718567","0.17695334553718567","0.17695334553718567","9","9","9"
"1099","0.17793144285678864","0.17793144285678864","0.17793144285678864","10","10","10"
"1199","0.175959974527359","0.175959974527359","0.175959974527359","11","11","11"
"1299","0.17844662070274353","0.17844662070274353","0.17844662070274353","12","12","12"
"1399","0.16877759993076324","0.16877759993076324","0.16877759993076324","13","13","13"
"1499","0.17605561017990112","0.17605561017990112","0.17605561017990112","14","14","14"
"1599","0.1701638102531433","0.1701638102531433","0.1701638102531433","15","15","15"
"1699","0.1622214913368225","0.1622214913368225","0.1622214913368225","16","16","16"
"1799","0.16718177497386932","0.16718177497386932","0.16718177497386932","17","17","17"
"1899","0.1665993481874466","0.1665993481874466","0.1665993481874466","18","18","18"
"1999","0.16780467331409454","0.16780467331409454","0.16780467331409454","19","19","19"
"2099","0.16278910636901855","0.16278910636901855","0.16278910636901855","20","20","20"
"2199","0.1680196076631546","0.1680196076631546","0.1680196076631546","21","21","21"
"2299","0.15702691674232483","0.15702691674232483","0.15702691674232483","22","22","22"
"2399","0.16282866895198822","0.16282866895198822","0.16282866895198822","23","23","23"
"2499","0.16206352412700653","0.16206352412700653","0.16206352412700653","24","24","24"
"2599","0.1577140986919403","0.1577140986919403","0.1577140986919403","25","25","25"
"2699","0.15979331731796265","0.15979331731796265","0.15979331731796265","26","26","26"
"2799","0.15721169114112854","0.15721169114112854","0.15721169114112854","27","27","27"
"2899","0.1510346382856369","0.1510346382856369","0.1510346382856369","28","28","28"
"2999","0.16154496371746063","0.16154496371746063","0.16154496371746063","29","29","29"
"3099","0.15475283563137054","0.15475283563137054","0.15475283563137054","30","30","30"
"3199","0.1598297506570816","0.1598297506570816","0.1598297506570816","31","31","31"
"3299","0.15315669775009155","0.15315669775009155","0.15315669775009155","32","32","32"
"3399","0.15378093719482422","0.15378093719482422","0.15378093719482422","33","33","33"
"3499","0.155997633934021","0.155997633934021","0.155997633934021","34","34","34"
"3599","0.15256448090076447","0.15256448090076447","0.15256448090076447","35","35","35"
"3699","0.1516902893781662","0.1516902893781662","0.1516902893781662","36","36","36"
"3799","0.1556442528963089","0.1556442528963089","0.1556442528963089","37","37","37"
"3899","0.15303651988506317","0.15303651988506317","0.15303651988506317","38","38","38"
"3999","0.14905934035778046","0.14905934035778046","0.14905934035778046","39","39","39"
"4099","0.1551155149936676","0.1551155149936676","0.1551155149936676","40","40","40"
"4199","0.15425549447536469","0.15425549447536469","0.15425549447536469","41","41","41"
"4299","0.1480778008699417","0.1480778008699417","0.1480778008699417","42","42","42"
"4399","0.1488577276468277","0.1488577276468277","0.1488577276468277","43","43","43"
"4499","0.14852648973464966","0.14852648973464966","0.14852648973464966","44","44","44"
"4599","0.15198631584644318","0.15198631584644318","0.15198631584644318","45","45","45"
"4699","0.14320823550224304","0.14320823550224304","0.14320823550224304","46","46","46"
"4799","0.14161667227745056","0.14161667227745056","0.14161667227745056","47","47","47"
"4899","0.1509779691696167","0.1509779691696167","0.1509779691696167","48","48","48"
"4999","0.14771077036857605","0.14771077036857605","0.14771077036857605","49","49","49"
"5099","0.14629654586315155","0.14629654586315155","0.14629654586315155","50","50","50"
"5199","0.1466299295425415","0.1466299295425415","0.1466299295425415","51","51","51"
"5299","0.1380109190940857","0.1380109190940857","0.1380109190940857","52","52","52"
"5399","0.14505909383296967","0.14505909383296967","0.14505909383296967","53","53","53"
"5499","0.15459418296813965","0.15459418296813965","0.15459418296813965","54","54","54"
"5599","0.13850700855255127","0.13850700855255127","0.13850700855255127","55","55","55"
"5699","0.14338745176792145","0.14338745176792145","0.14338745176792145","56","56","56"
"5799","0.1501912772655487","0.1501912772655487","0.1501912772655487","57","57","57"
"5899","0.1472567319869995","0.1472567319869995","0.1472567319869995","58","58","58"
"5999","0.1418341100215912","0.1418341100215912","0.1418341100215912","59","59","59"
"6099","0.13701963424682617","0.13701963424682617","0.13701963424682617","60","60","60"
"6199","0.1419486403465271","0.1419486403465271","0.1419486403465271","61","61","61"
"6299","0.1486847996711731","0.1486847996711731","0.1486847996711731","62","62","62"
"6399","0.1395290344953537","0.1395290344953537","0.1395290344953537","63","63","63"
"6499","0.13784797489643097","0.13784797489643097","0.13784797489643097","64","64","64"
"6599","0.1431708186864853","0.1431708186864853","0.1431708186864853","65","65","65"
"6699","0.13700592517852783","0.13700592517852783","0.13700592517852783","66","66","66"
"6799","0.14365628361701965","0.14365628361701965","0.14365628361701965","67","67","67"
"6899","0.14707258343696594","0.14707258343696594","0.14707258343696594","68","68","68"
"6999","0.14286403357982635","0.14286403357982635","0.14286403357982635","69","69","69"
"7099","0.14117954671382904","0.14117954671382904","0.14117954671382904","70","70","70"
"7199","0.1407277137041092","0.1407277137041092","0.1407277137041092","71","71","71"
"7299","0.1464427262544632","0.1464427262544632","0.1464427262544632","72","72","72"
"7399","0.1432514637708664","0.1432514637708664","0.1432514637708664","73","73","73"
"7499","0.1427798569202423","0.1427798569202423","0.1427798569202423","74","74","74"
"7599","0.13545604050159454","0.13545604050159454","0.13545604050159454","75","75","75"
"7699","0.14306654036045074","0.14306654036045074","0.14306654036045074","76","76","76"
"7799","0.14038805663585663","0.14038805663585663","0.14038805663585663","77","77","77"
"7899","0.1390279084444046","0.1390279084444046","0.1390279084444046","78","78","78"
"7999","0.140431746840477","0.140431746840477","0.140431746840477","79","79","79"
"8099","0.1356837898492813","0.1356837898492813","0.1356837898492813","80","80","80"
"8199","0.1329076886177063","0.1329076886177063","0.1329076886177063","81","81","81"
"8299","0.13779722154140472","0.13779722154140472","0.13779722154140472","82","82","82"
"8399","0.13876332342624664","0.13876332342624664","0.13876332342624664","83","83","83"
"8499","0.13065606355667114","0.13065606355667114","0.13065606355667114","84","84","84"
"8599","0.14047569036483765","0.14047569036483765","0.14047569036483765","85","85","85"
"8699","0.1376000940799713","0.1376000940799713","0.1376000940799713","86","86","86"
"8799","0.1391327679157257","0.1391327679157257","0.1391327679157257","87","87","87"
"8899","0.13823464512825012","0.13823464512825012","0.13823464512825012","88","88","88"
"8999","0.13581880927085876","0.13581880927085876","0.13581880927085876","89","89","89"
"9099","0.13445444405078888","0.13445444405078888","0.13445444405078888","90","90","90"
"9199","0.14204277098178864","0.14204277098178864","0.14204277098178864","91","91","91"
"9299","0.13838188350200653","0.13838188350200653","0.13838188350200653","92","92","92"
"9399","0.1386440247297287","0.1386440247297287","0.1386440247297287","93","93","93"
"9499","0.13325677812099457","0.13325677812099457","0.13325677812099457","94","94","94"
"9599","0.13121604919433594","0.13121604919433594","0.13121604919433594","95","95","95"
"9699","0.1399058699607849","0.1399058699607849","0.1399058699607849","96","96","96"
"9799","0.13456667959690094","0.13456667959690094","0.13456667959690094","97","97","97"
"9899","0.12800289690494537","0.12800289690494537","0.12800289690494537","98","98","98"
"9999","0.1340305358171463","0.1340305358171463","0.1340305358171463","99","99","99"
"10099","0.13640764355659485","0.13640764355659485","0.13640764355659485","100","100","100"
"10199","0.13435831665992737","0.13435831665992737","0.13435831665992737","101","101","101"
"10299","0.1322169154882431","0.1322169154882431","0.1322169154882431","102","102","102"
"10399","0.13343578577041626","0.13343578577041626","0.13343578577041626","103","103","103"
"10499","0.1377738118171692","0.1377738118171692","0.1377738118171692","104","104","104"
"10599","0.13687187433242798","0.13687187433242798","0.13687187433242798","105","105","105"
"10699","0.13214699923992157","0.13214699923992157","0.13214699923992157","106","106","106"
"10799","0.13341005146503448","0.13341005146503448","0.13341005146503448","107","107","107"
"10899","0.13319328427314758","0.13319328427314758","0.13319328427314758","108","108","108"
"10999","0.133263498544693","0.133263498544693","0.133263498544693","109","109","109"
"11099","0.1327103078365326","0.1327103078365326","0.1327103078365326","110","110","110"
"11199","0.1350707858800888","0.1350707858800888","0.1350707858800888","111","111","111"
"11299","0.13736282289028168","0.13736282289028168","0.13736282289028168","112","112","112"
"11399","0.13559123873710632","0.13559123873710632","0.13559123873710632","113","113","113"
"11499","0.13948321342468262","0.13948321342468262","0.13948321342468262","114","114","114"
"11599","0.135192409157753","0.135192409157753","0.135192409157753","115","115","115"
"11699","0.13583800196647644","0.13583800196647644","0.13583800196647644","116","116","116"
"11799","0.13571946322917938","0.13571946322917938","0.13571946322917938","117","117","117"
"11899","0.13410146534442902","0.13410146534442902","0.13410146534442902","118","118","118"
"11999","0.12700314819812775","0.12700314819812775","0.12700314819812775","119","119","119"
"12099","0.13119961321353912","0.13119961321353912","0.13119961321353912","120","120","120"
"12199","0.1325249820947647","0.1325249820947647","0.1325249820947647","121","121","121"
"12299","0.12909440696239471","0.12909440696239471","0.12909440696239471","122","122","122"
"12399","0.13261114060878754","0.13261114060878754","0.13261114060878754","123","123","123"
"12499","0.1324261873960495","0.1324261873960495","0.1324261873960495","124","124","124"
"12599","0.13325859606266022","0.13325859606266022","0.13325859606266022","125","125","125"
"12699","0.13058923184871674","0.13058923184871674","0.13058923184871674","126","126","126"
"12799","0.13428707420825958","0.13428707420825958","0.13428707420825958","127","127","127"
"12899","0.14001305401325226","0.14001305401325226","0.14001305401325226","128","128","128"
"12999","0.1350376009941101","0.1350376009941101","0.1350376009941101","129","129","129"
"13099","0.13576041162014008","0.13576041162014008","0.13576041162014008","130","130","130"
"13199","0.13305415213108063","0.13305415213108063","0.13305415213108063","131","131","131"
"13299","0.1361807882785797","0.1361807882785797","0.1361807882785797","132","132","132"
"13399","0.12900544703006744","0.12900544703006744","0.12900544703006744","133","133","133"
"13499","0.13112518191337585","0.13112518191337585","0.13112518191337585","134","134","134"
"13599","0.13250702619552612","0.13250702619552612","0.13250702619552612","135","135","135"
"13699","0.12666530907154083","0.12666530907154083","0.12666530907154083","136","136","136"
"13799","0.13559414446353912","0.13559414446353912","0.13559414446353912","137","137","137"
"13899","0.1319451779127121","0.1319451779127121","0.1319451779127121","138","138","138"
"13999","0.13290715217590332","0.13290715217590332","0.13290715217590332","139","139","139"
"14099","0.13462185859680176","0.13462185859680176","0.13462185859680176","140","140","140"
"14199","0.13450008630752563","0.13450008630752563","0.13450008630752563","141","141","141"
"14299","0.13354212045669556","0.13354212045669556","0.13354212045669556","142","142","142"
"14399","0.13056443631649017","0.13056443631649017","0.13056443631649017","143","143","143"
"14499","0.13004444539546967","0.13004444539546967","0.13004444539546967","144","144","144"
"14599","0.128196582198143","0.128196582198143","0.128196582198143","145","145","145"
"14699","0.1304997056722641","0.1304997056722641","0.1304997056722641","146","146","146"
"14799","0.13111305236816406","0.13111305236816406","0.13111305236816406","147","147","147"
"14899","0.12938667833805084","0.12938667833805084","0.12938667833805084","148","148","148"
"14999","0.13115844130516052","0.13115844130516052","0.13115844130516052","149","149","149"
"15099","0.1321696788072586","0.1321696788072586","0.1321696788072586","150","150","150"
"15199","0.12960302829742432","0.12960302829742432","0.12960302829742432","151","151","151"
"15299","0.1336313933134079","0.1336313933134079","0.1336313933134079","152","152","152"
"15399","0.12930423021316528","0.12930423021316528","0.12930423021316528","153","153","153"
"15499","0.13318844139575958","0.13318844139575958","0.13318844139575958","154","154","154"
"15599","0.1267419308423996","0.1267419308423996","0.1267419308423996","155","155","155"
"15699","0.12315357476472855","0.12315357476472855","0.12315357476472855","156","156","156"
"15799","0.12992927432060242","0.12992927432060242","0.12992927432060242","157","157","157"
"15899","0.1292032152414322","0.1292032152414322","0.1292032152414322","158","158","158"
"15999","0.12316326051950455","0.12316326051950455","0.12316326051950455","159","159","159"
"16099","0.1320212185382843","0.1320212185382843","0.1320212185382843","160","160","160"
"16199","0.1253817230463028","0.1253817230463028","0.1253817230463028","161","161","161"
"16299","0.12818974256515503","0.12818974256515503","0.12818974256515503","162","162","162"
"16399","0.12647320330142975","0.12647320330142975","0.12647320330142975","163","163","163"
"16499","0.12939928472042084","0.12939928472042084","0.12939928472042084","164","164","164"
"16599","0.13217736780643463","0.13217736780643463","0.13217736780643463","165","165","165"
"16699","0.12827123701572418","0.12827123701572418","0.12827123701572418","166","166","166"
"16799","0.1259934902191162","0.1259934902191162","0.1259934902191162","167","167","167"
"16899","0.13280364871025085","0.13280364871025085","0.13280364871025085","168","168","168"
"16999","0.13236625492572784","0.13236625492572784","0.13236625492572784","169","169","169"
"17099","0.12452252209186554","0.12452252209186554","0.12452252209186554","170","170","170"
"17199","0.1326010376214981","0.1326010376214981","0.1326010376214981","171","171","171"
"17299","0.1364622265100479","0.1364622265100479","0.1364622265100479","172","172","172"
"17399","0.1314605325460434","0.1314605325460434","0.1314605325460434","173","173","173"
"17499","0.12316815555095673","0.12316815555095673","0.12316815555095673","174","174","174"
"17599","0.13398243486881256","0.13398243486881256","0.13398243486881256","175","175","175"
"17699","0.12871171534061432","0.12871171534061432","0.12871171534061432","176","176","176"
"17799","0.12449588626623154","0.12449588626623154","0.12449588626623154","177","177","177"
"17899","0.13069026172161102","0.13069026172161102","0.13069026172161102","178","178","178"
"17999","0.1330379843711853","0.1330379843711853","0.1330379843711853","179","179","179"
"18099","0.12984970211982727","0.12984970211982727","0.12984970211982727","180","180","180"
"18199","0.1312548965215683","0.1312548965215683","0.1312548965215683","181","181","181"
"18299","0.1297241449356079","0.1297241449356079","0.1297241449356079","182","182","182"
"18399","0.1265968382358551","0.1265968382358551","0.1265968382358551","183","183","183"
"18499","0.12480688840150833","0.12480688840150833","0.12480688840150833","184","184","184"
"18599","0.12721426784992218","0.12721426784992218","0.12721426784992218","185","185","185"
"18699","0.12999437749385834","0.12999437749385834","0.12999437749385834","186","186","186"
"18799","0.12868647277355194","0.12868647277355194","0.12868647277355194","187","187","187"
"18899","0.12567158043384552","0.12567158043384552","0.12567158043384552","188","188","188"
"18999","0.13236427307128906","0.13236427307128906","0.13236427307128906","189","189","189"
"19099","0.13153648376464844","0.13153648376464844","0.13153648376464844","190","190","190"
"19199","0.12110157310962677","0.12110157310962677","0.12110157310962677","191","191","191"
"19299","0.12881088256835938","0.12881088256835938","0.12881088256835938","192","192","192"
"19399","0.12552164494991302","0.12552164494991302","0.12552164494991302","193","193","193"
"19499","0.12857668101787567","0.12857668101787567","0.12857668101787567","194","194","194"
"19599","0.1299760937690735","0.1299760937690735","0.1299760937690735","195","195","195"
"19699","0.13021905720233917","0.13021905720233917","0.13021905720233917","196","196","196"
"19799","0.13073208928108215","0.13073208928108215","0.13073208928108215","197","197","197"
"19899","0.12660034000873566","0.12660034000873566","0.12660034000873566","198","198","198"
"19999","0.13204778730869293","0.13204778730869293","0.13204778730869293","199","199","199"
"20099","0.1296735405921936","0.1296735405921936","0.1296735405921936","200","200","200"
"20199","0.12525871396064758","0.12525871396064758","0.12525871396064758","201","201","201"
"20299","0.12941430509090424","0.12941430509090424","0.12941430509090424","202","202","202"
"20399","0.13016948103904724","0.13016948103904724","0.13016948103904724","203","203","203"
"20499","0.12804000079631805","0.12804000079631805","0.12804000079631805","204","204","204"
"20599","0.13333599269390106","0.13333599269390106","0.13333599269390106","205","205","205"
"20699","0.12535351514816284","0.12535351514816284","0.12535351514816284","206","206","206"
"20799","0.12390360981225967","0.12390360981225967","0.12390360981225967","207","207","207"
"20899","0.12494637817144394","0.12494637817144394","0.12494637817144394","208","208","208"
"20999","0.12348371744155884","0.12348371744155884","0.12348371744155884","209","209","209"
"21099","0.12761858105659485","0.12761858105659485","0.12761858105659485","210","210","210"
"21199","0.1266491413116455","0.1266491413116455","0.1266491413116455","211","211","211"
"21299","0.1261783242225647","0.1261783242225647","0.1261783242225647","212","212","212"
"21399","0.12863346934318542","0.12863346934318542","0.12863346934318542","213","213","213"
"21499","0.11277885735034943","0.11277885735034943","0.11277885735034943","214","214","214"
"21599","0.12594424188137054","0.12594424188137054","0.12594424188137054","215","215","215"
"21699","0.12278958410024643","0.12278958410024643","0.12278958410024643","216","216","216"
"21799","0.1205010786652565","0.1205010786652565","0.1205010786652565","217","217","217"
"21899","0.122368723154068","0.122368723154068","0.122368723154068","218","218","218"
"21999","0.1299477368593216","0.1299477368593216","0.1299477368593216","219","219","219"
"22099","0.12601694464683533","0.12601694464683533","0.12601694464683533","220","220","220"
"22199","0.1328275352716446","0.1328275352716446","0.1328275352716446","221","221","221"
"22299","0.12151927500963211","0.12151927500963211","0.12151927500963211","222","222","222"
"22399","0.12952575087547302","0.12952575087547302","0.12952575087547302","223","223","223"
"22499","0.1184680312871933","0.1184680312871933","0.1184680312871933","224","224","224"
"22599","0.12350477278232574","0.12350477278232574","0.12350477278232574","225","225","225"
"22699","0.12539951503276825","0.12539951503276825","0.12539951503276825","226","226","226"
"22799","0.12935952842235565","0.12935952842235565","0.12935952842235565","227","227","227"
"22899","0.1233215481042862","0.1233215481042862","0.1233215481042862","228","228","228"
"22999","0.12179884314537048","0.12179884314537048","0.12179884314537048","229","229","229"
"23099","0.1288589984178543","0.1288589984178543","0.1288589984178543","230","230","230"
"23199","0.1229611188173294","0.1229611188173294","0.1229611188173294","231","231","231"
"23299","0.12710505723953247","0.12710505723953247","0.12710505723953247","232","232","232"
"23399","0.13256414234638214","0.13256414234638214","0.13256414234638214","233","233","233"
"23499","0.13274072110652924","0.13274072110652924","0.13274072110652924","234","234","234"
"23599","0.1300702691078186","0.1300702691078186","0.1300702691078186","235","235","235"
"23699","0.11935963481664658","0.11935963481664658","0.11935963481664658","236","236","236"
"23799","0.12450572848320007","0.12450572848320007","0.12450572848320007","237","237","237"
"23899","0.13331888616085052","0.13331888616085052","0.13331888616085052","238","238","238"
"23999","0.12557384371757507","0.12557384371757507","0.12557384371757507","239","239","239"
"24099","0.12290831655263901","0.12290831655263901","0.12290831655263901","240","240","240"
"24199","0.12490466982126236","0.12490466982126236","0.12490466982126236","241","241","241"
"24299","0.1291656643152237","0.1291656643152237","0.1291656643152237","242","242","242"
"24399","0.12572908401489258","0.12572908401489258","0.12572908401489258","243","243","243"
"24499","0.12077599763870239","0.12077599763870239","0.12077599763870239","244","244","244"
"24599","0.12255681306123734","0.12255681306123734","0.12255681306123734","245","245","245"
"24699","0.1254875361919403","0.1254875361919403","0.1254875361919403","246","246","246"
"24799","0.11874832957983017","0.11874832957983017","0.11874832957983017","247","247","247"
"24899","0.12482284009456635","0.12482284009456635","0.12482284009456635","248","248","248"
"24999","0.12328425794839859","0.12328425794839859","0.12328425794839859","249","249","249"
"25099","0.1301017552614212","0.1301017552614212","0.1301017552614212","250","250","250"
"25199","0.12896037101745605","0.12896037101745605","0.12896037101745605","251","251","251"
"25299","0.12417014688253403","0.12417014688253403","0.12417014688253403","252","252","252"
"25399","0.1286102831363678","0.1286102831363678","0.1286102831363678","253","253","253"
"25499","0.11945336312055588","0.11945336312055588","0.11945336312055588","254","254","254"
"25599","0.12551094591617584","0.12551094591617584","0.12551094591617584","255","255","255"
"25699","0.12959039211273193","0.12959039211273193","0.12959039211273193","256","256","256"
"25799","0.12536965310573578","0.12536965310573578","0.12536965310573578","257","257","257"
"25899","0.12543530762195587","0.12543530762195587","0.12543530762195587","258","258","258"
"25999","0.12714433670043945","0.12714433670043945","0.12714433670043945","259","259","259"
"26099","0.12656380236148834","0.12656380236148834","0.12656380236148834","260","260","260"
"26199","0.12251666933298111","0.12251666933298111","0.12251666933298111","261","261","261"
"26299","0.122698575258255","0.122698575258255","0.122698575258255","262","262","262"
"26399","0.11842720955610275","0.11842720955610275","0.11842720955610275","263","263","263"
"26499","0.12242951989173889","0.12242951989173889","0.12242951989173889","264","264","264"
"26599","0.1298028826713562","0.1298028826713562","0.1298028826713562","265","265","265"
"26699","0.1220957413315773","0.1220957413315773","0.1220957413315773","266","266","266"
"26799","0.12118106335401535","0.12118106335401535","0.12118106335401535","267","267","267"
"26899","0.12121161073446274","0.12121161073446274","0.12121161073446274","268","268","268"
"26999","0.1303529292345047","0.1303529292345047","0.1303529292345047","269","269","269"
"27099","0.12108955532312393","0.12108955532312393","0.12108955532312393","270","270","270"
"27199","0.1215137466788292","0.1215137466788292","0.1215137466788292","271","271","271"
"27299","0.12775163352489471","0.12775163352489471","0.12775163352489471","272","272","272"
"27399","0.13264498114585876","0.13264498114585876","0.13264498114585876","273","273","273"
"27499","0.12770050764083862","0.12770050764083862","0.12770050764083862","274","274","274"
"27599","0.11894606053829193","0.11894606053829193","0.11894606053829193","275","275","275"
"27699","0.12422016263008118","0.12422016263008118","0.12422016263008118","276","276","276"
"27799","0.12162553519010544","0.12162553519010544","0.12162553519010544","277","277","277"
"27899","0.11912079900503159","0.11912079900503159","0.11912079900503159","278","278","278"
"27999","0.13095349073410034","0.13095349073410034","0.13095349073410034","279","279","279"
"28099","0.12492214888334274","0.12492214888334274","0.12492214888334274","280","280","280"
"28199","0.12136023491621017","0.12136023491621017","0.12136023491621017","281","281","281"
"28299","0.12600988149642944","0.12600988149642944","0.12600988149642944","282","282","282"
"28399","0.12041284888982773","0.12041284888982773","0.12041284888982773","283","283","283"
"28499","0.12710173428058624","0.12710173428058624","0.12710173428058624","284","284","284"
"28599","0.12241844832897186","0.12241844832897186","0.12241844832897186","285","285","285"
"28699","0.11861813813447952","0.11861813813447952","0.11861813813447952","286","286","286"
"28799","0.12830577790737152","0.12830577790737152","0.12830577790737152","287","287","287"
"28899","0.12118053436279297","0.12118053436279297","0.12118053436279297","288","288","288"
"28999","0.12336680293083191","0.12336680293083191","0.12336680293083191","289","289","289"
"29099","0.12526628375053406","0.12526628375053406","0.12526628375053406","290","290","290"
"29199","0.13099908828735352","0.13099908828735352","0.13099908828735352","291","291","291"
"29299","0.13079401850700378","0.13079401850700378","0.13079401850700378","292","292","292"
"29399","0.12595714628696442","0.12595714628696442","0.12595714628696442","293","293","293"
"29499","0.12259520590305328","0.12259520590305328","0.12259520590305328","294","294","294"
"29599","0.12019490450620651","0.12019490450620651","0.12019490450620651","295","295","295"
"29699","0.12127841264009476","0.12127841264009476","0.12127841264009476","296","296","296"
"29799","0.12369918823242188","0.12369918823242188","0.12369918823242188","297","297","297"
"29899","0.12668347358703613","0.12668347358703613","0.12668347358703613","298","298","298"
"29999","0.12257059663534164","0.12257059663534164","0.12257059663534164","299","299","299"
"30099","0.12046772986650467","0.12046772986650467","0.12046772986650467","300","300","300"
"30199","0.12226200103759766","0.12226200103759766","0.12226200103759766","301","301","301"
"30299","0.12599389255046844","0.12599389255046844","0.12599389255046844","302","302","302"
"30399","0.12332426756620407","0.12332426756620407","0.12332426756620407","303","303","303"
"30499","0.12877191603183746","0.12877191603183746","0.12877191603183746","304","304","304"
"30599","0.12201064079999924","0.12201064079999924","0.12201064079999924","305","305","305"
"30699","0.1295590102672577","0.1295590102672577","0.1295590102672577","306","306","306"
"30799","0.12639263272285461","0.12639263272285461","0.12639263272285461","307","307","307"
"30899","0.12565095722675323","0.12565095722675323","0.12565095722675323","308","308","308"
"30999","0.12934325635433197","0.12934325635433197","0.12934325635433197","309","309","309"
"31099","0.12112843990325928","0.12112843990325928","0.12112843990325928","310","310","310"
"31199","0.12201199680566788","0.12201199680566788","0.12201199680566788","311","311","311"
"31299","0.11928152292966843","0.11928152292966843","0.11928152292966843","312","312","312"
"31399","0.1251773238182068","0.1251773238182068","0.1251773238182068","313","313","313"
"31499","0.12623636424541473","0.12623636424541473","0.12623636424541473","314","314","314"
"31599","0.11822522431612015","0.11822522431612015","0.11822522431612015","315","315","315"
"31699","0.12280894070863724","0.12280894070863724","0.12280894070863724","316","316","316"
"31799","0.1203492134809494","0.1203492134809494","0.1203492134809494","317","317","317"
"31899","0.13052813708782196","0.13052813708782196","0.13052813708782196","318","318","318"
"31999","0.12291049212217331","0.12291049212217331","0.12291049212217331","319","319","319"
"32099","0.11923067271709442","0.11923067271709442","0.11923067271709442","320","320","320"
"32199","0.12835708260536194","0.12835708260536194","0.12835708260536194","321","321","321"
"32299","0.11722584068775177","0.11722584068775177","0.11722584068775177","322","322","322"
"32399","0.12126416712999344","0.12126416712999344","0.12126416712999344","323","323","323"
"32499","0.12943601608276367","0.12943601608276367","0.12943601608276367","324","324","324"
"32599","0.1251365840435028","0.1251365840435028","0.1251365840435028","325","325","325"
"32699","0.12549066543579102","0.12549066543579102","0.12549066543579102","326","326","326"
"32799","0.12536385655403137","0.12536385655403137","0.12536385655403137","327","327","327"
"32899","0.11958997696638107","0.11958997696638107","0.11958997696638107","328","328","328"
"32999","0.12283523380756378","0.12283523380756378","0.12283523380756378","329","329","329"
"33099","0.13008831441402435","0.13008831441402435","0.13008831441402435","330","330","330"
"33199","0.1283770352602005","0.1283770352602005","0.1283770352602005","331","331","331"
"33299","0.12272266298532486","0.12272266298532486","0.12272266298532486","332","332","332"
"33399","0.12479664385318756","0.12479664385318756","0.12479664385318756","333","333","333"
"33499","0.1233091875910759","0.1233091875910759","0.1233091875910759","334","334","334"
"33599","0.12388203293085098","0.12388203293085098","0.12388203293085098","335","335","335"
"33699","0.12048681825399399","0.12048681825399399","0.12048681825399399","336","336","336"
"33799","0.11686785519123077","0.11686785519123077","0.11686785519123077","337","337","337"
"33899","0.12079011648893356","0.12079011648893356","0.12079011648893356","338","338","338"
"33999","0.12723711133003235","0.12723711133003235","0.12723711133003235","339","339","339"
"34099","0.1254488080739975","0.1254488080739975","0.1254488080739975","340","340","340"
"34199","0.12455379217863083","0.12455379217863083","0.12455379217863083","341","341","341"
"34299","0.12620443105697632","0.12620443105697632","0.12620443105697632","342","342","342"
"34399","0.12507888674736023","0.12507888674736023","0.12507888674736023","343","343","343"
"34499","0.12706737220287323","0.12706737220287323","0.12706737220287323","344","344","344"
"34599","0.12355897575616837","0.12355897575616837","0.12355897575616837","345","345","345"
"34699","0.12388388067483902","0.12388388067483902","0.12388388067483902","346","346","346"
"34799","0.12595055997371674","0.12595055997371674","0.12595055997371674","347","347","347"
"34899","0.12191731482744217","0.12191731482744217","0.12191731482744217","348","348","348"
"34999","0.12645481526851654","0.12645481526851654","0.12645481526851654","349","349","349"
"35099","0.11638151854276657","0.11638151854276657","0.11638151854276657","350","350","350"
"35199","0.12166696786880493","0.12166696786880493","0.12166696786880493","351","351","351"
"35299","0.12681648135185242","0.12681648135185242","0.12681648135185242","352","352","352"
"35399","0.1290331780910492","0.1290331780910492","0.1290331780910492","353","353","353"
"35499","0.1228230819106102","0.1228230819106102","0.1228230819106102","354","354","354"
"35599","0.1261686384677887","0.1261686384677887","0.1261686384677887","355","355","355"
"35699","0.12288600206375122","0.12288600206375122","0.12288600206375122","356","356","356"
"35799","0.11960771679878235","0.11960771679878235","0.11960771679878235","357","357","357"
"35899","0.1263355165719986","0.1263355165719986","0.1263355165719986","358","358","358"
"35999","0.1196054145693779","0.1196054145693779","0.1196054145693779","359","359","359"
"36099","0.11888505518436432","0.11888505518436432","0.11888505518436432","360","360","360"
"36199","0.12571552395820618","0.12571552395820618","0.12571552395820618","361","361","361"
"36299","0.12320490181446075","0.12320490181446075","0.12320490181446075","362","362","362"
"36399","0.11731865257024765","0.11731865257024765","0.11731865257024765","363","363","363"
"36499","0.12666526436805725","0.12666526436805725","0.12666526436805725","364","364","364"
"36599","0.11554811149835587","0.11554811149835587","0.11554811149835587","365","365","365"
"36699","0.1292584091424942","0.1292584091424942","0.1292584091424942","366","366","366"
"36799","0.11662976443767548","0.11662976443767548","0.11662976443767548","367","367","367"
"36899","0.12672869861125946","0.12672869861125946","0.12672869861125946","368","368","368"
"36999","0.11998305469751358","0.11998305469751358","0.11998305469751358","369","369","369"
"37099","0.125446155667305","0.125446155667305","0.125446155667305","370","370","370"
"37199","0.12071794271469116","0.12071794271469116","0.12071794271469116","371","371","371"
"37299","0.12275044620037079","0.12275044620037079","0.12275044620037079","372","372","372"
"37399","0.12224601954221725","0.12224601954221725","0.12224601954221725","373","373","373"
"37499","0.12940827012062073","0.12940827012062073","0.12940827012062073","374","374","374"
"37599","0.12112142145633698","0.12112142145633698","0.12112142145633698","375","375","375"
"37699","0.12363123148679733","0.12363123148679733","0.12363123148679733","376","376","376"
"37799","0.12533459067344666","0.12533459067344666","0.12533459067344666","377","377","377"
"37899","0.12416815012693405","0.12416815012693405","0.12416815012693405","378","378","378"
"37999","0.12224248051643372","0.12224248051643372","0.12224248051643372","379","379","379"
"38099","0.11771132797002792","0.11771132797002792","0.11771132797002792","380","380","380"
"38199","0.12038927525281906","0.12038927525281906","0.12038927525281906","381","381","381"
"38299","0.11819474399089813","0.11819474399089813","0.11819474399089813","382","382","382"
"38399","0.12831534445285797","0.12831534445285797","0.12831534445285797","383","383","383"
"38499","0.12437181919813156","0.12437181919813156","0.12437181919813156","384","384","384"
"38599","0.1157640814781189","0.1157640814781189","0.1157640814781189","385","385","385"
"38699","0.12428086996078491","0.12428086996078491","0.12428086996078491","386","386","386"
"38799","0.12270872294902802","0.12270872294902802","0.12270872294902802","387","387","387"
"38899","0.11488678306341171","0.11488678306341171","0.11488678306341171","388","388","388"
"38999","0.12354335933923721","0.12354335933923721","0.12354335933923721","389","389","389"
"39099","0.12353187799453735","0.12353187799453735","0.12353187799453735","390","390","390"
"39199","0.12109607458114624","0.12109607458114624","0.12109607458114624","391","391","391"
"39299","0.12487663328647614","0.12487663328647614","0.12487663328647614","392","392","392"
"39399","0.12214092165231705","0.12214092165231705","0.12214092165231705","393","393","393"
"39499","0.12539142370224","0.12539142370224","0.12539142370224","394","394","394"
"39599","0.12290932983160019","0.12290932983160019","0.12290932983160019","395","395","395"
"39699","0.11546764522790909","0.11546764522790909","0.11546764522790909","396","396","396"
"39799","0.12268002331256866","0.12268002331256866","0.12268002331256866","397","397","397"
"39899","0.12263756990432739","0.12263756990432739","0.12263756990432739","398","398","398"
"39999","0.11560389399528503","0.11560389399528503","0.11560389399528503","399","399","399"
"40099","0.13029563426971436","0.13029563426971436","0.13029563426971436","400","400","400"
"40199","0.1318378448486328","0.1318378448486328","0.1318378448486328","401","401","401"
"40299","0.12469007819890976","0.12469007819890976","0.12469007819890976","402","402","402"
"40399","0.1246209368109703","0.1246209368109703","0.1246209368109703","403","403","403"
"40499","0.12498434633016586","0.12498434633016586","0.12498434633016586","404","404","404"
"40599","0.12184413522481918","0.12184413522481918","0.12184413522481918","405","405","405"
"40699","0.12493197619915009","0.12493197619915009","0.12493197619915009","406","406","406"
"40799","0.12001412361860275","0.12001412361860275","0.12001412361860275","407","407","407"
"40899","0.12089243531227112","0.12089243531227112","0.12089243531227112","408","408","408"
"40999","0.12523068487644196","0.12523068487644196","0.12523068487644196","409","409","409"
"41099","0.12107636034488678","0.12107636034488678","0.12107636034488678","410","410","410"
"41199","0.12544940412044525","0.12544940412044525","0.12544940412044525","411","411","411"
"41299","0.11932127177715302","0.11932127177715302","0.11932127177715302","412","412","412"
"41399","0.1194358617067337","0.1194358617067337","0.1194358617067337","413","413","413"
"41499","0.12525001168251038","0.12525001168251038","0.12525001168251038","414","414","414"
"41599","0.12646742165088654","0.12646742165088654","0.12646742165088654","415","415","415"
"41699","0.12067946791648865","0.12067946791648865","0.12067946791648865","416","416","416"
"41799","0.12043903023004532","0.12043903023004532","0.12043903023004532","417","417","417"
"41899","0.12255039066076279","0.12255039066076279","0.12255039066076279","418","418","418"
"41999","0.12825219333171844","0.12825219333171844","0.12825219333171844","419","419","419"
"42099","0.12069240212440491","0.12069240212440491","0.12069240212440491","420","420","420"
"42199","0.12161971628665924","0.12161971628665924","0.12161971628665924","421","421","421"
"42299","0.12240220606327057","0.12240220606327057","0.12240220606327057","422","422","422"
"42399","0.12426741421222687","0.12426741421222687","0.12426741421222687","423","423","423"
"42499","0.11665516346693039","0.11665516346693039","0.11665516346693039","424","424","424"
"42599","0.1210777536034584","0.1210777536034584","0.1210777536034584","425","425","425"
"42699","0.125122532248497","0.125122532248497","0.125122532248497","426","426","426"
"42799","0.12128083407878876","0.12128083407878876","0.12128083407878876","427","427","427"
"42899","0.11992894113063812","0.11992894113063812","0.11992894113063812","428","428","428"
"42999","0.12200410664081573","0.12200410664081573","0.12200410664081573","429","429","429"
"43099","0.12485379725694656","0.12485379725694656","0.12485379725694656","430","430","430"
"43199","0.12130202353000641","0.12130202353000641","0.12130202353000641","431","431","431"
"43299","0.1226748377084732","0.1226748377084732","0.1226748377084732","432","432","432"
"43399","0.12754376232624054","0.12754376232624054","0.12754376232624054","433","433","433"
"43499","0.11946623027324677","0.11946623027324677","0.11946623027324677","434","434","434"
"43599","0.1218796893954277","0.1218796893954277","0.1218796893954277","435","435","435"
"43699","0.1231447160243988","0.1231447160243988","0.1231447160243988","436","436","436"
"43799","0.122427798807621","0.122427798807621","0.122427798807621","437","437","437"
"43899","0.1234852522611618","0.1234852522611618","0.1234852522611618","438","438","438"
"43999","0.11724577099084854","0.11724577099084854","0.11724577099084854","439","439","439"
"44099","0.12667784094810486","0.12667784094810486","0.12667784094810486","440","440","440"
"44199","0.1239698976278305","0.1239698976278305","0.1239698976278305","441","441","441"
"44299","0.11940852552652359","0.11940852552652359","0.11940852552652359","442","442","442"
"44399","0.1216023787856102","0.1216023787856102","0.1216023787856102","443","443","443"
"44499","0.12034595757722855","0.12034595757722855","0.12034595757722855","444","444","444"
"44599","0.1199263408780098","0.1199263408780098","0.1199263408780098","445","445","445"
"44699","0.12208431214094162","0.12208431214094162","0.12208431214094162","446","446","446"
"44799","0.12399115413427353","0.12399115413427353","0.12399115413427353","447","447","447"
"44899","0.12047072499990463","0.12047072499990463","0.12047072499990463","448","448","448"
"44999","0.11517682671546936","0.11517682671546936","0.11517682671546936","449","449","449"
"45099","0.12343824654817581","0.12343824654817581","0.12343824654817581","450","450","450"
"45199","0.12743008136749268","0.12743008136749268","0.12743008136749268","451","451","451"
"45299","0.12699244916439056","0.12699244916439056","0.12699244916439056","452","452","452"
"45399","0.12567320466041565","0.12567320466041565","0.12567320466041565","453","453","453"
"45499","0.11325956135988235","0.11325956135988235","0.11325956135988235","454","454","454"
"45599","0.12088724970817566","0.12088724970817566","0.12088724970817566","455","455","455"
"45699","0.12693221867084503","0.12693221867084503","0.12693221867084503","456","456","456"
"45799","0.12024582177400589","0.12024582177400589","0.12024582177400589","457","457","457"
"45899","0.11952679604291916","0.11952679604291916","0.11952679604291916","458","458","458"
"45999","0.11754345893859863","0.11754345893859863","0.11754345893859863","459","459","459"
"46099","0.12017535418272018","0.12017535418272018","0.12017535418272018","460","460","460"
"46199","0.1232750192284584","0.1232750192284584","0.1232750192284584","461","461","461"
"46299","0.11693965643644333","0.11693965643644333","0.11693965643644333","462","462","462"
"46399","0.12650960683822632","0.12650960683822632","0.12650960683822632","463","463","463"
"46499","0.12052593380212784","0.12052593380212784","0.12052593380212784","464","464","464"
"46599","0.1289113461971283","0.1289113461971283","0.1289113461971283","465","465","465"
"46699","0.12585072219371796","0.12585072219371796","0.12585072219371796","466","466","466"
"46799","0.11856865137815475","0.11856865137815475","0.11856865137815475","467","467","467"
"46899","0.11546800285577774","0.11546800285577774","0.11546800285577774","468","468","468"
"46999","0.11875003576278687","0.11875003576278687","0.11875003576278687","469","469","469"
"47099","0.11778919398784637","0.11778919398784637","0.11778919398784637","470","470","470"
"47199","0.12236727029085159","0.12236727029085159","0.12236727029085159","471","471","471"
"47299","0.12822186946868896","0.12822186946868896","0.12822186946868896","472","472","472"
"47399","0.12368543446063995","0.12368543446063995","0.12368543446063995","473","473","473"
"47499","0.12897765636444092","0.12897765636444092","0.12897765636444092","474","474","474"
"47599","0.12027013301849365","0.12027013301849365","0.12027013301849365","475","475","475"
"47699","0.12104816734790802","0.12104816734790802","0.12104816734790802","476","476","476"
"47799","0.1185043528676033","0.1185043528676033","0.1185043528676033","477","477","477"
"47899","0.12838885188102722","0.12838885188102722","0.12838885188102722","478","478","478"
"47999","0.12237286567687988","0.12237286567687988","0.12237286567687988","479","479","479"
"48099","0.12250929325819016","0.12250929325819016","0.12250929325819016","480","480","480"
"48199","0.11431066691875458","0.11431066691875458","0.11431066691875458","481","481","481"
"48299","0.11636858433485031","0.11636858433485031","0.11636858433485031","482","482","482"
"48399","0.123369961977005","0.123369961977005","0.123369961977005","483","483","483"
"48499","0.12263958901166916","0.12263958901166916","0.12263958901166916","484","484","484"
"48599","0.1213742345571518","0.1213742345571518","0.1213742345571518","485","485","485"
"48699","0.12148910760879517","0.12148910760879517","0.12148910760879517","486","486","486"
"48799","0.12247616052627563","0.12247616052627563","0.12247616052627563","487","487","487"
"48899","0.12102768570184708","0.12102768570184708","0.12102768570184708","488","488","488"
"48999","0.1218576729297638","0.1218576729297638","0.1218576729297638","489","489","489"
"49099","0.11599802225828171","0.11599802225828171","0.11599802225828171","490","490","490"
"49199","0.12024811655282974","0.12024811655282974","0.12024811655282974","491","491","491"
"49299","0.12271437048912048","0.12271437048912048","0.12271437048912048","492","492","492"
"49399","0.11859923601150513","0.11859923601150513","0.11859923601150513","493","493","493"
"49499","0.12232763320207596","0.12232763320207596","0.12232763320207596","494","494","494"
"49599","0.12294800579547882","0.12294800579547882","0.12294800579547882","495","495","495"
"49699","0.12128768116235733","0.12128768116235733","0.12128768116235733","496","496","496"
"49799","0.11753193289041519","0.11753193289041519","0.11753193289041519","497","497","497"
"49899","0.11372971534729004","0.11372971534729004","0.11372971534729004","498","498","498"
"49999","0.11825001984834671","0.11825001984834671","0.11825001984834671","499","499","499"
"50099","0.11978808790445328","0.11978808790445328","0.11978808790445328","500","500","500"
"50199","0.11755596846342087","0.11755596846342087","0.11755596846342087","501","501","501"
"50299","0.11708720028400421","0.11708720028400421","0.11708720028400421","502","502","502"
"50399","0.11717790365219116","0.11717790365219116","0.11717790365219116","503","503","503"
"50499","0.12221985310316086","0.12221985310316086","0.12221985310316086","504","504","504"
"50599","0.11724071204662323","0.11724071204662323","0.11724071204662323","505","505","505"
"50699","0.1246417984366417","0.1246417984366417","0.1246417984366417","506","506","506"
"50799","0.11934615671634674","0.11934615671634674","0.11934615671634674","507","507","507"
"50899","0.12060057371854782","0.12060057371854782","0.12060057371854782","508","508","508"
"50999","0.12171793729066849","0.12171793729066849","0.12171793729066849","509","509","509"
"51099","0.11550255119800568","0.11550255119800568","0.11550255119800568","510","510","510"
"51199","0.1213521957397461","0.1213521957397461","0.1213521957397461","511","511","511"
"51299","0.11807294934988022","0.11807294934988022","0.11807294934988022","512","512","512"
"51399","0.1149609163403511","0.1149609163403511","0.1149609163403511","513","513","513"
"51499","0.12584073841571808","0.12584073841571808","0.12584073841571808","514","514","514"
"51599","0.11866515129804611","0.11866515129804611","0.11866515129804611","515","515","515"
"51699","0.11897886544466019","0.11897886544466019","0.11897886544466019","516","516","516"
"51799","0.12136723101139069","0.12136723101139069","0.12136723101139069","517","517","517"
"51899","0.12161269783973694","0.12161269783973694","0.12161269783973694","518","518","518"
"51999","0.11808588355779648","0.11808588355779648","0.11808588355779648","519","519","519"
"52099","0.12046103179454803","0.12046103179454803","0.12046103179454803","520","520","520"
"52199","0.11982609331607819","0.11982609331607819","0.11982609331607819","521","521","521"
"52299","0.12125380337238312","0.12125380337238312","0.12125380337238312","522","522","522"
"52399","0.1172034963965416","0.1172034963965416","0.1172034963965416","523","523","523"
"52499","0.12024065107107162","0.12024065107107162","0.12024065107107162","524","524","524"
"52599","0.12308672070503235","0.12308672070503235","0.12308672070503235","525","525","525"
"52699","0.1160641759634018","0.1160641759634018","0.1160641759634018","526","526","526"
"52799","0.12831753492355347","0.12831753492355347","0.12831753492355347","527","527","527"
"52899","0.12190115451812744","0.12190115451812744","0.12190115451812744","528","528","528"
"52999","0.11931432038545609","0.11931432038545609","0.11931432038545609","529","529","529"
"53099","0.11799292266368866","0.11799292266368866","0.11799292266368866","530","530","530"
"53199","0.11780887097120285","0.11780887097120285","0.11780887097120285","531","531","531"
"53299","0.11833873391151428","0.11833873391151428","0.11833873391151428","532","532","532"
"53399","0.12525586783885956","0.12525586783885956","0.12525586783885956","533","533","533"
"53499","0.11574554443359375","0.11574554443359375","0.11574554443359375","534","534","534"
"53599","0.11909093707799911","0.11909093707799911","0.11909093707799911","535","535","535"
"53699","0.12034668773412704","0.12034668773412704","0.12034668773412704","536","536","536"
"53799","0.1216677576303482","0.1216677576303482","0.1216677576303482","537","537","537"
"53899","0.12794536352157593","0.12794536352157593","0.12794536352157593","538","538","538"
"53999","0.11951015889644623","0.11951015889644623","0.11951015889644623","539","539","539"
"54099","0.12789030373096466","0.12789030373096466","0.12789030373096466","540","540","540"
"54199","0.11418578773736954","0.11418578773736954","0.11418578773736954","541","541","541"
"54299","0.12484459578990936","0.12484459578990936","0.12484459578990936","542","542","542"
"54399","0.11336699873209","0.11336699873209","0.11336699873209","543","543","543"
"54499","0.12168627232313156","0.12168627232313156","0.12168627232313156","544","544","544"
"54599","0.11337306350469589","0.11337306350469589","0.11337306350469589","545","545","545"
"54699","0.12578237056732178","0.12578237056732178","0.12578237056732178","546","546","546"
"54799","0.12075403332710266","0.12075403332710266","0.12075403332710266","547","547","547"
"54899","0.12296240776777267","0.12296240776777267","0.12296240776777267","548","548","548"
"54999","0.1241498589515686","0.1241498589515686","0.1241498589515686","549","549","549"
"55099","0.11473137885332108","0.11473137885332108","0.11473137885332108","550","550","550"
"55199","0.1198025494813919","0.1198025494813919","0.1198025494813919","551","551","551"
"55299","0.12567678093910217","0.12567678093910217","0.12567678093910217","552","552","552"
"55399","0.11819983273744583","0.11819983273744583","0.11819983273744583","553","553","553"
"55499","0.11952707171440125","0.11952707171440125","0.11952707171440125","554","554","554"
"55599","0.11764668673276901","0.11764668673276901","0.11764668673276901","555","555","555"
"55699","0.12011861056089401","0.12011861056089401","0.12011861056089401","556","556","556"
"55799","0.12114928662776947","0.12114928662776947","0.12114928662776947","557","557","557"
"55899","0.12211360037326813","0.12211360037326813","0.12211360037326813","558","558","558"
"55999","0.11824001371860504","0.11824001371860504","0.11824001371860504","559","559","559"
"56099","0.12145087867975235","0.12145087867975235","0.12145087867975235","560","560","560"
"56199","0.11954650282859802","0.11954650282859802","0.11954650282859802","561","561","561"
"56299","0.12804238498210907","0.12804238498210907","0.12804238498210907","562","562","562"
"56399","0.11995106190443039","0.11995106190443039","0.11995106190443039","563","563","563"
"56499","0.11889591068029404","0.11889591068029404","0.11889591068029404","564","564","564"
"56599","0.11829473078250885","0.11829473078250885","0.11829473078250885","565","565","565"
"56699","0.12402056902647018","0.12402056902647018","0.12402056902647018","566","566","566"
"56799","0.12397533655166626","0.12397533655166626","0.12397533655166626","567","567","567"
"56899","0.1267591267824173","0.1267591267824173","0.1267591267824173","568","568","568"
"56999","0.11558669060468674","0.11558669060468674","0.11558669060468674","569","569","569"
"57099","0.11222008615732193","0.11222008615732193","0.11222008615732193","570","570","570"
"57199","0.12211507558822632","0.12211507558822632","0.12211507558822632","571","571","571"
"57299","0.12296639382839203","0.12296639382839203","0.12296639382839203","572","572","572"
"57399","0.11737759411334991","0.11737759411334991","0.11737759411334991","573","573","573"
"57499","0.12192872911691666","0.12192872911691666","0.12192872911691666","574","574","574"
"57599","0.11694539338350296","0.11694539338350296","0.11694539338350296","575","575","575"
"57699","0.11348148435354233","0.11348148435354233","0.11348148435354233","576","576","576"
"57799","0.11979519575834274","0.11979519575834274","0.11979519575834274","577","577","577"
"57899","0.11929717659950256","0.11929717659950256","0.11929717659950256","578","578","578"
"57999","0.11434593796730042","0.11434593796730042","0.11434593796730042","579","579","579"
"58099","0.1235850378870964","0.1235850378870964","0.1235850378870964","580","580","580"
"58199","0.11783482134342194","0.11783482134342194","0.11783482134342194","581","581","581"
"58299","0.12409382313489914","0.12409382313489914","0.12409382313489914","582","582","582"
"58399","0.12388139218091965","0.12388139218091965","0.12388139218091965","583","583","583"
"58499","0.12090536952018738","0.12090536952018738","0.12090536952018738","584","584","584"
"58599","0.12074968963861465","0.12074968963861465","0.12074968963861465","585","585","585"
"58699","0.12241774052381516","0.12241774052381516","0.12241774052381516","586","586","586"
"58799","0.11893589049577713","0.11893589049577713","0.11893589049577713","587","587","587"
"58899","0.11899983882904053","0.11899983882904053","0.11899983882904053","588","588","588"
"58999","0.12361721694469452","0.12361721694469452","0.12361721694469452","589","589","589"
"59099","0.12235738337039948","0.12235738337039948","0.12235738337039948","590","590","590"
"59199","0.11241020262241364","0.11241020262241364","0.11241020262241364","591","591","591"
"59299","0.11872562766075134","0.11872562766075134","0.11872562766075134","592","592","592"
"59399","0.11300954222679138","0.11300954222679138","0.11300954222679138","593","593","593"
"59499","0.12595698237419128","0.12595698237419128","0.12595698237419128","594","594","594"
"59599","0.11816681176424026","0.11816681176424026","0.11816681176424026","595","595","595"
"59699","0.12124502658843994","0.12124502658843994","0.12124502658843994","596","596","596"
"59799","0.12276594340801239","0.12276594340801239","0.12276594340801239","597","597","597"
"59899","0.11781977117061615","0.11781977117061615","0.11781977117061615","598","598","598"
"59999","0.12276004999876022","0.12276004999876022","0.12276004999876022","599","599","599"
"60099","0.12081493437290192","0.12081493437290192","0.12081493437290192","600","600","600"
"60199","0.11701418459415436","0.11701418459415436","0.11701418459415436","601","601","601"
"60299","0.11275305598974228","0.11275305598974228","0.11275305598974228","602","602","602"
"60399","0.12087558954954147","0.12087558954954147","0.12087558954954147","603","603","603"
"60499","0.11455581337213516","0.11455581337213516","0.11455581337213516","604","604","604"
"60599","0.11476188898086548","0.11476188898086548","0.11476188898086548","605","605","605"
"60699","0.12039993703365326","0.12039993703365326","0.12039993703365326","606","606","606"
"60799","0.12286470085382462","0.12286470085382462","0.12286470085382462","607","607","607"
"60899","0.11840976029634476","0.11840976029634476","0.11840976029634476","608","608","608"
"60999","0.11869609355926514","0.11869609355926514","0.11869609355926514","609","609","609"
"61099","0.11338362842798233","0.11338362842798233","0.11338362842798233","610","610","610"
"61199","0.11855605989694595","0.11855605989694595","0.11855605989694595","611","611","611"
"61299","0.11435255408287048","0.11435255408287048","0.11435255408287048","612","612","612"
"61399","0.11997642368078232","0.11997642368078232","0.11997642368078232","613","613","613"
"61499","0.12392972409725189","0.12392972409725189","0.12392972409725189","614","614","614"
"61599","0.12270297855138779","0.12270297855138779","0.12270297855138779","615","615","615"
"61699","0.11880841851234436","0.11880841851234436","0.11880841851234436","616","616","616"
"61799","0.1237623393535614","0.1237623393535614","0.1237623393535614","617","617","617"
"61899","0.12143412232398987","0.12143412232398987","0.12143412232398987","618","618","618"
"61999","0.11865726858377457","0.11865726858377457","0.11865726858377457","619","619","619"
"62099","0.12235842645168304","0.12235842645168304","0.12235842645168304","620","620","620"
"62199","0.10929452627897263","0.10929452627897263","0.10929452627897263","621","621","621"
"62299","0.12174246460199356","0.12174246460199356","0.12174246460199356","622","622","622"
"62399","0.11696364730596542","0.11696364730596542","0.11696364730596542","623","623","623"
"62499","0.11626788228750229","0.11626788228750229","0.11626788228750229","624","624","624"
"62599","0.12176487594842911","0.12176487594842911","0.12176487594842911","625","625","625"
"62699","0.1238040030002594","0.1238040030002594","0.1238040030002594","626","626","626"
"62799","0.11614156514406204","0.11614156514406204","0.11614156514406204","627","627","627"
"62899","0.12189480662345886","0.12189480662345886","0.12189480662345886","628","628","628"
"62999","0.12293552607297897","0.12293552607297897","0.12293552607297897","629","629","629"
"63099","0.12661124765872955","0.12661124765872955","0.12661124765872955","630","630","630"
"63199","0.12008611112833023","0.12008611112833023","0.12008611112833023","631","631","631"
"63299","0.11846714466810226","0.11846714466810226","0.11846714466810226","632","632","632"
"63399","0.12089422345161438","0.12089422345161438","0.12089422345161438","633","633","633"
"63499","0.12096919119358063","0.12096919119358063","0.12096919119358063","634","634","634"
"63599","0.11985146999359131","0.11985146999359131","0.11985146999359131","635","635","635"
"63699","0.12121663987636566","0.12121663987636566","0.12121663987636566","636","636","636"
"63799","0.12005174905061722","0.12005174905061722","0.12005174905061722","637","637","637"
"63899","0.1138312965631485","0.1138312965631485","0.1138312965631485","638","638","638"
"63999","0.11740007251501083","0.11740007251501083","0.11740007251501083","639","639","639"
"64099","0.11425992846488953","0.11425992846488953","0.11425992846488953","640","640","640"
"64199","0.12025487422943115","0.12025487422943115","0.12025487422943115","641","641","641"
"64299","0.11651035398244858","0.11651035398244858","0.11651035398244858","642","642","642"
"64399","0.11687146872282028","0.11687146872282028","0.11687146872282028","643","643","643"
"64499","0.12193861603736877","0.12193861603736877","0.12193861603736877","644","644","644"
"64599","0.1199936643242836","0.1199936643242836","0.1199936643242836","645","645","645"
"64699","0.11344869434833527","0.11344869434833527","0.11344869434833527","646","646","646"
"64799","0.1232098713517189","0.1232098713517189","0.1232098713517189","647","647","647"
"64899","0.12088284641504288","0.12088284641504288","0.12088284641504288","648","648","648"
"64999","0.11579693853855133","0.11579693853855133","0.11579693853855133","649","649","649"
"65099","0.10863963514566422","0.10863963514566422","0.10863963514566422","650","650","650"
"65199","0.11715878546237946","0.11715878546237946","0.11715878546237946","651","651","651"
"65299","0.11157931387424469","0.11157931387424469","0.11157931387424469","652","652","652"
"65399","0.1135537400841713","0.1135537400841713","0.1135537400841713","653","653","653"
"65499","0.11861304938793182","0.11861304938793182","0.11861304938793182","654","654","654"
"65599","0.11460239440202713","0.11460239440202713","0.11460239440202713","655","655","655"
"65699","0.1193920224905014","0.1193920224905014","0.1193920224905014","656","656","656"
"65799","0.11915209889411926","0.11915209889411926","0.11915209889411926","657","657","657"
"65899","0.1128527969121933","0.1128527969121933","0.1128527969121933","658","658","658"
"65999","0.12197348475456238","0.12197348475456238","0.12197348475456238","659","659","659"
"66099","0.12163779139518738","0.12163779139518738","0.12163779139518738","660","660","660"
"66199","0.12289856374263763","0.12289856374263763","0.12289856374263763","661","661","661"
"66299","0.11743083596229553","0.11743083596229553","0.11743083596229553","662","662","662"
"66399","0.1200152039527893","0.1200152039527893","0.1200152039527893","663","663","663"
"66499","0.11957081407308578","0.11957081407308578","0.11957081407308578","664","664","664"
"66599","0.1234397441148758","0.1234397441148758","0.1234397441148758","665","665","665"
"66699","0.12203558534383774","0.12203558534383774","0.12203558534383774","666","666","666"
"66799","0.12288626283407211","0.12288626283407211","0.12288626283407211","667","667","667"
"66899","0.12048667669296265","0.12048667669296265","0.12048667669296265","668","668","668"
"66999","0.11882562935352325","0.11882562935352325","0.11882562935352325","669","669","669"
"67099","0.11975272744894028","0.11975272744894028","0.11975272744894028","670","670","670"
"67199","0.11767584830522537","0.11767584830522537","0.11767584830522537","671","671","671"
"67299","0.11851637065410614","0.11851637065410614","0.11851637065410614","672","672","672"
"67399","0.11802268773317337","0.11802268773317337","0.11802268773317337","673","673","673"
"67499","0.11947957426309586","0.11947957426309586","0.11947957426309586","674","674","674"
"67599","0.11779200285673141","0.11779200285673141","0.11779200285673141","675","675","675"
"67699","0.12146700173616409","0.12146700173616409","0.12146700173616409","676","676","676"
"67799","0.11837474256753922","0.11837474256753922","0.11837474256753922","677","677","677"
"67899","0.11935274302959442","0.11935274302959442","0.11935274302959442","678","678","678"
"67999","0.1227794885635376","0.1227794885635376","0.1227794885635376","679","679","679"
"68099","0.11498204618692398","0.11498204618692398","0.11498204618692398","680","680","680"
"68199","0.12059015780687332","0.12059015780687332","0.12059015780687332","681","681","681"
"68299","0.12034798413515091","0.12034798413515091","0.12034798413515091","682","682","682"
"68399","0.12443416565656662","0.12443416565656662","0.12443416565656662","683","683","683"
"68499","0.12702734768390656","0.12702734768390656","0.12702734768390656","684","684","684"
"68599","0.11626987904310226","0.11626987904310226","0.11626987904310226","685","685","685"
"68699","0.1124240905046463","0.1124240905046463","0.1124240905046463","686","686","686"
"68799","0.11743777990341187","0.11743777990341187","0.11743777990341187","687","687","687"
"68899","0.11434765160083771","0.11434765160083771","0.11434765160083771","688","688","688"
"68999","0.12110468745231628","0.12110468745231628","0.12110468745231628","689","689","689"
"69099","0.12001956254243851","0.12001956254243851","0.12001956254243851","690","690","690"
"69199","0.1175868958234787","0.1175868958234787","0.1175868958234787","691","691","691"
"69299","0.11420083791017532","0.11420083791017532","0.11420083791017532","692","692","692"
"69399","0.12146467715501785","0.12146467715501785","0.12146467715501785","693","693","693"
"69499","0.11749079078435898","0.11749079078435898","0.11749079078435898","694","694","694"
"69599","0.12000758945941925","0.12000758945941925","0.12000758945941925","695","695","695"
"69699","0.12107374519109726","0.12107374519109726","0.12107374519109726","696","696","696"
"69799","0.12213154137134552","0.12213154137134552","0.12213154137134552","697","697","697"
"69899","0.12190800160169601","0.12190800160169601","0.12190800160169601","698","698","698"
"69999","0.11981417238712311","0.11981417238712311","0.11981417238712311","699","699","699"
"70099","0.11635209619998932","0.11635209619998932","0.11635209619998932","700","700","700"
"70199","0.11357024312019348","0.11357024312019348","0.11357024312019348","701","701","701"
"70299","0.11652210354804993","0.11652210354804993","0.11652210354804993","702","702","702"
"70399","0.1203274205327034","0.1203274205327034","0.1203274205327034","703","703","703"
"70499","0.12272635847330093","0.12272635847330093","0.12272635847330093","704","704","704"
"70599","0.12206774204969406","0.12206774204969406","0.12206774204969406","705","705","705"
"70699","0.11981482803821564","0.11981482803821564","0.11981482803821564","706","706","706"
"70799","0.1160421371459961","0.1160421371459961","0.1160421371459961","707","707","707"
"70899","0.11566286534070969","0.11566286534070969","0.11566286534070969","708","708","708"
"70999","0.12060251832008362","0.12060251832008362","0.12060251832008362","709","709","709"
"71099","0.12076207995414734","0.12076207995414734","0.12076207995414734","710","710","710"
"71199","0.1180935651063919","0.1180935651063919","0.1180935651063919","711","711","711"
"71299","0.12702184915542603","0.12702184915542603","0.12702184915542603","712","712","712"
"71399","0.12547855079174042","0.12547855079174042","0.12547855079174042","713","713","713"
"71499","0.12522368133068085","0.12522368133068085","0.12522368133068085","714","714","714"
"71599","0.11258543282747269","0.11258543282747269","0.11258543282747269","715","715","715"
"71699","0.12104376405477524","0.12104376405477524","0.12104376405477524","716","716","716"
"71799","0.12300637364387512","0.12300637364387512","0.12300637364387512","717","717","717"
"71899","0.12194604426622391","0.12194604426622391","0.12194604426622391","718","718","718"
"71999","0.11645159125328064","0.11645159125328064","0.11645159125328064","719","719","719"
"72099","0.1186549961566925","0.1186549961566925","0.1186549961566925","720","720","720"
"72199","0.1271834820508957","0.1271834820508957","0.1271834820508957","721","721","721"
"72299","0.11431314796209335","0.11431314796209335","0.11431314796209335","722","722","722"
"72399","0.11921562254428864","0.11921562254428864","0.11921562254428864","723","723","723"
"72499","0.11601205170154572","0.11601205170154572","0.11601205170154572","724","724","724"
"72599","0.12424441426992416","0.12424441426992416","0.12424441426992416","725","725","725"
"72699","0.11793621629476547","0.11793621629476547","0.11793621629476547","726","726","726"
"72799","0.11886857450008392","0.11886857450008392","0.11886857450008392","727","727","727"
"72899","0.11521772295236588","0.11521772295236588","0.11521772295236588","728","728","728"
"72999","0.12301311641931534","0.12301311641931534","0.12301311641931534","729","729","729"
"73099","0.1200852170586586","0.1200852170586586","0.1200852170586586","730","730","730"
"73199","0.12086085975170135","0.12086085975170135","0.12086085975170135","731","731","731"
"73299","0.11754912883043289","0.11754912883043289","0.11754912883043289","732","732","732"
"73399","0.11508970707654953","0.11508970707654953","0.11508970707654953","733","733","733"
"73499","0.12172327190637589","0.12172327190637589","0.12172327190637589","734","734","734"
"73599","0.11992974579334259","0.11992974579334259","0.11992974579334259","735","735","735"
"73699","0.12151523679494858","0.12151523679494858","0.12151523679494858","736","736","736"
"73799","0.11576928198337555","0.11576928198337555","0.11576928198337555","737","737","737"
"73899","0.11894287914037704","0.11894287914037704","0.11894287914037704","738","738","738"
"73999","0.1162736713886261","0.1162736713886261","0.1162736713886261","739","739","739"
"74099","0.12829789519309998","0.12829789519309998","0.12829789519309998","740","740","740"
"74199","0.11859483271837234","0.11859483271837234","0.11859483271837234","741","741","741"
"74299","0.11653129011392593","0.11653129011392593","0.11653129011392593","742","742","742"
"74399","0.1209203228354454","0.1209203228354454","0.1209203228354454","743","743","743"
"74499","0.12008444219827652","0.12008444219827652","0.12008444219827652","744","744","744"
"74599","0.12092538177967072","0.12092538177967072","0.12092538177967072","745","745","745"
"74699","0.11923152208328247","0.11923152208328247","0.11923152208328247","746","746","746"
"74799","0.11669500917196274","0.11669500917196274","0.11669500917196274","747","747","747"
"74899","0.12088876962661743","0.12088876962661743","0.12088876962661743","748","748","748"
"74999","0.11657330393791199","0.11657330393791199","0.11657330393791199","749","749","749"
"75099","0.11774826049804688","0.11774826049804688","0.11774826049804688","750","750","750"
"75199","0.12439519912004471","0.12439519912004471","0.12439519912004471","751","751","751"
"75299","0.12236881256103516","0.12236881256103516","0.12236881256103516","752","752","752"
"75399","0.1168127954006195","0.1168127954006195","0.1168127954006195","753","753","753"
"75499","0.11610186845064163","0.11610186845064163","0.11610186845064163","754","754","754"
"75599","0.11782136559486389","0.11782136559486389","0.11782136559486389","755","755","755"
"75699","0.12051347643136978","0.12051347643136978","0.12051347643136978","756","756","756"
"75799","0.12167854607105255","0.12167854607105255","0.12167854607105255","757","757","757"
"75899","0.11298514157533646","0.11298514157533646","0.11298514157533646","758","758","758"
"75999","0.11658521741628647","0.11658521741628647","0.11658521741628647","759","759","759"
"76099","0.11898761242628098","0.11898761242628098","0.11898761242628098","760","760","760"
"76199","0.11705442517995834","0.11705442517995834","0.11705442517995834","761","761","761"
"76299","0.12046726793050766","0.12046726793050766","0.12046726793050766","762","762","762"
"76399","0.11484981328248978","0.11484981328248978","0.11484981328248978","763","763","763"
"76499","0.11885854601860046","0.11885854601860046","0.11885854601860046","764","764","764"
"76599","0.12541326880455017","0.12541326880455017","0.12541326880455017","765","765","765"
"76699","0.11911419779062271","0.11911419779062271","0.11911419779062271","766","766","766"
"76799","0.11712449789047241","0.11712449789047241","0.11712449789047241","767","767","767"
"76899","0.12194036692380905","0.12194036692380905","0.12194036692380905","768","768","768"
"76999","0.11989125609397888","0.11989125609397888","0.11989125609397888","769","769","769"
"77099","0.11914940178394318","0.11914940178394318","0.11914940178394318","770","770","770"
"77199","0.11968407779932022","0.11968407779932022","0.11968407779932022","771","771","771"
"77299","0.12529760599136353","0.12529760599136353","0.12529760599136353","772","772","772"
"77399","0.11390618234872818","0.11390618234872818","0.11390618234872818","773","773","773"
"77499","0.12038418650627136","0.12038418650627136","0.12038418650627136","774","774","774"
"77599","0.11702774465084076","0.11702774465084076","0.11702774465084076","775","775","775"
"77699","0.1227833703160286","0.1227833703160286","0.1227833703160286","776","776","776"
"77799","0.11880657076835632","0.11880657076835632","0.11880657076835632","777","777","777"
"77899","0.11647824198007584","0.11647824198007584","0.11647824198007584","778","778","778"
"77999","0.12421511858701706","0.12421511858701706","0.12421511858701706","779","779","779"
"78099","0.11256138235330582","0.11256138235330582","0.11256138235330582","780","780","780"
"78199","0.11683785915374756","0.11683785915374756","0.11683785915374756","781","781","781"
"78299","0.12172915041446686","0.12172915041446686","0.12172915041446686","782","782","782"
"78399","0.12183355540037155","0.12183355540037155","0.12183355540037155","783","783","783"
"78499","0.11521654576063156","0.11521654576063156","0.11521654576063156","784","784","784"
"78599","0.12678144872188568","0.12678144872188568","0.12678144872188568","785","785","785"
"78699","0.11529449373483658","0.11529449373483658","0.11529449373483658","786","786","786"
"78799","0.11781299859285355","0.11781299859285355","0.11781299859285355","787","787","787"
"78899","0.12253624200820923","0.12253624200820923","0.12253624200820923","788","788","788"
"78999","0.11968053132295609","0.11968053132295609","0.11968053132295609","789","789","789"
"79099","0.11230431497097015","0.11230431497097015","0.11230431497097015","790","790","790"
"79199","0.11695700138807297","0.11695700138807297","0.11695700138807297","791","791","791"
"79299","0.11986307799816132","0.11986307799816132","0.11986307799816132","792","792","792"
"79399","0.11994212120771408","0.11994212120771408","0.11994212120771408","793","793","793"
"79499","0.12413813918828964","0.12413813918828964","0.12413813918828964","794","794","794"
"79599","0.12329266965389252","0.12329266965389252","0.12329266965389252","795","795","795"
"79699","0.11670266091823578","0.11670266091823578","0.11670266091823578","796","796","796"
"79799","0.11608899384737015","0.11608899384737015","0.11608899384737015","797","797","797"
"79899","0.12086537480354309","0.12086537480354309","0.12086537480354309","798","798","798"
"79999","0.11773715913295746","0.11773715913295746","0.11773715913295746","799","799","799"
"80099","0.1190209612250328","0.1190209612250328","0.1190209612250328","800","800","800"
"80199","0.11434473842382431","0.11434473842382431","0.11434473842382431","801","801","801"
"80299","0.11533159017562866","0.11533159017562866","0.11533159017562866","802","802","802"
"80399","0.11786612123250961","0.11786612123250961","0.11786612123250961","803","803","803"
"80499","0.12549073994159698","0.12549073994159698","0.12549073994159698","804","804","804"
"80599","0.11549578607082367","0.11549578607082367","0.11549578607082367","805","805","805"
"80699","0.11238016188144684","0.11238016188144684","0.11238016188144684","806","806","806"
"80799","0.1220649778842926","0.1220649778842926","0.1220649778842926","807","807","807"
"80899","0.11230669170618057","0.11230669170618057","0.11230669170618057","808","808","808"
"80999","0.11261202394962311","0.11261202394962311","0.11261202394962311","809","809","809"
"81099","0.11827352643013","0.11827352643013","0.11827352643013","810","810","810"
"81199","0.1195128783583641","0.1195128783583641","0.1195128783583641","811","811","811"
"81299","0.11528060585260391","0.11528060585260391","0.11528060585260391","812","812","812"
"81399","0.11925560235977173","0.11925560235977173","0.11925560235977173","813","813","813"
"81499","0.11667678505182266","0.11667678505182266","0.11667678505182266","814","814","814"
"81599","0.11988994479179382","0.11988994479179382","0.11988994479179382","815","815","815"
"81699","0.1150197684764862","0.1150197684764862","0.1150197684764862","816","816","816"
"81799","0.11652947217226028","0.11652947217226028","0.11652947217226028","817","817","817"
"81899","0.12006676197052002","0.12006676197052002","0.12006676197052002","818","818","818"
"81999","0.11844281107187271","0.11844281107187271","0.11844281107187271","819","819","819"
"82099","0.11283931881189346","0.11283931881189346","0.11283931881189346","820","820","820"
"82199","0.12309081852436066","0.12309081852436066","0.12309081852436066","821","821","821"
"82299","0.11952764540910721","0.11952764540910721","0.11952764540910721","822","822","822"
"82399","0.11709681153297424","0.11709681153297424","0.11709681153297424","823","823","823"
"82499","0.1099560409784317","0.1099560409784317","0.1099560409784317","824","824","824"
"82599","0.10856246948242188","0.10856246948242188","0.10856246948242188","825","825","825"
"82699","0.12031839787960052","0.12031839787960052","0.12031839787960052","826","826","826"
"82799","0.11679653078317642","0.11679653078317642","0.11679653078317642","827","827","827"
"82899","0.11925501376390457","0.11925501376390457","0.11925501376390457","828","828","828"
"82999","0.11710140109062195","0.11710140109062195","0.11710140109062195","829","829","829"
"83099","0.11148593574762344","0.11148593574762344","0.11148593574762344","830","830","830"
"83199","0.11941210925579071","0.11941210925579071","0.11941210925579071","831","831","831"
"83299","0.1112528070807457","0.1112528070807457","0.1112528070807457","832","832","832"
"83399","0.11669211089611053","0.11669211089611053","0.11669211089611053","833","833","833"
"83499","0.11704634130001068","0.11704634130001068","0.11704634130001068","834","834","834"
"83599","0.11545883864164352","0.11545883864164352","0.11545883864164352","835","835","835"
"83699","0.11467993259429932","0.11467993259429932","0.11467993259429932","836","836","836"
"83799","0.1107432171702385","0.1107432171702385","0.1107432171702385","837","837","837"
"83899","0.1175176128745079","0.1175176128745079","0.1175176128745079","838","838","838"
"83999","0.11376418173313141","0.11376418173313141","0.11376418173313141","839","839","839"
"84099","0.11149129271507263","0.11149129271507263","0.11149129271507263","840","840","840"
"84199","0.11769552528858185","0.11769552528858185","0.11769552528858185","841","841","841"
"84299","0.11652687191963196","0.11652687191963196","0.11652687191963196","842","842","842"
"84399","0.11315814405679703","0.11315814405679703","0.11315814405679703","843","843","843"
"84499","0.11558201909065247","0.11558201909065247","0.11558201909065247","844","844","844"
"84599","0.12013737112283707","0.12013737112283707","0.12013737112283707","845","845","845"
"84699","0.11539612710475922","0.11539612710475922","0.11539612710475922","846","846","846"
"84799","0.12056627124547958","0.12056627124547958","0.12056627124547958","847","847","847"
"84899","0.11261558532714844","0.11261558532714844","0.11261558532714844","848","848","848"
"84999","0.1234833374619484","0.1234833374619484","0.1234833374619484","849","849","849"
"85099","0.11706773936748505","0.11706773936748505","0.11706773936748505","850","850","850"
"85199","0.12095215171575546","0.12095215171575546","0.12095215171575546","851","851","851"
"85299","0.11603789776563644","0.11603789776563644","0.11603789776563644","852","852","852"
"85399","0.11759564280509949","0.11759564280509949","0.11759564280509949","853","853","853"
"85499","0.11283618956804276","0.11283618956804276","0.11283618956804276","854","854","854"
"85599","0.12285146117210388","0.12285146117210388","0.12285146117210388","855","855","855"
"85699","0.12528784573078156","0.12528784573078156","0.12528784573078156","856","856","856"
"85799","0.1167999878525734","0.1167999878525734","0.1167999878525734","857","857","857"
"85899","0.12284831702709198","0.12284831702709198","0.12284831702709198","858","858","858"
"85999","0.12093474715948105","0.12093474715948105","0.12093474715948105","859","859","859"
"86099","0.12227455526590347","0.12227455526590347","0.12227455526590347","860","860","860"
"86199","0.11759516596794128","0.11759516596794128","0.11759516596794128","861","861","861"
"86299","0.12046275287866592","0.12046275287866592","0.12046275287866592","862","862","862"
"86399","0.11275531351566315","0.11275531351566315","0.11275531351566315","863","863","863"
"86499","0.11967366933822632","0.11967366933822632","0.11967366933822632","864","864","864"
"86599","0.1154358834028244","0.1154358834028244","0.1154358834028244","865","865","865"
"86699","0.1190156564116478","0.1190156564116478","0.1190156564116478","866","866","866"
"86799","0.11822401732206345","0.11822401732206345","0.11822401732206345","867","867","867"
"86899","0.11290665715932846","0.11290665715932846","0.11290665715932846","868","868","868"
"86999","0.11704648286104202","0.11704648286104202","0.11704648286104202","869","869","869"
"87099","0.12131264805793762","0.12131264805793762","0.12131264805793762","870","870","870"
"87199","0.12286561727523804","0.12286561727523804","0.12286561727523804","871","871","871"
"87299","0.12218714505434036","0.12218714505434036","0.12218714505434036","872","872","872"
"87399","0.12003947049379349","0.12003947049379349","0.12003947049379349","873","873","873"
"87499","0.11680348962545395","0.11680348962545395","0.11680348962545395","874","874","874"
"87599","0.11758160591125488","0.11758160591125488","0.11758160591125488","875","875","875"
"87699","0.11880604922771454","0.11880604922771454","0.11880604922771454","876","876","876"
"87799","0.11267706751823425","0.11267706751823425","0.11267706751823425","877","877","877"
"87899","0.1180654838681221","0.1180654838681221","0.1180654838681221","878","878","878"
"87999","0.12238220125436783","0.12238220125436783","0.12238220125436783","879","879","879"
"88099","0.11583168059587479","0.11583168059587479","0.11583168059587479","880","880","880"
"88199","0.1130625456571579","0.1130625456571579","0.1130625456571579","881","881","881"
"88299","0.11817948520183563","0.11817948520183563","0.11817948520183563","882","882","882"
"88399","0.11687540262937546","0.11687540262937546","0.11687540262937546","883","883","883"
"88499","0.11826732009649277","0.11826732009649277","0.11826732009649277","884","884","884"
"88599","0.11688902229070663","0.11688902229070663","0.11688902229070663","885","885","885"
"88699","0.11778583377599716","0.11778583377599716","0.11778583377599716","886","886","886"
"88799","0.11692707240581512","0.11692707240581512","0.11692707240581512","887","887","887"
"88899","0.1173441931605339","0.1173441931605339","0.1173441931605339","888","888","888"
"88999","0.12118279933929443","0.12118279933929443","0.12118279933929443","889","889","889"
"89099","0.10863540321588516","0.10863540321588516","0.10863540321588516","890","890","890"
"89199","0.11721844226121902","0.11721844226121902","0.11721844226121902","891","891","891"
"89299","0.1172390729188919","0.1172390729188919","0.1172390729188919","892","892","892"
"89399","0.11752650141716003","0.11752650141716003","0.11752650141716003","893","893","893"
"89499","0.11759421229362488","0.11759421229362488","0.11759421229362488","894","894","894"
"89599","0.11049707233905792","0.11049707233905792","0.11049707233905792","895","895","895"
"89699","0.10863828659057617","0.10863828659057617","0.10863828659057617","896","896","896"
"89799","0.11884140968322754","0.11884140968322754","0.11884140968322754","897","897","897"
"89899","0.12261322885751724","0.12261322885751724","0.12261322885751724","898","898","898"
"89999","0.1217416450381279","0.1217416450381279","0.1217416450381279","899","899","899"
"90099","0.11658893525600433","0.11658893525600433","0.11658893525600433","900","900","900"
"90199","0.1194336861371994","0.1194336861371994","0.1194336861371994","901","901","901"
"90299","0.11771339178085327","0.11771339178085327","0.11771339178085327","902","902","902"
"90399","0.1147722378373146","0.1147722378373146","0.1147722378373146","903","903","903"
"90499","0.11740002781152725","0.11740002781152725","0.11740002781152725","904","904","904"
"90599","0.11512695997953415","0.11512695997953415","0.11512695997953415","905","905","905"
"90699","0.12133291363716125","0.12133291363716125","0.12133291363716125","906","906","906"
"90799","0.1192617416381836","0.1192617416381836","0.1192617416381836","907","907","907"
"90899","0.11210507899522781","0.11210507899522781","0.11210507899522781","908","908","908"
"90999","0.11873169988393784","0.11873169988393784","0.11873169988393784","909","909","909"
"91099","0.119195356965065","0.119195356965065","0.119195356965065","910","910","910"
"91199","0.12263970077037811","0.12263970077037811","0.12263970077037811","911","911","911"
"91299","0.11631069332361221","0.11631069332361221","0.11631069332361221","912","912","912"
"91399","0.11668404191732407","0.11668404191732407","0.11668404191732407","913","913","913"
"91499","0.11271163076162338","0.11271163076162338","0.11271163076162338","914","914","914"
"91599","0.12534211575984955","0.12534211575984955","0.12534211575984955","915","915","915"
"91699","0.11502736806869507","0.11502736806869507","0.11502736806869507","916","916","916"
"91799","0.11569375544786453","0.11569375544786453","0.11569375544786453","917","917","917"
"91899","0.11968350410461426","0.11968350410461426","0.11968350410461426","918","918","918"
"91999","0.11893872171640396","0.11893872171640396","0.11893872171640396","919","919","919"
"92099","0.11720845848321915","0.11720845848321915","0.11720845848321915","920","920","920"
"92199","0.11613420397043228","0.11613420397043228","0.11613420397043228","921","921","921"
"92299","0.11570300906896591","0.11570300906896591","0.11570300906896591","922","922","922"
"92399","0.11616726964712143","0.11616726964712143","0.11616726964712143","923","923","923"
"92499","0.11531613767147064","0.11531613767147064","0.11531613767147064","924","924","924"
"92599","0.1149996966123581","0.1149996966123581","0.1149996966123581","925","925","925"
"92699","0.10982387512922287","0.10982387512922287","0.10982387512922287","926","926","926"
"92799","0.1226893737912178","0.1226893737912178","0.1226893737912178","927","927","927"
"92899","0.12204597145318985","0.12204597145318985","0.12204597145318985","928","928","928"
"92999","0.12681341171264648","0.12681341171264648","0.12681341171264648","929","929","929"
"93099","0.11932310461997986","0.11932310461997986","0.11932310461997986","930","930","930"
"93199","0.11773547530174255","0.11773547530174255","0.11773547530174255","931","931","931"
"93299","0.11683633923530579","0.11683633923530579","0.11683633923530579","932","932","932"
"93399","0.11625538766384125","0.11625538766384125","0.11625538766384125","933","933","933"
"93499","0.11783351004123688","0.11783351004123688","0.11783351004123688","934","934","934"
"93599","0.11240054666996002","0.11240054666996002","0.11240054666996002","935","935","935"
"93699","0.11386770755052567","0.11386770755052567","0.11386770755052567","936","936","936"
"93799","0.11685626208782196","0.11685626208782196","0.11685626208782196","937","937","937"
"93899","0.12192605435848236","0.12192605435848236","0.12192605435848236","938","938","938"
"93999","0.12126460671424866","0.12126460671424866","0.12126460671424866","939","939","939"
"94099","0.1151566281914711","0.1151566281914711","0.1151566281914711","940","940","940"
"94199","0.12162944674491882","0.12162944674491882","0.12162944674491882","941","941","941"
"94299","0.12161996215581894","0.12161996215581894","0.12161996215581894","942","942","942"
"94399","0.11837064474821091","0.11837064474821091","0.11837064474821091","943","943","943"
"94499","0.11580171436071396","0.11580171436071396","0.11580171436071396","944","944","944"
"94599","0.11605577915906906","0.11605577915906906","0.11605577915906906","945","945","945"
"94699","0.1168450266122818","0.1168450266122818","0.1168450266122818","946","946","946"
"94799","0.1250726878643036","0.1250726878643036","0.1250726878643036","947","947","947"
"94899","0.11920822411775589","0.11920822411775589","0.11920822411775589","948","948","948"
"94999","0.11659738421440125","0.11659738421440125","0.11659738421440125","949","949","949"
"95099","0.11340006440877914","0.11340006440877914","0.11340006440877914","950","950","950"
"95199","0.11967206001281738","0.11967206001281738","0.11967206001281738","951","951","951"
"95299","0.12017830461263657","0.12017830461263657","0.12017830461263657","952","952","952"
"95399","0.12592168152332306","0.12592168152332306","0.12592168152332306","953","953","953"
"95499","0.11964874714612961","0.11964874714612961","0.11964874714612961","954","954","954"
"95599","0.11418695747852325","0.11418695747852325","0.11418695747852325","955","955","955"
"95699","0.1181352287530899","0.1181352287530899","0.1181352287530899","956","956","956"
"95799","0.12439383566379547","0.12439383566379547","0.12439383566379547","957","957","957"
"95899","0.10840228199958801","0.10840228199958801","0.10840228199958801","958","958","958"
"95999","0.11238665133714676","0.11238665133714676","0.11238665133714676","959","959","959"
"96099","0.11619316041469574","0.11619316041469574","0.11619316041469574","960","960","960"
"96199","0.1170283779501915","0.1170283779501915","0.1170283779501915","961","961","961"
"96299","0.12172507494688034","0.12172507494688034","0.12172507494688034","962","962","962"
"96399","0.12123080343008041","0.12123080343008041","0.12123080343008041","963","963","963"
"96499","0.11514732241630554","0.11514732241630554","0.11514732241630554","964","964","964"
"96599","0.1157955601811409","0.1157955601811409","0.1157955601811409","965","965","965"
"96699","0.12237964570522308","0.12237964570522308","0.12237964570522308","966","966","966"
"96799","0.11363916844129562","0.11363916844129562","0.11363916844129562","967","967","967"
"96899","0.11264581978321075","0.11264581978321075","0.11264581978321075","968","968","968"
"96999","0.11624868959188461","0.11624868959188461","0.11624868959188461","969","969","969"
"97099","0.117698535323143","0.117698535323143","0.117698535323143","970","970","970"
"97199","0.1200161725282669","0.1200161725282669","0.1200161725282669","971","971","971"
"97299","0.11460737884044647","0.11460737884044647","0.11460737884044647","972","972","972"
"97399","0.11501813679933548","0.11501813679933548","0.11501813679933548","973","973","973"
"97499","0.11808789521455765","0.11808789521455765","0.11808789521455765","974","974","974"
"97599","0.11810975521802902","0.11810975521802902","0.11810975521802902","975","975","975"
"97699","0.11782617121934891","0.11782617121934891","0.11782617121934891","976","976","976"
"97799","0.11554251611232758","0.11554251611232758","0.11554251611232758","977","977","977"
"97899","0.11385238915681839","0.11385238915681839","0.11385238915681839","978","978","978"
"97999","0.11979645490646362","0.11979645490646362","0.11979645490646362","979","979","979"
"98099","0.11386527121067047","0.11386527121067047","0.11386527121067047","980","980","980"
"98199","0.12230325490236282","0.12230325490236282","0.12230325490236282","981","981","981"
"98299","0.11112001538276672","0.11112001538276672","0.11112001538276672","982","982","982"
"98399","0.11802304536104202","0.11802304536104202","0.11802304536104202","983","983","983"
"98499","0.11672548204660416","0.11672548204660416","0.11672548204660416","984","984","984"
"98599","0.1170269250869751","0.1170269250869751","0.1170269250869751","985","985","985"
"98699","0.11836019903421402","0.11836019903421402","0.11836019903421402","986","986","986"
"98799","0.12065962702035904","0.12065962702035904","0.12065962702035904","987","987","987"
"98899","0.1167825385928154","0.1167825385928154","0.1167825385928154","988","988","988"
"98999","0.12036389857530594","0.12036389857530594","0.12036389857530594","989","989","989"
"99099","0.1142151951789856","0.1142151951789856","0.1142151951789856","990","990","990"
"99199","0.12200973927974701","0.12200973927974701","0.12200973927974701","991","991","991"
"99299","0.11712361872196198","0.11712361872196198","0.11712361872196198","992","992","992"
"99399","0.11733129620552063","0.11733129620552063","0.11733129620552063","993","993","993"
"99499","0.11683870851993561","0.11683870851993561","0.11683870851993561","994","994","994"
"99599","0.11837750673294067","0.11837750673294067","0.11837750673294067","995","995","995"
"99699","0.11779210716485977","0.11779210716485977","0.11779210716485977","996","996","996"
"99799","0.11354483664035797","0.11354483664035797","0.11354483664035797","997","997","997"
"99899","0.11760443449020386","0.11760443449020386","0.11760443449020386","998","998","998"
"99999","0.1131887137889862","0.1131887137889862","0.1131887137889862","999","999","999"
"100099","0.11601337790489197","0.11601337790489197","0.11601337790489197","1000","1000","1000"
"100199","0.11535704880952835","0.11535704880952835","0.11535704880952835","1001","1001","1001"
"100299","0.11982863396406174","0.11982863396406174","0.11982863396406174","1002","1002","1002"
"100399","0.12205978482961655","0.12205978482961655","0.12205978482961655","1003","1003","1003"
"100499","0.11857695132493973","0.11857695132493973","0.11857695132493973","1004","1004","1004"
"100599","0.12387105822563171","0.12387105822563171","0.12387105822563171","1005","1005","1005"
"100699","0.11349941045045853","0.11349941045045853","0.11349941045045853","1006","1006","1006"
"100799","0.1166880875825882","0.1166880875825882","0.1166880875825882","1007","1007","1007"
"100899","0.11544902622699738","0.11544902622699738","0.11544902622699738","1008","1008","1008"
"100999","0.12222052365541458","0.12222052365541458","0.12222052365541458","1009","1009","1009"
"101099","0.12272141873836517","0.12272141873836517","0.12272141873836517","1010","1010","1010"
"101199","0.11525209248065948","0.11525209248065948","0.11525209248065948","1011","1011","1011"
"101299","0.11793791502714157","0.11793791502714157","0.11793791502714157","1012","1012","1012"
"101399","0.11704473942518234","0.11704473942518234","0.11704473942518234","1013","1013","1013"
"101499","0.11405205726623535","0.11405205726623535","0.11405205726623535","1014","1014","1014"
"101599","0.11859773099422455","0.11859773099422455","0.11859773099422455","1015","1015","1015"
"101699","0.11466053873300552","0.11466053873300552","0.11466053873300552","1016","1016","1016"
"101799","0.11739978194236755","0.11739978194236755","0.11739978194236755","1017","1017","1017"
"101899","0.12006725370883942","0.12006725370883942","0.12006725370883942","1018","1018","1018"
"101999","0.12228820472955704","0.12228820472955704","0.12228820472955704","1019","1019","1019"
"102099","0.11868713051080704","0.11868713051080704","0.11868713051080704","1020","1020","1020"
"102199","0.1188950464129448","0.1188950464129448","0.1188950464129448","1021","1021","1021"
"102299","0.11719655245542526","0.11719655245542526","0.11719655245542526","1022","1022","1022"
"102399","0.1147063598036766","0.1147063598036766","0.1147063598036766","1023","1023","1023"
"102499","0.11841658502817154","0.11841658502817154","0.11841658502817154","1024","1024","1024"
"102599","0.12160360813140869","0.12160360813140869","0.12160360813140869","1025","1025","1025"
"102699","0.11790810525417328","0.11790810525417328","0.11790810525417328","1026","1026","1026"
"102799","0.11671215295791626","0.11671215295791626","0.11671215295791626","1027","1027","1027"
"102899","0.1078251525759697","0.1078251525759697","0.1078251525759697","1028","1028","1028"
"102999","0.12312554568052292","0.12312554568052292","0.12312554568052292","1029","1029","1029"
"103099","0.11859980970621109","0.11859980970621109","0.11859980970621109","1030","1030","1030"
"103199","0.1130225658416748","0.1130225658416748","0.1130225658416748","1031","1031","1031"
"103299","0.12017884850502014","0.12017884850502014","0.12017884850502014","1032","1032","1032"
"103399","0.11721257865428925","0.11721257865428925","0.11721257865428925","1033","1033","1033"
"103499","0.11763577163219452","0.11763577163219452","0.11763577163219452","1034","1034","1034"
"103599","0.11423652619123459","0.11423652619123459","0.11423652619123459","1035","1035","1035"
"103699","0.11609328538179398","0.11609328538179398","0.11609328538179398","1036","1036","1036"
"103799","0.11614125967025757","0.11614125967025757","0.11614125967025757","1037","1037","1037"
"103899","0.11504454165697098","0.11504454165697098","0.11504454165697098","1038","1038","1038"
"103999","0.11203973740339279","0.11203973740339279","0.11203973740339279","1039","1039","1039"
"104099","0.1141294538974762","0.1141294538974762","0.1141294538974762","1040","1040","1040"
"104199","0.11793140321969986","0.11793140321969986","0.11793140321969986","1041","1041","1041"
"104299","0.12100604176521301","0.12100604176521301","0.12100604176521301","1042","1042","1042"
"104399","0.11474278569221497","0.11474278569221497","0.11474278569221497","1043","1043","1043"
"104499","0.11721345037221909","0.11721345037221909","0.11721345037221909","1044","1044","1044"
"104599","0.116278275847435","0.116278275847435","0.116278275847435","1045","1045","1045"
"104699","0.10974553972482681","0.10974553972482681","0.10974553972482681","1046","1046","1046"
"104799","0.11570628732442856","0.11570628732442856","0.11570628732442856","1047","1047","1047"
"104899","0.12222576886415482","0.12222576886415482","0.12222576886415482","1048","1048","1048"
"104999","0.11480045318603516","0.11480045318603516","0.11480045318603516","1049","1049","1049"
"105099","0.11529596894979477","0.11529596894979477","0.11529596894979477","1050","1050","1050"
"105199","0.1132974699139595","0.1132974699139595","0.1132974699139595","1051","1051","1051"
"105299","0.11313100159168243","0.11313100159168243","0.11313100159168243","1052","1052","1052"
"105399","0.11516734957695007","0.11516734957695007","0.11516734957695007","1053","1053","1053"
"105499","0.11050772666931152","0.11050772666931152","0.11050772666931152","1054","1054","1054"
"105599","0.12170600146055222","0.12170600146055222","0.12170600146055222","1055","1055","1055"
"105699","0.12139034271240234","0.12139034271240234","0.12139034271240234","1056","1056","1056"
"105799","0.11418842524290085","0.11418842524290085","0.11418842524290085","1057","1057","1057"
"105899","0.11360468715429306","0.11360468715429306","0.11360468715429306","1058","1058","1058"
"105999","0.11157943308353424","0.11157943308353424","0.11157943308353424","1059","1059","1059"
"106099","0.1193370446562767","0.1193370446562767","0.1193370446562767","1060","1060","1060"
"106199","0.11454306542873383","0.11454306542873383","0.11454306542873383","1061","1061","1061"
"106299","0.12002003192901611","0.12002003192901611","0.12002003192901611","1062","1062","1062"
"106399","0.11711493879556656","0.11711493879556656","0.11711493879556656","1063","1063","1063"
"106499","0.11331142485141754","0.11331142485141754","0.11331142485141754","1064","1064","1064"
"106599","0.11216264218091965","0.11216264218091965","0.11216264218091965","1065","1065","1065"
"106699","0.1141548678278923","0.1141548678278923","0.1141548678278923","1066","1066","1066"
"106799","0.11340893805027008","0.11340893805027008","0.11340893805027008","1067","1067","1067"
"106899","0.11942243576049805","0.11942243576049805","0.11942243576049805","1068","1068","1068"
"106999","0.12065865844488144","0.12065865844488144","0.12065865844488144","1069","1069","1069"
"107099","0.11355613172054291","0.11355613172054291","0.11355613172054291","1070","1070","1070"
"107199","0.12108955532312393","0.12108955532312393","0.12108955532312393","1071","1071","1071"
"107299","0.11950123310089111","0.11950123310089111","0.11950123310089111","1072","1072","1072"
"107399","0.12140912562608719","0.12140912562608719","0.12140912562608719","1073","1073","1073"
"107499","0.11746631562709808","0.11746631562709808","0.11746631562709808","1074","1074","1074"
"107599","0.1108846664428711","0.1108846664428711","0.1108846664428711","1075","1075","1075"
"107699","0.10876574367284775","0.10876574367284775","0.10876574367284775","1076","1076","1076"
"107799","0.11796077340841293","0.11796077340841293","0.11796077340841293","1077","1077","1077"
"107899","0.11405258625745773","0.11405258625745773","0.11405258625745773","1078","1078","1078"
"107999","0.11917439848184586","0.11917439848184586","0.11917439848184586","1079","1079","1079"
"108099","0.12039094418287277","0.12039094418287277","0.12039094418287277","1080","1080","1080"
"108199","0.11401506513357162","0.11401506513357162","0.11401506513357162","1081","1081","1081"
"108299","0.11326209455728531","0.11326209455728531","0.11326209455728531","1082","1082","1082"
"108399","0.11756180226802826","0.11756180226802826","0.11756180226802826","1083","1083","1083"
"108499","0.1195048838853836","0.1195048838853836","0.1195048838853836","1084","1084","1084"
"108599","0.11650725454092026","0.11650725454092026","0.11650725454092026","1085","1085","1085"
"108699","0.11699730902910233","0.11699730902910233","0.11699730902910233","1086","1086","1086"
"108799","0.11714082211256027","0.11714082211256027","0.11714082211256027","1087","1087","1087"
"108899","0.11838659644126892","0.11838659644126892","0.11838659644126892","1088","1088","1088"
"108999","0.1172446683049202","0.1172446683049202","0.1172446683049202","1089","1089","1089"
"109099","0.11508936434984207","0.11508936434984207","0.11508936434984207","1090","1090","1090"
"109199","0.11439001560211182","0.11439001560211182","0.11439001560211182","1091","1091","1091"
"109299","0.11716921627521515","0.11716921627521515","0.11716921627521515","1092","1092","1092"
"109399","0.11623615026473999","0.11623615026473999","0.11623615026473999","1093","1093","1093"
"109499","0.11914707720279694","0.11914707720279694","0.11914707720279694","1094","1094","1094"
"109599","0.11895855516195297","0.11895855516195297","0.11895855516195297","1095","1095","1095"
"109699","0.11754925549030304","0.11754925549030304","0.11754925549030304","1096","1096","1096"
"109799","0.11465183645486832","0.11465183645486832","0.11465183645486832","1097","1097","1097"
"109899","0.11653533577919006","0.11653533577919006","0.11653533577919006","1098","1098","1098"
"109999","0.11343877017498016","0.11343877017498016","0.11343877017498016","1099","1099","1099"
"110099","0.11905644088983536","0.11905644088983536","0.11905644088983536","1100","1100","1100"
"110199","0.11662297695875168","0.11662297695875168","0.11662297695875168","1101","1101","1101"
"110299","0.11894023418426514","0.11894023418426514","0.11894023418426514","1102","1102","1102"
"110399","0.11979109048843384","0.11979109048843384","0.11979109048843384","1103","1103","1103"
"110499","0.11432048678398132","0.11432048678398132","0.11432048678398132","1104","1104","1104"
"110599","0.12275196611881256","0.12275196611881256","0.12275196611881256","1105","1105","1105"
"110699","0.1144985780119896","0.1144985780119896","0.1144985780119896","1106","1106","1106"
"110799","0.11788210272789001","0.11788210272789001","0.11788210272789001","1107","1107","1107"
"110899","0.11341962963342667","0.11341962963342667","0.11341962963342667","1108","1108","1108"
"110999","0.11258070915937424","0.11258070915937424","0.11258070915937424","1109","1109","1109"
"111099","0.11078343540430069","0.11078343540430069","0.11078343540430069","1110","1110","1110"
"111199","0.12174513190984726","0.12174513190984726","0.12174513190984726","1111","1111","1111"
"111299","0.1163601353764534","0.1163601353764534","0.1163601353764534","1112","1112","1112"
"111399","0.11827622354030609","0.11827622354030609","0.11827622354030609","1113","1113","1113"
"111499","0.11294320225715637","0.11294320225715637","0.11294320225715637","1114","1114","1114"
"111599","0.11628006398677826","0.11628006398677826","0.11628006398677826","1115","1115","1115"
"111699","0.11153780668973923","0.11153780668973923","0.11153780668973923","1116","1116","1116"
"111799","0.11852649599313736","0.11852649599313736","0.11852649599313736","1117","1117","1117"
"111899","0.11653605103492737","0.11653605103492737","0.11653605103492737","1118","1118","1118"
"111999","0.11492977291345596","0.11492977291345596","0.11492977291345596","1119","1119","1119"
"112099","0.11752499639987946","0.11752499639987946","0.11752499639987946","1120","1120","1120"
"112199","0.12031319737434387","0.12031319737434387","0.12031319737434387","1121","1121","1121"
"112299","0.11688245832920074","0.11688245832920074","0.11688245832920074","1122","1122","1122"
"112399","0.114536352455616","0.114536352455616","0.114536352455616","1123","1123","1123"
"112499","0.11172820627689362","0.11172820627689362","0.11172820627689362","1124","1124","1124"
"112599","0.1161695346236229","0.1161695346236229","0.1161695346236229","1125","1125","1125"
"112699","0.11317813396453857","0.11317813396453857","0.11317813396453857","1126","1126","1126"
"112799","0.11600729823112488","0.11600729823112488","0.11600729823112488","1127","1127","1127"
"112899","0.11786749958992004","0.11786749958992004","0.11786749958992004","1128","1128","1128"
"112999","0.1141381785273552","0.1141381785273552","0.1141381785273552","1129","1129","1129"
"113099","0.1179276630282402","0.1179276630282402","0.1179276630282402","1130","1130","1130"
"113199","0.11865134537220001","0.11865134537220001","0.11865134537220001","1131","1131","1131"
"113299","0.11620445549488068","0.11620445549488068","0.11620445549488068","1132","1132","1132"
"113399","0.1143002063035965","0.1143002063035965","0.1143002063035965","1133","1133","1133"
"113499","0.1167057678103447","0.1167057678103447","0.1167057678103447","1134","1134","1134"
"113599","0.11351790279150009","0.11351790279150009","0.11351790279150009","1135","1135","1135"
"113699","0.11374843120574951","0.11374843120574951","0.11374843120574951","1136","1136","1136"
"113799","0.11137346923351288","0.11137346923351288","0.11137346923351288","1137","1137","1137"
"113899","0.11754103749990463","0.11754103749990463","0.11754103749990463","1138","1138","1138"
"113999","0.1201857179403305","0.1201857179403305","0.1201857179403305","1139","1139","1139"
"114099","0.11933078616857529","0.11933078616857529","0.11933078616857529","1140","1140","1140"
"114199","0.12091793119907379","0.12091793119907379","0.12091793119907379","1141","1141","1141"
"114299","0.11622264236211777","0.11622264236211777","0.11622264236211777","1142","1142","1142"
"114399","0.11356481909751892","0.11356481909751892","0.11356481909751892","1143","1143","1143"
"114499","0.12054064869880676","0.12054064869880676","0.12054064869880676","1144","1144","1144"
"114599","0.11188418418169022","0.11188418418169022","0.11188418418169022","1145","1145","1145"
"114699","0.11489671468734741","0.11489671468734741","0.11489671468734741","1146","1146","1146"
"114799","0.11899182200431824","0.11899182200431824","0.11899182200431824","1147","1147","1147"
"114899","0.11750734597444534","0.11750734597444534","0.11750734597444534","1148","1148","1148"
"114999","0.11989537626504898","0.11989537626504898","0.11989537626504898","1149","1149","1149"
"115099","0.11888986825942993","0.11888986825942993","0.11888986825942993","1150","1150","1150"
"115199","0.11401411145925522","0.11401411145925522","0.11401411145925522","1151","1151","1151"
"115299","0.11779800057411194","0.11779800057411194","0.11779800057411194","1152","1152","1152"
"115399","0.11608469486236572","0.11608469486236572","0.11608469486236572","1153","1153","1153"
"115499","0.1213664785027504","0.1213664785027504","0.1213664785027504","1154","1154","1154"
"115599","0.11695381999015808","0.11695381999015808","0.11695381999015808","1155","1155","1155"
"115699","0.11572194844484329","0.11572194844484329","0.11572194844484329","1156","1156","1156"
"115799","0.11477880924940109","0.11477880924940109","0.11477880924940109","1157","1157","1157"
"115899","0.11354129016399384","0.11354129016399384","0.11354129016399384","1158","1158","1158"
"115999","0.1184585765004158","0.1184585765004158","0.1184585765004158","1159","1159","1159"
"116099","0.11223086714744568","0.11223086714744568","0.11223086714744568","1160","1160","1160"
"116199","0.11505277454853058","0.11505277454853058","0.11505277454853058","1161","1161","1161"
"116299","0.11491793394088745","0.11491793394088745","0.11491793394088745","1162","1162","1162"
"116399","0.11463745683431625","0.11463745683431625","0.11463745683431625","1163","1163","1163"
"116499","0.11225561797618866","0.11225561797618866","0.11225561797618866","1164","1164","1164"
"116599","0.12141720950603485","0.12141720950603485","0.12141720950603485","1165","1165","1165"
"116699","0.11076794564723969","0.11076794564723969","0.11076794564723969","1166","1166","1166"
"116799","0.11875055730342865","0.11875055730342865","0.11875055730342865","1167","1167","1167"
"116899","0.11866306513547897","0.11866306513547897","0.11866306513547897","1168","1168","1168"
"116999","0.11699771881103516","0.11699771881103516","0.11699771881103516","1169","1169","1169"
"117099","0.11404982209205627","0.11404982209205627","0.11404982209205627","1170","1170","1170"
"117199","0.122759610414505","0.122759610414505","0.122759610414505","1171","1171","1171"
"117299","0.11173512041568756","0.11173512041568756","0.11173512041568756","1172","1172","1172"
"117399","0.12037267535924911","0.12037267535924911","0.12037267535924911","1173","1173","1173"
"117499","0.11706429719924927","0.11706429719924927","0.11706429719924927","1174","1174","1174"
"117599","0.12045895308256149","0.12045895308256149","0.12045895308256149","1175","1175","1175"
"117699","0.11265375465154648","0.11265375465154648","0.11265375465154648","1176","1176","1176"
"117799","0.12217239290475845","0.12217239290475845","0.12217239290475845","1177","1177","1177"
"117899","0.11365196108818054","0.11365196108818054","0.11365196108818054","1178","1178","1178"
"117999","0.12053811550140381","0.12053811550140381","0.12053811550140381","1179","1179","1179"
"118099","0.11850046366453171","0.11850046366453171","0.11850046366453171","1180","1180","1180"
"118199","0.12382148951292038","0.12382148951292038","0.12382148951292038","1181","1181","1181"
"118299","0.11680351197719574","0.11680351197719574","0.11680351197719574","1182","1182","1182"
"118399","0.11247564107179642","0.11247564107179642","0.11247564107179642","1183","1183","1183"
"118499","0.11628531664609909","0.11628531664609909","0.11628531664609909","1184","1184","1184"
"118599","0.11461395770311356","0.11461395770311356","0.11461395770311356","1185","1185","1185"
"118699","0.11475280672311783","0.11475280672311783","0.11475280672311783","1186","1186","1186"
"118799","0.11621427536010742","0.11621427536010742","0.11621427536010742","1187","1187","1187"
"118899","0.11150800436735153","0.11150800436735153","0.11150800436735153","1188","1188","1188"
"118999","0.11340159922838211","0.11340159922838211","0.11340159922838211","1189","1189","1189"
"119099","0.10567857325077057","0.10567857325077057","0.10567857325077057","1190","1190","1190"
"119199","0.10872980207204819","0.10872980207204819","0.10872980207204819","1191","1191","1191"
"119299","0.11648127436637878","0.11648127436637878","0.11648127436637878","1192","1192","1192"
"119399","0.11952253431081772","0.11952253431081772","0.11952253431081772","1193","1193","1193"
"119499","0.12047030031681061","0.12047030031681061","0.12047030031681061","1194","1194","1194"
"119599","0.11671619862318039","0.11671619862318039","0.11671619862318039","1195","1195","1195"
"119699","0.12016206234693527","0.12016206234693527","0.12016206234693527","1196","1196","1196"
"119799","0.11442258208990097","0.11442258208990097","0.11442258208990097","1197","1197","1197"
"119899","0.1144770160317421","0.1144770160317421","0.1144770160317421","1198","1198","1198"
"119999","0.11633030325174332","0.11633030325174332","0.11633030325174332","1199","1199","1199"
"120099","0.11400096118450165","0.11400096118450165","0.11400096118450165","1200","1200","1200"
"120199","0.11528180539608002","0.11528180539608002","0.11528180539608002","1201","1201","1201"
"120299","0.1196625679731369","0.1196625679731369","0.1196625679731369","1202","1202","1202"
"120399","0.1217508465051651","0.1217508465051651","0.1217508465051651","1203","1203","1203"
"120499","0.12387168407440186","0.12387168407440186","0.12387168407440186","1204","1204","1204"
"120599","0.11883562803268433","0.11883562803268433","0.11883562803268433","1205","1205","1205"
"120699","0.1172216385602951","0.1172216385602951","0.1172216385602951","1206","1206","1206"
"120799","0.11790045350790024","0.11790045350790024","0.11790045350790024","1207","1207","1207"
"120899","0.11871681362390518","0.11871681362390518","0.11871681362390518","1208","1208","1208"
"120999","0.11453790217638016","0.11453790217638016","0.11453790217638016","1209","1209","1209"
"121099","0.11653739959001541","0.11653739959001541","0.11653739959001541","1210","1210","1210"
"121199","0.1184469684958458","0.1184469684958458","0.1184469684958458","1211","1211","1211"
"121299","0.1164938285946846","0.1164938285946846","0.1164938285946846","1212","1212","1212"
"121399","0.11073434352874756","0.11073434352874756","0.11073434352874756","1213","1213","1213"
"121499","0.11774079501628876","0.11774079501628876","0.11774079501628876","1214","1214","1214"
"121599","0.11648202687501907","0.11648202687501907","0.11648202687501907","1215","1215","1215"
"121699","0.11698928475379944","0.11698928475379944","0.11698928475379944","1216","1216","1216"
"121799","0.11408313363790512","0.11408313363790512","0.11408313363790512","1217","1217","1217"
"121899","0.1157507374882698","0.1157507374882698","0.1157507374882698","1218","1218","1218"
"121999","0.11500613391399384","0.11500613391399384","0.11500613391399384","1219","1219","1219"
"122099","0.11614730209112167","0.11614730209112167","0.11614730209112167","1220","1220","1220"
"122199","0.11658655852079391","0.11658655852079391","0.11658655852079391","1221","1221","1221"
"122299","0.11254929006099701","0.11254929006099701","0.11254929006099701","1222","1222","1222"
"122399","0.1152837872505188","0.1152837872505188","0.1152837872505188","1223","1223","1223"
"122499","0.10934702306985855","0.10934702306985855","0.10934702306985855","1224","1224","1224"
"122599","0.11865904182195663","0.11865904182195663","0.11865904182195663","1225","1225","1225"
"122699","0.12402398139238358","0.12402398139238358","0.12402398139238358","1226","1226","1226"
"122799","0.11827167868614197","0.11827167868614197","0.11827167868614197","1227","1227","1227"
"122899","0.11799617111682892","0.11799617111682892","0.11799617111682892","1228","1228","1228"
"122999","0.11755672097206116","0.11755672097206116","0.11755672097206116","1229","1229","1229"
"123099","0.11413780599832535","0.11413780599832535","0.11413780599832535","1230","1230","1230"
"123199","0.12031727284193039","0.12031727284193039","0.12031727284193039","1231","1231","1231"
"123299","0.11718802154064178","0.11718802154064178","0.11718802154064178","1232","1232","1232"
"123399","0.11619597673416138","0.11619597673416138","0.11619597673416138","1233","1233","1233"
"123499","0.11361422389745712","0.11361422389745712","0.11361422389745712","1234","1234","1234"
"123599","0.11574610322713852","0.11574610322713852","0.11574610322713852","1235","1235","1235"
"123699","0.11504743993282318","0.11504743993282318","0.11504743993282318","1236","1236","1236"
"123799","0.11436113715171814","0.11436113715171814","0.11436113715171814","1237","1237","1237"
"123899","0.11863741278648376","0.11863741278648376","0.11863741278648376","1238","1238","1238"
"123999","0.12153540551662445","0.12153540551662445","0.12153540551662445","1239","1239","1239"
"124099","0.11142943799495697","0.11142943799495697","0.11142943799495697","1240","1240","1240"
"124199","0.11776707321405411","0.11776707321405411","0.11776707321405411","1241","1241","1241"
"124299","0.11997709423303604","0.11997709423303604","0.11997709423303604","1242","1242","1242"
"124399","0.11077608913183212","0.11077608913183212","0.11077608913183212","1243","1243","1243"
"124499","0.11419802159070969","0.11419802159070969","0.11419802159070969","1244","1244","1244"
"124599","0.1087099015712738","0.1087099015712738","0.1087099015712738","1245","1245","1245"
"124699","0.11205513030290604","0.11205513030290604","0.11205513030290604","1246","1246","1246"
"124799","0.11377029865980148","0.11377029865980148","0.11377029865980148","1247","1247","1247"
"124899","0.11719265580177307","0.11719265580177307","0.11719265580177307","1248","1248","1248"
"124999","0.11517586559057236","0.11517586559057236","0.11517586559057236","1249","1249","1249"
"125099","0.11786787956953049","0.11786787956953049","0.11786787956953049","1250","1250","1250"
"125199","0.12152862548828125","0.12152862548828125","0.12152862548828125","1251","1251","1251"
"125299","0.11795976758003235","0.11795976758003235","0.11795976758003235","1252","1252","1252"
"125399","0.11769462376832962","0.11769462376832962","0.11769462376832962","1253","1253","1253"
"125499","0.11312951892614365","0.11312951892614365","0.11312951892614365","1254","1254","1254"
"125599","0.11388344317674637","0.11388344317674637","0.11388344317674637","1255","1255","1255"
"125699","0.11691251397132874","0.11691251397132874","0.11691251397132874","1256","1256","1256"
"125799","0.11432349681854248","0.11432349681854248","0.11432349681854248","1257","1257","1257"
"125899","0.11458417773246765","0.11458417773246765","0.11458417773246765","1258","1258","1258"
"125999","0.11919237673282623","0.11919237673282623","0.11919237673282623","1259","1259","1259"
"126099","0.12065166980028152","0.12065166980028152","0.12065166980028152","1260","1260","1260"
"126199","0.11672654002904892","0.11672654002904892","0.11672654002904892","1261","1261","1261"
"126299","0.11511746048927307","0.11511746048927307","0.11511746048927307","1262","1262","1262"
"126399","0.11194681376218796","0.11194681376218796","0.11194681376218796","1263","1263","1263"
"126499","0.11472241580486298","0.11472241580486298","0.11472241580486298","1264","1264","1264"
"126599","0.11083278805017471","0.11083278805017471","0.11083278805017471","1265","1265","1265"
"126699","0.12114420533180237","0.12114420533180237","0.12114420533180237","1266","1266","1266"
"126799","0.12027475237846375","0.12027475237846375","0.12027475237846375","1267","1267","1267"
"126899","0.12145058065652847","0.12145058065652847","0.12145058065652847","1268","1268","1268"
"126999","0.11931896954774857","0.11931896954774857","0.11931896954774857","1269","1269","1269"
"127099","0.11605913192033768","0.11605913192033768","0.11605913192033768","1270","1270","1270"
"127199","0.11468139290809631","0.11468139290809631","0.11468139290809631","1271","1271","1271"
"127299","0.11069132387638092","0.11069132387638092","0.11069132387638092","1272","1272","1272"
"127399","0.12339562922716141","0.12339562922716141","0.12339562922716141","1273","1273","1273"
"127499","0.11834495514631271","0.11834495514631271","0.11834495514631271","1274","1274","1274"
"127599","0.11314302682876587","0.11314302682876587","0.11314302682876587","1275","1275","1275"
"127699","0.11852724105119705","0.11852724105119705","0.11852724105119705","1276","1276","1276"
"127799","0.1137608215212822","0.1137608215212822","0.1137608215212822","1277","1277","1277"
"127899","0.11275999993085861","0.11275999993085861","0.11275999993085861","1278","1278","1278"
"127999","0.11666418612003326","0.11666418612003326","0.11666418612003326","1279","1279","1279"
"128099","0.10929299145936966","0.10929299145936966","0.10929299145936966","1280","1280","1280"
"128199","0.11866102367639542","0.11866102367639542","0.11866102367639542","1281","1281","1281"
"128299","0.11845710873603821","0.11845710873603821","0.11845710873603821","1282","1282","1282"
"128399","0.1088237464427948","0.1088237464427948","0.1088237464427948","1283","1283","1283"
"128499","0.11659306287765503","0.11659306287765503","0.11659306287765503","1284","1284","1284"
"128599","0.11531870812177658","0.11531870812177658","0.11531870812177658","1285","1285","1285"
"128699","0.11391618847846985","0.11391618847846985","0.11391618847846985","1286","1286","1286"
"128799","0.1182059571146965","0.1182059571146965","0.1182059571146965","1287","1287","1287"
"128899","0.11136724054813385","0.11136724054813385","0.11136724054813385","1288","1288","1288"
"128999","0.12304946035146713","0.12304946035146713","0.12304946035146713","1289","1289","1289"
"129099","0.11507098376750946","0.11507098376750946","0.11507098376750946","1290","1290","1290"
"129199","0.1187657043337822","0.1187657043337822","0.1187657043337822","1291","1291","1291"
"129299","0.11653156578540802","0.11653156578540802","0.11653156578540802","1292","1292","1292"
"129399","0.11761900037527084","0.11761900037527084","0.11761900037527084","1293","1293","1293"
"129499","0.11518815904855728","0.11518815904855728","0.11518815904855728","1294","1294","1294"
"129599","0.12255413830280304","0.12255413830280304","0.12255413830280304","1295","1295","1295"
"129699","0.11877479404211044","0.11877479404211044","0.11877479404211044","1296","1296","1296"
"129799","0.11530592292547226","0.11530592292547226","0.11530592292547226","1297","1297","1297"
"129899","0.11457138508558273","0.11457138508558273","0.11457138508558273","1298","1298","1298"
"129999","0.12173326313495636","0.12173326313495636","0.12173326313495636","1299","1299","1299"
"130099","0.11241354048252106","0.11241354048252106","0.11241354048252106","1300","1300","1300"
"130199","0.12332139909267426","0.12332139909267426","0.12332139909267426","1301","1301","1301"
"130299","0.11361333727836609","0.11361333727836609","0.11361333727836609","1302","1302","1302"
"130399","0.10794328153133392","0.10794328153133392","0.10794328153133392","1303","1303","1303"
"130499","0.1179642453789711","0.1179642453789711","0.1179642453789711","1304","1304","1304"
"130599","0.11289723962545395","0.11289723962545395","0.11289723962545395","1305","1305","1305"
"130699","0.11190163344144821","0.11190163344144821","0.11190163344144821","1306","1306","1306"
"130799","0.11134375631809235","0.11134375631809235","0.11134375631809235","1307","1307","1307"
"130899","0.1141950935125351","0.1141950935125351","0.1141950935125351","1308","1308","1308"
"130999","0.11606734246015549","0.11606734246015549","0.11606734246015549","1309","1309","1309"
"131099","0.11026407033205032","0.11026407033205032","0.11026407033205032","1310","1310","1310"
"131199","0.113276407122612","0.113276407122612","0.113276407122612","1311","1311","1311"
"131299","0.11446648836135864","0.11446648836135864","0.11446648836135864","1312","1312","1312"
"131399","0.11608733236789703","0.11608733236789703","0.11608733236789703","1313","1313","1313"
"131499","0.10998983681201935","0.10998983681201935","0.10998983681201935","1314","1314","1314"
"131599","0.119293212890625","0.119293212890625","0.119293212890625","1315","1315","1315"
"131699","0.1201157346367836","0.1201157346367836","0.1201157346367836","1316","1316","1316"
"131799","0.10647938400506973","0.10647938400506973","0.10647938400506973","1317","1317","1317"
"131899","0.11558278650045395","0.11558278650045395","0.11558278650045395","1318","1318","1318"
"131999","0.11047592014074326","0.11047592014074326","0.11047592014074326","1319","1319","1319"
"132099","0.1214631199836731","0.1214631199836731","0.1214631199836731","1320","1320","1320"
"132199","0.11386759579181671","0.11386759579181671","0.11386759579181671","1321","1321","1321"
"132299","0.12137030810117722","0.12137030810117722","0.12137030810117722","1322","1322","1322"
"132399","0.11745800077915192","0.11745800077915192","0.11745800077915192","1323","1323","1323"
"132499","0.1075219064950943","0.1075219064950943","0.1075219064950943","1324","1324","1324"
"132599","0.11676695197820663","0.11676695197820663","0.11676695197820663","1325","1325","1325"
"132699","0.11086186021566391","0.11086186021566391","0.11086186021566391","1326","1326","1326"
"132799","0.11868037283420563","0.11868037283420563","0.11868037283420563","1327","1327","1327"
"132899","0.11720475554466248","0.11720475554466248","0.11720475554466248","1328","1328","1328"
"132999","0.11560536921024323","0.11560536921024323","0.11560536921024323","1329","1329","1329"
"133099","0.12241774052381516","0.12241774052381516","0.12241774052381516","1330","1330","1330"
"133199","0.1150248646736145","0.1150248646736145","0.1150248646736145","1331","1331","1331"
"133299","0.1115894764661789","0.1115894764661789","0.1115894764661789","1332","1332","1332"
"133399","0.11619805544614792","0.11619805544614792","0.11619805544614792","1333","1333","1333"
"133499","0.12189951539039612","0.12189951539039612","0.12189951539039612","1334","1334","1334"
"133599","0.11840517818927765","0.11840517818927765","0.11840517818927765","1335","1335","1335"
"133699","0.1168261393904686","0.1168261393904686","0.1168261393904686","1336","1336","1336"
"133799","0.11601509898900986","0.11601509898900986","0.11601509898900986","1337","1337","1337"
"133899","0.10905958712100983","0.10905958712100983","0.10905958712100983","1338","1338","1338"
"133999","0.11021397262811661","0.11021397262811661","0.11021397262811661","1339","1339","1339"
"134099","0.11793462187051773","0.11793462187051773","0.11793462187051773","1340","1340","1340"
"134199","0.11019842326641083","0.11019842326641083","0.11019842326641083","1341","1341","1341"
"134299","0.11323393881320953","0.11323393881320953","0.11323393881320953","1342","1342","1342"
"134399","0.11439629644155502","0.11439629644155502","0.11439629644155502","1343","1343","1343"
"134499","0.11829567700624466","0.11829567700624466","0.11829567700624466","1344","1344","1344"
"134599","0.11998970061540604","0.11998970061540604","0.11998970061540604","1345","1345","1345"
"134699","0.12073397636413574","0.12073397636413574","0.12073397636413574","1346","1346","1346"
"134799","0.12015677243471146","0.12015677243471146","0.12015677243471146","1347","1347","1347"
"134899","0.12001928687095642","0.12001928687095642","0.12001928687095642","1348","1348","1348"
"134999","0.11179399490356445","0.11179399490356445","0.11179399490356445","1349","1349","1349"
"135099","0.11809523403644562","0.11809523403644562","0.11809523403644562","1350","1350","1350"
"135199","0.11234544217586517","0.11234544217586517","0.11234544217586517","1351","1351","1351"
"135299","0.1217678040266037","0.1217678040266037","0.1217678040266037","1352","1352","1352"
"135399","0.11907775700092316","0.11907775700092316","0.11907775700092316","1353","1353","1353"
"135499","0.12211448699235916","0.12211448699235916","0.12211448699235916","1354","1354","1354"
"135599","0.11838852614164352","0.11838852614164352","0.11838852614164352","1355","1355","1355"
"135699","0.11146474629640579","0.11146474629640579","0.11146474629640579","1356","1356","1356"
"135799","0.10850958526134491","0.10850958526134491","0.10850958526134491","1357","1357","1357"
"135899","0.11466806381940842","0.11466806381940842","0.11466806381940842","1358","1358","1358"
"135999","0.11321240663528442","0.11321240663528442","0.11321240663528442","1359","1359","1359"
"136099","0.11362877488136292","0.11362877488136292","0.11362877488136292","1360","1360","1360"
"136199","0.11654976010322571","0.11654976010322571","0.11654976010322571","1361","1361","1361"
"136299","0.10956937074661255","0.10956937074661255","0.10956937074661255","1362","1362","1362"
"136399","0.12447649985551834","0.12447649985551834","0.12447649985551834","1363","1363","1363"
"136499","0.10932434350252151","0.10932434350252151","0.10932434350252151","1364","1364","1364"
"136599","0.1187116950750351","0.1187116950750351","0.1187116950750351","1365","1365","1365"
"136699","0.11865928769111633","0.11865928769111633","0.11865928769111633","1366","1366","1366"
"136799","0.11647725850343704","0.11647725850343704","0.11647725850343704","1367","1367","1367"
"136899","0.11543599516153336","0.11543599516153336","0.11543599516153336","1368","1368","1368"
"136999","0.11707062274217606","0.11707062274217606","0.11707062274217606","1369","1369","1369"
"137099","0.11508285254240036","0.11508285254240036","0.11508285254240036","1370","1370","1370"
"137199","0.1150292158126831","0.1150292158126831","0.1150292158126831","1371","1371","1371"
"137299","0.1181344985961914","0.1181344985961914","0.1181344985961914","1372","1372","1372"
"137399","0.11976828426122665","0.11976828426122665","0.11976828426122665","1373","1373","1373"
"137499","0.12128648161888123","0.12128648161888123","0.12128648161888123","1374","1374","1374"
"137599","0.11946061998605728","0.11946061998605728","0.11946061998605728","1375","1375","1375"
"137699","0.10987062007188797","0.10987062007188797","0.10987062007188797","1376","1376","1376"
"137799","0.11386926472187042","0.11386926472187042","0.11386926472187042","1377","1377","1377"
"137899","0.11579640954732895","0.11579640954732895","0.11579640954732895","1378","1378","1378"
"137999","0.12089414149522781","0.12089414149522781","0.12089414149522781","1379","1379","1379"
"138099","0.12123805284500122","0.12123805284500122","0.12123805284500122","1380","1380","1380"
"138199","0.1109633669257164","0.1109633669257164","0.1109633669257164","1381","1381","1381"
"138299","0.11531564593315125","0.11531564593315125","0.11531564593315125","1382","1382","1382"
"138399","0.11247275024652481","0.11247275024652481","0.11247275024652481","1383","1383","1383"
"138499","0.11479240655899048","0.11479240655899048","0.11479240655899048","1384","1384","1384"
"138599","0.11601600795984268","0.11601600795984268","0.11601600795984268","1385","1385","1385"
"138699","0.11352205276489258","0.11352205276489258","0.11352205276489258","1386","1386","1386"
"138799","0.11176450550556183","0.11176450550556183","0.11176450550556183","1387","1387","1387"
"138899","0.11381091922521591","0.11381091922521591","0.11381091922521591","1388","1388","1388"
"138999","0.1139044538140297","0.1139044538140297","0.1139044538140297","1389","1389","1389"
"139099","0.11365029960870743","0.11365029960870743","0.11365029960870743","1390","1390","1390"
"139199","0.11879440397024155","0.11879440397024155","0.11879440397024155","1391","1391","1391"
"139299","0.11933507770299911","0.11933507770299911","0.11933507770299911","1392","1392","1392"
"139399","0.1135980561375618","0.1135980561375618","0.1135980561375618","1393","1393","1393"
"139499","0.1201113909482956","0.1201113909482956","0.1201113909482956","1394","1394","1394"
"139599","0.11348678916692734","0.11348678916692734","0.11348678916692734","1395","1395","1395"
"139699","0.12019618600606918","0.12019618600606918","0.12019618600606918","1396","1396","1396"
"139799","0.12134705483913422","0.12134705483913422","0.12134705483913422","1397","1397","1397"
"139899","0.11654362082481384","0.11654362082481384","0.11654362082481384","1398","1398","1398"
"139999","0.11643221974372864","0.11643221974372864","0.11643221974372864","1399","1399","1399"
"140099","0.1171397790312767","0.1171397790312767","0.1171397790312767","1400","1400","1400"
"140199","0.1201593279838562","0.1201593279838562","0.1201593279838562","1401","1401","1401"
"140299","0.111821249127388","0.111821249127388","0.111821249127388","1402","1402","1402"
"140399","0.11520712822675705","0.11520712822675705","0.11520712822675705","1403","1403","1403"
"140499","0.12577098608016968","0.12577098608016968","0.12577098608016968","1404","1404","1404"
"140599","0.1187206506729126","0.1187206506729126","0.1187206506729126","1405","1405","1405"
"140699","0.11488602310419083","0.11488602310419083","0.11488602310419083","1406","1406","1406"
"140799","0.11383384466171265","0.11383384466171265","0.11383384466171265","1407","1407","1407"
"140899","0.11080548167228699","0.11080548167228699","0.11080548167228699","1408","1408","1408"
"140999","0.11355562508106232","0.11355562508106232","0.11355562508106232","1409","1409","1409"
"141099","0.11830144375562668","0.11830144375562668","0.11830144375562668","1410","1410","1410"
"141199","0.11878898739814758","0.11878898739814758","0.11878898739814758","1411","1411","1411"
"141299","0.11517541855573654","0.11517541855573654","0.11517541855573654","1412","1412","1412"
"141399","0.11451660096645355","0.11451660096645355","0.11451660096645355","1413","1413","1413"
"141499","0.11103065311908722","0.11103065311908722","0.11103065311908722","1414","1414","1414"
"141599","0.11589307337999344","0.11589307337999344","0.11589307337999344","1415","1415","1415"
"141699","0.10990650206804276","0.10990650206804276","0.10990650206804276","1416","1416","1416"
"141799","0.11375214904546738","0.11375214904546738","0.11375214904546738","1417","1417","1417"
"141899","0.1145746037364006","0.1145746037364006","0.1145746037364006","1418","1418","1418"
"141999","0.12133993953466415","0.12133993953466415","0.12133993953466415","1419","1419","1419"
"142099","0.11508563160896301","0.11508563160896301","0.11508563160896301","1420","1420","1420"
"142199","0.12006144225597382","0.12006144225597382","0.12006144225597382","1421","1421","1421"
"142299","0.12408247590065002","0.12408247590065002","0.12408247590065002","1422","1422","1422"
"142399","0.11708861589431763","0.11708861589431763","0.11708861589431763","1423","1423","1423"
"142499","0.11289789527654648","0.11289789527654648","0.11289789527654648","1424","1424","1424"
"142599","0.1135529950261116","0.1135529950261116","0.1135529950261116","1425","1425","1425"
"142699","0.11266355961561203","0.11266355961561203","0.11266355961561203","1426","1426","1426"
"142799","0.1142403706908226","0.1142403706908226","0.1142403706908226","1427","1427","1427"
"142899","0.11430420726537704","0.11430420726537704","0.11430420726537704","1428","1428","1428"
"142999","0.1135343387722969","0.1135343387722969","0.1135343387722969","1429","1429","1429"
"143099","0.1201399490237236","0.1201399490237236","0.1201399490237236","1430","1430","1430"
"143199","0.1178453266620636","0.1178453266620636","0.1178453266620636","1431","1431","1431"
"143299","0.11598722636699677","0.11598722636699677","0.11598722636699677","1432","1432","1432"
"143399","0.11670786142349243","0.11670786142349243","0.11670786142349243","1433","1433","1433"
"143499","0.11153598129749298","0.11153598129749298","0.11153598129749298","1434","1434","1434"
"143599","0.10918973386287689","0.10918973386287689","0.10918973386287689","1435","1435","1435"
"143699","0.11268072575330734","0.11268072575330734","0.11268072575330734","1436","1436","1436"
"143799","0.11766725033521652","0.11766725033521652","0.11766725033521652","1437","1437","1437"
"143899","0.12113181501626968","0.12113181501626968","0.12113181501626968","1438","1438","1438"
"143999","0.11342117935419083","0.11342117935419083","0.11342117935419083","1439","1439","1439"
"144099","0.1183658167719841","0.1183658167719841","0.1183658167719841","1440","1440","1440"
"144199","0.12195754051208496","0.12195754051208496","0.12195754051208496","1441","1441","1441"
"144299","0.12343616783618927","0.12343616783618927","0.12343616783618927","1442","1442","1442"
"144399","0.11319653689861298","0.11319653689861298","0.11319653689861298","1443","1443","1443"
"144499","0.11969202011823654","0.11969202011823654","0.11969202011823654","1444","1444","1444"
"144599","0.1108289361000061","0.1108289361000061","0.1108289361000061","1445","1445","1445"
"144699","0.11702229082584381","0.11702229082584381","0.11702229082584381","1446","1446","1446"
"144799","0.11676204204559326","0.11676204204559326","0.11676204204559326","1447","1447","1447"
"144899","0.10994468629360199","0.10994468629360199","0.10994468629360199","1448","1448","1448"
"144999","0.11569283902645111","0.11569283902645111","0.11569283902645111","1449","1449","1449"
"145099","0.11239489912986755","0.11239489912986755","0.11239489912986755","1450","1450","1450"
"145199","0.11861009150743484","0.11861009150743484","0.11861009150743484","1451","1451","1451"
"145299","0.11874406039714813","0.11874406039714813","0.11874406039714813","1452","1452","1452"
"145399","0.11280057579278946","0.11280057579278946","0.11280057579278946","1453","1453","1453"
"145499","0.11254874616861343","0.11254874616861343","0.11254874616861343","1454","1454","1454"
"145599","0.11310124397277832","0.11310124397277832","0.11310124397277832","1455","1455","1455"
"145699","0.10698675364255905","0.10698675364255905","0.10698675364255905","1456","1456","1456"
"145799","0.11309174448251724","0.11309174448251724","0.11309174448251724","1457","1457","1457"
"145899","0.11614227294921875","0.11614227294921875","0.11614227294921875","1458","1458","1458"
"145999","0.11884299665689468","0.11884299665689468","0.11884299665689468","1459","1459","1459"
"146099","0.11245650798082352","0.11245650798082352","0.11245650798082352","1460","1460","1460"
"146199","0.12129755318164825","0.12129755318164825","0.12129755318164825","1461","1461","1461"
"146299","0.11202529817819595","0.11202529817819595","0.11202529817819595","1462","1462","1462"
"146399","0.11325681954622269","0.11325681954622269","0.11325681954622269","1463","1463","1463"
"146499","0.11366980522871017","0.11366980522871017","0.11366980522871017","1464","1464","1464"
"146599","0.11811278760433197","0.11811278760433197","0.11811278760433197","1465","1465","1465"
"146699","0.11951982229948044","0.11951982229948044","0.11951982229948044","1466","1466","1466"
"146799","0.10807231068611145","0.10807231068611145","0.10807231068611145","1467","1467","1467"
"146899","0.11323518306016922","0.11323518306016922","0.11323518306016922","1468","1468","1468"
"146999","0.1213790699839592","0.1213790699839592","0.1213790699839592","1469","1469","1469"
"147099","0.11566722393035889","0.11566722393035889","0.11566722393035889","1470","1470","1470"
"147199","0.11741266399621964","0.11741266399621964","0.11741266399621964","1471","1471","1471"
"147299","0.12121757119894028","0.12121757119894028","0.12121757119894028","1472","1472","1472"
"147399","0.11816325783729553","0.11816325783729553","0.11816325783729553","1473","1473","1473"
"147499","0.11620434373617172","0.11620434373617172","0.11620434373617172","1474","1474","1474"
"147599","0.11112920194864273","0.11112920194864273","0.11112920194864273","1475","1475","1475"
"147699","0.11537350714206696","0.11537350714206696","0.11537350714206696","1476","1476","1476"
"147799","0.11635808646678925","0.11635808646678925","0.11635808646678925","1477","1477","1477"
"147899","0.12164003401994705","0.12164003401994705","0.12164003401994705","1478","1478","1478"
"147999","0.11174265295267105","0.11174265295267105","0.11174265295267105","1479","1479","1479"
"148099","0.11274802684783936","0.11274802684783936","0.11274802684783936","1480","1480","1480"
"148199","0.11873803287744522","0.11873803287744522","0.11873803287744522","1481","1481","1481"
"148299","0.11981116235256195","0.11981116235256195","0.11981116235256195","1482","1482","1482"
"148399","0.116839200258255","0.116839200258255","0.116839200258255","1483","1483","1483"
"148499","0.11594906449317932","0.11594906449317932","0.11594906449317932","1484","1484","1484"
"148599","0.11612895876169205","0.11612895876169205","0.11612895876169205","1485","1485","1485"
"148699","0.1149614155292511","0.1149614155292511","0.1149614155292511","1486","1486","1486"
"148799","0.12187831848859787","0.12187831848859787","0.12187831848859787","1487","1487","1487"
"148899","0.11139115691184998","0.11139115691184998","0.11139115691184998","1488","1488","1488"
"148999","0.11240382492542267","0.11240382492542267","0.11240382492542267","1489","1489","1489"
"149099","0.11316221952438354","0.11316221952438354","0.11316221952438354","1490","1490","1490"
"149199","0.11699247360229492","0.11699247360229492","0.11699247360229492","1491","1491","1491"
"149299","0.11968956142663956","0.11968956142663956","0.11968956142663956","1492","1492","1492"
"149399","0.11350090056657791","0.11350090056657791","0.11350090056657791","1493","1493","1493"
"149499","0.11731450259685516","0.11731450259685516","0.11731450259685516","1494","1494","1494"
"149599","0.11029363423585892","0.11029363423585892","0.11029363423585892","1495","1495","1495"
"149699","0.11729534715414047","0.11729534715414047","0.11729534715414047","1496","1496","1496"
"149799","0.11445117741823196","0.11445117741823196","0.11445117741823196","1497","1497","1497"
"149899","0.1164841428399086","0.1164841428399086","0.1164841428399086","1498","1498","1498"
"149999","0.11917847394943237","0.11917847394943237","0.11917847394943237","1499","1499","1499"
"150099","0.11807136237621307","0.11807136237621307","0.11807136237621307","1500","1500","1500"
"150199","0.11826813966035843","0.11826813966035843","0.11826813966035843","1501","1501","1501"
"150299","0.10966208577156067","0.10966208577156067","0.10966208577156067","1502","1502","1502"
"150399","0.1171337142586708","0.1171337142586708","0.1171337142586708","1503","1503","1503"
"150499","0.1181662380695343","0.1181662380695343","0.1181662380695343","1504","1504","1504"
"150599","0.11443348973989487","0.11443348973989487","0.11443348973989487","1505","1505","1505"
"150699","0.11324773728847504","0.11324773728847504","0.11324773728847504","1506","1506","1506"
"150799","0.11830728501081467","0.11830728501081467","0.11830728501081467","1507","1507","1507"
"150899","0.11400184780359268","0.11400184780359268","0.11400184780359268","1508","1508","1508"
"150999","0.11953003704547882","0.11953003704547882","0.11953003704547882","1509","1509","1509"
"151099","0.11587508022785187","0.11587508022785187","0.11587508022785187","1510","1510","1510"
"151199","0.11345668137073517","0.11345668137073517","0.11345668137073517","1511","1511","1511"
"151299","0.11009077727794647","0.11009077727794647","0.11009077727794647","1512","1512","1512"
"151399","0.1213289201259613","0.1213289201259613","0.1213289201259613","1513","1513","1513"
"151499","0.11636777967214584","0.11636777967214584","0.11636777967214584","1514","1514","1514"
"151599","0.11291182786226273","0.11291182786226273","0.11291182786226273","1515","1515","1515"
"151699","0.11321505159139633","0.11321505159139633","0.11321505159139633","1516","1516","1516"
"151799","0.12022499740123749","0.12022499740123749","0.12022499740123749","1517","1517","1517"
"151899","0.12226159125566483","0.12226159125566483","0.12226159125566483","1518","1518","1518"
"151999","0.11266924440860748","0.11266924440860748","0.11266924440860748","1519","1519","1519"
"152099","0.1209535226225853","0.1209535226225853","0.1209535226225853","1520","1520","1520"
"152199","0.12133430689573288","0.12133430689573288","0.12133430689573288","1521","1521","1521"
"152299","0.1107010766863823","0.1107010766863823","0.1107010766863823","1522","1522","1522"
"152399","0.11362362653017044","0.11362362653017044","0.11362362653017044","1523","1523","1523"
"152499","0.11968641728162766","0.11968641728162766","0.11968641728162766","1524","1524","1524"
"152599","0.10881199687719345","0.10881199687719345","0.10881199687719345","1525","1525","1525"
"152699","0.12284249812364578","0.12284249812364578","0.12284249812364578","1526","1526","1526"
"152799","0.11770285665988922","0.11770285665988922","0.11770285665988922","1527","1527","1527"
"152899","0.11309164762496948","0.11309164762496948","0.11309164762496948","1528","1528","1528"
"152999","0.11516311019659042","0.11516311019659042","0.11516311019659042","1529","1529","1529"
"153099","0.11310208588838577","0.11310208588838577","0.11310208588838577","1530","1530","1530"
"153199","0.11261880397796631","0.11261880397796631","0.11261880397796631","1531","1531","1531"
"153299","0.11169952899217606","0.11169952899217606","0.11169952899217606","1532","1532","1532"
"153399","0.11827690154314041","0.11827690154314041","0.11827690154314041","1533","1533","1533"
"153499","0.11329182982444763","0.11329182982444763","0.11329182982444763","1534","1534","1534"
"153599","0.11514462530612946","0.11514462530612946","0.11514462530612946","1535","1535","1535"
"153699","0.11192615330219269","0.11192615330219269","0.11192615330219269","1536","1536","1536"
"153799","0.11303622275590897","0.11303622275590897","0.11303622275590897","1537","1537","1537"
"153899","0.11747065931558609","0.11747065931558609","0.11747065931558609","1538","1538","1538"
"153999","0.11848083138465881","0.11848083138465881","0.11848083138465881","1539","1539","1539"
"154099","0.12165411561727524","0.12165411561727524","0.12165411561727524","1540","1540","1540"
"154199","0.11703738570213318","0.11703738570213318","0.11703738570213318","1541","1541","1541"
"154299","0.1154521256685257","0.1154521256685257","0.1154521256685257","1542","1542","1542"
"154399","0.11402176320552826","0.11402176320552826","0.11402176320552826","1543","1543","1543"
"154499","0.11261969059705734","0.11261969059705734","0.11261969059705734","1544","1544","1544"
"154599","0.11974003911018372","0.11974003911018372","0.11974003911018372","1545","1545","1545"
"154699","0.1172223910689354","0.1172223910689354","0.1172223910689354","1546","1546","1546"
"154799","0.12076546996831894","0.12076546996831894","0.12076546996831894","1547","1547","1547"
"154899","0.11866333335638046","0.11866333335638046","0.11866333335638046","1548","1548","1548"
"154999","0.12096314877271652","0.12096314877271652","0.12096314877271652","1549","1549","1549"
"155099","0.12027519196271896","0.12027519196271896","0.12027519196271896","1550","1550","1550"
"155199","0.11546031385660172","0.11546031385660172","0.11546031385660172","1551","1551","1551"
"155299","0.11607041954994202","0.11607041954994202","0.11607041954994202","1552","1552","1552"
"155399","0.11612303555011749","0.11612303555011749","0.11612303555011749","1553","1553","1553"
"155499","0.11761512607336044","0.11761512607336044","0.11761512607336044","1554","1554","1554"
"155599","0.12221433967351913","0.12221433967351913","0.12221433967351913","1555","1555","1555"
"155699","0.11258131265640259","0.11258131265640259","0.11258131265640259","1556","1556","1556"
"155799","0.11901560425758362","0.11901560425758362","0.11901560425758362","1557","1557","1557"
"155899","0.11939326673746109","0.11939326673746109","0.11939326673746109","1558","1558","1558"
"155999","0.12152065336704254","0.12152065336704254","0.12152065336704254","1559","1559","1559"
"156099","0.11555944383144379","0.11555944383144379","0.11555944383144379","1560","1560","1560"
"156199","0.11604288220405579","0.11604288220405579","0.11604288220405579","1561","1561","1561"
"156299","0.12185202538967133","0.12185202538967133","0.12185202538967133","1562","1562","1562"
"156399","0.11971119046211243","0.11971119046211243","0.11971119046211243","1563","1563","1563"
"156499","0.11675617843866348","0.11675617843866348","0.11675617843866348","1564","1564","1564"
"156599","0.11110744625329971","0.11110744625329971","0.11110744625329971","1565","1565","1565"
"156699","0.11308947950601578","0.11308947950601578","0.11308947950601578","1566","1566","1566"
"156799","0.11567719280719757","0.11567719280719757","0.11567719280719757","1567","1567","1567"
"156899","0.11669321358203888","0.11669321358203888","0.11669321358203888","1568","1568","1568"
"156999","0.11736130714416504","0.11736130714416504","0.11736130714416504","1569","1569","1569"
"157099","0.11557601392269135","0.11557601392269135","0.11557601392269135","1570","1570","1570"
"157199","0.1085825264453888","0.1085825264453888","0.1085825264453888","1571","1571","1571"
"157299","0.11625943332910538","0.11625943332910538","0.11625943332910538","1572","1572","1572"
"157399","0.11187086254358292","0.11187086254358292","0.11187086254358292","1573","1573","1573"
"157499","0.11555549502372742","0.11555549502372742","0.11555549502372742","1574","1574","1574"
"157599","0.11158926039934158","0.11158926039934158","0.11158926039934158","1575","1575","1575"
"157699","0.11648707091808319","0.11648707091808319","0.11648707091808319","1576","1576","1576"
"157799","0.12046948075294495","0.12046948075294495","0.12046948075294495","1577","1577","1577"
"157899","0.11699815839529037","0.11699815839529037","0.11699815839529037","1578","1578","1578"
"157999","0.11566238850355148","0.11566238850355148","0.11566238850355148","1579","1579","1579"
"158099","0.11537676304578781","0.11537676304578781","0.11537676304578781","1580","1580","1580"
"158199","0.11917855590581894","0.11917855590581894","0.11917855590581894","1581","1581","1581"
"158299","0.11920981109142303","0.11920981109142303","0.11920981109142303","1582","1582","1582"
"158399","0.11972193419933319","0.11972193419933319","0.11972193419933319","1583","1583","1583"
"158499","0.11762712150812149","0.11762712150812149","0.11762712150812149","1584","1584","1584"
"158599","0.11202490329742432","0.11202490329742432","0.11202490329742432","1585","1585","1585"
"158699","0.11598329991102219","0.11598329991102219","0.11598329991102219","1586","1586","1586"
"158799","0.11548846960067749","0.11548846960067749","0.11548846960067749","1587","1587","1587"
"158899","0.11498673260211945","0.11498673260211945","0.11498673260211945","1588","1588","1588"
"158999","0.11106251925230026","0.11106251925230026","0.11106251925230026","1589","1589","1589"
"159099","0.10829682648181915","0.10829682648181915","0.10829682648181915","1590","1590","1590"
"159199","0.11550893634557724","0.11550893634557724","0.11550893634557724","1591","1591","1591"
"159299","0.11161535233259201","0.11161535233259201","0.11161535233259201","1592","1592","1592"
"159399","0.11817948520183563","0.11817948520183563","0.11817948520183563","1593","1593","1593"
"159499","0.10561288893222809","0.10561288893222809","0.10561288893222809","1594","1594","1594"
"159599","0.1072114109992981","0.1072114109992981","0.1072114109992981","1595","1595","1595"
"159699","0.11280863732099533","0.11280863732099533","0.11280863732099533","1596","1596","1596"
"159799","0.11504309624433517","0.11504309624433517","0.11504309624433517","1597","1597","1597"
"159899","0.11740142107009888","0.11740142107009888","0.11740142107009888","1598","1598","1598"
"159999","0.1145293116569519","0.1145293116569519","0.1145293116569519","1599","1599","1599"
"160099","0.12001685798168182","0.12001685798168182","0.12001685798168182","1600","1600","1600"
"160199","0.11172831058502197","0.11172831058502197","0.11172831058502197","1601","1601","1601"
"160299","0.12120220065116882","0.12120220065116882","0.12120220065116882","1602","1602","1602"
"160399","0.12000028789043427","0.12000028789043427","0.12000028789043427","1603","1603","1603"
"160499","0.11828524619340897","0.11828524619340897","0.11828524619340897","1604","1604","1604"
"160599","0.1097782552242279","0.1097782552242279","0.1097782552242279","1605","1605","1605"
"160699","0.11428482830524445","0.11428482830524445","0.11428482830524445","1606","1606","1606"
"160799","0.10917897522449493","0.10917897522449493","0.10917897522449493","1607","1607","1607"
"160899","0.11069052666425705","0.11069052666425705","0.11069052666425705","1608","1608","1608"
"160999","0.11324989050626755","0.11324989050626755","0.11324989050626755","1609","1609","1609"
"161099","0.11543596535921097","0.11543596535921097","0.11543596535921097","1610","1610","1610"
"161199","0.11737015098333359","0.11737015098333359","0.11737015098333359","1611","1611","1611"
"161299","0.11588259786367416","0.11588259786367416","0.11588259786367416","1612","1612","1612"
"161399","0.12006238847970963","0.12006238847970963","0.12006238847970963","1613","1613","1613"
"161499","0.12001068890094757","0.12001068890094757","0.12001068890094757","1614","1614","1614"
"161599","0.115805484354496","0.115805484354496","0.115805484354496","1615","1615","1615"
"161699","0.11711964011192322","0.11711964011192322","0.11711964011192322","1616","1616","1616"
"161799","0.11687053740024567","0.11687053740024567","0.11687053740024567","1617","1617","1617"
"161899","0.11383035033941269","0.11383035033941269","0.11383035033941269","1618","1618","1618"
"161999","0.11221019923686981","0.11221019923686981","0.11221019923686981","1619","1619","1619"
"162099","0.11825322359800339","0.11825322359800339","0.11825322359800339","1620","1620","1620"
"162199","0.11987602710723877","0.11987602710723877","0.11987602710723877","1621","1621","1621"
"162299","0.1147570013999939","0.1147570013999939","0.1147570013999939","1622","1622","1622"
"162399","0.11961708962917328","0.11961708962917328","0.11961708962917328","1623","1623","1623"
"162499","0.11207444965839386","0.11207444965839386","0.11207444965839386","1624","1624","1624"
"162599","0.12148144096136093","0.12148144096136093","0.12148144096136093","1625","1625","1625"
"162699","0.11876529455184937","0.11876529455184937","0.11876529455184937","1626","1626","1626"
"162799","0.11357678472995758","0.11357678472995758","0.11357678472995758","1627","1627","1627"
"162899","0.12187584489583969","0.12187584489583969","0.12187584489583969","1628","1628","1628"
"162999","0.11995822936296463","0.11995822936296463","0.11995822936296463","1629","1629","1629"
"163099","0.10834787786006927","0.10834787786006927","0.10834787786006927","1630","1630","1630"
"163199","0.11569757759571075","0.11569757759571075","0.11569757759571075","1631","1631","1631"
"163299","0.11878006160259247","0.11878006160259247","0.11878006160259247","1632","1632","1632"
"163399","0.11686331778764725","0.11686331778764725","0.11686331778764725","1633","1633","1633"
"163499","0.11276279389858246","0.11276279389858246","0.11276279389858246","1634","1634","1634"
"163599","0.11595897376537323","0.11595897376537323","0.11595897376537323","1635","1635","1635"
"163699","0.11317836493253708","0.11317836493253708","0.11317836493253708","1636","1636","1636"
"163799","0.1201365739107132","0.1201365739107132","0.1201365739107132","1637","1637","1637"
"163899","0.11748269200325012","0.11748269200325012","0.11748269200325012","1638","1638","1638"
"163999","0.11633946001529694","0.11633946001529694","0.11633946001529694","1639","1639","1639"
"164099","0.11779665946960449","0.11779665946960449","0.11779665946960449","1640","1640","1640"
"164199","0.11596354097127914","0.11596354097127914","0.11596354097127914","1641","1641","1641"
"164299","0.11959215253591537","0.11959215253591537","0.11959215253591537","1642","1642","1642"
"164399","0.11815181374549866","0.11815181374549866","0.11815181374549866","1643","1643","1643"
"164499","0.11775584518909454","0.11775584518909454","0.11775584518909454","1644","1644","1644"
"164599","0.11572421342134476","0.11572421342134476","0.11572421342134476","1645","1645","1645"
"164699","0.12312059849500656","0.12312059849500656","0.12312059849500656","1646","1646","1646"
"164799","0.11691612005233765","0.11691612005233765","0.11691612005233765","1647","1647","1647"
"164899","0.11145235598087311","0.11145235598087311","0.11145235598087311","1648","1648","1648"
"164999","0.11106882989406586","0.11106882989406586","0.11106882989406586","1649","1649","1649"
"165099","0.1132199689745903","0.1132199689745903","0.1132199689745903","1650","1650","1650"
"165199","0.113843634724617","0.113843634724617","0.113843634724617","1651","1651","1651"
"165299","0.116001196205616","0.116001196205616","0.116001196205616","1652","1652","1652"
"165399","0.11964897811412811","0.11964897811412811","0.11964897811412811","1653","1653","1653"
"165499","0.1186952069401741","0.1186952069401741","0.1186952069401741","1654","1654","1654"
"165599","0.11582588404417038","0.11582588404417038","0.11582588404417038","1655","1655","1655"
"165699","0.1191016435623169","0.1191016435623169","0.1191016435623169","1656","1656","1656"
"165799","0.11438626796007156","0.11438626796007156","0.11438626796007156","1657","1657","1657"
"165899","0.11732800304889679","0.11732800304889679","0.11732800304889679","1658","1658","1658"
"165999","0.11665637046098709","0.11665637046098709","0.11665637046098709","1659","1659","1659"
"166099","0.11850640177726746","0.11850640177726746","0.11850640177726746","1660","1660","1660"
"166199","0.11301184445619583","0.11301184445619583","0.11301184445619583","1661","1661","1661"
"166299","0.11527859419584274","0.11527859419584274","0.11527859419584274","1662","1662","1662"
"166399","0.11743432283401489","0.11743432283401489","0.11743432283401489","1663","1663","1663"
"166499","0.11366847157478333","0.11366847157478333","0.11366847157478333","1664","1664","1664"
"166599","0.11234451085329056","0.11234451085329056","0.11234451085329056","1665","1665","1665"
"166699","0.11576597392559052","0.11576597392559052","0.11576597392559052","1666","1666","1666"
"166799","0.1078571304678917","0.1078571304678917","0.1078571304678917","1667","1667","1667"
"166899","0.11437022686004639","0.11437022686004639","0.11437022686004639","1668","1668","1668"
"166999","0.11350418627262115","0.11350418627262115","0.11350418627262115","1669","1669","1669"
"167099","0.1144930049777031","0.1144930049777031","0.1144930049777031","1670","1670","1670"
"167199","0.11917433887720108","0.11917433887720108","0.11917433887720108","1671","1671","1671"
"167299","0.11477357894182205","0.11477357894182205","0.11477357894182205","1672","1672","1672"
"167399","0.11467406153678894","0.11467406153678894","0.11467406153678894","1673","1673","1673"
"167499","0.11854178458452225","0.11854178458452225","0.11854178458452225","1674","1674","1674"
"167599","0.11594679206609726","0.11594679206609726","0.11594679206609726","1675","1675","1675"
"167699","0.11158479005098343","0.11158479005098343","0.11158479005098343","1676","1676","1676"
"167799","0.11826083809137344","0.11826083809137344","0.11826083809137344","1677","1677","1677"
"167899","0.11264816671609879","0.11264816671609879","0.11264816671609879","1678","1678","1678"
"167999","0.11637632548809052","0.11637632548809052","0.11637632548809052","1679","1679","1679"
"168099","0.11186645925045013","0.11186645925045013","0.11186645925045013","1680","1680","1680"
"168199","0.1161782443523407","0.1161782443523407","0.1161782443523407","1681","1681","1681"
"168299","0.12070027738809586","0.12070027738809586","0.12070027738809586","1682","1682","1682"
"168399","0.12329927086830139","0.12329927086830139","0.12329927086830139","1683","1683","1683"
"168499","0.1198914498090744","0.1198914498090744","0.1198914498090744","1684","1684","1684"
"168599","0.1150486171245575","0.1150486171245575","0.1150486171245575","1685","1685","1685"
"168699","0.1189325675368309","0.1189325675368309","0.1189325675368309","1686","1686","1686"
"168799","0.11814660578966141","0.11814660578966141","0.11814660578966141","1687","1687","1687"
"168899","0.11639844626188278","0.11639844626188278","0.11639844626188278","1688","1688","1688"
"168999","0.11578098684549332","0.11578098684549332","0.11578098684549332","1689","1689","1689"
"169099","0.11730515211820602","0.11730515211820602","0.11730515211820602","1690","1690","1690"
"169199","0.11783013492822647","0.11783013492822647","0.11783013492822647","1691","1691","1691"
"169299","0.10189133137464523","0.10189133137464523","0.10189133137464523","1692","1692","1692"
"169399","0.11512257158756256","0.11512257158756256","0.11512257158756256","1693","1693","1693"
"169499","0.11925175786018372","0.11925175786018372","0.11925175786018372","1694","1694","1694"
"169599","0.11365152150392532","0.11365152150392532","0.11365152150392532","1695","1695","1695"
"169699","0.11195319145917892","0.11195319145917892","0.11195319145917892","1696","1696","1696"
"169799","0.11725413799285889","0.11725413799285889","0.11725413799285889","1697","1697","1697"
"169899","0.11631300300359726","0.11631300300359726","0.11631300300359726","1698","1698","1698"
"169999","0.11208455264568329","0.11208455264568329","0.11208455264568329","1699","1699","1699"
"170099","0.12159887701272964","0.12159887701272964","0.12159887701272964","1700","1700","1700"
"170199","0.11655478179454803","0.11655478179454803","0.11655478179454803","1701","1701","1701"
"170299","0.10898524522781372","0.10898524522781372","0.10898524522781372","1702","1702","1702"
"170399","0.1117258220911026","0.1117258220911026","0.1117258220911026","1703","1703","1703"
"170499","0.1133006364107132","0.1133006364107132","0.1133006364107132","1704","1704","1704"
"170599","0.12095247954130173","0.12095247954130173","0.12095247954130173","1705","1705","1705"
"170699","0.12469282746315002","0.12469282746315002","0.12469282746315002","1706","1706","1706"
"170799","0.11656559258699417","0.11656559258699417","0.11656559258699417","1707","1707","1707"
"170899","0.11176031082868576","0.11176031082868576","0.11176031082868576","1708","1708","1708"
"170999","0.1127900704741478","0.1127900704741478","0.1127900704741478","1709","1709","1709"
"171099","0.11126364767551422","0.11126364767551422","0.11126364767551422","1710","1710","1710"
"171199","0.11574775725603104","0.11574775725603104","0.11574775725603104","1711","1711","1711"
"171299","0.11238043755292892","0.11238043755292892","0.11238043755292892","1712","1712","1712"
"171399","0.11003640294075012","0.11003640294075012","0.11003640294075012","1713","1713","1713"
"171499","0.11587740480899811","0.11587740480899811","0.11587740480899811","1714","1714","1714"
"171599","0.12232494354248047","0.12232494354248047","0.12232494354248047","1715","1715","1715"
"171699","0.11670300364494324","0.11670300364494324","0.11670300364494324","1716","1716","1716"
"171799","0.11875128000974655","0.11875128000974655","0.11875128000974655","1717","1717","1717"
"171899","0.1157728061079979","0.1157728061079979","0.1157728061079979","1718","1718","1718"
"171999","0.1132856085896492","0.1132856085896492","0.1132856085896492","1719","1719","1719"
"172099","0.1084400862455368","0.1084400862455368","0.1084400862455368","1720","1720","1720"
"172199","0.11630827188491821","0.11630827188491821","0.11630827188491821","1721","1721","1721"
"172299","0.11890871077775955","0.11890871077775955","0.11890871077775955","1722","1722","1722"
"172399","0.11419208347797394","0.11419208347797394","0.11419208347797394","1723","1723","1723"
"172499","0.11479288339614868","0.11479288339614868","0.11479288339614868","1724","1724","1724"
"172599","0.11647038906812668","0.11647038906812668","0.11647038906812668","1725","1725","1725"
"172699","0.11740069836378098","0.11740069836378098","0.11740069836378098","1726","1726","1726"
"172799","0.11164350062608719","0.11164350062608719","0.11164350062608719","1727","1727","1727"
"172899","0.12186970561742783","0.12186970561742783","0.12186970561742783","1728","1728","1728"
"172999","0.1167028546333313","0.1167028546333313","0.1167028546333313","1729","1729","1729"
"173099","0.11303604394197464","0.11303604394197464","0.11303604394197464","1730","1730","1730"
"173199","0.12254505604505539","0.12254505604505539","0.12254505604505539","1731","1731","1731"
"173299","0.10873647034168243","0.10873647034168243","0.10873647034168243","1732","1732","1732"
"173399","0.11568938940763474","0.11568938940763474","0.11568938940763474","1733","1733","1733"
"173499","0.12697957456111908","0.12697957456111908","0.12697957456111908","1734","1734","1734"
"173599","0.11043640226125717","0.11043640226125717","0.11043640226125717","1735","1735","1735"
"173699","0.11612220108509064","0.11612220108509064","0.11612220108509064","1736","1736","1736"
"173799","0.1132669746875763","0.1132669746875763","0.1132669746875763","1737","1737","1737"
"173899","0.11328684538602829","0.11328684538602829","0.11328684538602829","1738","1738","1738"
"173999","0.11158444732427597","0.11158444732427597","0.11158444732427597","1739","1739","1739"
"174099","0.11567998677492142","0.11567998677492142","0.11567998677492142","1740","1740","1740"
"174199","0.11171950399875641","0.11171950399875641","0.11171950399875641","1741","1741","1741"
"174299","0.11653697490692139","0.11653697490692139","0.11653697490692139","1742","1742","1742"
"174399","0.11012732982635498","0.11012732982635498","0.11012732982635498","1743","1743","1743"
"174499","0.11515603214502335","0.11515603214502335","0.11515603214502335","1744","1744","1744"
"174599","0.11635460704565048","0.11635460704565048","0.11635460704565048","1745","1745","1745"
"174699","0.11509169638156891","0.11509169638156891","0.11509169638156891","1746","1746","1746"
"174799","0.11320079863071442","0.11320079863071442","0.11320079863071442","1747","1747","1747"
"174899","0.11720552295446396","0.11720552295446396","0.11720552295446396","1748","1748","1748"
"174999","0.10849258303642273","0.10849258303642273","0.10849258303642273","1749","1749","1749"
"175099","0.12299168854951859","0.12299168854951859","0.12299168854951859","1750","1750","1750"
"175199","0.11790122091770172","0.11790122091770172","0.11790122091770172","1751","1751","1751"
"175299","0.11480138450860977","0.11480138450860977","0.11480138450860977","1752","1752","1752"
"175399","0.11437539756298065","0.11437539756298065","0.11437539756298065","1753","1753","1753"
"175499","0.12311291694641113","0.12311291694641113","0.12311291694641113","1754","1754","1754"
"175599","0.11189865320920944","0.11189865320920944","0.11189865320920944","1755","1755","1755"
"175699","0.11255034804344177","0.11255034804344177","0.11255034804344177","1756","1756","1756"
"175799","0.11441875249147415","0.11441875249147415","0.11441875249147415","1757","1757","1757"
"175899","0.10788366198539734","0.10788366198539734","0.10788366198539734","1758","1758","1758"
"175999","0.11210004985332489","0.11210004985332489","0.11210004985332489","1759","1759","1759"
"176099","0.11337742209434509","0.11337742209434509","0.11337742209434509","1760","1760","1760"
"176199","0.11671020835638046","0.11671020835638046","0.11671020835638046","1761","1761","1761"
"176299","0.11276143789291382","0.11276143789291382","0.11276143789291382","1762","1762","1762"
"176399","0.11408025026321411","0.11408025026321411","0.11408025026321411","1763","1763","1763"
"176499","0.11073800176382065","0.11073800176382065","0.11073800176382065","1764","1764","1764"
"176599","0.11677846312522888","0.11677846312522888","0.11677846312522888","1765","1765","1765"
"176699","0.11445538699626923","0.11445538699626923","0.11445538699626923","1766","1766","1766"
"176799","0.12359944730997086","0.12359944730997086","0.12359944730997086","1767","1767","1767"
"176899","0.11713728308677673","0.11713728308677673","0.11713728308677673","1768","1768","1768"
"176999","0.11729282140731812","0.11729282140731812","0.11729282140731812","1769","1769","1769"
"177099","0.11727702617645264","0.11727702617645264","0.11727702617645264","1770","1770","1770"
"177199","0.11675000190734863","0.11675000190734863","0.11675000190734863","1771","1771","1771"
"177299","0.11507394909858704","0.11507394909858704","0.11507394909858704","1772","1772","1772"
"177399","0.10811654478311539","0.10811654478311539","0.10811654478311539","1773","1773","1773"
"177499","0.11649828404188156","0.11649828404188156","0.11649828404188156","1774","1774","1774"
"177599","0.11897199600934982","0.11897199600934982","0.11897199600934982","1775","1775","1775"
"177699","0.11524997651576996","0.11524997651576996","0.11524997651576996","1776","1776","1776"
"177799","0.12203747034072876","0.12203747034072876","0.12203747034072876","1777","1777","1777"
"177899","0.11336293071508408","0.11336293071508408","0.11336293071508408","1778","1778","1778"
"177999","0.11882507055997849","0.11882507055997849","0.11882507055997849","1779","1779","1779"
"178099","0.11538617312908173","0.11538617312908173","0.11538617312908173","1780","1780","1780"
"178199","0.1170569658279419","0.1170569658279419","0.1170569658279419","1781","1781","1781"
"178299","0.11543566733598709","0.11543566733598709","0.11543566733598709","1782","1782","1782"
"178399","0.12101393938064575","0.12101393938064575","0.12101393938064575","1783","1783","1783"
"178499","0.12006887048482895","0.12006887048482895","0.12006887048482895","1784","1784","1784"
"178599","0.11383051425218582","0.11383051425218582","0.11383051425218582","1785","1785","1785"
"178699","0.11581813544034958","0.11581813544034958","0.11581813544034958","1786","1786","1786"
"178799","0.11069706827402115","0.11069706827402115","0.11069706827402115","1787","1787","1787"
"178899","0.1201695129275322","0.1201695129275322","0.1201695129275322","1788","1788","1788"
"178999","0.11885694414377213","0.11885694414377213","0.11885694414377213","1789","1789","1789"
"179099","0.11310625076293945","0.11310625076293945","0.11310625076293945","1790","1790","1790"
"179199","0.11573129892349243","0.11573129892349243","0.11573129892349243","1791","1791","1791"
"179299","0.11653786897659302","0.11653786897659302","0.11653786897659302","1792","1792","1792"
"179399","0.11676416546106339","0.11676416546106339","0.11676416546106339","1793","1793","1793"
"179499","0.11795120686292648","0.11795120686292648","0.11795120686292648","1794","1794","1794"
"179599","0.11290613561868668","0.11290613561868668","0.11290613561868668","1795","1795","1795"
"179699","0.1256761997938156","0.1256761997938156","0.1256761997938156","1796","1796","1796"
"179799","0.10759647935628891","0.10759647935628891","0.10759647935628891","1797","1797","1797"
"179899","0.11997116357088089","0.11997116357088089","0.11997116357088089","1798","1798","1798"
"179999","0.12115135043859482","0.12115135043859482","0.12115135043859482","1799","1799","1799"
"180099","0.11519725620746613","0.11519725620746613","0.11519725620746613","1800","1800","1800"
"180199","0.11185543984174728","0.11185543984174728","0.11185543984174728","1801","1801","1801"
"180299","0.11512191593647003","0.11512191593647003","0.11512191593647003","1802","1802","1802"
"180399","0.1157311201095581","0.1157311201095581","0.1157311201095581","1803","1803","1803"
"180499","0.11513907462358475","0.11513907462358475","0.11513907462358475","1804","1804","1804"
"180599","0.1167806014418602","0.1167806014418602","0.1167806014418602","1805","1805","1805"
"180699","0.11813581734895706","0.11813581734895706","0.11813581734895706","1806","1806","1806"
"180799","0.11525975167751312","0.11525975167751312","0.11525975167751312","1807","1807","1807"
"180899","0.11137329787015915","0.11137329787015915","0.11137329787015915","1808","1808","1808"
"180999","0.11663150042295456","0.11663150042295456","0.11663150042295456","1809","1809","1809"
"181099","0.1147104874253273","0.1147104874253273","0.1147104874253273","1810","1810","1810"
"181199","0.11457878351211548","0.11457878351211548","0.11457878351211548","1811","1811","1811"
"181299","0.11541613936424255","0.11541613936424255","0.11541613936424255","1812","1812","1812"
"181399","0.11275972425937653","0.11275972425937653","0.11275972425937653","1813","1813","1813"
"181499","0.1223204955458641","0.1223204955458641","0.1223204955458641","1814","1814","1814"
"181599","0.11485976725816727","0.11485976725816727","0.11485976725816727","1815","1815","1815"
"181699","0.11710100620985031","0.11710100620985031","0.11710100620985031","1816","1816","1816"
"181799","0.11909767985343933","0.11909767985343933","0.11909767985343933","1817","1817","1817"
"181899","0.11717987060546875","0.11717987060546875","0.11717987060546875","1818","1818","1818"
"181999","0.11221346259117126","0.11221346259117126","0.11221346259117126","1819","1819","1819"
"182099","0.12400881946086884","0.12400881946086884","0.12400881946086884","1820","1820","1820"
"182199","0.11832955479621887","0.11832955479621887","0.11832955479621887","1821","1821","1821"
"182299","0.11888168752193451","0.11888168752193451","0.11888168752193451","1822","1822","1822"
"182399","0.10965851694345474","0.10965851694345474","0.10965851694345474","1823","1823","1823"
"182499","0.11606954783201218","0.11606954783201218","0.11606954783201218","1824","1824","1824"
"182599","0.11490503698587418","0.11490503698587418","0.11490503698587418","1825","1825","1825"
"182699","0.11921347677707672","0.11921347677707672","0.11921347677707672","1826","1826","1826"
"182799","0.11432228237390518","0.11432228237390518","0.11432228237390518","1827","1827","1827"
"182899","0.12087245285511017","0.12087245285511017","0.12087245285511017","1828","1828","1828"
"182999","0.111412912607193","0.111412912607193","0.111412912607193","1829","1829","1829"
"183099","0.11800343543291092","0.11800343543291092","0.11800343543291092","1830","1830","1830"
"183199","0.11420206725597382","0.11420206725597382","0.11420206725597382","1831","1831","1831"
"183299","0.11701937764883041","0.11701937764883041","0.11701937764883041","1832","1832","1832"
"183399","0.11598774045705795","0.11598774045705795","0.11598774045705795","1833","1833","1833"
"183499","0.1156519427895546","0.1156519427895546","0.1156519427895546","1834","1834","1834"
"183599","0.11961841583251953","0.11961841583251953","0.11961841583251953","1835","1835","1835"
"183699","0.11540058255195618","0.11540058255195618","0.11540058255195618","1836","1836","1836"
"183799","0.11093878000974655","0.11093878000974655","0.11093878000974655","1837","1837","1837"
"183899","0.11216346174478531","0.11216346174478531","0.11216346174478531","1838","1838","1838"
"183999","0.11486370861530304","0.11486370861530304","0.11486370861530304","1839","1839","1839"
"184099","0.1194295883178711","0.1194295883178711","0.1194295883178711","1840","1840","1840"
"184199","0.1193821132183075","0.1193821132183075","0.1193821132183075","1841","1841","1841"
"184299","0.11458085477352142","0.11458085477352142","0.11458085477352142","1842","1842","1842"
"184399","0.12125533074140549","0.12125533074140549","0.12125533074140549","1843","1843","1843"
"184499","0.1198427751660347","0.1198427751660347","0.1198427751660347","1844","1844","1844"
"184599","0.11979006975889206","0.11979006975889206","0.11979006975889206","1845","1845","1845"
"184699","0.11228840053081512","0.11228840053081512","0.11228840053081512","1846","1846","1846"
"184799","0.11983730643987656","0.11983730643987656","0.11983730643987656","1847","1847","1847"
"184899","0.11815522611141205","0.11815522611141205","0.11815522611141205","1848","1848","1848"
"184999","0.1106320470571518","0.1106320470571518","0.1106320470571518","1849","1849","1849"
"185099","0.1170065701007843","0.1170065701007843","0.1170065701007843","1850","1850","1850"
"185199","0.11458948999643326","0.11458948999643326","0.11458948999643326","1851","1851","1851"
"185299","0.11652518063783646","0.11652518063783646","0.11652518063783646","1852","1852","1852"
"185399","0.11407895386219025","0.11407895386219025","0.11407895386219025","1853","1853","1853"
"185499","0.1159529760479927","0.1159529760479927","0.1159529760479927","1854","1854","1854"
"185599","0.11630522459745407","0.11630522459745407","0.11630522459745407","1855","1855","1855"
"185699","0.11352036148309708","0.11352036148309708","0.11352036148309708","1856","1856","1856"
"185799","0.10842060297727585","0.10842060297727585","0.10842060297727585","1857","1857","1857"
"185899","0.11941968649625778","0.11941968649625778","0.11941968649625778","1858","1858","1858"
"185999","0.11930526047945023","0.11930526047945023","0.11930526047945023","1859","1859","1859"
"186099","0.11052542179822922","0.11052542179822922","0.11052542179822922","1860","1860","1860"
"186199","0.11387858539819717","0.11387858539819717","0.11387858539819717","1861","1861","1861"
"186299","0.11264732480049133","0.11264732480049133","0.11264732480049133","1862","1862","1862"
"186399","0.11759556084871292","0.11759556084871292","0.11759556084871292","1863","1863","1863"
"186499","0.12200427055358887","0.12200427055358887","0.12200427055358887","1864","1864","1864"
"186599","0.11589941382408142","0.11589941382408142","0.11589941382408142","1865","1865","1865"
"186699","0.1188669204711914","0.1188669204711914","0.1188669204711914","1866","1866","1866"
"186799","0.11568719148635864","0.11568719148635864","0.11568719148635864","1867","1867","1867"
"186899","0.11814557760953903","0.11814557760953903","0.11814557760953903","1868","1868","1868"
"186999","0.10876283049583435","0.10876283049583435","0.10876283049583435","1869","1869","1869"
"187099","0.11863429844379425","0.11863429844379425","0.11863429844379425","1870","1870","1870"
"187199","0.10860269516706467","0.10860269516706467","0.10860269516706467","1871","1871","1871"
"187299","0.11730057001113892","0.11730057001113892","0.11730057001113892","1872","1872","1872"
"187399","0.11096186190843582","0.11096186190843582","0.11096186190843582","1873","1873","1873"
"187499","0.11547660082578659","0.11547660082578659","0.11547660082578659","1874","1874","1874"
"187599","0.11811552196741104","0.11811552196741104","0.11811552196741104","1875","1875","1875"
"187699","0.11880698055028915","0.11880698055028915","0.11880698055028915","1876","1876","1876"
"187799","0.11440109461545944","0.11440109461545944","0.11440109461545944","1877","1877","1877"
"187899","0.11088359355926514","0.11088359355926514","0.11088359355926514","1878","1878","1878"
"187999","0.12138727307319641","0.12138727307319641","0.12138727307319641","1879","1879","1879"
"188099","0.12213588505983353","0.12213588505983353","0.12213588505983353","1880","1880","1880"
"188199","0.12033010274171829","0.12033010274171829","0.12033010274171829","1881","1881","1881"
"188299","0.11459501832723618","0.11459501832723618","0.11459501832723618","1882","1882","1882"
"188399","0.11311973631381989","0.11311973631381989","0.11311973631381989","1883","1883","1883"
"188499","0.12070789188146591","0.12070789188146591","0.12070789188146591","1884","1884","1884"
"188599","0.1163685992360115","0.1163685992360115","0.1163685992360115","1885","1885","1885"
"188699","0.11508066952228546","0.11508066952228546","0.11508066952228546","1886","1886","1886"
"188799","0.11617150157690048","0.11617150157690048","0.11617150157690048","1887","1887","1887"
"188899","0.1132652685046196","0.1132652685046196","0.1132652685046196","1888","1888","1888"
"188999","0.11784986406564713","0.11784986406564713","0.11784986406564713","1889","1889","1889"
"189099","0.11265457421541214","0.11265457421541214","0.11265457421541214","1890","1890","1890"
"189199","0.11454857140779495","0.11454857140779495","0.11454857140779495","1891","1891","1891"
"189299","0.11713804304599762","0.11713804304599762","0.11713804304599762","1892","1892","1892"
"189399","0.1185891181230545","0.1185891181230545","0.1185891181230545","1893","1893","1893"
"189499","0.11259620636701584","0.11259620636701584","0.11259620636701584","1894","1894","1894"
"189599","0.12177000194787979","0.12177000194787979","0.12177000194787979","1895","1895","1895"
"189699","0.10813648253679276","0.10813648253679276","0.10813648253679276","1896","1896","1896"
"189799","0.11879505962133408","0.11879505962133408","0.11879505962133408","1897","1897","1897"
"189899","0.11416497081518173","0.11416497081518173","0.11416497081518173","1898","1898","1898"
"189999","0.11633092910051346","0.11633092910051346","0.11633092910051346","1899","1899","1899"
"190099","0.11355705559253693","0.11355705559253693","0.11355705559253693","1900","1900","1900"
"190199","0.12255654484033585","0.12255654484033585","0.12255654484033585","1901","1901","1901"
"190299","0.11494088917970657","0.11494088917970657","0.11494088917970657","1902","1902","1902"
"190399","0.11398503929376602","0.11398503929376602","0.11398503929376602","1903","1903","1903"
"190499","0.1202251985669136","0.1202251985669136","0.1202251985669136","1904","1904","1904"
"190599","0.11934052407741547","0.11934052407741547","0.11934052407741547","1905","1905","1905"
"190699","0.1207600086927414","0.1207600086927414","0.1207600086927414","1906","1906","1906"
"190799","0.1207408532500267","0.1207408532500267","0.1207408532500267","1907","1907","1907"
"190899","0.11016244441270828","0.11016244441270828","0.11016244441270828","1908","1908","1908"
"190999","0.11034273356199265","0.11034273356199265","0.11034273356199265","1909","1909","1909"
"191099","0.11071554571390152","0.11071554571390152","0.11071554571390152","1910","1910","1910"
"191199","0.11462140083312988","0.11462140083312988","0.11462140083312988","1911","1911","1911"
"191299","0.11482718586921692","0.11482718586921692","0.11482718586921692","1912","1912","1912"
"191399","0.11425009369850159","0.11425009369850159","0.11425009369850159","1913","1913","1913"
"191499","0.11819493770599365","0.11819493770599365","0.11819493770599365","1914","1914","1914"
"191599","0.11640584468841553","0.11640584468841553","0.11640584468841553","1915","1915","1915"
"191699","0.1257651299238205","0.1257651299238205","0.1257651299238205","1916","1916","1916"
"191799","0.11315958946943283","0.11315958946943283","0.11315958946943283","1917","1917","1917"
"191899","0.11639454960823059","0.11639454960823059","0.11639454960823059","1918","1918","1918"
"191999","0.11567673087120056","0.11567673087120056","0.11567673087120056","1919","1919","1919"
"192099","0.11436689645051956","0.11436689645051956","0.11436689645051956","1920","1920","1920"
"192199","0.11751348525285721","0.11751348525285721","0.11751348525285721","1921","1921","1921"
"192299","0.11510629951953888","0.11510629951953888","0.11510629951953888","1922","1922","1922"
"192399","0.11612804979085922","0.11612804979085922","0.11612804979085922","1923","1923","1923"
"192499","0.11108102649450302","0.11108102649450302","0.11108102649450302","1924","1924","1924"
"192599","0.113035187125206","0.113035187125206","0.113035187125206","1925","1925","1925"
"192699","0.11671673506498337","0.11671673506498337","0.11671673506498337","1926","1926","1926"
"192799","0.1135118305683136","0.1135118305683136","0.1135118305683136","1927","1927","1927"
"192899","0.1198946088552475","0.1198946088552475","0.1198946088552475","1928","1928","1928"
"192999","0.10756310075521469","0.10756310075521469","0.10756310075521469","1929","1929","1929"
"193099","0.11968846619129181","0.11968846619129181","0.11968846619129181","1930","1930","1930"
"193199","0.11831741780042648","0.11831741780042648","0.11831741780042648","1931","1931","1931"
"193299","0.11281191557645798","0.11281191557645798","0.11281191557645798","1932","1932","1932"
"193399","0.11536776274442673","0.11536776274442673","0.11536776274442673","1933","1933","1933"
"193499","0.1134629175066948","0.1134629175066948","0.1134629175066948","1934","1934","1934"
"193599","0.1183948963880539","0.1183948963880539","0.1183948963880539","1935","1935","1935"
"193699","0.11299406737089157","0.11299406737089157","0.11299406737089157","1936","1936","1936"
"193799","0.11641912162303925","0.11641912162303925","0.11641912162303925","1937","1937","1937"
"193899","0.11669191718101501","0.11669191718101501","0.11669191718101501","1938","1938","1938"
"193999","0.11994472146034241","0.11994472146034241","0.11994472146034241","1939","1939","1939"
"194099","0.11537671089172363","0.11537671089172363","0.11537671089172363","1940","1940","1940"
"194199","0.12034620344638824","0.12034620344638824","0.12034620344638824","1941","1941","1941"
"194299","0.11392974853515625","0.11392974853515625","0.11392974853515625","1942","1942","1942"
"194399","0.1135973110795021","0.1135973110795021","0.1135973110795021","1943","1943","1943"
"194499","0.11613909900188446","0.11613909900188446","0.11613909900188446","1944","1944","1944"
"194599","0.11438524723052979","0.11438524723052979","0.11438524723052979","1945","1945","1945"
"194699","0.11482486128807068","0.11482486128807068","0.11482486128807068","1946","1946","1946"
"194799","0.11660304665565491","0.11660304665565491","0.11660304665565491","1947","1947","1947"
"194899","0.11833103746175766","0.11833103746175766","0.11833103746175766","1948","1948","1948"
"194999","0.11334886401891708","0.11334886401891708","0.11334886401891708","1949","1949","1949"
"195099","0.11593619734048843","0.11593619734048843","0.11593619734048843","1950","1950","1950"
"195199","0.12008652091026306","0.12008652091026306","0.12008652091026306","1951","1951","1951"
"195299","0.12029615044593811","0.12029615044593811","0.12029615044593811","1952","1952","1952"
"195399","0.10970254242420197","0.10970254242420197","0.10970254242420197","1953","1953","1953"
"195499","0.1132182851433754","0.1132182851433754","0.1132182851433754","1954","1954","1954"
"195599","0.12014449387788773","0.12014449387788773","0.12014449387788773","1955","1955","1955"
"195699","0.12201371788978577","0.12201371788978577","0.12201371788978577","1956","1956","1956"
"195799","0.10962316393852234","0.10962316393852234","0.10962316393852234","1957","1957","1957"
"195899","0.11636639386415482","0.11636639386415482","0.11636639386415482","1958","1958","1958"
"195999","0.11189833283424377","0.11189833283424377","0.11189833283424377","1959","1959","1959"
"196099","0.11340932548046112","0.11340932548046112","0.11340932548046112","1960","1960","1960"
"196199","0.12008647620677948","0.12008647620677948","0.12008647620677948","1961","1961","1961"
"196299","0.11745893210172653","0.11745893210172653","0.11745893210172653","1962","1962","1962"
"196399","0.11741688847541809","0.11741688847541809","0.11741688847541809","1963","1963","1963"
"196499","0.11291291564702988","0.11291291564702988","0.11291291564702988","1964","1964","1964"
"196599","0.11110487580299377","0.11110487580299377","0.11110487580299377","1965","1965","1965"
"196699","0.11290901154279709","0.11290901154279709","0.11290901154279709","1966","1966","1966"
"196799","0.11339280754327774","0.11339280754327774","0.11339280754327774","1967","1967","1967"
"196899","0.11249413341283798","0.11249413341283798","0.11249413341283798","1968","1968","1968"
"196999","0.11214180290699005","0.11214180290699005","0.11214180290699005","1969","1969","1969"
"197099","0.11532524228096008","0.11532524228096008","0.11532524228096008","1970","1970","1970"
"197199","0.10825922340154648","0.10825922340154648","0.10825922340154648","1971","1971","1971"
"197299","0.12109579890966415","0.12109579890966415","0.12109579890966415","1972","1972","1972"
"197399","0.12418286502361298","0.12418286502361298","0.12418286502361298","1973","1973","1973"
"197499","0.11562807857990265","0.11562807857990265","0.11562807857990265","1974","1974","1974"
"197599","0.12298523634672165","0.12298523634672165","0.12298523634672165","1975","1975","1975"
"197699","0.11685087531805038","0.11685087531805038","0.11685087531805038","1976","1976","1976"
"197799","0.11961086839437485","0.11961086839437485","0.11961086839437485","1977","1977","1977"
"197899","0.11510497331619263","0.11510497331619263","0.11510497331619263","1978","1978","1978"
"197999","0.11180141568183899","0.11180141568183899","0.11180141568183899","1979","1979","1979"
"198099","0.11605409532785416","0.11605409532785416","0.11605409532785416","1980","1980","1980"
"198199","0.11750733107328415","0.11750733107328415","0.11750733107328415","1981","1981","1981"
"198299","0.11712543666362762","0.11712543666362762","0.11712543666362762","1982","1982","1982"
"198399","0.11774690449237823","0.11774690449237823","0.11774690449237823","1983","1983","1983"
"198499","0.11475303769111633","0.11475303769111633","0.11475303769111633","1984","1984","1984"
"198599","0.11660163849592209","0.11660163849592209","0.11660163849592209","1985","1985","1985"
"198699","0.11314298957586288","0.11314298957586288","0.11314298957586288","1986","1986","1986"
"198799","0.11350597441196442","0.11350597441196442","0.11350597441196442","1987","1987","1987"
"198899","0.11464615166187286","0.11464615166187286","0.11464615166187286","1988","1988","1988"
"198999","0.1195824071764946","0.1195824071764946","0.1195824071764946","1989","1989","1989"
"199099","0.11300808191299438","0.11300808191299438","0.11300808191299438","1990","1990","1990"
"199199","0.11442098766565323","0.11442098766565323","0.11442098766565323","1991","1991","1991"
"199299","0.11304386705160141","0.11304386705160141","0.11304386705160141","1992","1992","1992"
"199399","0.11961764097213745","0.11961764097213745","0.11961764097213745","1993","1993","1993"
"199499","0.11623793095350266","0.11623793095350266","0.11623793095350266","1994","1994","1994"
"199599","0.11761296540498734","0.11761296540498734","0.11761296540498734","1995","1995","1995"
"199699","0.11003591865301132","0.11003591865301132","0.11003591865301132","1996","1996","1996"
"199799","0.12123102694749832","0.12123102694749832","0.12123102694749832","1997","1997","1997"
"199899","0.11533355712890625","0.11533355712890625","0.11533355712890625","1998","1998","1998"
"199999","0.11781176924705505","0.11781176924705505","0.11781176924705505","1999","1999","1999"
"200099","0.12036236375570297","0.12036236375570297","0.12036236375570297","2000","2000","2000"
"200199","0.11724285036325455","0.11724285036325455","0.11724285036325455","2001","2001","2001"
"200299","0.11436787992715836","0.11436787992715836","0.11436787992715836","2002","2002","2002"
"200399","0.10772865265607834","0.10772865265607834","0.10772865265607834","2003","2003","2003"
"200499","0.11531291157007217","0.11531291157007217","0.11531291157007217","2004","2004","2004"
"200599","0.1133500412106514","0.1133500412106514","0.1133500412106514","2005","2005","2005"
"200699","0.11146780848503113","0.11146780848503113","0.11146780848503113","2006","2006","2006"
"200799","0.11495047062635422","0.11495047062635422","0.11495047062635422","2007","2007","2007"
"200899","0.11708610504865646","0.11708610504865646","0.11708610504865646","2008","2008","2008"
"200999","0.1130528450012207","0.1130528450012207","0.1130528450012207","2009","2009","2009"
"201099","0.11070366203784943","0.11070366203784943","0.11070366203784943","2010","2010","2010"
"201199","0.11768390238285065","0.11768390238285065","0.11768390238285065","2011","2011","2011"
"201299","0.11317667365074158","0.11317667365074158","0.11317667365074158","2012","2012","2012"
"201399","0.11553473770618439","0.11553473770618439","0.11553473770618439","2013","2013","2013"
"201499","0.12113185226917267","0.12113185226917267","0.12113185226917267","2014","2014","2014"
"201599","0.11004810780286789","0.11004810780286789","0.11004810780286789","2015","2015","2015"
"201699","0.11309891939163208","0.11309891939163208","0.11309891939163208","2016","2016","2016"
"201799","0.11071769893169403","0.11071769893169403","0.11071769893169403","2017","2017","2017"
"201899","0.11939532309770584","0.11939532309770584","0.11939532309770584","2018","2018","2018"
"201999","0.11468186974525452","0.11468186974525452","0.11468186974525452","2019","2019","2019"
"202099","0.11299534142017365","0.11299534142017365","0.11299534142017365","2020","2020","2020"
"202199","0.1137109026312828","0.1137109026312828","0.1137109026312828","2021","2021","2021"
"202299","0.11881909519433975","0.11881909519433975","0.11881909519433975","2022","2022","2022"
"202399","0.10915189236402512","0.10915189236402512","0.10915189236402512","2023","2023","2023"
"202499","0.11086808145046234","0.11086808145046234","0.11086808145046234","2024","2024","2024"
"202599","0.12400288879871368","0.12400288879871368","0.12400288879871368","2025","2025","2025"
"202699","0.11676514893770218","0.11676514893770218","0.11676514893770218","2026","2026","2026"
"202799","0.1184895858168602","0.1184895858168602","0.1184895858168602","2027","2027","2027"
"202899","0.11379891633987427","0.11379891633987427","0.11379891633987427","2028","2028","2028"
"202999","0.11796397715806961","0.11796397715806961","0.11796397715806961","2029","2029","2029"
"203099","0.10737878084182739","0.10737878084182739","0.10737878084182739","2030","2030","2030"
"203199","0.11343204230070114","0.11343204230070114","0.11343204230070114","2031","2031","2031"
"203299","0.11254992336034775","0.11254992336034775","0.11254992336034775","2032","2032","2032"
"203399","0.11108314245939255","0.11108314245939255","0.11108314245939255","2033","2033","2033"
"203499","0.1171162948012352","0.1171162948012352","0.1171162948012352","2034","2034","2034"
"203599","0.11918049305677414","0.11918049305677414","0.11918049305677414","2035","2035","2035"
"203699","0.11278101801872253","0.11278101801872253","0.11278101801872253","2036","2036","2036"
"203799","0.1163710430264473","0.1163710430264473","0.1163710430264473","2037","2037","2037"
"203899","0.11291902512311935","0.11291902512311935","0.11291902512311935","2038","2038","2038"
"203999","0.11594577133655548","0.11594577133655548","0.11594577133655548","2039","2039","2039"
"204099","0.11839901655912399","0.11839901655912399","0.11839901655912399","2040","2040","2040"
"204199","0.11002757400274277","0.11002757400274277","0.11002757400274277","2041","2041","2041"
"204299","0.11586444079875946","0.11586444079875946","0.11586444079875946","2042","2042","2042"
"204399","0.1141820102930069","0.1141820102930069","0.1141820102930069","2043","2043","2043"
"204499","0.11809181421995163","0.11809181421995163","0.11809181421995163","2044","2044","2044"
"204599","0.11653964221477509","0.11653964221477509","0.11653964221477509","2045","2045","2045"
"204699","0.11538480222225189","0.11538480222225189","0.11538480222225189","2046","2046","2046"
"204799","0.11127084493637085","0.11127084493637085","0.11127084493637085","2047","2047","2047"
"204899","0.1138933002948761","0.1138933002948761","0.1138933002948761","2048","2048","2048"
"204999","0.11822102218866348","0.11822102218866348","0.11822102218866348","2049","2049","2049"
"205099","0.1181534081697464","0.1181534081697464","0.1181534081697464","2050","2050","2050"
"205199","0.11325190961360931","0.11325190961360931","0.11325190961360931","2051","2051","2051"
"205299","0.11001938581466675","0.11001938581466675","0.11001938581466675","2052","2052","2052"
"205399","0.11716726422309875","0.11716726422309875","0.11716726422309875","2053","2053","2053"
"205499","0.10903002321720123","0.10903002321720123","0.10903002321720123","2054","2054","2054"
"205599","0.10775959491729736","0.10775959491729736","0.10775959491729736","2055","2055","2055"
"205699","0.1196131706237793","0.1196131706237793","0.1196131706237793","2056","2056","2056"
"205799","0.11373210698366165","0.11373210698366165","0.11373210698366165","2057","2057","2057"
"205899","0.11658310890197754","0.11658310890197754","0.11658310890197754","2058","2058","2058"
"205999","0.11129318922758102","0.11129318922758102","0.11129318922758102","2059","2059","2059"
"206099","0.11554000526666641","0.11554000526666641","0.11554000526666641","2060","2060","2060"
"206199","0.10974971204996109","0.10974971204996109","0.10974971204996109","2061","2061","2061"
"206299","0.11203160136938095","0.11203160136938095","0.11203160136938095","2062","2062","2062"
"206399","0.12249326705932617","0.12249326705932617","0.12249326705932617","2063","2063","2063"
"206499","0.11602252721786499","0.11602252721786499","0.11602252721786499","2064","2064","2064"
"206599","0.11173132061958313","0.11173132061958313","0.11173132061958313","2065","2065","2065"
"206699","0.11624716967344284","0.11624716967344284","0.11624716967344284","2066","2066","2066"
"206799","0.11890370398759842","0.11890370398759842","0.11890370398759842","2067","2067","2067"
"206899","0.1170160323381424","0.1170160323381424","0.1170160323381424","2068","2068","2068"
"206999","0.1120457649230957","0.1120457649230957","0.1120457649230957","2069","2069","2069"
"207099","0.11303365230560303","0.11303365230560303","0.11303365230560303","2070","2070","2070"
"207199","0.1204993948340416","0.1204993948340416","0.1204993948340416","2071","2071","2071"
"207299","0.1161503791809082","0.1161503791809082","0.1161503791809082","2072","2072","2072"
"207399","0.11445092409849167","0.11445092409849167","0.11445092409849167","2073","2073","2073"
"207499","0.1148023009300232","0.1148023009300232","0.1148023009300232","2074","2074","2074"
"207599","0.1130036935210228","0.1130036935210228","0.1130036935210228","2075","2075","2075"
"207699","0.11176668852567673","0.11176668852567673","0.11176668852567673","2076","2076","2076"
"207799","0.12247637659311295","0.12247637659311295","0.12247637659311295","2077","2077","2077"
"207899","0.11365877091884613","0.11365877091884613","0.11365877091884613","2078","2078","2078"
"207999","0.11961381137371063","0.11961381137371063","0.11961381137371063","2079","2079","2079"
"208099","0.11445385217666626","0.11445385217666626","0.11445385217666626","2080","2080","2080"
"208199","0.10826227068901062","0.10826227068901062","0.10826227068901062","2081","2081","2081"
"208299","0.11550292372703552","0.11550292372703552","0.11550292372703552","2082","2082","2082"
"208399","0.11871850490570068","0.11871850490570068","0.11871850490570068","2083","2083","2083"
"208499","0.10967636853456497","0.10967636853456497","0.10967636853456497","2084","2084","2084"
"208599","0.11709216982126236","0.11709216982126236","0.11709216982126236","2085","2085","2085"
"208699","0.11799795180559158","0.11799795180559158","0.11799795180559158","2086","2086","2086"
"208799","0.10788760334253311","0.10788760334253311","0.10788760334253311","2087","2087","2087"
"208899","0.11432617902755737","0.11432617902755737","0.11432617902755737","2088","2088","2088"
"208999","0.11494754999876022","0.11494754999876022","0.11494754999876022","2089","2089","2089"
"209099","0.1197316125035286","0.1197316125035286","0.1197316125035286","2090","2090","2090"
"209199","0.11508319526910782","0.11508319526910782","0.11508319526910782","2091","2091","2091"
"209299","0.11346696317195892","0.11346696317195892","0.11346696317195892","2092","2092","2092"
"209399","0.11317233741283417","0.11317233741283417","0.11317233741283417","2093","2093","2093"
"209499","0.11734933406114578","0.11734933406114578","0.11734933406114578","2094","2094","2094"
"209599","0.12240235507488251","0.12240235507488251","0.12240235507488251","2095","2095","2095"
"209699","0.11617147922515869","0.11617147922515869","0.11617147922515869","2096","2096","2096"
"209799","0.114418163895607","0.114418163895607","0.114418163895607","2097","2097","2097"
"209899","0.11847575753927231","0.11847575753927231","0.11847575753927231","2098","2098","2098"
"209999","0.11598917841911316","0.11598917841911316","0.11598917841911316","2099","2099","2099"
"210099","0.12048134952783585","0.12048134952783585","0.12048134952783585","2100","2100","2100"
"210199","0.1127614825963974","0.1127614825963974","0.1127614825963974","2101","2101","2101"
"210299","0.11943263560533524","0.11943263560533524","0.11943263560533524","2102","2102","2102"
"210399","0.11560319364070892","0.11560319364070892","0.11560319364070892","2103","2103","2103"
"210499","0.11380236595869064","0.11380236595869064","0.11380236595869064","2104","2104","2104"
"210599","0.11364391446113586","0.11364391446113586","0.11364391446113586","2105","2105","2105"
"210699","0.11518692970275879","0.11518692970275879","0.11518692970275879","2106","2106","2106"
"210799","0.11689722537994385","0.11689722537994385","0.11689722537994385","2107","2107","2107"
"210899","0.11829782277345657","0.11829782277345657","0.11829782277345657","2108","2108","2108"
"210999","0.11499559134244919","0.11499559134244919","0.11499559134244919","2109","2109","2109"
"211099","0.11838758736848831","0.11838758736848831","0.11838758736848831","2110","2110","2110"
"211199","0.11418234556913376","0.11418234556913376","0.11418234556913376","2111","2111","2111"
"211299","0.11054696887731552","0.11054696887731552","0.11054696887731552","2112","2112","2112"
"211399","0.12202303111553192","0.12202303111553192","0.12202303111553192","2113","2113","2113"
"211499","0.11347635835409164","0.11347635835409164","0.11347635835409164","2114","2114","2114"
"211599","0.11136432737112045","0.11136432737112045","0.11136432737112045","2115","2115","2115"
"211699","0.12030592560768127","0.12030592560768127","0.12030592560768127","2116","2116","2116"
"211799","0.11695171147584915","0.11695171147584915","0.11695171147584915","2117","2117","2117"
"211899","0.11705922335386276","0.11705922335386276","0.11705922335386276","2118","2118","2118"
"211999","0.11816414445638657","0.11816414445638657","0.11816414445638657","2119","2119","2119"
"212099","0.11585777252912521","0.11585777252912521","0.11585777252912521","2120","2120","2120"
"212199","0.11087972670793533","0.11087972670793533","0.11087972670793533","2121","2121","2121"
"212299","0.12132298946380615","0.12132298946380615","0.12132298946380615","2122","2122","2122"
"212399","0.11110351234674454","0.11110351234674454","0.11110351234674454","2123","2123","2123"
"212499","0.11990469694137573","0.11990469694137573","0.11990469694137573","2124","2124","2124"
"212599","0.11198107153177261","0.11198107153177261","0.11198107153177261","2125","2125","2125"
"212699","0.1214996948838234","0.1214996948838234","0.1214996948838234","2126","2126","2126"
"212799","0.1201811358332634","0.1201811358332634","0.1201811358332634","2127","2127","2127"
"212899","0.11885401606559753","0.11885401606559753","0.11885401606559753","2128","2128","2128"
"212999","0.11545420438051224","0.11545420438051224","0.11545420438051224","2129","2129","2129"
"213099","0.11582845449447632","0.11582845449447632","0.11582845449447632","2130","2130","2130"
"213199","0.11386869102716446","0.11386869102716446","0.11386869102716446","2131","2131","2131"
"213299","0.11704429239034653","0.11704429239034653","0.11704429239034653","2132","2132","2132"
"213399","0.12367893755435944","0.12367893755435944","0.12367893755435944","2133","2133","2133"
"213499","0.1204918622970581","0.1204918622970581","0.1204918622970581","2134","2134","2134"
"213599","0.12059342116117477","0.12059342116117477","0.12059342116117477","2135","2135","2135"
"213699","0.11595931649208069","0.11595931649208069","0.11595931649208069","2136","2136","2136"
"213799","0.11477859318256378","0.11477859318256378","0.11477859318256378","2137","2137","2137"
"213899","0.11380300670862198","0.11380300670862198","0.11380300670862198","2138","2138","2138"
"213999","0.11342351138591766","0.11342351138591766","0.11342351138591766","2139","2139","2139"
"214099","0.11428382247686386","0.11428382247686386","0.11428382247686386","2140","2140","2140"
"214199","0.1256936490535736","0.1256936490535736","0.1256936490535736","2141","2141","2141"
"214299","0.10927711427211761","0.10927711427211761","0.10927711427211761","2142","2142","2142"
"214399","0.1141519844532013","0.1141519844532013","0.1141519844532013","2143","2143","2143"
"214499","0.11448211967945099","0.11448211967945099","0.11448211967945099","2144","2144","2144"
"214599","0.11684826761484146","0.11684826761484146","0.11684826761484146","2145","2145","2145"
"214699","0.11017774045467377","0.11017774045467377","0.11017774045467377","2146","2146","2146"
"214799","0.1146894171833992","0.1146894171833992","0.1146894171833992","2147","2147","2147"
"214899","0.1164402961730957","0.1164402961730957","0.1164402961730957","2148","2148","2148"
"214999","0.11084463447332382","0.11084463447332382","0.11084463447332382","2149","2149","2149"
"215099","0.11919943243265152","0.11919943243265152","0.11919943243265152","2150","2150","2150"
"215199","0.11641572415828705","0.11641572415828705","0.11641572415828705","2151","2151","2151"
"215299","0.11344488710165024","0.11344488710165024","0.11344488710165024","2152","2152","2152"
"215399","0.11247824877500534","0.11247824877500534","0.11247824877500534","2153","2153","2153"
"215499","0.11069797724485397","0.11069797724485397","0.11069797724485397","2154","2154","2154"
"215599","0.11007295548915863","0.11007295548915863","0.11007295548915863","2155","2155","2155"
"215699","0.11701642721891403","0.11701642721891403","0.11701642721891403","2156","2156","2156"
"215799","0.11836997419595718","0.11836997419595718","0.11836997419595718","2157","2157","2157"
"215899","0.11466920375823975","0.11466920375823975","0.11466920375823975","2158","2158","2158"
"215999","0.12294729799032211","0.12294729799032211","0.12294729799032211","2159","2159","2159"
"216099","0.11501243710517883","0.11501243710517883","0.11501243710517883","2160","2160","2160"
"216199","0.12102387845516205","0.12102387845516205","0.12102387845516205","2161","2161","2161"
"216299","0.11568136513233185","0.11568136513233185","0.11568136513233185","2162","2162","2162"
"216399","0.11080947518348694","0.11080947518348694","0.11080947518348694","2163","2163","2163"
"216499","0.10972876846790314","0.10972876846790314","0.10972876846790314","2164","2164","2164"
"216599","0.11754665523767471","0.11754665523767471","0.11754665523767471","2165","2165","2165"
"216699","0.11062438786029816","0.11062438786029816","0.11062438786029816","2166","2166","2166"
"216799","0.12079697102308273","0.12079697102308273","0.12079697102308273","2167","2167","2167"
"216899","0.11321413516998291","0.11321413516998291","0.11321413516998291","2168","2168","2168"
"216999","0.10937973111867905","0.10937973111867905","0.10937973111867905","2169","2169","2169"
"217099","0.10925651341676712","0.10925651341676712","0.10925651341676712","2170","2170","2170"
"217199","0.11036324501037598","0.11036324501037598","0.11036324501037598","2171","2171","2171"
"217299","0.11173094809055328","0.11173094809055328","0.11173094809055328","2172","2172","2172"
"217399","0.12153979390859604","0.12153979390859604","0.12153979390859604","2173","2173","2173"
"217499","0.1146460622549057","0.1146460622549057","0.1146460622549057","2174","2174","2174"
"217599","0.11101645976305008","0.11101645976305008","0.11101645976305008","2175","2175","2175"
"217699","0.11893517524003983","0.11893517524003983","0.11893517524003983","2176","2176","2176"
"217799","0.11755654215812683","0.11755654215812683","0.11755654215812683","2177","2177","2177"
"217899","0.1147681325674057","0.1147681325674057","0.1147681325674057","2178","2178","2178"
"217999","0.11744052916765213","0.11744052916765213","0.11744052916765213","2179","2179","2179"
"218099","0.1170712411403656","0.1170712411403656","0.1170712411403656","2180","2180","2180"
"218199","0.11654474586248398","0.11654474586248398","0.11654474586248398","2181","2181","2181"
"218299","0.11940885335206985","0.11940885335206985","0.11940885335206985","2182","2182","2182"
"218399","0.12274649739265442","0.12274649739265442","0.12274649739265442","2183","2183","2183"
"218499","0.11825874447822571","0.11825874447822571","0.11825874447822571","2184","2184","2184"
"218599","0.11934393644332886","0.11934393644332886","0.11934393644332886","2185","2185","2185"
"218699","0.1092328131198883","0.1092328131198883","0.1092328131198883","2186","2186","2186"
"218799","0.11315800249576569","0.11315800249576569","0.11315800249576569","2187","2187","2187"
"218899","0.10891826450824738","0.10891826450824738","0.10891826450824738","2188","2188","2188"
"218999","0.11139465868473053","0.11139465868473053","0.11139465868473053","2189","2189","2189"
"219099","0.11512060463428497","0.11512060463428497","0.11512060463428497","2190","2190","2190"
"219199","0.11419684439897537","0.11419684439897537","0.11419684439897537","2191","2191","2191"
"219299","0.10809557139873505","0.10809557139873505","0.10809557139873505","2192","2192","2192"
"219399","0.10893799364566803","0.10893799364566803","0.10893799364566803","2193","2193","2193"
"219499","0.10937023162841797","0.10937023162841797","0.10937023162841797","2194","2194","2194"
"219599","0.11794699728488922","0.11794699728488922","0.11794699728488922","2195","2195","2195"
"219699","0.11475074291229248","0.11475074291229248","0.11475074291229248","2196","2196","2196"
"219799","0.11532676219940186","0.11532676219940186","0.11532676219940186","2197","2197","2197"
"219899","0.10859128832817078","0.10859128832817078","0.10859128832817078","2198","2198","2198"
"219999","0.11786451935768127","0.11786451935768127","0.11786451935768127","2199","2199","2199"
"220099","0.1163075864315033","0.1163075864315033","0.1163075864315033","2200","2200","2200"
"220199","0.1175699234008789","0.1175699234008789","0.1175699234008789","2201","2201","2201"
"220299","0.11730973422527313","0.11730973422527313","0.11730973422527313","2202","2202","2202"
"220399","0.11503946781158447","0.11503946781158447","0.11503946781158447","2203","2203","2203"
"220499","0.1101657971739769","0.1101657971739769","0.1101657971739769","2204","2204","2204"
"220599","0.11526086926460266","0.11526086926460266","0.11526086926460266","2205","2205","2205"
"220699","0.11556222289800644","0.11556222289800644","0.11556222289800644","2206","2206","2206"
"220799","0.11623317003250122","0.11623317003250122","0.11623317003250122","2207","2207","2207"
"220899","0.10934820771217346","0.10934820771217346","0.10934820771217346","2208","2208","2208"
"220999","0.10657678544521332","0.10657678544521332","0.10657678544521332","2209","2209","2209"
"221099","0.11352552473545074","0.11352552473545074","0.11352552473545074","2210","2210","2210"
"221199","0.1141573116183281","0.1141573116183281","0.1141573116183281","2211","2211","2211"
"221299","0.11974703520536423","0.11974703520536423","0.11974703520536423","2212","2212","2212"
"221399","0.12066344171762466","0.12066344171762466","0.12066344171762466","2213","2213","2213"
"221499","0.11456473916769028","0.11456473916769028","0.11456473916769028","2214","2214","2214"
"221599","0.11245592683553696","0.11245592683553696","0.11245592683553696","2215","2215","2215"
"221699","0.12296243011951447","0.12296243011951447","0.12296243011951447","2216","2216","2216"
"221799","0.11383187770843506","0.11383187770843506","0.11383187770843506","2217","2217","2217"
"221899","0.114253468811512","0.114253468811512","0.114253468811512","2218","2218","2218"
"221999","0.11447779089212418","0.11447779089212418","0.11447779089212418","2219","2219","2219"
"222099","0.10932288318872452","0.10932288318872452","0.10932288318872452","2220","2220","2220"
"222199","0.11676974594593048","0.11676974594593048","0.11676974594593048","2221","2221","2221"
"222299","0.11223651468753815","0.11223651468753815","0.11223651468753815","2222","2222","2222"
"222399","0.11177634447813034","0.11177634447813034","0.11177634447813034","2223","2223","2223"
"222499","0.11743489652872086","0.11743489652872086","0.11743489652872086","2224","2224","2224"
"222599","0.1209540143609047","0.1209540143609047","0.1209540143609047","2225","2225","2225"
"222699","0.11928582936525345","0.11928582936525345","0.11928582936525345","2226","2226","2226"
"222799","0.10938186943531036","0.10938186943531036","0.10938186943531036","2227","2227","2227"
"222899","0.11820387840270996","0.11820387840270996","0.11820387840270996","2228","2228","2228"
"222999","0.11359135061502457","0.11359135061502457","0.11359135061502457","2229","2229","2229"
"223099","0.11360502988100052","0.11360502988100052","0.11360502988100052","2230","2230","2230"
"223199","0.11678450554609299","0.11678450554609299","0.11678450554609299","2231","2231","2231"
"223299","0.11543989181518555","0.11543989181518555","0.11543989181518555","2232","2232","2232"
"223399","0.1120273619890213","0.1120273619890213","0.1120273619890213","2233","2233","2233"
"223499","0.11669392883777618","0.11669392883777618","0.11669392883777618","2234","2234","2234"
"223599","0.11669298261404037","0.11669298261404037","0.11669298261404037","2235","2235","2235"
"223699","0.11448675394058228","0.11448675394058228","0.11448675394058228","2236","2236","2236"
"223799","0.11642634123563766","0.11642634123563766","0.11642634123563766","2237","2237","2237"
"223899","0.11606603115797043","0.11606603115797043","0.11606603115797043","2238","2238","2238"
"223999","0.11785601824522018","0.11785601824522018","0.11785601824522018","2239","2239","2239"
"224099","0.112537682056427","0.112537682056427","0.112537682056427","2240","2240","2240"
"224199","0.1161860004067421","0.1161860004067421","0.1161860004067421","2241","2241","2241"
"224299","0.12288064509630203","0.12288064509630203","0.12288064509630203","2242","2242","2242"
"224399","0.10985973477363586","0.10985973477363586","0.10985973477363586","2243","2243","2243"
"224499","0.11625750362873077","0.11625750362873077","0.11625750362873077","2244","2244","2244"
"224599","0.11784632503986359","0.11784632503986359","0.11784632503986359","2245","2245","2245"
"224699","0.1160140261054039","0.1160140261054039","0.1160140261054039","2246","2246","2246"
"224799","0.12192114442586899","0.12192114442586899","0.12192114442586899","2247","2247","2247"
"224899","0.11270345002412796","0.11270345002412796","0.11270345002412796","2248","2248","2248"
"224999","0.11220777034759521","0.11220777034759521","0.11220777034759521","2249","2249","2249"
"225099","0.10985933989286423","0.10985933989286423","0.10985933989286423","2250","2250","2250"
"225199","0.11671827733516693","0.11671827733516693","0.11671827733516693","2251","2251","2251"
"225299","0.1198955550789833","0.1198955550789833","0.1198955550789833","2252","2252","2252"
"225399","0.11310148984193802","0.11310148984193802","0.11310148984193802","2253","2253","2253"
"225499","0.11678948253393173","0.11678948253393173","0.11678948253393173","2254","2254","2254"
"225599","0.11648469418287277","0.11648469418287277","0.11648469418287277","2255","2255","2255"
"225699","0.11612195521593094","0.11612195521593094","0.11612195521593094","2256","2256","2256"
"225799","0.11053561419248581","0.11053561419248581","0.11053561419248581","2257","2257","2257"
"225899","0.11099294573068619","0.11099294573068619","0.11099294573068619","2258","2258","2258"
"225999","0.1132538840174675","0.1132538840174675","0.1132538840174675","2259","2259","2259"
"226099","0.12122615426778793","0.12122615426778793","0.12122615426778793","2260","2260","2260"
"226199","0.12230022251605988","0.12230022251605988","0.12230022251605988","2261","2261","2261"
"226299","0.11825507134199142","0.11825507134199142","0.11825507134199142","2262","2262","2262"
"226399","0.11468631029129028","0.11468631029129028","0.11468631029129028","2263","2263","2263"
"226499","0.1199648454785347","0.1199648454785347","0.1199648454785347","2264","2264","2264"
"226599","0.11105787754058838","0.11105787754058838","0.11105787754058838","2265","2265","2265"
"226699","0.1131734848022461","0.1131734848022461","0.1131734848022461","2266","2266","2266"
"226799","0.11513787508010864","0.11513787508010864","0.11513787508010864","2267","2267","2267"
"226899","0.11657750606536865","0.11657750606536865","0.11657750606536865","2268","2268","2268"
"226999","0.1157001256942749","0.1157001256942749","0.1157001256942749","2269","2269","2269"
"227099","0.11681538075208664","0.11681538075208664","0.11681538075208664","2270","2270","2270"
"227199","0.11739901453256607","0.11739901453256607","0.11739901453256607","2271","2271","2271"
"227299","0.11403775960206985","0.11403775960206985","0.11403775960206985","2272","2272","2272"
"227399","0.11137288808822632","0.11137288808822632","0.11137288808822632","2273","2273","2273"
"227499","0.11331969499588013","0.11331969499588013","0.11331969499588013","2274","2274","2274"
"227599","0.12532255053520203","0.12532255053520203","0.12532255053520203","2275","2275","2275"
"227699","0.11485432833433151","0.11485432833433151","0.11485432833433151","2276","2276","2276"
"227799","0.12136991322040558","0.12136991322040558","0.12136991322040558","2277","2277","2277"
"227899","0.11936482042074203","0.11936482042074203","0.11936482042074203","2278","2278","2278"
"227999","0.12277650833129883","0.12277650833129883","0.12277650833129883","2279","2279","2279"
"228099","0.11109894514083862","0.11109894514083862","0.11109894514083862","2280","2280","2280"
"228199","0.11341607570648193","0.11341607570648193","0.11341607570648193","2281","2281","2281"
"228299","0.1156541258096695","0.1156541258096695","0.1156541258096695","2282","2282","2282"
"228399","0.11748786270618439","0.11748786270618439","0.11748786270618439","2283","2283","2283"
"228499","0.11740086227655411","0.11740086227655411","0.11740086227655411","2284","2284","2284"
"228599","0.11578290164470673","0.11578290164470673","0.11578290164470673","2285","2285","2285"
"228699","0.11101449280977249","0.11101449280977249","0.11101449280977249","2286","2286","2286"
"228799","0.12197044491767883","0.12197044491767883","0.12197044491767883","2287","2287","2287"
"228899","0.11782921850681305","0.11782921850681305","0.11782921850681305","2288","2288","2288"
"228999","0.1178441196680069","0.1178441196680069","0.1178441196680069","2289","2289","2289"
"229099","0.11433960497379303","0.11433960497379303","0.11433960497379303","2290","2290","2290"
"229199","0.1170830950140953","0.1170830950140953","0.1170830950140953","2291","2291","2291"
"229299","0.11500917375087738","0.11500917375087738","0.11500917375087738","2292","2292","2292"
"229399","0.11150969564914703","0.11150969564914703","0.11150969564914703","2293","2293","2293"
"229499","0.11993900686502457","0.11993900686502457","0.11993900686502457","2294","2294","2294"
"229599","0.12021869421005249","0.12021869421005249","0.12021869421005249","2295","2295","2295"
"229699","0.11437350511550903","0.11437350511550903","0.11437350511550903","2296","2296","2296"
"229799","0.11672315746545792","0.11672315746545792","0.11672315746545792","2297","2297","2297"
"229899","0.112532839179039","0.112532839179039","0.112532839179039","2298","2298","2298"
"229999","0.11596939712762833","0.11596939712762833","0.11596939712762833","2299","2299","2299"
"230099","0.11892960965633392","0.11892960965633392","0.11892960965633392","2300","2300","2300"
"230199","0.11464114487171173","0.11464114487171173","0.11464114487171173","2301","2301","2301"
"230299","0.11240603029727936","0.11240603029727936","0.11240603029727936","2302","2302","2302"
"230399","0.11899930238723755","0.11899930238723755","0.11899930238723755","2303","2303","2303"
"230499","0.11733943223953247","0.11733943223953247","0.11733943223953247","2304","2304","2304"
"230599","0.1164383813738823","0.1164383813738823","0.1164383813738823","2305","2305","2305"
"230699","0.11500393599271774","0.11500393599271774","0.11500393599271774","2306","2306","2306"
"230799","0.1136949211359024","0.1136949211359024","0.1136949211359024","2307","2307","2307"
"230899","0.1204008013010025","0.1204008013010025","0.1204008013010025","2308","2308","2308"
"230999","0.11545614898204803","0.11545614898204803","0.11545614898204803","2309","2309","2309"
"231099","0.11297667771577835","0.11297667771577835","0.11297667771577835","2310","2310","2310"
"231199","0.11657479405403137","0.11657479405403137","0.11657479405403137","2311","2311","2311"
"231299","0.11145628243684769","0.11145628243684769","0.11145628243684769","2312","2312","2312"
"231399","0.11790495365858078","0.11790495365858078","0.11790495365858078","2313","2313","2313"
"231499","0.11434416472911835","0.11434416472911835","0.11434416472911835","2314","2314","2314"
"231599","0.1144966185092926","0.1144966185092926","0.1144966185092926","2315","2315","2315"
"231699","0.12168720364570618","0.12168720364570618","0.12168720364570618","2316","2316","2316"
"231799","0.1162300780415535","0.1162300780415535","0.1162300780415535","2317","2317","2317"
"231899","0.11221903562545776","0.11221903562545776","0.11221903562545776","2318","2318","2318"
"231999","0.11553157866001129","0.11553157866001129","0.11553157866001129","2319","2319","2319"
"232099","0.11001698672771454","0.11001698672771454","0.11001698672771454","2320","2320","2320"
"232199","0.11722397804260254","0.11722397804260254","0.11722397804260254","2321","2321","2321"
"232299","0.11687909811735153","0.11687909811735153","0.11687909811735153","2322","2322","2322"
"232399","0.11742819845676422","0.11742819845676422","0.11742819845676422","2323","2323","2323"
"232499","0.11515786498785019","0.11515786498785019","0.11515786498785019","2324","2324","2324"
"232599","0.12107042223215103","0.12107042223215103","0.12107042223215103","2325","2325","2325"
"232699","0.11660555750131607","0.11660555750131607","0.11660555750131607","2326","2326","2326"
"232799","0.11834026128053665","0.11834026128053665","0.11834026128053665","2327","2327","2327"
"232899","0.12140437960624695","0.12140437960624695","0.12140437960624695","2328","2328","2328"
"232999","0.11855214834213257","0.11855214834213257","0.11855214834213257","2329","2329","2329"
"233099","0.1095527708530426","0.1095527708530426","0.1095527708530426","2330","2330","2330"
"233199","0.1108652651309967","0.1108652651309967","0.1108652651309967","2331","2331","2331"
"233299","0.11545705050230026","0.11545705050230026","0.11545705050230026","2332","2332","2332"
"233399","0.11852431297302246","0.11852431297302246","0.11852431297302246","2333","2333","2333"
"233499","0.11108087003231049","0.11108087003231049","0.11108087003231049","2334","2334","2334"
"233599","0.11725287139415741","0.11725287139415741","0.11725287139415741","2335","2335","2335"
"233699","0.11729034781455994","0.11729034781455994","0.11729034781455994","2336","2336","2336"
"233799","0.11017641425132751","0.11017641425132751","0.11017641425132751","2337","2337","2337"
"233899","0.12280897051095963","0.12280897051095963","0.12280897051095963","2338","2338","2338"
"233999","0.11100263148546219","0.11100263148546219","0.11100263148546219","2339","2339","2339"
"234099","0.11365863680839539","0.11365863680839539","0.11365863680839539","2340","2340","2340"
"234199","0.11717242002487183","0.11717242002487183","0.11717242002487183","2341","2341","2341"
"234299","0.1179770976305008","0.1179770976305008","0.1179770976305008","2342","2342","2342"
"234399","0.12103520333766937","0.12103520333766937","0.12103520333766937","2343","2343","2343"
"234499","0.11578202247619629","0.11578202247619629","0.11578202247619629","2344","2344","2344"
"234599","0.11300740391016006","0.11300740391016006","0.11300740391016006","2345","2345","2345"
"234699","0.11459432542324066","0.11459432542324066","0.11459432542324066","2346","2346","2346"
"234799","0.1135198250412941","0.1135198250412941","0.1135198250412941","2347","2347","2347"
"234899","0.11637010425329208","0.11637010425329208","0.11637010425329208","2348","2348","2348"
"234999","0.11801373213529587","0.11801373213529587","0.11801373213529587","2349","2349","2349"
"235099","0.12302346527576447","0.12302346527576447","0.12302346527576447","2350","2350","2350"
"235199","0.1140461191534996","0.1140461191534996","0.1140461191534996","2351","2351","2351"
"235299","0.11351636052131653","0.11351636052131653","0.11351636052131653","2352","2352","2352"
"235399","0.11688084900379181","0.11688084900379181","0.11688084900379181","2353","2353","2353"
"235499","0.11864235997200012","0.11864235997200012","0.11864235997200012","2354","2354","2354"
"235599","0.1173105537891388","0.1173105537891388","0.1173105537891388","2355","2355","2355"
"235699","0.11355745047330856","0.11355745047330856","0.11355745047330856","2356","2356","2356"
"235799","0.11519978195428848","0.11519978195428848","0.11519978195428848","2357","2357","2357"
"235899","0.11575306206941605","0.11575306206941605","0.11575306206941605","2358","2358","2358"
"235999","0.12115924060344696","0.12115924060344696","0.12115924060344696","2359","2359","2359"
"236099","0.11732068657875061","0.11732068657875061","0.11732068657875061","2360","2360","2360"
"236199","0.1119876429438591","0.1119876429438591","0.1119876429438591","2361","2361","2361"
"236299","0.11615382879972458","0.11615382879972458","0.11615382879972458","2362","2362","2362"
"236399","0.1142498180270195","0.1142498180270195","0.1142498180270195","2363","2363","2363"
"236499","0.12084709107875824","0.12084709107875824","0.12084709107875824","2364","2364","2364"
"236599","0.1146836057305336","0.1146836057305336","0.1146836057305336","2365","2365","2365"
"236699","0.11552103608846664","0.11552103608846664","0.11552103608846664","2366","2366","2366"
"236799","0.11385522782802582","0.11385522782802582","0.11385522782802582","2367","2367","2367"
"236899","0.1092696413397789","0.1092696413397789","0.1092696413397789","2368","2368","2368"
"236999","0.1153944581747055","0.1153944581747055","0.1153944581747055","2369","2369","2369"
"237099","0.11712870746850967","0.11712870746850967","0.11712870746850967","2370","2370","2370"
"237199","0.1194499135017395","0.1194499135017395","0.1194499135017395","2371","2371","2371"
"237299","0.11565577238798141","0.11565577238798141","0.11565577238798141","2372","2372","2372"
"237399","0.11500776559114456","0.11500776559114456","0.11500776559114456","2373","2373","2373"
"237499","0.1145142987370491","0.1145142987370491","0.1145142987370491","2374","2374","2374"
"237599","0.11344172060489655","0.11344172060489655","0.11344172060489655","2375","2375","2375"
"237699","0.10794814676046371","0.10794814676046371","0.10794814676046371","2376","2376","2376"
"237799","0.11354949325323105","0.11354949325323105","0.11354949325323105","2377","2377","2377"
"237899","0.11227157711982727","0.11227157711982727","0.11227157711982727","2378","2378","2378"
"237999","0.1144745796918869","0.1144745796918869","0.1144745796918869","2379","2379","2379"
"238099","0.1093485876917839","0.1093485876917839","0.1093485876917839","2380","2380","2380"
"238199","0.11694830656051636","0.11694830656051636","0.11694830656051636","2381","2381","2381"
"238299","0.10817256569862366","0.10817256569862366","0.10817256569862366","2382","2382","2382"
"238399","0.11626139283180237","0.11626139283180237","0.11626139283180237","2383","2383","2383"
"238499","0.11334684491157532","0.11334684491157532","0.11334684491157532","2384","2384","2384"
"238599","0.11386410146951675","0.11386410146951675","0.11386410146951675","2385","2385","2385"
"238699","0.11351293325424194","0.11351293325424194","0.11351293325424194","2386","2386","2386"
"238799","0.11236357688903809","0.11236357688903809","0.11236357688903809","2387","2387","2387"
"238899","0.11436901241540909","0.11436901241540909","0.11436901241540909","2388","2388","2388"
"238999","0.11455632746219635","0.11455632746219635","0.11455632746219635","2389","2389","2389"
"239099","0.12023303657770157","0.12023303657770157","0.12023303657770157","2390","2390","2390"
"239199","0.12402626872062683","0.12402626872062683","0.12402626872062683","2391","2391","2391"
"239299","0.11534105986356735","0.11534105986356735","0.11534105986356735","2392","2392","2392"
"239399","0.1108318567276001","0.1108318567276001","0.1108318567276001","2393","2393","2393"
"239499","0.11182387173175812","0.11182387173175812","0.11182387173175812","2394","2394","2394"
"239599","0.11113520711660385","0.11113520711660385","0.11113520711660385","2395","2395","2395"
"239699","0.10840462893247604","0.10840462893247604","0.10840462893247604","2396","2396","2396"
"239799","0.11894214898347855","0.11894214898347855","0.11894214898347855","2397","2397","2397"
"239899","0.11351151019334793","0.11351151019334793","0.11351151019334793","2398","2398","2398"
"239999","0.118586465716362","0.118586465716362","0.118586465716362","2399","2399","2399"
"240099","0.11437661945819855","0.11437661945819855","0.11437661945819855","2400","2400","2400"
"240199","0.11297803372144699","0.11297803372144699","0.11297803372144699","2401","2401","2401"
"240299","0.11992523819208145","0.11992523819208145","0.11992523819208145","2402","2402","2402"
"240399","0.11668484658002853","0.11668484658002853","0.11668484658002853","2403","2403","2403"
"240499","0.11386438459157944","0.11386438459157944","0.11386438459157944","2404","2404","2404"
"240599","0.12375310063362122","0.12375310063362122","0.12375310063362122","2405","2405","2405"
"240699","0.11569375544786453","0.11569375544786453","0.11569375544786453","2406","2406","2406"
"240799","0.12321890890598297","0.12321890890598297","0.12321890890598297","2407","2407","2407"
"240899","0.11203278601169586","0.11203278601169586","0.11203278601169586","2408","2408","2408"
"240999","0.1159268468618393","0.1159268468618393","0.1159268468618393","2409","2409","2409"
"241099","0.11920186877250671","0.11920186877250671","0.11920186877250671","2410","2410","2410"
"241199","0.11535870283842087","0.11535870283842087","0.11535870283842087","2411","2411","2411"
"241299","0.11060111224651337","0.11060111224651337","0.11060111224651337","2412","2412","2412"
"241399","0.11689118295907974","0.11689118295907974","0.11689118295907974","2413","2413","2413"
"241499","0.11862148344516754","0.11862148344516754","0.11862148344516754","2414","2414","2414"
"241599","0.11734826117753983","0.11734826117753983","0.11734826117753983","2415","2415","2415"
"241699","0.11639980226755142","0.11639980226755142","0.11639980226755142","2416","2416","2416"
"241799","0.11366249620914459","0.11366249620914459","0.11366249620914459","2417","2417","2417"
"241899","0.10506626963615417","0.10506626963615417","0.10506626963615417","2418","2418","2418"
"241999","0.1166374459862709","0.1166374459862709","0.1166374459862709","2419","2419","2419"
"242099","0.12351331859827042","0.12351331859827042","0.12351331859827042","2420","2420","2420"
"242199","0.11116887629032135","0.11116887629032135","0.11116887629032135","2421","2421","2421"
"242299","0.10979073494672775","0.10979073494672775","0.10979073494672775","2422","2422","2422"
"242399","0.11481063067913055","0.11481063067913055","0.11481063067913055","2423","2423","2423"
"242499","0.11723669618368149","0.11723669618368149","0.11723669618368149","2424","2424","2424"
"242599","0.12233233451843262","0.12233233451843262","0.12233233451843262","2425","2425","2425"
"242699","0.12100822478532791","0.12100822478532791","0.12100822478532791","2426","2426","2426"
"242799","0.1094886064529419","0.1094886064529419","0.1094886064529419","2427","2427","2427"
"242899","0.11555493623018265","0.11555493623018265","0.11555493623018265","2428","2428","2428"
"242999","0.1173328384757042","0.1173328384757042","0.1173328384757042","2429","2429","2429"
"243099","0.11625907570123672","0.11625907570123672","0.11625907570123672","2430","2430","2430"
"243199","0.1133892610669136","0.1133892610669136","0.1133892610669136","2431","2431","2431"
"243299","0.11080292612314224","0.11080292612314224","0.11080292612314224","2432","2432","2432"
"243399","0.11562447249889374","0.11562447249889374","0.11562447249889374","2433","2433","2433"
"243499","0.12006875872612","0.12006875872612","0.12006875872612","2434","2434","2434"
"243599","0.11045778542757034","0.11045778542757034","0.11045778542757034","2435","2435","2435"
"243699","0.11486880481243134","0.11486880481243134","0.11486880481243134","2436","2436","2436"
"243799","0.11477907001972198","0.11477907001972198","0.11477907001972198","2437","2437","2437"
"243899","0.11417891830205917","0.11417891830205917","0.11417891830205917","2438","2438","2438"
"243999","0.12009842693805695","0.12009842693805695","0.12009842693805695","2439","2439","2439"
"244099","0.11806851625442505","0.11806851625442505","0.11806851625442505","2440","2440","2440"
"244199","0.11872673779726028","0.11872673779726028","0.11872673779726028","2441","2441","2441"
"244299","0.11962736397981644","0.11962736397981644","0.11962736397981644","2442","2442","2442"
"244399","0.11486189812421799","0.11486189812421799","0.11486189812421799","2443","2443","2443"
"244499","0.10883492976427078","0.10883492976427078","0.10883492976427078","2444","2444","2444"
"244599","0.11571743339300156","0.11571743339300156","0.11571743339300156","2445","2445","2445"
"244699","0.10616030544042587","0.10616030544042587","0.10616030544042587","2446","2446","2446"
"244799","0.10742343217134476","0.10742343217134476","0.10742343217134476","2447","2447","2447"
"244899","0.13127444684505463","0.13127444684505463","0.13127444684505463","2448","2448","2448"
"244999","0.11788833886384964","0.11788833886384964","0.11788833886384964","2449","2449","2449"
"245099","0.11782314628362656","0.11782314628362656","0.11782314628362656","2450","2450","2450"
"245199","0.11411463469266891","0.11411463469266891","0.11411463469266891","2451","2451","2451"
"245299","0.11503066122531891","0.11503066122531891","0.11503066122531891","2452","2452","2452"
"245399","0.11576440930366516","0.11576440930366516","0.11576440930366516","2453","2453","2453"
"245499","0.1207958310842514","0.1207958310842514","0.1207958310842514","2454","2454","2454"
"245599","0.11362185329198837","0.11362185329198837","0.11362185329198837","2455","2455","2455"
"245699","0.11621778458356857","0.11621778458356857","0.11621778458356857","2456","2456","2456"
"245799","0.11764334887266159","0.11764334887266159","0.11764334887266159","2457","2457","2457"
"245899","0.11813778430223465","0.11813778430223465","0.11813778430223465","2458","2458","2458"
"245999","0.11531177908182144","0.11531177908182144","0.11531177908182144","2459","2459","2459"
"246099","0.11413246393203735","0.11413246393203735","0.11413246393203735","2460","2460","2460"
"246199","0.11714350432157516","0.11714350432157516","0.11714350432157516","2461","2461","2461"
"246299","0.12151351571083069","0.12151351571083069","0.12151351571083069","2462","2462","2462"
"246399","0.11400028318166733","0.11400028318166733","0.11400028318166733","2463","2463","2463"
"246499","0.1126256212592125","0.1126256212592125","0.1126256212592125","2464","2464","2464"
"246599","0.12245633453130722","0.12245633453130722","0.12245633453130722","2465","2465","2465"
"246699","0.10916558653116226","0.10916558653116226","0.10916558653116226","2466","2466","2466"
"246799","0.11513812094926834","0.11513812094926834","0.11513812094926834","2467","2467","2467"
"246899","0.11356674134731293","0.11356674134731293","0.11356674134731293","2468","2468","2468"
"246999","0.11705279350280762","0.11705279350280762","0.11705279350280762","2469","2469","2469"
"247099","0.11833004653453827","0.11833004653453827","0.11833004653453827","2470","2470","2470"
"247199","0.11088299006223679","0.11088299006223679","0.11088299006223679","2471","2471","2471"
"247299","0.12104104459285736","0.12104104459285736","0.12104104459285736","2472","2472","2472"
"247399","0.12163545191287994","0.12163545191287994","0.12163545191287994","2473","2473","2473"
"247499","0.11762817203998566","0.11762817203998566","0.11762817203998566","2474","2474","2474"
"247599","0.11233018338680267","0.11233018338680267","0.11233018338680267","2475","2475","2475"
"247699","0.11541125923395157","0.11541125923395157","0.11541125923395157","2476","2476","2476"
"247799","0.11875718832015991","0.11875718832015991","0.11875718832015991","2477","2477","2477"
"247899","0.11802941560745239","0.11802941560745239","0.11802941560745239","2478","2478","2478"
"247999","0.11409759521484375","0.11409759521484375","0.11409759521484375","2479","2479","2479"
"248099","0.11853189021348953","0.11853189021348953","0.11853189021348953","2480","2480","2480"
"248199","0.11773654073476791","0.11773654073476791","0.11773654073476791","2481","2481","2481"
"248299","0.1157590001821518","0.1157590001821518","0.1157590001821518","2482","2482","2482"
"248399","0.10849079489707947","0.10849079489707947","0.10849079489707947","2483","2483","2483"
"248499","0.11169270426034927","0.11169270426034927","0.11169270426034927","2484","2484","2484"
"248599","0.11449383199214935","0.11449383199214935","0.11449383199214935","2485","2485","2485"
"248699","0.11513899266719818","0.11513899266719818","0.11513899266719818","2486","2486","2486"
"248799","0.11954934149980545","0.11954934149980545","0.11954934149980545","2487","2487","2487"
"248899","0.10915959626436234","0.10915959626436234","0.10915959626436234","2488","2488","2488"
"248999","0.11805859208106995","0.11805859208106995","0.11805859208106995","2489","2489","2489"
"249099","0.11597197502851486","0.11597197502851486","0.11597197502851486","2490","2490","2490"
"249199","0.11865177005529404","0.11865177005529404","0.11865177005529404","2491","2491","2491"
"249299","0.11253388226032257","0.11253388226032257","0.11253388226032257","2492","2492","2492"
"249399","0.12464020401239395","0.12464020401239395","0.12464020401239395","2493","2493","2493"
"249499","0.11942660063505173","0.11942660063505173","0.11942660063505173","2494","2494","2494"
"249599","0.11568751931190491","0.11568751931190491","0.11568751931190491","2495","2495","2495"
"249699","0.11035601049661636","0.11035601049661636","0.11035601049661636","2496","2496","2496"
"249799","0.12284664809703827","0.12284664809703827","0.12284664809703827","2497","2497","2497"
"249899","0.10673525929450989","0.10673525929450989","0.10673525929450989","2498","2498","2498"
"249999","0.10839143395423889","0.10839143395423889","0.10839143395423889","2499","2499","2499"
"250099","0.11018294841051102","0.11018294841051102","0.11018294841051102","2500","2500","2500"
"250199","0.11605207622051239","0.11605207622051239","0.11605207622051239","2501","2501","2501"
"250299","0.11539255827665329","0.11539255827665329","0.11539255827665329","2502","2502","2502"
"250399","0.11605166643857956","0.11605166643857956","0.11605166643857956","2503","2503","2503"
"250499","0.12042360752820969","0.12042360752820969","0.12042360752820969","2504","2504","2504"
"250599","0.11422127485275269","0.11422127485275269","0.11422127485275269","2505","2505","2505"
"250699","0.11453293263912201","0.11453293263912201","0.11453293263912201","2506","2506","2506"
"250799","0.11605299264192581","0.11605299264192581","0.11605299264192581","2507","2507","2507"
"250899","0.11890233308076859","0.11890233308076859","0.11890233308076859","2508","2508","2508"
"250999","0.1193469986319542","0.1193469986319542","0.1193469986319542","2509","2509","2509"
"251099","0.11277779191732407","0.11277779191732407","0.11277779191732407","2510","2510","2510"
"251199","0.1132013276219368","0.1132013276219368","0.1132013276219368","2511","2511","2511"
"251299","0.11153346300125122","0.11153346300125122","0.11153346300125122","2512","2512","2512"
"251399","0.11534963548183441","0.11534963548183441","0.11534963548183441","2513","2513","2513"
"251499","0.11422380059957504","0.11422380059957504","0.11422380059957504","2514","2514","2514"
"251599","0.11439399421215057","0.11439399421215057","0.11439399421215057","2515","2515","2515"
"251699","0.11796282976865768","0.11796282976865768","0.11796282976865768","2516","2516","2516"
"251799","0.11616615951061249","0.11616615951061249","0.11616615951061249","2517","2517","2517"
"251899","0.11205997318029404","0.11205997318029404","0.11205997318029404","2518","2518","2518"
"251999","0.11437302082777023","0.11437302082777023","0.11437302082777023","2519","2519","2519"
"252099","0.11875725537538528","0.11875725537538528","0.11875725537538528","2520","2520","2520"
"252199","0.11190193146467209","0.11190193146467209","0.11190193146467209","2521","2521","2521"
"252299","0.11356616020202637","0.11356616020202637","0.11356616020202637","2522","2522","2522"
"252399","0.11477252095937729","0.11477252095937729","0.11477252095937729","2523","2523","2523"
"252499","0.11028089374303818","0.11028089374303818","0.11028089374303818","2524","2524","2524"
"252599","0.11518650501966476","0.11518650501966476","0.11518650501966476","2525","2525","2525"
"252699","0.11989223212003708","0.11989223212003708","0.11989223212003708","2526","2526","2526"
"252799","0.12037357687950134","0.12037357687950134","0.12037357687950134","2527","2527","2527"
"252899","0.11787717044353485","0.11787717044353485","0.11787717044353485","2528","2528","2528"
"252999","0.11392883211374283","0.11392883211374283","0.11392883211374283","2529","2529","2529"
"253099","0.11578396707773209","0.11578396707773209","0.11578396707773209","2530","2530","2530"
"253199","0.11573424935340881","0.11573424935340881","0.11573424935340881","2531","2531","2531"
"253299","0.11765333265066147","0.11765333265066147","0.11765333265066147","2532","2532","2532"
"253399","0.11448360234498978","0.11448360234498978","0.11448360234498978","2533","2533","2533"
"253499","0.11477366834878922","0.11477366834878922","0.11477366834878922","2534","2534","2534"
"253599","0.1153889149427414","0.1153889149427414","0.1153889149427414","2535","2535","2535"
"253699","0.1152503713965416","0.1152503713965416","0.1152503713965416","2536","2536","2536"
"253799","0.11617396771907806","0.11617396771907806","0.11617396771907806","2537","2537","2537"
"253899","0.1118851974606514","0.1118851974606514","0.1118851974606514","2538","2538","2538"
"253999","0.11257320642471313","0.11257320642471313","0.11257320642471313","2539","2539","2539"
"254099","0.11646422743797302","0.11646422743797302","0.11646422743797302","2540","2540","2540"
"254199","0.1168987825512886","0.1168987825512886","0.1168987825512886","2541","2541","2541"
"254299","0.11686719208955765","0.11686719208955765","0.11686719208955765","2542","2542","2542"
"254399","0.114667147397995","0.114667147397995","0.114667147397995","2543","2543","2543"
"254499","0.11623076349496841","0.11623076349496841","0.11623076349496841","2544","2544","2544"
"254599","0.11521600186824799","0.11521600186824799","0.11521600186824799","2545","2545","2545"
"254699","0.11766982078552246","0.11766982078552246","0.11766982078552246","2546","2546","2546"
"254799","0.11732537299394608","0.11732537299394608","0.11732537299394608","2547","2547","2547"
"254899","0.10734245926141739","0.10734245926141739","0.10734245926141739","2548","2548","2548"
"254999","0.10990668833255768","0.10990668833255768","0.10990668833255768","2549","2549","2549"
"255099","0.10995905101299286","0.10995905101299286","0.10995905101299286","2550","2550","2550"
"255199","0.11601489782333374","0.11601489782333374","0.11601489782333374","2551","2551","2551"
"255299","0.11411619931459427","0.11411619931459427","0.11411619931459427","2552","2552","2552"
"255399","0.11553717404603958","0.11553717404603958","0.11553717404603958","2553","2553","2553"
"255499","0.11516349762678146","0.11516349762678146","0.11516349762678146","2554","2554","2554"
"255599","0.11378404498100281","0.11378404498100281","0.11378404498100281","2555","2555","2555"
"255699","0.11378137767314911","0.11378137767314911","0.11378137767314911","2556","2556","2556"
"255799","0.11673293262720108","0.11673293262720108","0.11673293262720108","2557","2557","2557"
"255899","0.1166643500328064","0.1166643500328064","0.1166643500328064","2558","2558","2558"
"255999","0.11478918790817261","0.11478918790817261","0.11478918790817261","2559","2559","2559"
"256099","0.11365728080272675","0.11365728080272675","0.11365728080272675","2560","2560","2560"
"256199","0.12005751579999924","0.12005751579999924","0.12005751579999924","2561","2561","2561"
"256299","0.11563003808259964","0.11563003808259964","0.11563003808259964","2562","2562","2562"
"256399","0.11377257108688354","0.11377257108688354","0.11377257108688354","2563","2563","2563"
"256499","0.1175290048122406","0.1175290048122406","0.1175290048122406","2564","2564","2564"
"256599","0.1129441037774086","0.1129441037774086","0.1129441037774086","2565","2565","2565"
"256699","0.1102902740240097","0.1102902740240097","0.1102902740240097","2566","2566","2566"
"256799","0.11680035293102264","0.11680035293102264","0.11680035293102264","2567","2567","2567"
"256899","0.11373063176870346","0.11373063176870346","0.11373063176870346","2568","2568","2568"
"256999","0.11919134855270386","0.11919134855270386","0.11919134855270386","2569","2569","2569"
"257099","0.11459781229496002","0.11459781229496002","0.11459781229496002","2570","2570","2570"
"257199","0.12151351571083069","0.12151351571083069","0.12151351571083069","2571","2571","2571"
"257299","0.1152953952550888","0.1152953952550888","0.1152953952550888","2572","2572","2572"
"257399","0.11835727095603943","0.11835727095603943","0.11835727095603943","2573","2573","2573"
"257499","0.11960230022668839","0.11960230022668839","0.11960230022668839","2574","2574","2574"
"257599","0.11368916183710098","0.11368916183710098","0.11368916183710098","2575","2575","2575"
"257699","0.11321749538183212","0.11321749538183212","0.11321749538183212","2576","2576","2576"
"257799","0.11583445966243744","0.11583445966243744","0.11583445966243744","2577","2577","2577"
"257899","0.11290755867958069","0.11290755867958069","0.11290755867958069","2578","2578","2578"
"257999","0.11413063108921051","0.11413063108921051","0.11413063108921051","2579","2579","2579"
"258099","0.11244778335094452","0.11244778335094452","0.11244778335094452","2580","2580","2580"
"258199","0.11773894727230072","0.11773894727230072","0.11773894727230072","2581","2581","2581"
"258299","0.11635533720254898","0.11635533720254898","0.11635533720254898","2582","2582","2582"
"258399","0.11830084770917892","0.11830084770917892","0.11830084770917892","2583","2583","2583"
"258499","0.11862426996231079","0.11862426996231079","0.11862426996231079","2584","2584","2584"
"258599","0.1099894791841507","0.1099894791841507","0.1099894791841507","2585","2585","2585"
"258699","0.1109677255153656","0.1109677255153656","0.1109677255153656","2586","2586","2586"
"258799","0.11017844080924988","0.11017844080924988","0.11017844080924988","2587","2587","2587"
"258899","0.11274151504039764","0.11274151504039764","0.11274151504039764","2588","2588","2588"
"258999","0.11492548137903214","0.11492548137903214","0.11492548137903214","2589","2589","2589"
"259099","0.11457523703575134","0.11457523703575134","0.11457523703575134","2590","2590","2590"
"259199","0.11513420939445496","0.11513420939445496","0.11513420939445496","2591","2591","2591"
"259299","0.11550930887460709","0.11550930887460709","0.11550930887460709","2592","2592","2592"
"259399","0.11765450984239578","0.11765450984239578","0.11765450984239578","2593","2593","2593"
"259499","0.117668017745018","0.117668017745018","0.117668017745018","2594","2594","2594"
"259599","0.11768503487110138","0.11768503487110138","0.11768503487110138","2595","2595","2595"
"259699","0.10937940329313278","0.10937940329313278","0.10937940329313278","2596","2596","2596"
"259799","0.11023854464292526","0.11023854464292526","0.11023854464292526","2597","2597","2597"
"259899","0.11493703722953796","0.11493703722953796","0.11493703722953796","2598","2598","2598"
"259999","0.11317479610443115","0.11317479610443115","0.11317479610443115","2599","2599","2599"
"260099","0.11182571947574615","0.11182571947574615","0.11182571947574615","2600","2600","2600"
"260199","0.11850710958242416","0.11850710958242416","0.11850710958242416","2601","2601","2601"
"260299","0.11744822561740875","0.11744822561740875","0.11744822561740875","2602","2602","2602"
"260399","0.11774184554815292","0.11774184554815292","0.11774184554815292","2603","2603","2603"
"260499","0.11819557845592499","0.11819557845592499","0.11819557845592499","2604","2604","2604"
"260599","0.11498627066612244","0.11498627066612244","0.11498627066612244","2605","2605","2605"
"260699","0.11425154656171799","0.11425154656171799","0.11425154656171799","2606","2606","2606"
"260799","0.11470939964056015","0.11470939964056015","0.11470939964056015","2607","2607","2607"
"260899","0.11712352186441422","0.11712352186441422","0.11712352186441422","2608","2608","2608"
"260999","0.12076683342456818","0.12076683342456818","0.12076683342456818","2609","2609","2609"
"261099","0.11347158998250961","0.11347158998250961","0.11347158998250961","2610","2610","2610"
"261199","0.11661059409379959","0.11661059409379959","0.11661059409379959","2611","2611","2611"
"261299","0.11522959172725677","0.11522959172725677","0.11522959172725677","2612","2612","2612"
"261399","0.11404895037412643","0.11404895037412643","0.11404895037412643","2613","2613","2613"
"261499","0.1105647161602974","0.1105647161602974","0.1105647161602974","2614","2614","2614"
"261599","0.1201944649219513","0.1201944649219513","0.1201944649219513","2615","2615","2615"
"261699","0.11303103715181351","0.11303103715181351","0.11303103715181351","2616","2616","2616"
"261799","0.11711788177490234","0.11711788177490234","0.11711788177490234","2617","2617","2617"
"261899","0.11665845662355423","0.11665845662355423","0.11665845662355423","2618","2618","2618"
"261999","0.1123361587524414","0.1123361587524414","0.1123361587524414","2619","2619","2619"
"262099","0.11769980192184448","0.11769980192184448","0.11769980192184448","2620","2620","2620"
"262199","0.1109338253736496","0.1109338253736496","0.1109338253736496","2621","2621","2621"
"262299","0.11113227903842926","0.11113227903842926","0.11113227903842926","2622","2622","2622"
"262399","0.11158160120248795","0.11158160120248795","0.11158160120248795","2623","2623","2623"
"262499","0.11708525568246841","0.11708525568246841","0.11708525568246841","2624","2624","2624"
"262599","0.11485036462545395","0.11485036462545395","0.11485036462545395","2625","2625","2625"
"262699","0.11562032997608185","0.11562032997608185","0.11562032997608185","2626","2626","2626"
"262799","0.12264030426740646","0.12264030426740646","0.12264030426740646","2627","2627","2627"
"262899","0.1178816631436348","0.1178816631436348","0.1178816631436348","2628","2628","2628"
"262999","0.11557648330926895","0.11557648330926895","0.11557648330926895","2629","2629","2629"
"263099","0.11754557490348816","0.11754557490348816","0.11754557490348816","2630","2630","2630"
"263199","0.12265006452798843","0.12265006452798843","0.12265006452798843","2631","2631","2631"
"263299","0.11703436821699142","0.11703436821699142","0.11703436821699142","2632","2632","2632"
"263399","0.11158331483602524","0.11158331483602524","0.11158331483602524","2633","2633","2633"
"263499","0.11117147654294968","0.11117147654294968","0.11117147654294968","2634","2634","2634"
"263599","0.11484002321958542","0.11484002321958542","0.11484002321958542","2635","2635","2635"
"263699","0.12036070227622986","0.12036070227622986","0.12036070227622986","2636","2636","2636"
"263799","0.12112834304571152","0.12112834304571152","0.12112834304571152","2637","2637","2637"
"263899","0.11610893905162811","0.11610893905162811","0.11610893905162811","2638","2638","2638"
"263999","0.11982206255197525","0.11982206255197525","0.11982206255197525","2639","2639","2639"
"264099","0.1120225340127945","0.1120225340127945","0.1120225340127945","2640","2640","2640"
"264199","0.11533939838409424","0.11533939838409424","0.11533939838409424","2641","2641","2641"
"264299","0.11294413357973099","0.11294413357973099","0.11294413357973099","2642","2642","2642"
"264399","0.1118830218911171","0.1118830218911171","0.1118830218911171","2643","2643","2643"
"264499","0.11428514122962952","0.11428514122962952","0.11428514122962952","2644","2644","2644"
"264599","0.1255594938993454","0.1255594938993454","0.1255594938993454","2645","2645","2645"
"264699","0.115853451192379","0.115853451192379","0.115853451192379","2646","2646","2646"
"264799","0.10978007316589355","0.10978007316589355","0.10978007316589355","2647","2647","2647"
"264899","0.11473581194877625","0.11473581194877625","0.11473581194877625","2648","2648","2648"
"264999","0.11860162019729614","0.11860162019729614","0.11860162019729614","2649","2649","2649"
"265099","0.11990304291248322","0.11990304291248322","0.11990304291248322","2650","2650","2650"
"265199","0.11471642553806305","0.11471642553806305","0.11471642553806305","2651","2651","2651"
"265299","0.11850456893444061","0.11850456893444061","0.11850456893444061","2652","2652","2652"
"265399","0.11248552054166794","0.11248552054166794","0.11248552054166794","2653","2653","2653"
"265499","0.12085799127817154","0.12085799127817154","0.12085799127817154","2654","2654","2654"
"265599","0.112031951546669","0.112031951546669","0.112031951546669","2655","2655","2655"
"265699","0.11750300973653793","0.11750300973653793","0.11750300973653793","2656","2656","2656"
"265799","0.11462356150150299","0.11462356150150299","0.11462356150150299","2657","2657","2657"
"265899","0.11256612837314606","0.11256612837314606","0.11256612837314606","2658","2658","2658"
"265999","0.12108217924833298","0.12108217924833298","0.12108217924833298","2659","2659","2659"
"266099","0.11453880369663239","0.11453880369663239","0.11453880369663239","2660","2660","2660"
"266199","0.11269553750753403","0.11269553750753403","0.11269553750753403","2661","2661","2661"
"266299","0.11778554320335388","0.11778554320335388","0.11778554320335388","2662","2662","2662"
"266399","0.11701355874538422","0.11701355874538422","0.11701355874538422","2663","2663","2663"
"266499","0.11180893331766129","0.11180893331766129","0.11180893331766129","2664","2664","2664"
"266599","0.11208749562501907","0.11208749562501907","0.11208749562501907","2665","2665","2665"
"266699","0.11847395449876785","0.11847395449876785","0.11847395449876785","2666","2666","2666"
"266799","0.1154155358672142","0.1154155358672142","0.1154155358672142","2667","2667","2667"
"266899","0.11694323271512985","0.11694323271512985","0.11694323271512985","2668","2668","2668"
"266999","0.11510223895311356","0.11510223895311356","0.11510223895311356","2669","2669","2669"
"267099","0.11121656745672226","0.11121656745672226","0.11121656745672226","2670","2670","2670"
"267199","0.1150590106844902","0.1150590106844902","0.1150590106844902","2671","2671","2671"
"267299","0.1230340227484703","0.1230340227484703","0.1230340227484703","2672","2672","2672"
"267399","0.11596936732530594","0.11596936732530594","0.11596936732530594","2673","2673","2673"
"267499","0.11797179281711578","0.11797179281711578","0.11797179281711578","2674","2674","2674"
"267599","0.11695732921361923","0.11695732921361923","0.11695732921361923","2675","2675","2675"
"267699","0.1165391281247139","0.1165391281247139","0.1165391281247139","2676","2676","2676"
"267799","0.1186746284365654","0.1186746284365654","0.1186746284365654","2677","2677","2677"
"267899","0.11030378937721252","0.11030378937721252","0.11030378937721252","2678","2678","2678"
"267999","0.11817141622304916","0.11817141622304916","0.11817141622304916","2679","2679","2679"
"268099","0.11418034881353378","0.11418034881353378","0.11418034881353378","2680","2680","2680"
"268199","0.1169385313987732","0.1169385313987732","0.1169385313987732","2681","2681","2681"
"268299","0.10874548554420471","0.10874548554420471","0.10874548554420471","2682","2682","2682"
"268399","0.11286669969558716","0.11286669969558716","0.11286669969558716","2683","2683","2683"
"268499","0.12202344089746475","0.12202344089746475","0.12202344089746475","2684","2684","2684"
"268599","0.11684396117925644","0.11684396117925644","0.11684396117925644","2685","2685","2685"
"268699","0.11820931732654572","0.11820931732654572","0.11820931732654572","2686","2686","2686"
"268799","0.11306948959827423","0.11306948959827423","0.11306948959827423","2687","2687","2687"
"268899","0.11688020825386047","0.11688020825386047","0.11688020825386047","2688","2688","2688"
"268999","0.11889424175024033","0.11889424175024033","0.11889424175024033","2689","2689","2689"
"269099","0.12077891826629639","0.12077891826629639","0.12077891826629639","2690","2690","2690"
"269199","0.11118177324533463","0.11118177324533463","0.11118177324533463","2691","2691","2691"
"269299","0.11648271232843399","0.11648271232843399","0.11648271232843399","2692","2692","2692"
"269399","0.11685822904109955","0.11685822904109955","0.11685822904109955","2693","2693","2693"
"269499","0.11118696630001068","0.11118696630001068","0.11118696630001068","2694","2694","2694"
"269599","0.11990107595920563","0.11990107595920563","0.11990107595920563","2695","2695","2695"
"269699","0.11738594621419907","0.11738594621419907","0.11738594621419907","2696","2696","2696"
"269799","0.11373458057641983","0.11373458057641983","0.11373458057641983","2697","2697","2697"
"269899","0.11497320979833603","0.11497320979833603","0.11497320979833603","2698","2698","2698"
"269999","0.11444223672151566","0.11444223672151566","0.11444223672151566","2699","2699","2699"
"270099","0.11508847028017044","0.11508847028017044","0.11508847028017044","2700","2700","2700"
"270199","0.1158192977309227","0.1158192977309227","0.1158192977309227","2701","2701","2701"
"270299","0.12039083242416382","0.12039083242416382","0.12039083242416382","2702","2702","2702"
"270399","0.11197752505540848","0.11197752505540848","0.11197752505540848","2703","2703","2703"
"270499","0.1112799122929573","0.1112799122929573","0.1112799122929573","2704","2704","2704"
"270599","0.11774399131536484","0.11774399131536484","0.11774399131536484","2705","2705","2705"
"270699","0.12192080169916153","0.12192080169916153","0.12192080169916153","2706","2706","2706"
"270799","0.11541333794593811","0.11541333794593811","0.11541333794593811","2707","2707","2707"
"270899","0.11596529185771942","0.11596529185771942","0.11596529185771942","2708","2708","2708"
"270999","0.1163685992360115","0.1163685992360115","0.1163685992360115","2709","2709","2709"
"271099","0.11400248855352402","0.11400248855352402","0.11400248855352402","2710","2710","2710"
"271199","0.11821339279413223","0.11821339279413223","0.11821339279413223","2711","2711","2711"
"271299","0.1127285286784172","0.1127285286784172","0.1127285286784172","2712","2712","2712"
"271399","0.11639631539583206","0.11639631539583206","0.11639631539583206","2713","2713","2713"
"271499","0.11459440737962723","0.11459440737962723","0.11459440737962723","2714","2714","2714"
"271599","0.11334313452243805","0.11334313452243805","0.11334313452243805","2715","2715","2715"
"271699","0.11347918957471848","0.11347918957471848","0.11347918957471848","2716","2716","2716"
"271799","0.11118928343057632","0.11118928343057632","0.11118928343057632","2717","2717","2717"
"271899","0.12111426144838333","0.12111426144838333","0.12111426144838333","2718","2718","2718"
"271999","0.11904902011156082","0.11904902011156082","0.11904902011156082","2719","2719","2719"
"272099","0.1190037727355957","0.1190037727355957","0.1190037727355957","2720","2720","2720"
"272199","0.11829981952905655","0.11829981952905655","0.11829981952905655","2721","2721","2721"
"272299","0.11149226874113083","0.11149226874113083","0.11149226874113083","2722","2722","2722"
"272399","0.11592821031808853","0.11592821031808853","0.11592821031808853","2723","2723","2723"
"272499","0.11616100370883942","0.11616100370883942","0.11616100370883942","2724","2724","2724"
"272599","0.11468050628900528","0.11468050628900528","0.11468050628900528","2725","2725","2725"
"272699","0.11174663156270981","0.11174663156270981","0.11174663156270981","2726","2726","2726"
"272799","0.11838500201702118","0.11838500201702118","0.11838500201702118","2727","2727","2727"
"272899","0.11947385966777802","0.11947385966777802","0.11947385966777802","2728","2728","2728"
"272999","0.11733099818229675","0.11733099818229675","0.11733099818229675","2729","2729","2729"
"273099","0.11643317341804504","0.11643317341804504","0.11643317341804504","2730","2730","2730"
"273199","0.11314883083105087","0.11314883083105087","0.11314883083105087","2731","2731","2731"
"273299","0.11397659033536911","0.11397659033536911","0.11397659033536911","2732","2732","2732"
"273399","0.11698052287101746","0.11698052287101746","0.11698052287101746","2733","2733","2733"
"273499","0.10817507654428482","0.10817507654428482","0.10817507654428482","2734","2734","2734"
"273599","0.1164550930261612","0.1164550930261612","0.1164550930261612","2735","2735","2735"
"273699","0.11041451245546341","0.11041451245546341","0.11041451245546341","2736","2736","2736"
"273799","0.1189751848578453","0.1189751848578453","0.1189751848578453","2737","2737","2737"
"273899","0.11352236568927765","0.11352236568927765","0.11352236568927765","2738","2738","2738"
"273999","0.11758417636156082","0.11758417636156082","0.11758417636156082","2739","2739","2739"
"274099","0.11412238329648972","0.11412238329648972","0.11412238329648972","2740","2740","2740"
"274199","0.11440780013799667","0.11440780013799667","0.11440780013799667","2741","2741","2741"
"274299","0.12248528003692627","0.12248528003692627","0.12248528003692627","2742","2742","2742"
"274399","0.12099984288215637","0.12099984288215637","0.12099984288215637","2743","2743","2743"
"274499","0.1161571741104126","0.1161571741104126","0.1161571741104126","2744","2744","2744"
"274599","0.11570851504802704","0.11570851504802704","0.11570851504802704","2745","2745","2745"
"274699","0.11730320006608963","0.11730320006608963","0.11730320006608963","2746","2746","2746"
"274799","0.120723657310009","0.120723657310009","0.120723657310009","2747","2747","2747"
"274899","0.1183055192232132","0.1183055192232132","0.1183055192232132","2748","2748","2748"
"274999","0.12336301803588867","0.12336301803588867","0.12336301803588867","2749","2749","2749"
"275099","0.12211677432060242","0.12211677432060242","0.12211677432060242","2750","2750","2750"
"275199","0.11061663925647736","0.11061663925647736","0.11061663925647736","2751","2751","2751"
"275299","0.11389978975057602","0.11389978975057602","0.11389978975057602","2752","2752","2752"
"275399","0.10947447270154953","0.10947447270154953","0.10947447270154953","2753","2753","2753"
"275499","0.1088838055729866","0.1088838055729866","0.1088838055729866","2754","2754","2754"
"275599","0.11441151797771454","0.11441151797771454","0.11441151797771454","2755","2755","2755"
"275699","0.11031442135572433","0.11031442135572433","0.11031442135572433","2756","2756","2756"
"275799","0.11758685111999512","0.11758685111999512","0.11758685111999512","2757","2757","2757"
"275899","0.11573480069637299","0.11573480069637299","0.11573480069637299","2758","2758","2758"
"275999","0.11930084228515625","0.11930084228515625","0.11930084228515625","2759","2759","2759"
"276099","0.11943869292736053","0.11943869292736053","0.11943869292736053","2760","2760","2760"
"276199","0.1145816370844841","0.1145816370844841","0.1145816370844841","2761","2761","2761"
"276299","0.12015262991189957","0.12015262991189957","0.12015262991189957","2762","2762","2762"
"276399","0.12492211908102036","0.12492211908102036","0.12492211908102036","2763","2763","2763"
"276499","0.11400258541107178","0.11400258541107178","0.11400258541107178","2764","2764","2764"
"276599","0.11769924312829971","0.11769924312829971","0.11769924312829971","2765","2765","2765"
"276699","0.10798510164022446","0.10798510164022446","0.10798510164022446","2766","2766","2766"
"276799","0.11161848157644272","0.11161848157644272","0.11161848157644272","2767","2767","2767"
"276899","0.11851444095373154","0.11851444095373154","0.11851444095373154","2768","2768","2768"
"276999","0.11716753989458084","0.11716753989458084","0.11716753989458084","2769","2769","2769"
"277099","0.11431072652339935","0.11431072652339935","0.11431072652339935","2770","2770","2770"
"277199","0.12170194089412689","0.12170194089412689","0.12170194089412689","2771","2771","2771"
"277299","0.1144990473985672","0.1144990473985672","0.1144990473985672","2772","2772","2772"
"277399","0.11040779948234558","0.11040779948234558","0.11040779948234558","2773","2773","2773"
"277499","0.10622449964284897","0.10622449964284897","0.10622449964284897","2774","2774","2774"
"277599","0.11509015411138535","0.11509015411138535","0.11509015411138535","2775","2775","2775"
"277699","0.12054912000894547","0.12054912000894547","0.12054912000894547","2776","2776","2776"
"277799","0.11639431864023209","0.11639431864023209","0.11639431864023209","2777","2777","2777"
"277899","0.11962707340717316","0.11962707340717316","0.11962707340717316","2778","2778","2778"
"277999","0.12024669349193573","0.12024669349193573","0.12024669349193573","2779","2779","2779"
"278099","0.11228608340024948","0.11228608340024948","0.11228608340024948","2780","2780","2780"
"278199","0.11597716063261032","0.11597716063261032","0.11597716063261032","2781","2781","2781"
"278299","0.11584435403347015","0.11584435403347015","0.11584435403347015","2782","2782","2782"
"278399","0.11870039999485016","0.11870039999485016","0.11870039999485016","2783","2783","2783"
"278499","0.1182459220290184","0.1182459220290184","0.1182459220290184","2784","2784","2784"
"278599","0.11027199029922485","0.11027199029922485","0.11027199029922485","2785","2785","2785"
"278699","0.12710067629814148","0.12710067629814148","0.12710067629814148","2786","2786","2786"
"278799","0.11203165352344513","0.11203165352344513","0.11203165352344513","2787","2787","2787"
"278899","0.11783473938703537","0.11783473938703537","0.11783473938703537","2788","2788","2788"
"278999","0.11136320978403091","0.11136320978403091","0.11136320978403091","2789","2789","2789"
"279099","0.1108626201748848","0.1108626201748848","0.1108626201748848","2790","2790","2790"
"279199","0.11606432497501373","0.11606432497501373","0.11606432497501373","2791","2791","2791"
"279299","0.11783014982938766","0.11783014982938766","0.11783014982938766","2792","2792","2792"
"279399","0.1126546859741211","0.1126546859741211","0.1126546859741211","2793","2793","2793"
"279499","0.11790116131305695","0.11790116131305695","0.11790116131305695","2794","2794","2794"
"279599","0.11805444955825806","0.11805444955825806","0.11805444955825806","2795","2795","2795"
"279699","0.12075228989124298","0.12075228989124298","0.12075228989124298","2796","2796","2796"
"279799","0.11659245938062668","0.11659245938062668","0.11659245938062668","2797","2797","2797"
"279899","0.11222220957279205","0.11222220957279205","0.11222220957279205","2798","2798","2798"
"279999","0.115160271525383","0.115160271525383","0.115160271525383","2799","2799","2799"
"280099","0.11336446553468704","0.11336446553468704","0.11336446553468704","2800","2800","2800"
"280199","0.11612226814031601","0.11612226814031601","0.11612226814031601","2801","2801","2801"
"280299","0.11866924166679382","0.11866924166679382","0.11866924166679382","2802","2802","2802"
"280399","0.11490974575281143","0.11490974575281143","0.11490974575281143","2803","2803","2803"
"280499","0.11550967395305634","0.11550967395305634","0.11550967395305634","2804","2804","2804"
"280599","0.11848621815443039","0.11848621815443039","0.11848621815443039","2805","2805","2805"
"280699","0.12062462419271469","0.12062462419271469","0.12062462419271469","2806","2806","2806"
"280799","0.10940655320882797","0.10940655320882797","0.10940655320882797","2807","2807","2807"
"280899","0.11479576677083969","0.11479576677083969","0.11479576677083969","2808","2808","2808"
"280999","0.12130589783191681","0.12130589783191681","0.12130589783191681","2809","2809","2809"
"281099","0.11500529944896698","0.11500529944896698","0.11500529944896698","2810","2810","2810"
"281199","0.11252620816230774","0.11252620816230774","0.11252620816230774","2811","2811","2811"
"281299","0.11398837715387344","0.11398837715387344","0.11398837715387344","2812","2812","2812"
"281399","0.11290235072374344","0.11290235072374344","0.11290235072374344","2813","2813","2813"
"281499","0.10924676060676575","0.10924676060676575","0.10924676060676575","2814","2814","2814"
"281599","0.11759833991527557","0.11759833991527557","0.11759833991527557","2815","2815","2815"
"281699","0.12008883059024811","0.12008883059024811","0.12008883059024811","2816","2816","2816"
"281799","0.1210099384188652","0.1210099384188652","0.1210099384188652","2817","2817","2817"
"281899","0.11963730305433273","0.11963730305433273","0.11963730305433273","2818","2818","2818"
"281999","0.10945187509059906","0.10945187509059906","0.10945187509059906","2819","2819","2819"
"282099","0.11810165643692017","0.11810165643692017","0.11810165643692017","2820","2820","2820"
"282199","0.121635302901268","0.121635302901268","0.121635302901268","2821","2821","2821"
"282299","0.1138010025024414","0.1138010025024414","0.1138010025024414","2822","2822","2822"
"282399","0.11770942807197571","0.11770942807197571","0.11770942807197571","2823","2823","2823"
"282499","0.1200578510761261","0.1200578510761261","0.1200578510761261","2824","2824","2824"
"282599","0.11155322939157486","0.11155322939157486","0.11155322939157486","2825","2825","2825"
"282699","0.1116698831319809","0.1116698831319809","0.1116698831319809","2826","2826","2826"
"282799","0.11272041499614716","0.11272041499614716","0.11272041499614716","2827","2827","2827"
"282899","0.11003384739160538","0.11003384739160538","0.11003384739160538","2828","2828","2828"
"282999","0.11028018593788147","0.11028018593788147","0.11028018593788147","2829","2829","2829"
"283099","0.119236059486866","0.119236059486866","0.119236059486866","2830","2830","2830"
"283199","0.11444088816642761","0.11444088816642761","0.11444088816642761","2831","2831","2831"
"283299","0.11597666889429092","0.11597666889429092","0.11597666889429092","2832","2832","2832"
"283399","0.11745580285787582","0.11745580285787582","0.11745580285787582","2833","2833","2833"
"283499","0.11290246248245239","0.11290246248245239","0.11290246248245239","2834","2834","2834"
"283599","0.11656005680561066","0.11656005680561066","0.11656005680561066","2835","2835","2835"
"283699","0.11207801103591919","0.11207801103591919","0.11207801103591919","2836","2836","2836"
"283799","0.11711481213569641","0.11711481213569641","0.11711481213569641","2837","2837","2837"
"283899","0.12303276360034943","0.12303276360034943","0.12303276360034943","2838","2838","2838"
"283999","0.11510538309812546","0.11510538309812546","0.11510538309812546","2839","2839","2839"
"284099","0.11820836365222931","0.11820836365222931","0.11820836365222931","2840","2840","2840"
"284199","0.11575407534837723","0.11575407534837723","0.11575407534837723","2841","2841","2841"
"284299","0.11367210000753403","0.11367210000753403","0.11367210000753403","2842","2842","2842"
"284399","0.11662038415670395","0.11662038415670395","0.11662038415670395","2843","2843","2843"
"284499","0.1169123649597168","0.1169123649597168","0.1169123649597168","2844","2844","2844"
"284599","0.11746839433908463","0.11746839433908463","0.11746839433908463","2845","2845","2845"
"284699","0.11621662229299545","0.11621662229299545","0.11621662229299545","2846","2846","2846"
"284799","0.11908900737762451","0.11908900737762451","0.11908900737762451","2847","2847","2847"
"284899","0.11764578521251678","0.11764578521251678","0.11764578521251678","2848","2848","2848"
"284999","0.11590060591697693","0.11590060591697693","0.11590060591697693","2849","2849","2849"
"285099","0.10902139544487","0.10902139544487","0.10902139544487","2850","2850","2850"
"285199","0.11599158495664597","0.11599158495664597","0.11599158495664597","2851","2851","2851"
"285299","0.11394736170768738","0.11394736170768738","0.11394736170768738","2852","2852","2852"
"285399","0.1207355260848999","0.1207355260848999","0.1207355260848999","2853","2853","2853"
"285499","0.11500390619039536","0.11500390619039536","0.11500390619039536","2854","2854","2854"
"285599","0.11198516935110092","0.11198516935110092","0.11198516935110092","2855","2855","2855"
"285699","0.11523134261369705","0.11523134261369705","0.11523134261369705","2856","2856","2856"
"285799","0.11213792115449905","0.11213792115449905","0.11213792115449905","2857","2857","2857"
"285899","0.11609063297510147","0.11609063297510147","0.11609063297510147","2858","2858","2858"
"285999","0.11386021226644516","0.11386021226644516","0.11386021226644516","2859","2859","2859"
"286099","0.11316901445388794","0.11316901445388794","0.11316901445388794","2860","2860","2860"
"286199","0.11540141701698303","0.11540141701698303","0.11540141701698303","2861","2861","2861"
"286299","0.11454515904188156","0.11454515904188156","0.11454515904188156","2862","2862","2862"
"286399","0.11278277635574341","0.11278277635574341","0.11278277635574341","2863","2863","2863"
"286499","0.11284012347459793","0.11284012347459793","0.11284012347459793","2864","2864","2864"
"286599","0.11806982755661011","0.11806982755661011","0.11806982755661011","2865","2865","2865"
"286699","0.1106780394911766","0.1106780394911766","0.1106780394911766","2866","2866","2866"
"286799","0.11888206005096436","0.11888206005096436","0.11888206005096436","2867","2867","2867"
"286899","0.11930212378501892","0.11930212378501892","0.11930212378501892","2868","2868","2868"
"286999","0.10706017911434174","0.10706017911434174","0.10706017911434174","2869","2869","2869"
"287099","0.11371032148599625","0.11371032148599625","0.11371032148599625","2870","2870","2870"
"287199","0.11389584094285965","0.11389584094285965","0.11389584094285965","2871","2871","2871"
"287299","0.12362608313560486","0.12362608313560486","0.12362608313560486","2872","2872","2872"
"287399","0.11155034601688385","0.11155034601688385","0.11155034601688385","2873","2873","2873"
"287499","0.11405361443758011","0.11405361443758011","0.11405361443758011","2874","2874","2874"
"287599","0.11590211093425751","0.11590211093425751","0.11590211093425751","2875","2875","2875"
"287699","0.11919877678155899","0.11919877678155899","0.11919877678155899","2876","2876","2876"
"287799","0.1134757548570633","0.1134757548570633","0.1134757548570633","2877","2877","2877"
"287899","0.10989006608724594","0.10989006608724594","0.10989006608724594","2878","2878","2878"
"287999","0.1167944073677063","0.1167944073677063","0.1167944073677063","2879","2879","2879"
"288099","0.1152259111404419","0.1152259111404419","0.1152259111404419","2880","2880","2880"
"288199","0.11622203886508942","0.11622203886508942","0.11622203886508942","2881","2881","2881"
"288299","0.11234956979751587","0.11234956979751587","0.11234956979751587","2882","2882","2882"
"288399","0.11709441244602203","0.11709441244602203","0.11709441244602203","2883","2883","2883"
"288499","0.11647030711174011","0.11647030711174011","0.11647030711174011","2884","2884","2884"
"288599","0.11535786837339401","0.11535786837339401","0.11535786837339401","2885","2885","2885"
"288699","0.11541537195444107","0.11541537195444107","0.11541537195444107","2886","2886","2886"
"288799","0.11329618096351624","0.11329618096351624","0.11329618096351624","2887","2887","2887"
"288899","0.11596091836690903","0.11596091836690903","0.11596091836690903","2888","2888","2888"
"288999","0.11460782587528229","0.11460782587528229","0.11460782587528229","2889","2889","2889"
"289099","0.11348092555999756","0.11348092555999756","0.11348092555999756","2890","2890","2890"
"289199","0.12125309556722641","0.12125309556722641","0.12125309556722641","2891","2891","2891"
"289299","0.11247687041759491","0.11247687041759491","0.11247687041759491","2892","2892","2892"
"289399","0.11133190244436264","0.11133190244436264","0.11133190244436264","2893","2893","2893"
"289499","0.11773671954870224","0.11773671954870224","0.11773671954870224","2894","2894","2894"
"289599","0.11470936983823776","0.11470936983823776","0.11470936983823776","2895","2895","2895"
"289699","0.11308334022760391","0.11308334022760391","0.11308334022760391","2896","2896","2896"
"289799","0.11156958341598511","0.11156958341598511","0.11156958341598511","2897","2897","2897"
"289899","0.11320903152227402","0.11320903152227402","0.11320903152227402","2898","2898","2898"
"289999","0.11503232270479202","0.11503232270479202","0.11503232270479202","2899","2899","2899"
"290099","0.11534664034843445","0.11534664034843445","0.11534664034843445","2900","2900","2900"
"290199","0.1182258352637291","0.1182258352637291","0.1182258352637291","2901","2901","2901"
"290299","0.10941606014966965","0.10941606014966965","0.10941606014966965","2902","2902","2902"
"290399","0.11507358402013779","0.11507358402013779","0.11507358402013779","2903","2903","2903"
"290499","0.11807718873023987","0.11807718873023987","0.11807718873023987","2904","2904","2904"
"290599","0.11310983449220657","0.11310983449220657","0.11310983449220657","2905","2905","2905"
"290699","0.11890342831611633","0.11890342831611633","0.11890342831611633","2906","2906","2906"
"290799","0.11438772082328796","0.11438772082328796","0.11438772082328796","2907","2907","2907"
"290899","0.11445353180170059","0.11445353180170059","0.11445353180170059","2908","2908","2908"
"290999","0.10794070363044739","0.10794070363044739","0.10794070363044739","2909","2909","2909"
"291099","0.11128276586532593","0.11128276586532593","0.11128276586532593","2910","2910","2910"
"291199","0.11210031807422638","0.11210031807422638","0.11210031807422638","2911","2911","2911"
"291299","0.11893367767333984","0.11893367767333984","0.11893367767333984","2912","2912","2912"
"291399","0.11562642455101013","0.11562642455101013","0.11562642455101013","2913","2913","2913"
"291499","0.1095481738448143","0.1095481738448143","0.1095481738448143","2914","2914","2914"
"291599","0.11248257011175156","0.11248257011175156","0.11248257011175156","2915","2915","2915"
"291699","0.12276004999876022","0.12276004999876022","0.12276004999876022","2916","2916","2916"
"291799","0.11523858457803726","0.11523858457803726","0.11523858457803726","2917","2917","2917"
"291899","0.11865288764238358","0.11865288764238358","0.11865288764238358","2918","2918","2918"
"291999","0.11785472929477692","0.11785472929477692","0.11785472929477692","2919","2919","2919"
"292099","0.1134260892868042","0.1134260892868042","0.1134260892868042","2920","2920","2920"
"292199","0.12072885036468506","0.12072885036468506","0.12072885036468506","2921","2921","2921"
"292299","0.12139341235160828","0.12139341235160828","0.12139341235160828","2922","2922","2922"
"292399","0.11823804676532745","0.11823804676532745","0.11823804676532745","2923","2923","2923"
"292499","0.11453951150178909","0.11453951150178909","0.11453951150178909","2924","2924","2924"
"292599","0.11428859084844589","0.11428859084844589","0.11428859084844589","2925","2925","2925"
"292699","0.11694563925266266","0.11694563925266266","0.11694563925266266","2926","2926","2926"
"292799","0.11770618706941605","0.11770618706941605","0.11770618706941605","2927","2927","2927"
"292899","0.1211998239159584","0.1211998239159584","0.1211998239159584","2928","2928","2928"
"292999","0.12027502804994583","0.12027502804994583","0.12027502804994583","2929","2929","2929"
"293099","0.11313748359680176","0.11313748359680176","0.11313748359680176","2930","2930","2930"
"293199","0.11069051176309586","0.11069051176309586","0.11069051176309586","2931","2931","2931"
"293299","0.1194101944565773","0.1194101944565773","0.1194101944565773","2932","2932","2932"
"293399","0.11778313666582108","0.11778313666582108","0.11778313666582108","2933","2933","2933"
"293499","0.12107019126415253","0.12107019126415253","0.12107019126415253","2934","2934","2934"
"293599","0.1192316859960556","0.1192316859960556","0.1192316859960556","2935","2935","2935"
"293699","0.11262605339288712","0.11262605339288712","0.11262605339288712","2936","2936","2936"
"293799","0.11589071154594421","0.11589071154594421","0.11589071154594421","2937","2937","2937"
"293899","0.11256822943687439","0.11256822943687439","0.11256822943687439","2938","2938","2938"
"293999","0.10564861446619034","0.10564861446619034","0.10564861446619034","2939","2939","2939"
"294099","0.1219983696937561","0.1219983696937561","0.1219983696937561","2940","2940","2940"
"294199","0.11852028965950012","0.11852028965950012","0.11852028965950012","2941","2941","2941"
"294299","0.11274527758359909","0.11274527758359909","0.11274527758359909","2942","2942","2942"
"294399","0.1167161837220192","0.1167161837220192","0.1167161837220192","2943","2943","2943"
"294499","0.10771549493074417","0.10771549493074417","0.10771549493074417","2944","2944","2944"
"294599","0.1182904839515686","0.1182904839515686","0.1182904839515686","2945","2945","2945"
"294699","0.11521115899085999","0.11521115899085999","0.11521115899085999","2946","2946","2946"
"294799","0.11591368168592453","0.11591368168592453","0.11591368168592453","2947","2947","2947"
"294899","0.11225535720586777","0.11225535720586777","0.11225535720586777","2948","2948","2948"
"294999","0.11657922714948654","0.11657922714948654","0.11657922714948654","2949","2949","2949"
"295099","0.11652292311191559","0.11652292311191559","0.11652292311191559","2950","2950","2950"
"295199","0.11231523752212524","0.11231523752212524","0.11231523752212524","2951","2951","2951"
"295299","0.11820540577173233","0.11820540577173233","0.11820540577173233","2952","2952","2952"
"295399","0.11703404039144516","0.11703404039144516","0.11703404039144516","2953","2953","2953"
"295499","0.11872207373380661","0.11872207373380661","0.11872207373380661","2954","2954","2954"
"295599","0.11228623241186142","0.11228623241186142","0.11228623241186142","2955","2955","2955"
"295699","0.1166214868426323","0.1166214868426323","0.1166214868426323","2956","2956","2956"
"295799","0.11391902714967728","0.11391902714967728","0.11391902714967728","2957","2957","2957"
"295899","0.12032720446586609","0.12032720446586609","0.12032720446586609","2958","2958","2958"
"295999","0.12060441821813583","0.12060441821813583","0.12060441821813583","2959","2959","2959"
"296099","0.11637915670871735","0.11637915670871735","0.11637915670871735","2960","2960","2960"
"296199","0.11842145025730133","0.11842145025730133","0.11842145025730133","2961","2961","2961"
"296299","0.11388879269361496","0.11388879269361496","0.11388879269361496","2962","2962","2962"
"296399","0.11226298660039902","0.11226298660039902","0.11226298660039902","2963","2963","2963"
"296499","0.11223677545785904","0.11223677545785904","0.11223677545785904","2964","2964","2964"
"296599","0.10879978537559509","0.10879978537559509","0.10879978537559509","2965","2965","2965"
"296699","0.11115124821662903","0.11115124821662903","0.11115124821662903","2966","2966","2966"
"296799","0.11841271817684174","0.11841271817684174","0.11841271817684174","2967","2967","2967"
"296899","0.1198965534567833","0.1198965534567833","0.1198965534567833","2968","2968","2968"
"296999","0.11898399144411087","0.11898399144411087","0.11898399144411087","2969","2969","2969"
"297099","0.11259545385837555","0.11259545385837555","0.11259545385837555","2970","2970","2970"
"297199","0.11467347294092178","0.11467347294092178","0.11467347294092178","2971","2971","2971"
"297299","0.11834479123353958","0.11834479123353958","0.11834479123353958","2972","2972","2972"
"297399","0.11558496952056885","0.11558496952056885","0.11558496952056885","2973","2973","2973"
"297499","0.11347628384828568","0.11347628384828568","0.11347628384828568","2974","2974","2974"
"297599","0.11796034127473831","0.11796034127473831","0.11796034127473831","2975","2975","2975"
"297699","0.11338876932859421","0.11338876932859421","0.11338876932859421","2976","2976","2976"
"297799","0.11819373071193695","0.11819373071193695","0.11819373071193695","2977","2977","2977"
"297899","0.11606712639331818","0.11606712639331818","0.11606712639331818","2978","2978","2978"
"297999","0.11488998681306839","0.11488998681306839","0.11488998681306839","2979","2979","2979"
"298099","0.11732132732868195","0.11732132732868195","0.11732132732868195","2980","2980","2980"
"298199","0.10967706143856049","0.10967706143856049","0.10967706143856049","2981","2981","2981"
"298299","0.11463895440101624","0.11463895440101624","0.11463895440101624","2982","2982","2982"
"298399","0.11304010450839996","0.11304010450839996","0.11304010450839996","2983","2983","2983"
"298499","0.11210255324840546","0.11210255324840546","0.11210255324840546","2984","2984","2984"
"298599","0.11565593630075455","0.11565593630075455","0.11565593630075455","2985","2985","2985"
"298699","0.10951321572065353","0.10951321572065353","0.10951321572065353","2986","2986","2986"
"298799","0.12053866684436798","0.12053866684436798","0.12053866684436798","2987","2987","2987"
"298899","0.11591272056102753","0.11591272056102753","0.11591272056102753","2988","2988","2988"
"298999","0.11640145629644394","0.11640145629644394","0.11640145629644394","2989","2989","2989"
"299099","0.1167006716132164","0.1167006716132164","0.1167006716132164","2990","2990","2990"
"299199","0.114277683198452","0.114277683198452","0.114277683198452","2991","2991","2991"
"299299","0.11397100985050201","0.11397100985050201","0.11397100985050201","2992","2992","2992"
"299399","0.11188672482967377","0.11188672482967377","0.11188672482967377","2993","2993","2993"
"299499","0.11680992692708969","0.11680992692708969","0.11680992692708969","2994","2994","2994"
"299599","0.1156587228178978","0.1156587228178978","0.1156587228178978","2995","2995","2995"
"299699","0.11457434296607971","0.11457434296607971","0.11457434296607971","2996","2996","2996"
"299799","0.11442802101373672","0.11442802101373672","0.11442802101373672","2997","2997","2997"
"299899","0.11473871022462845","0.11473871022462845","0.11473871022462845","2998","2998","2998"
"299999","0.11153030395507812","0.11153030395507812","0.11153030395507812","2999","2999","2999"
"300099","0.11993305385112762","0.11993305385112762","0.11993305385112762","3000","3000","3000"
"300199","0.11186518520116806","0.11186518520116806","0.11186518520116806","3001","3001","3001"
"300299","0.11314743012189865","0.11314743012189865","0.11314743012189865","3002","3002","3002"
"300399","0.11122281849384308","0.11122281849384308","0.11122281849384308","3003","3003","3003"
"300499","0.11471516638994217","0.11471516638994217","0.11471516638994217","3004","3004","3004"
"300599","0.11512956023216248","0.11512956023216248","0.11512956023216248","3005","3005","3005"
"300699","0.11381909996271133","0.11381909996271133","0.11381909996271133","3006","3006","3006"
"300799","0.10981736332178116","0.10981736332178116","0.10981736332178116","3007","3007","3007"
"300899","0.10809074342250824","0.10809074342250824","0.10809074342250824","3008","3008","3008"
"300999","0.12069422006607056","0.12069422006607056","0.12069422006607056","3009","3009","3009"
"301099","0.12153735011816025","0.12153735011816025","0.12153735011816025","3010","3010","3010"
"301199","0.12059854716062546","0.12059854716062546","0.12059854716062546","3011","3011","3011"
"301299","0.11167680472135544","0.11167680472135544","0.11167680472135544","3012","3012","3012"
"301399","0.11807850003242493","0.11807850003242493","0.11807850003242493","3013","3013","3013"
"301499","0.11078830808401108","0.11078830808401108","0.11078830808401108","3014","3014","3014"
"301599","0.1159699410200119","0.1159699410200119","0.1159699410200119","3015","3015","3015"
"301699","0.1211465522646904","0.1211465522646904","0.1211465522646904","3016","3016","3016"
"301799","0.11366398632526398","0.11366398632526398","0.11366398632526398","3017","3017","3017"
"301899","0.12032617628574371","0.12032617628574371","0.12032617628574371","3018","3018","3018"
"301999","0.11162222921848297","0.11162222921848297","0.11162222921848297","3019","3019","3019"
"302099","0.11572805792093277","0.11572805792093277","0.11572805792093277","3020","3020","3020"
"302199","0.11472639441490173","0.11472639441490173","0.11472639441490173","3021","3021","3021"
"302299","0.12037007510662079","0.12037007510662079","0.12037007510662079","3022","3022","3022"
"302399","0.1161135882139206","0.1161135882139206","0.1161135882139206","3023","3023","3023"
"302499","0.1151207685470581","0.1151207685470581","0.1151207685470581","3024","3024","3024"
"302599","0.12228330969810486","0.12228330969810486","0.12228330969810486","3025","3025","3025"
"302699","0.11331711709499359","0.11331711709499359","0.11331711709499359","3026","3026","3026"
"302799","0.10696014016866684","0.10696014016866684","0.10696014016866684","3027","3027","3027"
"302899","0.1075599268078804","0.1075599268078804","0.1075599268078804","3028","3028","3028"
"302999","0.11111277341842651","0.11111277341842651","0.11111277341842651","3029","3029","3029"
"303099","0.11397891491651535","0.11397891491651535","0.11397891491651535","3030","3030","3030"
"303199","0.1128811314702034","0.1128811314702034","0.1128811314702034","3031","3031","3031"
"303299","0.1258600503206253","0.1258600503206253","0.1258600503206253","3032","3032","3032"
"303399","0.1107182502746582","0.1107182502746582","0.1107182502746582","3033","3033","3033"
"303499","0.11396565288305283","0.11396565288305283","0.11396565288305283","3034","3034","3034"
"303599","0.11984660476446152","0.11984660476446152","0.11984660476446152","3035","3035","3035"
"303699","0.11547324806451797","0.11547324806451797","0.11547324806451797","3036","3036","3036"
"303799","0.11441332846879959","0.11441332846879959","0.11441332846879959","3037","3037","3037"
"303899","0.12475118041038513","0.12475118041038513","0.12475118041038513","3038","3038","3038"
"303999","0.11545030772686005","0.11545030772686005","0.11545030772686005","3039","3039","3039"
"304099","0.11173614859580994","0.11173614859580994","0.11173614859580994","3040","3040","3040"
"304199","0.10891729593276978","0.10891729593276978","0.10891729593276978","3041","3041","3041"
"304299","0.11543789505958557","0.11543789505958557","0.11543789505958557","3042","3042","3042"
"304399","0.11796427518129349","0.11796427518129349","0.11796427518129349","3043","3043","3043"
"304499","0.11579863727092743","0.11579863727092743","0.11579863727092743","3044","3044","3044"
"304599","0.11946729570627213","0.11946729570627213","0.11946729570627213","3045","3045","3045"
"304699","0.11746299266815186","0.11746299266815186","0.11746299266815186","3046","3046","3046"
"304799","0.12304797023534775","0.12304797023534775","0.12304797023534775","3047","3047","3047"
"304899","0.1195329800248146","0.1195329800248146","0.1195329800248146","3048","3048","3048"
"304999","0.1249452531337738","0.1249452531337738","0.1249452531337738","3049","3049","3049"
"305099","0.1198715940117836","0.1198715940117836","0.1198715940117836","3050","3050","3050"
"305199","0.11859255284070969","0.11859255284070969","0.11859255284070969","3051","3051","3051"
"305299","0.11432961374521255","0.11432961374521255","0.11432961374521255","3052","3052","3052"
"305399","0.12153785675764084","0.12153785675764084","0.12153785675764084","3053","3053","3053"
"305499","0.11635761708021164","0.11635761708021164","0.11635761708021164","3054","3054","3054"
"305599","0.11432391405105591","0.11432391405105591","0.11432391405105591","3055","3055","3055"
"305699","0.11673323810100555","0.11673323810100555","0.11673323810100555","3056","3056","3056"
"305799","0.11791125684976578","0.11791125684976578","0.11791125684976578","3057","3057","3057"
"305899","0.11489195376634598","0.11489195376634598","0.11489195376634598","3058","3058","3058"
"305999","0.11626020073890686","0.11626020073890686","0.11626020073890686","3059","3059","3059"
"306099","0.11923689395189285","0.11923689395189285","0.11923689395189285","3060","3060","3060"
"306199","0.11565867811441422","0.11565867811441422","0.11565867811441422","3061","3061","3061"
"306299","0.11973976343870163","0.11973976343870163","0.11973976343870163","3062","3062","3062"
"306399","0.11452171951532364","0.11452171951532364","0.11452171951532364","3063","3063","3063"
"306499","0.11515291035175323","0.11515291035175323","0.11515291035175323","3064","3064","3064"
"306599","0.12491391599178314","0.12491391599178314","0.12491391599178314","3065","3065","3065"
"306699","0.11756310611963272","0.11756310611963272","0.11756310611963272","3066","3066","3066"
"306799","0.12067749351263046","0.12067749351263046","0.12067749351263046","3067","3067","3067"
"306899","0.11897819489240646","0.11897819489240646","0.11897819489240646","3068","3068","3068"
"306999","0.11994726210832596","0.11994726210832596","0.11994726210832596","3069","3069","3069"
"307099","0.11476665735244751","0.11476665735244751","0.11476665735244751","3070","3070","3070"
"307199","0.11469107121229172","0.11469107121229172","0.11469107121229172","3071","3071","3071"
"307299","0.11769191175699234","0.11769191175699234","0.11769191175699234","3072","3072","3072"
"307399","0.11411221325397491","0.11411221325397491","0.11411221325397491","3073","3073","3073"
"307499","0.1100011020898819","0.1100011020898819","0.1100011020898819","3074","3074","3074"
"307599","0.11308012902736664","0.11308012902736664","0.11308012902736664","3075","3075","3075"
"307699","0.1196250468492508","0.1196250468492508","0.1196250468492508","3076","3076","3076"
"307799","0.116642065346241","0.116642065346241","0.116642065346241","3077","3077","3077"
"307899","0.11412445455789566","0.11412445455789566","0.11412445455789566","3078","3078","3078"
"307999","0.11791040748357773","0.11791040748357773","0.11791040748357773","3079","3079","3079"
"308099","0.1121375635266304","0.1121375635266304","0.1121375635266304","3080","3080","3080"
"308199","0.12033134698867798","0.12033134698867798","0.12033134698867798","3081","3081","3081"
"308299","0.11024347692728043","0.11024347692728043","0.11024347692728043","3082","3082","3082"
"308399","0.11428507417440414","0.11428507417440414","0.11428507417440414","3083","3083","3083"
"308499","0.11231231689453125","0.11231231689453125","0.11231231689453125","3084","3084","3084"
"308599","0.11120355129241943","0.11120355129241943","0.11120355129241943","3085","3085","3085"
"308699","0.11218097805976868","0.11218097805976868","0.11218097805976868","3086","3086","3086"
"308799","0.11385438591241837","0.11385438591241837","0.11385438591241837","3087","3087","3087"
"308899","0.11727207899093628","0.11727207899093628","0.11727207899093628","3088","3088","3088"
"308999","0.12006918340921402","0.12006918340921402","0.12006918340921402","3089","3089","3089"
"309099","0.11874127388000488","0.11874127388000488","0.11874127388000488","3090","3090","3090"
"309199","0.11229144781827927","0.11229144781827927","0.11229144781827927","3091","3091","3091"
"309299","0.11139390617609024","0.11139390617609024","0.11139390617609024","3092","3092","3092"
"309399","0.11800376325845718","0.11800376325845718","0.11800376325845718","3093","3093","3093"
"309499","0.11212313175201416","0.11212313175201416","0.11212313175201416","3094","3094","3094"
"309599","0.11487875878810883","0.11487875878810883","0.11487875878810883","3095","3095","3095"
"309699","0.11804375797510147","0.11804375797510147","0.11804375797510147","3096","3096","3096"
"309799","0.11186371743679047","0.11186371743679047","0.11186371743679047","3097","3097","3097"
"309899","0.10814732313156128","0.10814732313156128","0.10814732313156128","3098","3098","3098"
"309999","0.1095624566078186","0.1095624566078186","0.1095624566078186","3099","3099","3099"
"310099","0.11382681876420975","0.11382681876420975","0.11382681876420975","3100","3100","3100"
"310199","0.11565358191728592","0.11565358191728592","0.11565358191728592","3101","3101","3101"
"310299","0.10840015113353729","0.10840015113353729","0.10840015113353729","3102","3102","3102"
"310399","0.107767254114151","0.107767254114151","0.107767254114151","3103","3103","3103"
"310499","0.11405526101589203","0.11405526101589203","0.11405526101589203","3104","3104","3104"
"310599","0.11473887413740158","0.11473887413740158","0.11473887413740158","3105","3105","3105"
"310699","0.11901360750198364","0.11901360750198364","0.11901360750198364","3106","3106","3106"
"310799","0.11912515014410019","0.11912515014410019","0.11912515014410019","3107","3107","3107"
"310899","0.11606578528881073","0.11606578528881073","0.11606578528881073","3108","3108","3108"
"310999","0.11175547540187836","0.11175547540187836","0.11175547540187836","3109","3109","3109"
"311099","0.10824676603078842","0.10824676603078842","0.10824676603078842","3110","3110","3110"
"311199","0.11192432790994644","0.11192432790994644","0.11192432790994644","3111","3111","3111"
"311299","0.11800795793533325","0.11800795793533325","0.11800795793533325","3112","3112","3112"
"311399","0.12105041742324829","0.12105041742324829","0.12105041742324829","3113","3113","3113"
"311499","0.11653309315443039","0.11653309315443039","0.11653309315443039","3114","3114","3114"
"311599","0.11801823228597641","0.11801823228597641","0.11801823228597641","3115","3115","3115"
"311699","0.115873783826828","0.115873783826828","0.115873783826828","3116","3116","3116"
"311799","0.1135600134730339","0.1135600134730339","0.1135600134730339","3117","3117","3117"
"311899","0.11311163008213043","0.11311163008213043","0.11311163008213043","3118","3118","3118"
"311999","0.11735331267118454","0.11735331267118454","0.11735331267118454","3119","3119","3119"
"312099","0.11673088371753693","0.11673088371753693","0.11673088371753693","3120","3120","3120"
"312199","0.11702856421470642","0.11702856421470642","0.11702856421470642","3121","3121","3121"
"312299","0.1171274185180664","0.1171274185180664","0.1171274185180664","3122","3122","3122"
"312399","0.12001189589500427","0.12001189589500427","0.12001189589500427","3123","3123","3123"
"312499","0.11982207745313644","0.11982207745313644","0.11982207745313644","3124","3124","3124"
"312599","0.11629505455493927","0.11629505455493927","0.11629505455493927","3125","3125","3125"
"312699","0.113714300096035","0.113714300096035","0.113714300096035","3126","3126","3126"
"312799","0.11491294205188751","0.11491294205188751","0.11491294205188751","3127","3127","3127"
"312899","0.11514837294816971","0.11514837294816971","0.11514837294816971","3128","3128","3128"
"312999","0.11908247321844101","0.11908247321844101","0.11908247321844101","3129","3129","3129"
"313099","0.11150351911783218","0.11150351911783218","0.11150351911783218","3130","3130","3130"
"313199","0.11376674473285675","0.11376674473285675","0.11376674473285675","3131","3131","3131"
"313299","0.11188022047281265","0.11188022047281265","0.11188022047281265","3132","3132","3132"
"313399","0.11857741326093674","0.11857741326093674","0.11857741326093674","3133","3133","3133"
"313499","0.11389268189668655","0.11389268189668655","0.11389268189668655","3134","3134","3134"
"313599","0.11577335745096207","0.11577335745096207","0.11577335745096207","3135","3135","3135"
"313699","0.1195080503821373","0.1195080503821373","0.1195080503821373","3136","3136","3136"
"313799","0.11100000888109207","0.11100000888109207","0.11100000888109207","3137","3137","3137"
"313899","0.12484924495220184","0.12484924495220184","0.12484924495220184","3138","3138","3138"
"313999","0.11679381877183914","0.11679381877183914","0.11679381877183914","3139","3139","3139"
"314099","0.11676788330078125","0.11676788330078125","0.11676788330078125","3140","3140","3140"
"314199","0.1119677871465683","0.1119677871465683","0.1119677871465683","3141","3141","3141"
"314299","0.11726778745651245","0.11726778745651245","0.11726778745651245","3142","3142","3142"
"314399","0.11786630004644394","0.11786630004644394","0.11786630004644394","3143","3143","3143"
"314499","0.11367539316415787","0.11367539316415787","0.11367539316415787","3144","3144","3144"
"314599","0.12043097615242004","0.12043097615242004","0.12043097615242004","3145","3145","3145"
"314699","0.11791092157363892","0.11791092157363892","0.11791092157363892","3146","3146","3146"
"314799","0.12391156703233719","0.12391156703233719","0.12391156703233719","3147","3147","3147"
"314899","0.1179114431142807","0.1179114431142807","0.1179114431142807","3148","3148","3148"
"314999","0.11565110832452774","0.11565110832452774","0.11565110832452774","3149","3149","3149"
"315099","0.11490095406770706","0.11490095406770706","0.11490095406770706","3150","3150","3150"
"315199","0.11532548815011978","0.11532548815011978","0.11532548815011978","3151","3151","3151"