"trainer/global_step","causalsinhpatch - train_loss","causalsinhpatch - train_loss__MIN","causalsinhpatch - train_loss__MAX","causalsinhpatch - _step","causalsinhpatch - _step__MIN","causalsinhpatch - _step__MAX"
"99","0.25478363037109375","0.25478363037109375","0.25478363037109375","0","0","0"
"199","0.23485371470451355","0.23485371470451355","0.23485371470451355","1","1","1"
"299","0.22202645242214203","0.22202645242214203","0.22202645242214203","2","2","2"
"399","0.21316206455230713","0.21316206455230713","0.21316206455230713","3","3","3"
"499","0.2098429948091507","0.2098429948091507","0.2098429948091507","4","4","4"
"599","0.20768284797668457","0.20768284797668457","0.20768284797668457","5","5","5"
"699","0.20703177154064178","0.20703177154064178","0.20703177154064178","6","6","6"
"799","0.20293115079402924","0.20293115079402924","0.20293115079402924","7","7","7"
"899","0.19977176189422607","0.19977176189422607","0.19977176189422607","8","8","8"
"999","0.19705678522586823","0.19705678522586823","0.19705678522586823","9","9","9"
"1099","0.1961878091096878","0.1961878091096878","0.1961878091096878","10","10","10"
"1199","0.19517289102077484","0.19517289102077484","0.19517289102077484","11","11","11"
"1299","0.19160877168178558","0.19160877168178558","0.19160877168178558","12","12","12"
"1399","0.1875533163547516","0.1875533163547516","0.1875533163547516","13","13","13"
"1499","0.185555100440979","0.185555100440979","0.185555100440979","14","14","14"
"1599","0.18726031482219696","0.18726031482219696","0.18726031482219696","15","15","15"
"1699","0.1864645928144455","0.1864645928144455","0.1864645928144455","16","16","16"
"1799","0.19142033159732819","0.19142033159732819","0.19142033159732819","17","17","17"
"1899","0.17775289714336395","0.17775289714336395","0.17775289714336395","18","18","18"
"1999","0.18216440081596375","0.18216440081596375","0.18216440081596375","19","19","19"
"2099","0.18245850503444672","0.18245850503444672","0.18245850503444672","20","20","20"
"2199","0.1781001091003418","0.1781001091003418","0.1781001091003418","21","21","21"
"2299","0.18242229521274567","0.18242229521274567","0.18242229521274567","22","22","22"
"2399","0.17593377828598022","0.17593377828598022","0.17593377828598022","23","23","23"
"2499","0.1716734766960144","0.1716734766960144","0.1716734766960144","24","24","24"
"2599","0.1775204986333847","0.1775204986333847","0.1775204986333847","25","25","25"
"2699","0.17504869401454926","0.17504869401454926","0.17504869401454926","26","26","26"
"2799","0.1755155324935913","0.1755155324935913","0.1755155324935913","27","27","27"
"2899","0.174944207072258","0.174944207072258","0.174944207072258","28","28","28"
"2999","0.17107068002223969","0.17107068002223969","0.17107068002223969","29","29","29"
"3099","0.16366256773471832","0.16366256773471832","0.16366256773471832","30","30","30"
"3199","0.17478609085083008","0.17478609085083008","0.17478609085083008","31","31","31"
"3299","0.1725534349679947","0.1725534349679947","0.1725534349679947","32","32","32"
"3399","0.1704450398683548","0.1704450398683548","0.1704450398683548","33","33","33"
"3499","0.16960389912128448","0.16960389912128448","0.16960389912128448","34","34","34"
"3599","0.17450104653835297","0.17450104653835297","0.17450104653835297","35","35","35"
"3699","0.17080001533031464","0.17080001533031464","0.17080001533031464","36","36","36"
"3799","0.1659601628780365","0.1659601628780365","0.1659601628780365","37","37","37"
"3899","0.17455600202083588","0.17455600202083588","0.17455600202083588","38","38","38"
"3999","0.1672697216272354","0.1672697216272354","0.1672697216272354","39","39","39"
"4099","0.17161217331886292","0.17161217331886292","0.17161217331886292","40","40","40"
"4199","0.16107875108718872","0.16107875108718872","0.16107875108718872","41","41","41"
"4299","0.16706617176532745","0.16706617176532745","0.16706617176532745","42","42","42"
"4399","0.16600053012371063","0.16600053012371063","0.16600053012371063","43","43","43"
"4499","0.16409873962402344","0.16409873962402344","0.16409873962402344","44","44","44"
"4599","0.16132518649101257","0.16132518649101257","0.16132518649101257","45","45","45"
"4699","0.16560223698616028","0.16560223698616028","0.16560223698616028","46","46","46"
"4799","0.17385311424732208","0.17385311424732208","0.17385311424732208","47","47","47"
"4899","0.16323547065258026","0.16323547065258026","0.16323547065258026","48","48","48"
"4999","0.1644793599843979","0.1644793599843979","0.1644793599843979","49","49","49"
"5099","0.16806359589099884","0.16806359589099884","0.16806359589099884","50","50","50"
"5199","0.16730253398418427","0.16730253398418427","0.16730253398418427","51","51","51"
"5299","0.16820748150348663","0.16820748150348663","0.16820748150348663","52","52","52"
"5399","0.16547657549381256","0.16547657549381256","0.16547657549381256","53","53","53"
"5499","0.16724632680416107","0.16724632680416107","0.16724632680416107","54","54","54"
"5599","0.16335934400558472","0.16335934400558472","0.16335934400558472","55","55","55"
"5699","0.16525432467460632","0.16525432467460632","0.16525432467460632","56","56","56"
"5799","0.1651446670293808","0.1651446670293808","0.1651446670293808","57","57","57"
"5899","0.16172893345355988","0.16172893345355988","0.16172893345355988","58","58","58"
"5999","0.16104601323604584","0.16104601323604584","0.16104601323604584","59","59","59"
"6099","0.1676633059978485","0.1676633059978485","0.1676633059978485","60","60","60"
"6199","0.1669331192970276","0.1669331192970276","0.1669331192970276","61","61","61"
"6299","0.16146568953990936","0.16146568953990936","0.16146568953990936","62","62","62"
"6399","0.16357176005840302","0.16357176005840302","0.16357176005840302","63","63","63"
"6499","0.15989360213279724","0.15989360213279724","0.15989360213279724","64","64","64"
"6599","0.15541036427021027","0.15541036427021027","0.15541036427021027","65","65","65"
"6699","0.15764376521110535","0.15764376521110535","0.15764376521110535","66","66","66"
"6799","0.1651245653629303","0.1651245653629303","0.1651245653629303","67","67","67"
"6899","0.16292667388916016","0.16292667388916016","0.16292667388916016","68","68","68"
"6999","0.16264143586158752","0.16264143586158752","0.16264143586158752","69","69","69"
"7099","0.1574518084526062","0.1574518084526062","0.1574518084526062","70","70","70"
"7199","0.1582586169242859","0.1582586169242859","0.1582586169242859","71","71","71"
"7299","0.15352249145507812","0.15352249145507812","0.15352249145507812","72","72","72"
"7399","0.1626940816640854","0.1626940816640854","0.1626940816640854","73","73","73"
"7499","0.16057661175727844","0.16057661175727844","0.16057661175727844","74","74","74"
"7599","0.15834863483905792","0.15834863483905792","0.15834863483905792","75","75","75"
"7699","0.15800176560878754","0.15800176560878754","0.15800176560878754","76","76","76"
"7799","0.1540350466966629","0.1540350466966629","0.1540350466966629","77","77","77"
"7899","0.1634218692779541","0.1634218692779541","0.1634218692779541","78","78","78"
"7999","0.15440265834331512","0.15440265834331512","0.15440265834331512","79","79","79"
"8099","0.1584472954273224","0.1584472954273224","0.1584472954273224","80","80","80"
"8199","0.16097943484783173","0.16097943484783173","0.16097943484783173","81","81","81"
"8299","0.15932704508304596","0.15932704508304596","0.15932704508304596","82","82","82"
"8399","0.15851245820522308","0.15851245820522308","0.15851245820522308","83","83","83"
"8499","0.156517893075943","0.156517893075943","0.156517893075943","84","84","84"
"8599","0.1547476351261139","0.1547476351261139","0.1547476351261139","85","85","85"
"8699","0.15536224842071533","0.15536224842071533","0.15536224842071533","86","86","86"
"8799","0.15839441120624542","0.15839441120624542","0.15839441120624542","87","87","87"
"8899","0.158345565199852","0.158345565199852","0.158345565199852","88","88","88"
"8999","0.16041028499603271","0.16041028499603271","0.16041028499603271","89","89","89"
"9099","0.15739509463310242","0.15739509463310242","0.15739509463310242","90","90","90"
"9199","0.1547321379184723","0.1547321379184723","0.1547321379184723","91","91","91"
"9299","0.15117713809013367","0.15117713809013367","0.15117713809013367","92","92","92"
"9399","0.15644198656082153","0.15644198656082153","0.15644198656082153","93","93","93"
"9499","0.1552007794380188","0.1552007794380188","0.1552007794380188","94","94","94"
"9599","0.15635883808135986","0.15635883808135986","0.15635883808135986","95","95","95"
"9699","0.1579122692346573","0.1579122692346573","0.1579122692346573","96","96","96"
"9799","0.15334630012512207","0.15334630012512207","0.15334630012512207","97","97","97"
"9899","0.15013693273067474","0.15013693273067474","0.15013693273067474","98","98","98"
"9999","0.14958900213241577","0.14958900213241577","0.14958900213241577","99","99","99"
"10099","0.1504228115081787","0.1504228115081787","0.1504228115081787","100","100","100"
"10199","0.1557644009590149","0.1557644009590149","0.1557644009590149","101","101","101"
"10299","0.14896172285079956","0.14896172285079956","0.14896172285079956","102","102","102"
"10399","0.1518179327249527","0.1518179327249527","0.1518179327249527","103","103","103"
"10499","0.15208271145820618","0.15208271145820618","0.15208271145820618","104","104","104"
"10599","0.15721234679222107","0.15721234679222107","0.15721234679222107","105","105","105"
"10699","0.15692411363124847","0.15692411363124847","0.15692411363124847","106","106","106"
"10799","0.14702612161636353","0.14702612161636353","0.14702612161636353","107","107","107"
"10899","0.1563984602689743","0.1563984602689743","0.1563984602689743","108","108","108"
"10999","0.14633381366729736","0.14633381366729736","0.14633381366729736","109","109","109"
"11099","0.14959998428821564","0.14959998428821564","0.14959998428821564","110","110","110"
"11199","0.15417620539665222","0.15417620539665222","0.15417620539665222","111","111","111"
"11299","0.15379756689071655","0.15379756689071655","0.15379756689071655","112","112","112"
"11399","0.1470170021057129","0.1470170021057129","0.1470170021057129","113","113","113"
"11499","0.14922524988651276","0.14922524988651276","0.14922524988651276","114","114","114"
"11599","0.15088844299316406","0.15088844299316406","0.15088844299316406","115","115","115"
"11699","0.15924063324928284","0.15924063324928284","0.15924063324928284","116","116","116"
"11799","0.15654192864894867","0.15654192864894867","0.15654192864894867","117","117","117"
"11899","0.15098564326763153","0.15098564326763153","0.15098564326763153","118","118","118"
"11999","0.14789921045303345","0.14789921045303345","0.14789921045303345","119","119","119"
"12099","0.15379375219345093","0.15379375219345093","0.15379375219345093","120","120","120"
"12199","0.15655986964702606","0.15655986964702606","0.15655986964702606","121","121","121"
"12299","0.14873643219470978","0.14873643219470978","0.14873643219470978","122","122","122"
"12399","0.1469811648130417","0.1469811648130417","0.1469811648130417","123","123","123"
"12499","0.15312445163726807","0.15312445163726807","0.15312445163726807","124","124","124"
"12599","0.1538211852312088","0.1538211852312088","0.1538211852312088","125","125","125"
"12699","0.15449629724025726","0.15449629724025726","0.15449629724025726","126","126","126"
"12799","0.1513955295085907","0.1513955295085907","0.1513955295085907","127","127","127"
"12899","0.14847831428050995","0.14847831428050995","0.14847831428050995","128","128","128"
"12999","0.15667495131492615","0.15667495131492615","0.15667495131492615","129","129","129"
"13099","0.14791859686374664","0.14791859686374664","0.14791859686374664","130","130","130"
"13199","0.14776906371116638","0.14776906371116638","0.14776906371116638","131","131","131"
"13299","0.14669550955295563","0.14669550955295563","0.14669550955295563","132","132","132"
"13399","0.14698459208011627","0.14698459208011627","0.14698459208011627","133","133","133"
"13499","0.14817817509174347","0.14817817509174347","0.14817817509174347","134","134","134"
"13599","0.14976167678833008","0.14976167678833008","0.14976167678833008","135","135","135"
"13699","0.1462823450565338","0.1462823450565338","0.1462823450565338","136","136","136"
"13799","0.15068292617797852","0.15068292617797852","0.15068292617797852","137","137","137"
"13899","0.14296987652778625","0.14296987652778625","0.14296987652778625","138","138","138"
"13999","0.1473119556903839","0.1473119556903839","0.1473119556903839","139","139","139"
"14099","0.14692164957523346","0.14692164957523346","0.14692164957523346","140","140","140"
"14199","0.15108342468738556","0.15108342468738556","0.15108342468738556","141","141","141"
"14299","0.14712537825107574","0.14712537825107574","0.14712537825107574","142","142","142"
"14399","0.14737695455551147","0.14737695455551147","0.14737695455551147","143","143","143"
"14499","0.14466337859630585","0.14466337859630585","0.14466337859630585","144","144","144"
"14599","0.14871855080127716","0.14871855080127716","0.14871855080127716","145","145","145"
"14699","0.14700475335121155","0.14700475335121155","0.14700475335121155","146","146","146"
"14799","0.14972908794879913","0.14972908794879913","0.14972908794879913","147","147","147"
"14899","0.14964944124221802","0.14964944124221802","0.14964944124221802","148","148","148"
"14999","0.14521048963069916","0.14521048963069916","0.14521048963069916","149","149","149"
"15099","0.14246948063373566","0.14246948063373566","0.14246948063373566","150","150","150"
"15199","0.1499398797750473","0.1499398797750473","0.1499398797750473","151","151","151"
"15299","0.14361637830734253","0.14361637830734253","0.14361637830734253","152","152","152"
"15399","0.1462164670228958","0.1462164670228958","0.1462164670228958","153","153","153"
"15499","0.14819228649139404","0.14819228649139404","0.14819228649139404","154","154","154"
"15599","0.14539144933223724","0.14539144933223724","0.14539144933223724","155","155","155"
"15699","0.1545633226633072","0.1545633226633072","0.1545633226633072","156","156","156"
"15799","0.15309101343154907","0.15309101343154907","0.15309101343154907","157","157","157"
"15899","0.14791111648082733","0.14791111648082733","0.14791111648082733","158","158","158"
"15999","0.14485391974449158","0.14485391974449158","0.14485391974449158","159","159","159"
"16099","0.14428506791591644","0.14428506791591644","0.14428506791591644","160","160","160"
"16199","0.1481115072965622","0.1481115072965622","0.1481115072965622","161","161","161"
"16299","0.14297530055046082","0.14297530055046082","0.14297530055046082","162","162","162"
"16399","0.147081658244133","0.147081658244133","0.147081658244133","163","163","163"
"16499","0.14518721401691437","0.14518721401691437","0.14518721401691437","164","164","164"
"16599","0.1510707288980484","0.1510707288980484","0.1510707288980484","165","165","165"
"16699","0.14609041810035706","0.14609041810035706","0.14609041810035706","166","166","166"
"16799","0.13896025717258453","0.13896025717258453","0.13896025717258453","167","167","167"
"16899","0.14619086682796478","0.14619086682796478","0.14619086682796478","168","168","168"
"16999","0.14550623297691345","0.14550623297691345","0.14550623297691345","169","169","169"
"17099","0.1445331573486328","0.1445331573486328","0.1445331573486328","170","170","170"
"17199","0.1453210413455963","0.1453210413455963","0.1453210413455963","171","171","171"
"17299","0.14807423949241638","0.14807423949241638","0.14807423949241638","172","172","172"
"17399","0.1459631621837616","0.1459631621837616","0.1459631621837616","173","173","173"
"17499","0.1381622850894928","0.1381622850894928","0.1381622850894928","174","174","174"
"17599","0.14622239768505096","0.14622239768505096","0.14622239768505096","175","175","175"
"17699","0.1467318832874298","0.1467318832874298","0.1467318832874298","176","176","176"
"17799","0.14822299778461456","0.14822299778461456","0.14822299778461456","177","177","177"
"17899","0.14298242330551147","0.14298242330551147","0.14298242330551147","178","178","178"
"17999","0.14414039254188538","0.14414039254188538","0.14414039254188538","179","179","179"
"18099","0.14294391870498657","0.14294391870498657","0.14294391870498657","180","180","180"
"18199","0.14525990188121796","0.14525990188121796","0.14525990188121796","181","181","181"
"18299","0.1483066827058792","0.1483066827058792","0.1483066827058792","182","182","182"
"18399","0.14522725343704224","0.14522725343704224","0.14522725343704224","183","183","183"
"18499","0.14412814378738403","0.14412814378738403","0.14412814378738403","184","184","184"
"18599","0.1459021419286728","0.1459021419286728","0.1459021419286728","185","185","185"
"18699","0.1484261304140091","0.1484261304140091","0.1484261304140091","186","186","186"
"18799","0.14407438039779663","0.14407438039779663","0.14407438039779663","187","187","187"
"18899","0.14867542684078217","0.14867542684078217","0.14867542684078217","188","188","188"
"18999","0.14303207397460938","0.14303207397460938","0.14303207397460938","189","189","189"
"19099","0.14165031909942627","0.14165031909942627","0.14165031909942627","190","190","190"
"19199","0.14557844400405884","0.14557844400405884","0.14557844400405884","191","191","191"
"19299","0.14419369399547577","0.14419369399547577","0.14419369399547577","192","192","192"
"19399","0.14501674473285675","0.14501674473285675","0.14501674473285675","193","193","193"
"19499","0.14248205721378326","0.14248205721378326","0.14248205721378326","194","194","194"
"19599","0.1482241302728653","0.1482241302728653","0.1482241302728653","195","195","195"
"19699","0.14271274209022522","0.14271274209022522","0.14271274209022522","196","196","196"
"19799","0.14705149829387665","0.14705149829387665","0.14705149829387665","197","197","197"
"19899","0.1473604440689087","0.1473604440689087","0.1473604440689087","198","198","198"
"19999","0.14165635406970978","0.14165635406970978","0.14165635406970978","199","199","199"
"20099","0.145103320479393","0.145103320479393","0.145103320479393","200","200","200"
"20199","0.14704757928848267","0.14704757928848267","0.14704757928848267","201","201","201"
"20299","0.1429409384727478","0.1429409384727478","0.1429409384727478","202","202","202"
"20399","0.13911905884742737","0.13911905884742737","0.13911905884742737","203","203","203"
"20499","0.1467248797416687","0.1467248797416687","0.1467248797416687","204","204","204"
"20599","0.1484343558549881","0.1484343558549881","0.1484343558549881","205","205","205"
"20699","0.14774183928966522","0.14774183928966522","0.14774183928966522","206","206","206"
"20799","0.14624834060668945","0.14624834060668945","0.14624834060668945","207","207","207"
"20899","0.14033059775829315","0.14033059775829315","0.14033059775829315","208","208","208"
"20999","0.1445624828338623","0.1445624828338623","0.1445624828338623","209","209","209"
"21099","0.1471395492553711","0.1471395492553711","0.1471395492553711","210","210","210"
"21199","0.14016135036945343","0.14016135036945343","0.14016135036945343","211","211","211"
"21299","0.14709901809692383","0.14709901809692383","0.14709901809692383","212","212","212"
"21399","0.14691969752311707","0.14691969752311707","0.14691969752311707","213","213","213"
"21499","0.14116314053535461","0.14116314053535461","0.14116314053535461","214","214","214"
"21599","0.14229987561702728","0.14229987561702728","0.14229987561702728","215","215","215"
"21699","0.14379335939884186","0.14379335939884186","0.14379335939884186","216","216","216"
"21799","0.14850649237632751","0.14850649237632751","0.14850649237632751","217","217","217"
"21899","0.14713627099990845","0.14713627099990845","0.14713627099990845","218","218","218"
"21999","0.14375068247318268","0.14375068247318268","0.14375068247318268","219","219","219"
"22099","0.14162160456180573","0.14162160456180573","0.14162160456180573","220","220","220"
"22199","0.13650012016296387","0.13650012016296387","0.13650012016296387","221","221","221"
"22299","0.1469128280878067","0.1469128280878067","0.1469128280878067","222","222","222"
"22399","0.14028498530387878","0.14028498530387878","0.14028498530387878","223","223","223"
"22499","0.1454482227563858","0.1454482227563858","0.1454482227563858","224","224","224"
"22599","0.14703130722045898","0.14703130722045898","0.14703130722045898","225","225","225"
"22699","0.1440887600183487","0.1440887600183487","0.1440887600183487","226","226","226"
"22799","0.1439467817544937","0.1439467817544937","0.1439467817544937","227","227","227"
"22899","0.14109960198402405","0.14109960198402405","0.14109960198402405","228","228","228"
"22999","0.14188513159751892","0.14188513159751892","0.14188513159751892","229","229","229"
"23099","0.13936388492584229","0.13936388492584229","0.13936388492584229","230","230","230"
"23199","0.14197003841400146","0.14197003841400146","0.14197003841400146","231","231","231"
"23299","0.14854425191879272","0.14854425191879272","0.14854425191879272","232","232","232"
"23399","0.14903180301189423","0.14903180301189423","0.14903180301189423","233","233","233"
"23499","0.14385491609573364","0.14385491609573364","0.14385491609573364","234","234","234"
"23599","0.13876457512378693","0.13876457512378693","0.13876457512378693","235","235","235"
"23699","0.14447398483753204","0.14447398483753204","0.14447398483753204","236","236","236"
"23799","0.14475151896476746","0.14475151896476746","0.14475151896476746","237","237","237"
"23899","0.14375579357147217","0.14375579357147217","0.14375579357147217","238","238","238"
"23999","0.14752770960330963","0.14752770960330963","0.14752770960330963","239","239","239"
"24099","0.14382295310497284","0.14382295310497284","0.14382295310497284","240","240","240"
"24199","0.13890652358531952","0.13890652358531952","0.13890652358531952","241","241","241"
"24299","0.1438688039779663","0.1438688039779663","0.1438688039779663","242","242","242"
"24399","0.13671021163463593","0.13671021163463593","0.13671021163463593","243","243","243"
"24499","0.14097949862480164","0.14097949862480164","0.14097949862480164","244","244","244"
"24599","0.13814818859100342","0.13814818859100342","0.13814818859100342","245","245","245"
"24699","0.13972961902618408","0.13972961902618408","0.13972961902618408","246","246","246"
"24799","0.14449277520179749","0.14449277520179749","0.14449277520179749","247","247","247"
"24899","0.14453580975532532","0.14453580975532532","0.14453580975532532","248","248","248"
"24999","0.1434546262025833","0.1434546262025833","0.1434546262025833","249","249","249"
"25099","0.14492549002170563","0.14492549002170563","0.14492549002170563","250","250","250"
"25199","0.1392853707075119","0.1392853707075119","0.1392853707075119","251","251","251"
"25299","0.14303630590438843","0.14303630590438843","0.14303630590438843","252","252","252"
"25399","0.14375559985637665","0.14375559985637665","0.14375559985637665","253","253","253"
"25499","0.1400630623102188","0.1400630623102188","0.1400630623102188","254","254","254"
"25599","0.13687530159950256","0.13687530159950256","0.13687530159950256","255","255","255"
"25699","0.15055051445960999","0.15055051445960999","0.15055051445960999","256","256","256"
"25799","0.1381278932094574","0.1381278932094574","0.1381278932094574","257","257","257"
"25899","0.1458428055047989","0.1458428055047989","0.1458428055047989","258","258","258"
"25999","0.14279192686080933","0.14279192686080933","0.14279192686080933","259","259","259"
"26099","0.14577941596508026","0.14577941596508026","0.14577941596508026","260","260","260"
"26199","0.14084075391292572","0.14084075391292572","0.14084075391292572","261","261","261"
"26299","0.1425957828760147","0.1425957828760147","0.1425957828760147","262","262","262"
"26399","0.13912314176559448","0.13912314176559448","0.13912314176559448","263","263","263"
"26499","0.1425085812807083","0.1425085812807083","0.1425085812807083","264","264","264"
"26599","0.14130240678787231","0.14130240678787231","0.14130240678787231","265","265","265"
"26699","0.14425918459892273","0.14425918459892273","0.14425918459892273","266","266","266"
"26799","0.14104996621608734","0.14104996621608734","0.14104996621608734","267","267","267"
"26899","0.14622601866722107","0.14622601866722107","0.14622601866722107","268","268","268"
"26999","0.14051687717437744","0.14051687717437744","0.14051687717437744","269","269","269"
"27099","0.14386588335037231","0.14386588335037231","0.14386588335037231","270","270","270"
"27199","0.14580988883972168","0.14580988883972168","0.14580988883972168","271","271","271"
"27299","0.1420598179101944","0.1420598179101944","0.1420598179101944","272","272","272"
"27399","0.13820114731788635","0.13820114731788635","0.13820114731788635","273","273","273"
"27499","0.13972485065460205","0.13972485065460205","0.13972485065460205","274","274","274"
"27599","0.14457227289676666","0.14457227289676666","0.14457227289676666","275","275","275"
"27699","0.14078548550605774","0.14078548550605774","0.14078548550605774","276","276","276"
"27799","0.143534317612648","0.143534317612648","0.143534317612648","277","277","277"
"27899","0.1454656422138214","0.1454656422138214","0.1454656422138214","278","278","278"
"27999","0.14160969853401184","0.14160969853401184","0.14160969853401184","279","279","279"
"28099","0.142820343375206","0.142820343375206","0.142820343375206","280","280","280"
"28199","0.13952839374542236","0.13952839374542236","0.13952839374542236","281","281","281"
"28299","0.14175613224506378","0.14175613224506378","0.14175613224506378","282","282","282"
"28399","0.13964004814624786","0.13964004814624786","0.13964004814624786","283","283","283"
"28499","0.14182287454605103","0.14182287454605103","0.14182287454605103","284","284","284"
"28599","0.13333356380462646","0.13333356380462646","0.13333356380462646","285","285","285"
"28699","0.14385302364826202","0.14385302364826202","0.14385302364826202","286","286","286"
"28799","0.13903170824050903","0.13903170824050903","0.13903170824050903","287","287","287"
"28899","0.13886499404907227","0.13886499404907227","0.13886499404907227","288","288","288"
"28999","0.1412777602672577","0.1412777602672577","0.1412777602672577","289","289","289"
"29099","0.14220905303955078","0.14220905303955078","0.14220905303955078","290","290","290"
"29199","0.14567098021507263","0.14567098021507263","0.14567098021507263","291","291","291"
"29299","0.14403167366981506","0.14403167366981506","0.14403167366981506","292","292","292"
"29399","0.14075611531734467","0.14075611531734467","0.14075611531734467","293","293","293"
"29499","0.1424110233783722","0.1424110233783722","0.1424110233783722","294","294","294"
"29599","0.13576947152614594","0.13576947152614594","0.13576947152614594","295","295","295"
"29699","0.14330711960792542","0.14330711960792542","0.14330711960792542","296","296","296"
"29799","0.14036710560321808","0.14036710560321808","0.14036710560321808","297","297","297"
"29899","0.14156296849250793","0.14156296849250793","0.14156296849250793","298","298","298"
"29999","0.14238035678863525","0.14238035678863525","0.14238035678863525","299","299","299"
"30099","0.1404116004705429","0.1404116004705429","0.1404116004705429","300","300","300"
"30199","0.1392601728439331","0.1392601728439331","0.1392601728439331","301","301","301"
"30299","0.13868090510368347","0.13868090510368347","0.13868090510368347","302","302","302"
"30399","0.1434617042541504","0.1434617042541504","0.1434617042541504","303","303","303"
"30499","0.13981527090072632","0.13981527090072632","0.13981527090072632","304","304","304"
"30599","0.13584940135478973","0.13584940135478973","0.13584940135478973","305","305","305"
"30699","0.14501887559890747","0.14501887559890747","0.14501887559890747","306","306","306"
"30799","0.13917399942874908","0.13917399942874908","0.13917399942874908","307","307","307"
"30899","0.13704681396484375","0.13704681396484375","0.13704681396484375","308","308","308"
"30999","0.14282335340976715","0.14282335340976715","0.14282335340976715","309","309","309"
"31099","0.13693679869174957","0.13693679869174957","0.13693679869174957","310","310","310"
"31199","0.14008747041225433","0.14008747041225433","0.14008747041225433","311","311","311"
"31299","0.13831189274787903","0.13831189274787903","0.13831189274787903","312","312","312"
"31399","0.14349041879177094","0.14349041879177094","0.14349041879177094","313","313","313"
"31499","0.13658688962459564","0.13658688962459564","0.13658688962459564","314","314","314"
"31599","0.14296461641788483","0.14296461641788483","0.14296461641788483","315","315","315"
"31699","0.1440616250038147","0.1440616250038147","0.1440616250038147","316","316","316"
"31799","0.1397581547498703","0.1397581547498703","0.1397581547498703","317","317","317"
"31899","0.1461072564125061","0.1461072564125061","0.1461072564125061","318","318","318"
"31999","0.13932126760482788","0.13932126760482788","0.13932126760482788","319","319","319"
"32099","0.1396333873271942","0.1396333873271942","0.1396333873271942","320","320","320"
"32199","0.145967498421669","0.145967498421669","0.145967498421669","321","321","321"
"32299","0.13870839774608612","0.13870839774608612","0.13870839774608612","322","322","322"
"32399","0.1449246108531952","0.1449246108531952","0.1449246108531952","323","323","323"
"32499","0.13937243819236755","0.13937243819236755","0.13937243819236755","324","324","324"
"32599","0.13593703508377075","0.13593703508377075","0.13593703508377075","325","325","325"
"32699","0.14494647085666656","0.14494647085666656","0.14494647085666656","326","326","326"
"32799","0.1390082836151123","0.1390082836151123","0.1390082836151123","327","327","327"
"32899","0.14278773963451385","0.14278773963451385","0.14278773963451385","328","328","328"
"32999","0.1322907954454422","0.1322907954454422","0.1322907954454422","329","329","329"
"33099","0.14157697558403015","0.14157697558403015","0.14157697558403015","330","330","330"
"33199","0.13732488453388214","0.13732488453388214","0.13732488453388214","331","331","331"
"33299","0.13738499581813812","0.13738499581813812","0.13738499581813812","332","332","332"
"33399","0.13608790934085846","0.13608790934085846","0.13608790934085846","333","333","333"
"33499","0.13774865865707397","0.13774865865707397","0.13774865865707397","334","334","334"
"33599","0.13775992393493652","0.13775992393493652","0.13775992393493652","335","335","335"
"33699","0.14318042993545532","0.14318042993545532","0.14318042993545532","336","336","336"
"33799","0.13590961694717407","0.13590961694717407","0.13590961694717407","337","337","337"
"33899","0.13682697713375092","0.13682697713375092","0.13682697713375092","338","338","338"
"33999","0.1406983584165573","0.1406983584165573","0.1406983584165573","339","339","339"
"34099","0.14136064052581787","0.14136064052581787","0.14136064052581787","340","340","340"
"34199","0.14284290373325348","0.14284290373325348","0.14284290373325348","341","341","341"
"34299","0.1402430683374405","0.1402430683374405","0.1402430683374405","342","342","342"
"34399","0.13919347524642944","0.13919347524642944","0.13919347524642944","343","343","343"
"34499","0.13700179755687714","0.13700179755687714","0.13700179755687714","344","344","344"
"34599","0.14173634350299835","0.14173634350299835","0.14173634350299835","345","345","345"
"34699","0.1405000239610672","0.1405000239610672","0.1405000239610672","346","346","346"
"34799","0.13320639729499817","0.13320639729499817","0.13320639729499817","347","347","347"
"34899","0.1360590010881424","0.1360590010881424","0.1360590010881424","348","348","348"
"34999","0.13693174719810486","0.13693174719810486","0.13693174719810486","349","349","349"
"35099","0.13795873522758484","0.13795873522758484","0.13795873522758484","350","350","350"
"35199","0.13744069635868073","0.13744069635868073","0.13744069635868073","351","351","351"
"35299","0.1440170854330063","0.1440170854330063","0.1440170854330063","352","352","352"
"35399","0.13728000223636627","0.13728000223636627","0.13728000223636627","353","353","353"
"35499","0.13973583281040192","0.13973583281040192","0.13973583281040192","354","354","354"
"35599","0.14233073592185974","0.14233073592185974","0.14233073592185974","355","355","355"
"35699","0.14185142517089844","0.14185142517089844","0.14185142517089844","356","356","356"
"35799","0.13700519502162933","0.13700519502162933","0.13700519502162933","357","357","357"
"35899","0.1336812525987625","0.1336812525987625","0.1336812525987625","358","358","358"
"35999","0.1383170783519745","0.1383170783519745","0.1383170783519745","359","359","359"
"36099","0.1384284943342209","0.1384284943342209","0.1384284943342209","360","360","360"
"36199","0.13788044452667236","0.13788044452667236","0.13788044452667236","361","361","361"
"36299","0.1432422548532486","0.1432422548532486","0.1432422548532486","362","362","362"
"36399","0.13429802656173706","0.13429802656173706","0.13429802656173706","363","363","363"
"36499","0.1382492482662201","0.1382492482662201","0.1382492482662201","364","364","364"
"36599","0.13279208540916443","0.13279208540916443","0.13279208540916443","365","365","365"
"36699","0.14035993814468384","0.14035993814468384","0.14035993814468384","366","366","366"
"36799","0.13926787674427032","0.13926787674427032","0.13926787674427032","367","367","367"
"36899","0.13308799266815186","0.13308799266815186","0.13308799266815186","368","368","368"
"36999","0.13797734677791595","0.13797734677791595","0.13797734677791595","369","369","369"
"37099","0.1337098628282547","0.1337098628282547","0.1337098628282547","370","370","370"
"37199","0.13792221248149872","0.13792221248149872","0.13792221248149872","371","371","371"
"37299","0.1411222666501999","0.1411222666501999","0.1411222666501999","372","372","372"
"37399","0.14243844151496887","0.14243844151496887","0.14243844151496887","373","373","373"
"37499","0.14162461459636688","0.14162461459636688","0.14162461459636688","374","374","374"
"37599","0.13905924558639526","0.13905924558639526","0.13905924558639526","375","375","375"
"37699","0.136678546667099","0.136678546667099","0.136678546667099","376","376","376"
"37799","0.1325063705444336","0.1325063705444336","0.1325063705444336","377","377","377"
"37899","0.13705700635910034","0.13705700635910034","0.13705700635910034","378","378","378"
"37999","0.13846856355667114","0.13846856355667114","0.13846856355667114","379","379","379"
"38099","0.138792023062706","0.138792023062706","0.138792023062706","380","380","380"
"38199","0.13799625635147095","0.13799625635147095","0.13799625635147095","381","381","381"
"38299","0.1387922465801239","0.1387922465801239","0.1387922465801239","382","382","382"
"38399","0.1352560669183731","0.1352560669183731","0.1352560669183731","383","383","383"
"38499","0.14536315202713013","0.14536315202713013","0.14536315202713013","384","384","384"
"38599","0.14031410217285156","0.14031410217285156","0.14031410217285156","385","385","385"
"38699","0.13421277701854706","0.13421277701854706","0.13421277701854706","386","386","386"
"38799","0.1392771452665329","0.1392771452665329","0.1392771452665329","387","387","387"
"38899","0.14720402657985687","0.14720402657985687","0.14720402657985687","388","388","388"
"38999","0.1409786343574524","0.1409786343574524","0.1409786343574524","389","389","389"
"39099","0.13685204088687897","0.13685204088687897","0.13685204088687897","390","390","390"
"39199","0.144706591963768","0.144706591963768","0.144706591963768","391","391","391"
"39299","0.1362784057855606","0.1362784057855606","0.1362784057855606","392","392","392"
"39399","0.1352410912513733","0.1352410912513733","0.1352410912513733","393","393","393"
"39499","0.13554240763187408","0.13554240763187408","0.13554240763187408","394","394","394"
"39599","0.13746215403079987","0.13746215403079987","0.13746215403079987","395","395","395"
"39699","0.1426295042037964","0.1426295042037964","0.1426295042037964","396","396","396"
"39799","0.13558220863342285","0.13558220863342285","0.13558220863342285","397","397","397"
"39899","0.1372598111629486","0.1372598111629486","0.1372598111629486","398","398","398"
"39999","0.14191395044326782","0.14191395044326782","0.14191395044326782","399","399","399"
"40099","0.1418653130531311","0.1418653130531311","0.1418653130531311","400","400","400"
"40199","0.1395813375711441","0.1395813375711441","0.1395813375711441","401","401","401"
"40299","0.13249856233596802","0.13249856233596802","0.13249856233596802","402","402","402"
"40399","0.13054846227169037","0.13054846227169037","0.13054846227169037","403","403","403"
"40499","0.13706456124782562","0.13706456124782562","0.13706456124782562","404","404","404"
"40599","0.1313631683588028","0.1313631683588028","0.1313631683588028","405","405","405"
"40699","0.14158855378627777","0.14158855378627777","0.14158855378627777","406","406","406"
"40799","0.14318792521953583","0.14318792521953583","0.14318792521953583","407","407","407"
"40899","0.1452673077583313","0.1452673077583313","0.1452673077583313","408","408","408"
"40999","0.14177827537059784","0.14177827537059784","0.14177827537059784","409","409","409"
"41099","0.13638053834438324","0.13638053834438324","0.13638053834438324","410","410","410"
"41199","0.13913917541503906","0.13913917541503906","0.13913917541503906","411","411","411"
"41299","0.13657449185848236","0.13657449185848236","0.13657449185848236","412","412","412"
"41399","0.13175736367702484","0.13175736367702484","0.13175736367702484","413","413","413"
"41499","0.12961775064468384","0.12961775064468384","0.12961775064468384","414","414","414"
"41599","0.13619481027126312","0.13619481027126312","0.13619481027126312","415","415","415"
"41699","0.13753418624401093","0.13753418624401093","0.13753418624401093","416","416","416"
"41799","0.13400161266326904","0.13400161266326904","0.13400161266326904","417","417","417"
"41899","0.13505901396274567","0.13505901396274567","0.13505901396274567","418","418","418"
"41999","0.13837562501430511","0.13837562501430511","0.13837562501430511","419","419","419"
"42099","0.14226676523685455","0.14226676523685455","0.14226676523685455","420","420","420"
"42199","0.13904380798339844","0.13904380798339844","0.13904380798339844","421","421","421"
"42299","0.1369764357805252","0.1369764357805252","0.1369764357805252","422","422","422"
"42399","0.1389872282743454","0.1389872282743454","0.1389872282743454","423","423","423"
"42499","0.14742378890514374","0.14742378890514374","0.14742378890514374","424","424","424"
"42599","0.13618405163288116","0.13618405163288116","0.13618405163288116","425","425","425"
"42699","0.13338623940944672","0.13338623940944672","0.13338623940944672","426","426","426"
"42799","0.13762593269348145","0.13762593269348145","0.13762593269348145","427","427","427"
"42899","0.13549083471298218","0.13549083471298218","0.13549083471298218","428","428","428"
"42999","0.13852913677692413","0.13852913677692413","0.13852913677692413","429","429","429"
"43099","0.13649211823940277","0.13649211823940277","0.13649211823940277","430","430","430"
"43199","0.13835443556308746","0.13835443556308746","0.13835443556308746","431","431","431"
"43299","0.13096114993095398","0.13096114993095398","0.13096114993095398","432","432","432"
"43399","0.13453176617622375","0.13453176617622375","0.13453176617622375","433","433","433"
"43499","0.14459748566150665","0.14459748566150665","0.14459748566150665","434","434","434"
"43599","0.14007346332073212","0.14007346332073212","0.14007346332073212","435","435","435"
"43699","0.1339350938796997","0.1339350938796997","0.1339350938796997","436","436","436"
"43799","0.14030320942401886","0.14030320942401886","0.14030320942401886","437","437","437"
"43899","0.14948423206806183","0.14948423206806183","0.14948423206806183","438","438","438"
"43999","0.13379128277301788","0.13379128277301788","0.13379128277301788","439","439","439"
"44099","0.13528934121131897","0.13528934121131897","0.13528934121131897","440","440","440"
"44199","0.14214438199996948","0.14214438199996948","0.14214438199996948","441","441","441"
"44299","0.13127653300762177","0.13127653300762177","0.13127653300762177","442","442","442"
"44399","0.13537931442260742","0.13537931442260742","0.13537931442260742","443","443","443"
"44499","0.13963943719863892","0.13963943719863892","0.13963943719863892","444","444","444"
"44599","0.13579998910427094","0.13579998910427094","0.13579998910427094","445","445","445"
"44699","0.14525513350963593","0.14525513350963593","0.14525513350963593","446","446","446"
"44799","0.1353551298379898","0.1353551298379898","0.1353551298379898","447","447","447"
"44899","0.1333794742822647","0.1333794742822647","0.1333794742822647","448","448","448"
"44999","0.13992840051651","0.13992840051651","0.13992840051651","449","449","449"
"45099","0.13757045567035675","0.13757045567035675","0.13757045567035675","450","450","450"
"45199","0.13648663461208344","0.13648663461208344","0.13648663461208344","451","451","451"
"45299","0.13760553300380707","0.13760553300380707","0.13760553300380707","452","452","452"
"45399","0.1408928632736206","0.1408928632736206","0.1408928632736206","453","453","453"
"45499","0.13976335525512695","0.13976335525512695","0.13976335525512695","454","454","454"
"45599","0.1379653513431549","0.1379653513431549","0.1379653513431549","455","455","455"
"45699","0.1369606852531433","0.1369606852531433","0.1369606852531433","456","456","456"
"45799","0.135953888297081","0.135953888297081","0.135953888297081","457","457","457"
"45899","0.13659200072288513","0.13659200072288513","0.13659200072288513","458","458","458"
"45999","0.14048387110233307","0.14048387110233307","0.14048387110233307","459","459","459"
"46099","0.1376214474439621","0.1376214474439621","0.1376214474439621","460","460","460"
"46199","0.1364838182926178","0.1364838182926178","0.1364838182926178","461","461","461"
"46299","0.13501282036304474","0.13501282036304474","0.13501282036304474","462","462","462"
"46399","0.13146455585956573","0.13146455585956573","0.13146455585956573","463","463","463"
"46499","0.1349058300256729","0.1349058300256729","0.1349058300256729","464","464","464"
"46599","0.14362742006778717","0.14362742006778717","0.14362742006778717","465","465","465"
"46699","0.14204590022563934","0.14204590022563934","0.14204590022563934","466","466","466"
"46799","0.141702800989151","0.141702800989151","0.141702800989151","467","467","467"
"46899","0.13290277123451233","0.13290277123451233","0.13290277123451233","468","468","468"
"46999","0.12993869185447693","0.12993869185447693","0.12993869185447693","469","469","469"
"47099","0.1371336579322815","0.1371336579322815","0.1371336579322815","470","470","470"
"47199","0.13636721670627594","0.13636721670627594","0.13636721670627594","471","471","471"
"47299","0.1369127631187439","0.1369127631187439","0.1369127631187439","472","472","472"
"47399","0.13465425372123718","0.13465425372123718","0.13465425372123718","473","473","473"
"47499","0.14056186378002167","0.14056186378002167","0.14056186378002167","474","474","474"
"47599","0.1311555802822113","0.1311555802822113","0.1311555802822113","475","475","475"
"47699","0.1343040019273758","0.1343040019273758","0.1343040019273758","476","476","476"
"47799","0.13263550400733948","0.13263550400733948","0.13263550400733948","477","477","477"
"47899","0.12947501242160797","0.12947501242160797","0.12947501242160797","478","478","478"
"47999","0.13344445824623108","0.13344445824623108","0.13344445824623108","479","479","479"
"48099","0.14267615973949432","0.14267615973949432","0.14267615973949432","480","480","480"
"48199","0.13411465287208557","0.13411465287208557","0.13411465287208557","481","481","481"
"48299","0.1394886076450348","0.1394886076450348","0.1394886076450348","482","482","482"
"48399","0.13860993087291718","0.13860993087291718","0.13860993087291718","483","483","483"
"48499","0.13694120943546295","0.13694120943546295","0.13694120943546295","484","484","484"
"48599","0.13414786756038666","0.13414786756038666","0.13414786756038666","485","485","485"
"48699","0.1373228132724762","0.1373228132724762","0.1373228132724762","486","486","486"
"48799","0.1387699842453003","0.1387699842453003","0.1387699842453003","487","487","487"
"48899","0.13483557105064392","0.13483557105064392","0.13483557105064392","488","488","488"
"48999","0.13735421001911163","0.13735421001911163","0.13735421001911163","489","489","489"
"49099","0.13675397634506226","0.13675397634506226","0.13675397634506226","490","490","490"
"49199","0.13821740448474884","0.13821740448474884","0.13821740448474884","491","491","491"
"49299","0.14210587739944458","0.14210587739944458","0.14210587739944458","492","492","492"
"49399","0.1332467943429947","0.1332467943429947","0.1332467943429947","493","493","493"
"49499","0.1401512175798416","0.1401512175798416","0.1401512175798416","494","494","494"
"49599","0.13910143077373505","0.13910143077373505","0.13910143077373505","495","495","495"
"49699","0.1432713121175766","0.1432713121175766","0.1432713121175766","496","496","496"
"49799","0.1337801218032837","0.1337801218032837","0.1337801218032837","497","497","497"
"49899","0.1343388706445694","0.1343388706445694","0.1343388706445694","498","498","498"
"49999","0.13333959877490997","0.13333959877490997","0.13333959877490997","499","499","499"
"50099","0.1335863173007965","0.1335863173007965","0.1335863173007965","500","500","500"
"50199","0.1400192528963089","0.1400192528963089","0.1400192528963089","501","501","501"
"50299","0.13225476443767548","0.13225476443767548","0.13225476443767548","502","502","502"
"50399","0.13729649782180786","0.13729649782180786","0.13729649782180786","503","503","503"
"50499","0.13976030051708221","0.13976030051708221","0.13976030051708221","504","504","504"
"50599","0.13519150018692017","0.13519150018692017","0.13519150018692017","505","505","505"
"50699","0.13640187680721283","0.13640187680721283","0.13640187680721283","506","506","506"
"50799","0.13851936161518097","0.13851936161518097","0.13851936161518097","507","507","507"
"50899","0.14109425246715546","0.14109425246715546","0.14109425246715546","508","508","508"
"50999","0.13965770602226257","0.13965770602226257","0.13965770602226257","509","509","509"
"51099","0.13458283245563507","0.13458283245563507","0.13458283245563507","510","510","510"
"51199","0.13644595444202423","0.13644595444202423","0.13644595444202423","511","511","511"
"51299","0.141994446516037","0.141994446516037","0.141994446516037","512","512","512"
"51399","0.13600581884384155","0.13600581884384155","0.13600581884384155","513","513","513"
"51499","0.1318637728691101","0.1318637728691101","0.1318637728691101","514","514","514"
"51599","0.14442171156406403","0.14442171156406403","0.14442171156406403","515","515","515"
"51699","0.13390356302261353","0.13390356302261353","0.13390356302261353","516","516","516"
"51799","0.1293199062347412","0.1293199062347412","0.1293199062347412","517","517","517"
"51899","0.13451041281223297","0.13451041281223297","0.13451041281223297","518","518","518"
"51999","0.1314481496810913","0.1314481496810913","0.1314481496810913","519","519","519"
"52099","0.13692830502986908","0.13692830502986908","0.13692830502986908","520","520","520"
"52199","0.13953562080860138","0.13953562080860138","0.13953562080860138","521","521","521"
"52299","0.13705110549926758","0.13705110549926758","0.13705110549926758","522","522","522"
"52399","0.13637053966522217","0.13637053966522217","0.13637053966522217","523","523","523"
"52499","0.13790462911128998","0.13790462911128998","0.13790462911128998","524","524","524"
"52599","0.13643553853034973","0.13643553853034973","0.13643553853034973","525","525","525"
"52699","0.12958893179893494","0.12958893179893494","0.12958893179893494","526","526","526"
"52799","0.13554169237613678","0.13554169237613678","0.13554169237613678","527","527","527"
"52899","0.13309432566165924","0.13309432566165924","0.13309432566165924","528","528","528"
"52999","0.1362331062555313","0.1362331062555313","0.1362331062555313","529","529","529"
"53099","0.13339252769947052","0.13339252769947052","0.13339252769947052","530","530","530"
"53199","0.13656459748744965","0.13656459748744965","0.13656459748744965","531","531","531"
"53299","0.13796286284923553","0.13796286284923553","0.13796286284923553","532","532","532"
"53399","0.13860367238521576","0.13860367238521576","0.13860367238521576","533","533","533"
"53499","0.13424476981163025","0.13424476981163025","0.13424476981163025","534","534","534"
"53599","0.13002964854240417","0.13002964854240417","0.13002964854240417","535","535","535"
"53699","0.13100819289684296","0.13100819289684296","0.13100819289684296","536","536","536"
"53799","0.13510587811470032","0.13510587811470032","0.13510587811470032","537","537","537"
"53899","0.1361498385667801","0.1361498385667801","0.1361498385667801","538","538","538"
"53999","0.13889487087726593","0.13889487087726593","0.13889487087726593","539","539","539"
"54099","0.13520364463329315","0.13520364463329315","0.13520364463329315","540","540","540"
"54199","0.13630850613117218","0.13630850613117218","0.13630850613117218","541","541","541"
"54299","0.13218481838703156","0.13218481838703156","0.13218481838703156","542","542","542"
"54399","0.13688771426677704","0.13688771426677704","0.13688771426677704","543","543","543"
"54499","0.13241201639175415","0.13241201639175415","0.13241201639175415","544","544","544"
"54599","0.13842910528182983","0.13842910528182983","0.13842910528182983","545","545","545"
"54699","0.13150577247142792","0.13150577247142792","0.13150577247142792","546","546","546"
"54799","0.1404041349887848","0.1404041349887848","0.1404041349887848","547","547","547"
"54899","0.13538697361946106","0.13538697361946106","0.13538697361946106","548","548","548"
"54999","0.13309083878993988","0.13309083878993988","0.13309083878993988","549","549","549"
"55099","0.13266436755657196","0.13266436755657196","0.13266436755657196","550","550","550"
"55199","0.13245058059692383","0.13245058059692383","0.13245058059692383","551","551","551"
"55299","0.13562296330928802","0.13562296330928802","0.13562296330928802","552","552","552"
"55399","0.1338483989238739","0.1338483989238739","0.1338483989238739","553","553","553"
"55499","0.13783890008926392","0.13783890008926392","0.13783890008926392","554","554","554"
"55599","0.14013879001140594","0.14013879001140594","0.14013879001140594","555","555","555"
"55699","0.13623058795928955","0.13623058795928955","0.13623058795928955","556","556","556"
"55799","0.14260858297348022","0.14260858297348022","0.14260858297348022","557","557","557"
"55899","0.13636742532253265","0.13636742532253265","0.13636742532253265","558","558","558"
"55999","0.133314847946167","0.133314847946167","0.133314847946167","559","559","559"
"56099","0.13753457367420197","0.13753457367420197","0.13753457367420197","560","560","560"
"56199","0.13517554104328156","0.13517554104328156","0.13517554104328156","561","561","561"
"56299","0.13745880126953125","0.13745880126953125","0.13745880126953125","562","562","562"
"56399","0.13047759234905243","0.13047759234905243","0.13047759234905243","563","563","563"
"56499","0.13417011499404907","0.13417011499404907","0.13417011499404907","564","564","564"
"56599","0.13720689713954926","0.13720689713954926","0.13720689713954926","565","565","565"
"56699","0.13312257826328278","0.13312257826328278","0.13312257826328278","566","566","566"
"56799","0.1376887559890747","0.1376887559890747","0.1376887559890747","567","567","567"
"56899","0.13144414126873016","0.13144414126873016","0.13144414126873016","568","568","568"
"56999","0.14368052780628204","0.14368052780628204","0.14368052780628204","569","569","569"
"57099","0.1373785436153412","0.1373785436153412","0.1373785436153412","570","570","570"
"57199","0.13357208669185638","0.13357208669185638","0.13357208669185638","571","571","571"
"57299","0.13524918258190155","0.13524918258190155","0.13524918258190155","572","572","572"
"57399","0.13497908413410187","0.13497908413410187","0.13497908413410187","573","573","573"
"57499","0.13621953129768372","0.13621953129768372","0.13621953129768372","574","574","574"
"57599","0.1386590152978897","0.1386590152978897","0.1386590152978897","575","575","575"
"57699","0.13277065753936768","0.13277065753936768","0.13277065753936768","576","576","576"
"57799","0.13993379473686218","0.13993379473686218","0.13993379473686218","577","577","577"
"57899","0.13018961250782013","0.13018961250782013","0.13018961250782013","578","578","578"
"57999","0.1340044140815735","0.1340044140815735","0.1340044140815735","579","579","579"
"58099","0.12866131961345673","0.12866131961345673","0.12866131961345673","580","580","580"
"58199","0.13905180990695953","0.13905180990695953","0.13905180990695953","581","581","581"
"58299","0.13830667734146118","0.13830667734146118","0.13830667734146118","582","582","582"
"58399","0.12961187958717346","0.12961187958717346","0.12961187958717346","583","583","583"
"58499","0.1382400393486023","0.1382400393486023","0.1382400393486023","584","584","584"
"58599","0.1337825059890747","0.1337825059890747","0.1337825059890747","585","585","585"
"58699","0.1424713432788849","0.1424713432788849","0.1424713432788849","586","586","586"
"58799","0.13214680552482605","0.13214680552482605","0.13214680552482605","587","587","587"
"58899","0.13599221408367157","0.13599221408367157","0.13599221408367157","588","588","588"
"58999","0.13552358746528625","0.13552358746528625","0.13552358746528625","589","589","589"
"59099","0.1351473480463028","0.1351473480463028","0.1351473480463028","590","590","590"
"59199","0.1385716199874878","0.1385716199874878","0.1385716199874878","591","591","591"
"59299","0.12752093374729156","0.12752093374729156","0.12752093374729156","592","592","592"
"59399","0.1370474398136139","0.1370474398136139","0.1370474398136139","593","593","593"
"59499","0.1330523043870926","0.1330523043870926","0.1330523043870926","594","594","594"
"59599","0.13493604958057404","0.13493604958057404","0.13493604958057404","595","595","595"
"59699","0.13119551539421082","0.13119551539421082","0.13119551539421082","596","596","596"
"59799","0.1348022073507309","0.1348022073507309","0.1348022073507309","597","597","597"
"59899","0.1320113092660904","0.1320113092660904","0.1320113092660904","598","598","598"
"59999","0.13459758460521698","0.13459758460521698","0.13459758460521698","599","599","599"
"60099","0.1294405311346054","0.1294405311346054","0.1294405311346054","600","600","600"
"60199","0.13315555453300476","0.13315555453300476","0.13315555453300476","601","601","601"
"60299","0.1389194130897522","0.1389194130897522","0.1389194130897522","602","602","602"
"60399","0.12946990132331848","0.12946990132331848","0.12946990132331848","603","603","603"
"60499","0.13568513095378876","0.13568513095378876","0.13568513095378876","604","604","604"
"60599","0.12817168235778809","0.12817168235778809","0.12817168235778809","605","605","605"
"60699","0.1316460818052292","0.1316460818052292","0.1316460818052292","606","606","606"
"60799","0.13351763784885406","0.13351763784885406","0.13351763784885406","607","607","607"
"60899","0.13367469608783722","0.13367469608783722","0.13367469608783722","608","608","608"
"60999","0.1313146948814392","0.1313146948814392","0.1313146948814392","609","609","609"
"61099","0.13408800959587097","0.13408800959587097","0.13408800959587097","610","610","610"
"61199","0.13181446492671967","0.13181446492671967","0.13181446492671967","611","611","611"
"61299","0.13841351866722107","0.13841351866722107","0.13841351866722107","612","612","612"
"61399","0.1315581053495407","0.1315581053495407","0.1315581053495407","613","613","613"
"61499","0.13459114730358124","0.13459114730358124","0.13459114730358124","614","614","614"
"61599","0.1372966766357422","0.1372966766357422","0.1372966766357422","615","615","615"
"61699","0.13898392021656036","0.13898392021656036","0.13898392021656036","616","616","616"
"61799","0.14009082317352295","0.14009082317352295","0.14009082317352295","617","617","617"
"61899","0.13554491102695465","0.13554491102695465","0.13554491102695465","618","618","618"
"61999","0.13872148096561432","0.13872148096561432","0.13872148096561432","619","619","619"
"62099","0.13614422082901","0.13614422082901","0.13614422082901","620","620","620"
"62199","0.13412822782993317","0.13412822782993317","0.13412822782993317","621","621","621"
"62299","0.13107986748218536","0.13107986748218536","0.13107986748218536","622","622","622"
"62399","0.13248896598815918","0.13248896598815918","0.13248896598815918","623","623","623"
"62499","0.13640357553958893","0.13640357553958893","0.13640357553958893","624","624","624"
"62599","0.129447340965271","0.129447340965271","0.129447340965271","625","625","625"
"62699","0.13613946735858917","0.13613946735858917","0.13613946735858917","626","626","626"
"62799","0.13121037185192108","0.13121037185192108","0.13121037185192108","627","627","627"
"62899","0.12922796607017517","0.12922796607017517","0.12922796607017517","628","628","628"
"62999","0.13028772175312042","0.13028772175312042","0.13028772175312042","629","629","629"
"63099","0.13648736476898193","0.13648736476898193","0.13648736476898193","630","630","630"
"63199","0.1421482264995575","0.1421482264995575","0.1421482264995575","631","631","631"
"63299","0.13511821627616882","0.13511821627616882","0.13511821627616882","632","632","632"
"63399","0.13484323024749756","0.13484323024749756","0.13484323024749756","633","633","633"
"63499","0.13121271133422852","0.13121271133422852","0.13121271133422852","634","634","634"
"63599","0.13277432322502136","0.13277432322502136","0.13277432322502136","635","635","635"
"63699","0.14239557087421417","0.14239557087421417","0.14239557087421417","636","636","636"
"63799","0.13885368406772614","0.13885368406772614","0.13885368406772614","637","637","637"
"63899","0.12739434838294983","0.12739434838294983","0.12739434838294983","638","638","638"
"63999","0.132852703332901","0.132852703332901","0.132852703332901","639","639","639"
"64099","0.13354066014289856","0.13354066014289856","0.13354066014289856","640","640","640"
"64199","0.1305357664823532","0.1305357664823532","0.1305357664823532","641","641","641"
"64299","0.14181211590766907","0.14181211590766907","0.14181211590766907","642","642","642"
"64399","0.13530109822750092","0.13530109822750092","0.13530109822750092","643","643","643"
"64499","0.12985622882843018","0.12985622882843018","0.12985622882843018","644","644","644"
"64599","0.13689933717250824","0.13689933717250824","0.13689933717250824","645","645","645"
"64699","0.1394420713186264","0.1394420713186264","0.1394420713186264","646","646","646"
"64799","0.12760402262210846","0.12760402262210846","0.12760402262210846","647","647","647"
"64899","0.1425444334745407","0.1425444334745407","0.1425444334745407","648","648","648"
"64999","0.13035765290260315","0.13035765290260315","0.13035765290260315","649","649","649"
"65099","0.13641013205051422","0.13641013205051422","0.13641013205051422","650","650","650"
"65199","0.13547125458717346","0.13547125458717346","0.13547125458717346","651","651","651"
"65299","0.13702666759490967","0.13702666759490967","0.13702666759490967","652","652","652"
"65399","0.14044463634490967","0.14044463634490967","0.14044463634490967","653","653","653"
"65499","0.13593220710754395","0.13593220710754395","0.13593220710754395","654","654","654"
"65599","0.13626015186309814","0.13626015186309814","0.13626015186309814","655","655","655"
"65699","0.13232411444187164","0.13232411444187164","0.13232411444187164","656","656","656"
"65799","0.13254578411579132","0.13254578411579132","0.13254578411579132","657","657","657"
"65899","0.13898107409477234","0.13898107409477234","0.13898107409477234","658","658","658"
"65999","0.13239619135856628","0.13239619135856628","0.13239619135856628","659","659","659"
"66099","0.13545413315296173","0.13545413315296173","0.13545413315296173","660","660","660"
"66199","0.13411414623260498","0.13411414623260498","0.13411414623260498","661","661","661"
"66299","0.13029062747955322","0.13029062747955322","0.13029062747955322","662","662","662"
"66399","0.1324046403169632","0.1324046403169632","0.1324046403169632","663","663","663"
"66499","0.13374923169612885","0.13374923169612885","0.13374923169612885","664","664","664"
"66599","0.13475832343101501","0.13475832343101501","0.13475832343101501","665","665","665"
"66699","0.14136607944965363","0.14136607944965363","0.14136607944965363","666","666","666"
"66799","0.13115233182907104","0.13115233182907104","0.13115233182907104","667","667","667"
"66899","0.13458779454231262","0.13458779454231262","0.13458779454231262","668","668","668"
"66999","0.1334439218044281","0.1334439218044281","0.1334439218044281","669","669","669"
"67099","0.1367678940296173","0.1367678940296173","0.1367678940296173","670","670","670"
"67199","0.13637959957122803","0.13637959957122803","0.13637959957122803","671","671","671"
"67299","0.13674141466617584","0.13674141466617584","0.13674141466617584","672","672","672"
"67399","0.13085561990737915","0.13085561990737915","0.13085561990737915","673","673","673"
"67499","0.1347975730895996","0.1347975730895996","0.1347975730895996","674","674","674"
"67599","0.1327635645866394","0.1327635645866394","0.1327635645866394","675","675","675"
"67699","0.13300059735774994","0.13300059735774994","0.13300059735774994","676","676","676"
"67799","0.14070534706115723","0.14070534706115723","0.14070534706115723","677","677","677"
"67899","0.13824495673179626","0.13824495673179626","0.13824495673179626","678","678","678"
"67999","0.13269154727458954","0.13269154727458954","0.13269154727458954","679","679","679"
"68099","0.1373106688261032","0.1373106688261032","0.1373106688261032","680","680","680"
"68199","0.13113602995872498","0.13113602995872498","0.13113602995872498","681","681","681"
"68299","0.12975093722343445","0.12975093722343445","0.12975093722343445","682","682","682"
"68399","0.141042098402977","0.141042098402977","0.141042098402977","683","683","683"
"68499","0.1315658837556839","0.1315658837556839","0.1315658837556839","684","684","684"
"68599","0.1373276710510254","0.1373276710510254","0.1373276710510254","685","685","685"
"68699","0.1290866881608963","0.1290866881608963","0.1290866881608963","686","686","686"
"68799","0.13229985535144806","0.13229985535144806","0.13229985535144806","687","687","687"
"68899","0.1383669227361679","0.1383669227361679","0.1383669227361679","688","688","688"
"68999","0.13280850648880005","0.13280850648880005","0.13280850648880005","689","689","689"
"69099","0.12688563764095306","0.12688563764095306","0.12688563764095306","690","690","690"
"69199","0.1327647864818573","0.1327647864818573","0.1327647864818573","691","691","691"
"69299","0.13287056982517242","0.13287056982517242","0.13287056982517242","692","692","692"
"69399","0.13076138496398926","0.13076138496398926","0.13076138496398926","693","693","693"
"69499","0.12766315042972565","0.12766315042972565","0.12766315042972565","694","694","694"
"69599","0.1365727335214615","0.1365727335214615","0.1365727335214615","695","695","695"
"69699","0.1298728883266449","0.1298728883266449","0.1298728883266449","696","696","696"
"69799","0.13880598545074463","0.13880598545074463","0.13880598545074463","697","697","697"
"69899","0.13583813607692719","0.13583813607692719","0.13583813607692719","698","698","698"
"69999","0.13060550391674042","0.13060550391674042","0.13060550391674042","699","699","699"
"70099","0.13549169898033142","0.13549169898033142","0.13549169898033142","700","700","700"
"70199","0.13361500203609467","0.13361500203609467","0.13361500203609467","701","701","701"
"70299","0.12784869968891144","0.12784869968891144","0.12784869968891144","702","702","702"
"70399","0.13477081060409546","0.13477081060409546","0.13477081060409546","703","703","703"
"70499","0.13167722523212433","0.13167722523212433","0.13167722523212433","704","704","704"
"70599","0.12897737324237823","0.12897737324237823","0.12897737324237823","705","705","705"
"70699","0.1324934959411621","0.1324934959411621","0.1324934959411621","706","706","706"
"70799","0.1312718391418457","0.1312718391418457","0.1312718391418457","707","707","707"
"70899","0.13651978969573975","0.13651978969573975","0.13651978969573975","708","708","708"
"70999","0.12947028875350952","0.12947028875350952","0.12947028875350952","709","709","709"
"71099","0.13543108105659485","0.13543108105659485","0.13543108105659485","710","710","710"
"71199","0.13489948213100433","0.13489948213100433","0.13489948213100433","711","711","711"
"71299","0.13762161135673523","0.13762161135673523","0.13762161135673523","712","712","712"
"71399","0.13491211831569672","0.13491211831569672","0.13491211831569672","713","713","713"
"71499","0.13273921608924866","0.13273921608924866","0.13273921608924866","714","714","714"
"71599","0.13645513355731964","0.13645513355731964","0.13645513355731964","715","715","715"
"71699","0.1386851966381073","0.1386851966381073","0.1386851966381073","716","716","716"
"71799","0.13058854639530182","0.13058854639530182","0.13058854639530182","717","717","717"
"71899","0.1384812593460083","0.1384812593460083","0.1384812593460083","718","718","718"
"71999","0.1280176341533661","0.1280176341533661","0.1280176341533661","719","719","719"
"72099","0.13354243338108063","0.13354243338108063","0.13354243338108063","720","720","720"
"72199","0.14055533707141876","0.14055533707141876","0.14055533707141876","721","721","721"
"72299","0.13706089556217194","0.13706089556217194","0.13706089556217194","722","722","722"
"72399","0.13996651768684387","0.13996651768684387","0.13996651768684387","723","723","723"
"72499","0.13281020522117615","0.13281020522117615","0.13281020522117615","724","724","724"
"72599","0.13364511728286743","0.13364511728286743","0.13364511728286743","725","725","725"
"72699","0.1378917098045349","0.1378917098045349","0.1378917098045349","726","726","726"
"72799","0.12980933487415314","0.12980933487415314","0.12980933487415314","727","727","727"
"72899","0.13122594356536865","0.13122594356536865","0.13122594356536865","728","728","728"
"72999","0.13873377442359924","0.13873377442359924","0.13873377442359924","729","729","729"
"73099","0.13425295054912567","0.13425295054912567","0.13425295054912567","730","730","730"
"73199","0.1333187073469162","0.1333187073469162","0.1333187073469162","731","731","731"
"73299","0.13903868198394775","0.13903868198394775","0.13903868198394775","732","732","732"
"73399","0.13220661878585815","0.13220661878585815","0.13220661878585815","733","733","733"
"73499","0.13529355823993683","0.13529355823993683","0.13529355823993683","734","734","734"
"73599","0.1292734444141388","0.1292734444141388","0.1292734444141388","735","735","735"
"73699","0.13026681542396545","0.13026681542396545","0.13026681542396545","736","736","736"
"73799","0.12679903209209442","0.12679903209209442","0.12679903209209442","737","737","737"
"73899","0.13239428400993347","0.13239428400993347","0.13239428400993347","738","738","738"
"73999","0.13463644683361053","0.13463644683361053","0.13463644683361053","739","739","739"
"74099","0.13539071381092072","0.13539071381092072","0.13539071381092072","740","740","740"
"74199","0.130427747964859","0.130427747964859","0.130427747964859","741","741","741"
"74299","0.1379465013742447","0.1379465013742447","0.1379465013742447","742","742","742"
"74399","0.13404816389083862","0.13404816389083862","0.13404816389083862","743","743","743"
"74499","0.13109533488750458","0.13109533488750458","0.13109533488750458","744","744","744"
"74599","0.13043710589408875","0.13043710589408875","0.13043710589408875","745","745","745"
"74699","0.13186144828796387","0.13186144828796387","0.13186144828796387","746","746","746"
"74799","0.1267520636320114","0.1267520636320114","0.1267520636320114","747","747","747"
"74899","0.13024842739105225","0.13024842739105225","0.13024842739105225","748","748","748"
"74999","0.13519516587257385","0.13519516587257385","0.13519516587257385","749","749","749"
"75099","0.13027197122573853","0.13027197122573853","0.13027197122573853","750","750","750"
"75199","0.12846004962921143","0.12846004962921143","0.12846004962921143","751","751","751"
"75299","0.1332295536994934","0.1332295536994934","0.1332295536994934","752","752","752"
"75399","0.13279056549072266","0.13279056549072266","0.13279056549072266","753","753","753"
"75499","0.13463912904262543","0.13463912904262543","0.13463912904262543","754","754","754"
"75599","0.12846778333187103","0.12846778333187103","0.12846778333187103","755","755","755"
"75699","0.13243187963962555","0.13243187963962555","0.13243187963962555","756","756","756"
"75799","0.1222848892211914","0.1222848892211914","0.1222848892211914","757","757","757"
"75899","0.13328814506530762","0.13328814506530762","0.13328814506530762","758","758","758"
"75999","0.13267919421195984","0.13267919421195984","0.13267919421195984","759","759","759"
"76099","0.13669170439243317","0.13669170439243317","0.13669170439243317","760","760","760"
"76199","0.13042375445365906","0.13042375445365906","0.13042375445365906","761","761","761"
"76299","0.13782311975955963","0.13782311975955963","0.13782311975955963","762","762","762"
"76399","0.13388676941394806","0.13388676941394806","0.13388676941394806","763","763","763"
"76499","0.13057556748390198","0.13057556748390198","0.13057556748390198","764","764","764"
"76599","0.12877759337425232","0.12877759337425232","0.12877759337425232","765","765","765"
"76699","0.13595788180828094","0.13595788180828094","0.13595788180828094","766","766","766"
"76799","0.13279743492603302","0.13279743492603302","0.13279743492603302","767","767","767"
"76899","0.13048365712165833","0.13048365712165833","0.13048365712165833","768","768","768"
"76999","0.1337045580148697","0.1337045580148697","0.1337045580148697","769","769","769"
"77099","0.13513684272766113","0.13513684272766113","0.13513684272766113","770","770","770"
"77199","0.13520364463329315","0.13520364463329315","0.13520364463329315","771","771","771"
"77299","0.1299954503774643","0.1299954503774643","0.1299954503774643","772","772","772"
"77399","0.13176147639751434","0.13176147639751434","0.13176147639751434","773","773","773"
"77499","0.13626813888549805","0.13626813888549805","0.13626813888549805","774","774","774"
"77599","0.13730257749557495","0.13730257749557495","0.13730257749557495","775","775","775"
"77699","0.13104605674743652","0.13104605674743652","0.13104605674743652","776","776","776"
"77799","0.135097473859787","0.135097473859787","0.135097473859787","777","777","777"
"77899","0.13756577670574188","0.13756577670574188","0.13756577670574188","778","778","778"
"77999","0.1322656124830246","0.1322656124830246","0.1322656124830246","779","779","779"
"78099","0.13409295678138733","0.13409295678138733","0.13409295678138733","780","780","780"
"78199","0.134490966796875","0.134490966796875","0.134490966796875","781","781","781"
"78299","0.13587762415409088","0.13587762415409088","0.13587762415409088","782","782","782"
"78399","0.13081224262714386","0.13081224262714386","0.13081224262714386","783","783","783"
"78499","0.13660317659378052","0.13660317659378052","0.13660317659378052","784","784","784"
"78599","0.13011057674884796","0.13011057674884796","0.13011057674884796","785","785","785"
"78699","0.13519258797168732","0.13519258797168732","0.13519258797168732","786","786","786"
"78799","0.1277560293674469","0.1277560293674469","0.1277560293674469","787","787","787"
"78899","0.1313910037279129","0.1313910037279129","0.1313910037279129","788","788","788"
"78999","0.1317935585975647","0.1317935585975647","0.1317935585975647","789","789","789"
"79099","0.13441617786884308","0.13441617786884308","0.13441617786884308","790","790","790"
"79199","0.12924374639987946","0.12924374639987946","0.12924374639987946","791","791","791"
"79299","0.13768739998340607","0.13768739998340607","0.13768739998340607","792","792","792"
"79399","0.13533227145671844","0.13533227145671844","0.13533227145671844","793","793","793"
"79499","0.1277702897787094","0.1277702897787094","0.1277702897787094","794","794","794"
"79599","0.1340448409318924","0.1340448409318924","0.1340448409318924","795","795","795"
"79699","0.1278662234544754","0.1278662234544754","0.1278662234544754","796","796","796"
"79799","0.1331409513950348","0.1331409513950348","0.1331409513950348","797","797","797"
"79899","0.13350439071655273","0.13350439071655273","0.13350439071655273","798","798","798"
"79999","0.13083210587501526","0.13083210587501526","0.13083210587501526","799","799","799"
"80099","0.12735122442245483","0.12735122442245483","0.12735122442245483","800","800","800"
"80199","0.12847374379634857","0.12847374379634857","0.12847374379634857","801","801","801"
"80299","0.1347874402999878","0.1347874402999878","0.1347874402999878","802","802","802"
"80399","0.1302535980939865","0.1302535980939865","0.1302535980939865","803","803","803"
"80499","0.13617610931396484","0.13617610931396484","0.13617610931396484","804","804","804"
"80599","0.13132241368293762","0.13132241368293762","0.13132241368293762","805","805","805"
"80699","0.13130484521389008","0.13130484521389008","0.13130484521389008","806","806","806"
"80799","0.12922433018684387","0.12922433018684387","0.12922433018684387","807","807","807"
"80899","0.12934383749961853","0.12934383749961853","0.12934383749961853","808","808","808"
"80999","0.13689114153385162","0.13689114153385162","0.13689114153385162","809","809","809"
"81099","0.13419963419437408","0.13419963419437408","0.13419963419437408","810","810","810"
"81199","0.13192474842071533","0.13192474842071533","0.13192474842071533","811","811","811"
"81299","0.13338541984558105","0.13338541984558105","0.13338541984558105","812","812","812"
"81399","0.12877993285655975","0.12877993285655975","0.12877993285655975","813","813","813"
"81499","0.13454623520374298","0.13454623520374298","0.13454623520374298","814","814","814"
"81599","0.12853440642356873","0.12853440642356873","0.12853440642356873","815","815","815"
"81699","0.13674840331077576","0.13674840331077576","0.13674840331077576","816","816","816"
"81799","0.1278933733701706","0.1278933733701706","0.1278933733701706","817","817","817"
"81899","0.12839314341545105","0.12839314341545105","0.12839314341545105","818","818","818"
"81999","0.1317409873008728","0.1317409873008728","0.1317409873008728","819","819","819"
"82099","0.12146009504795074","0.12146009504795074","0.12146009504795074","820","820","820"
"82199","0.13441284000873566","0.13441284000873566","0.13441284000873566","821","821","821"
"82299","0.13076509535312653","0.13076509535312653","0.13076509535312653","822","822","822"
"82399","0.13593995571136475","0.13593995571136475","0.13593995571136475","823","823","823"
"82499","0.12699490785598755","0.12699490785598755","0.12699490785598755","824","824","824"
"82599","0.1348319947719574","0.1348319947719574","0.1348319947719574","825","825","825"
"82699","0.13286784291267395","0.13286784291267395","0.13286784291267395","826","826","826"
"82799","0.13015137612819672","0.13015137612819672","0.13015137612819672","827","827","827"
"82899","0.13483452796936035","0.13483452796936035","0.13483452796936035","828","828","828"
"82999","0.1369747370481491","0.1369747370481491","0.1369747370481491","829","829","829"
"83099","0.1304386556148529","0.1304386556148529","0.1304386556148529","830","830","830"
"83199","0.13619168102741241","0.13619168102741241","0.13619168102741241","831","831","831"
"83299","0.12663373351097107","0.12663373351097107","0.12663373351097107","832","832","832"
"83399","0.130256786942482","0.130256786942482","0.130256786942482","833","833","833"
"83499","0.13556209206581116","0.13556209206581116","0.13556209206581116","834","834","834"
"83599","0.1288943886756897","0.1288943886756897","0.1288943886756897","835","835","835"
"83699","0.13521572947502136","0.13521572947502136","0.13521572947502136","836","836","836"
"83799","0.13408948481082916","0.13408948481082916","0.13408948481082916","837","837","837"
"83899","0.1395740658044815","0.1395740658044815","0.1395740658044815","838","838","838"
"83999","0.13167104125022888","0.13167104125022888","0.13167104125022888","839","839","839"
"84099","0.13298922777175903","0.13298922777175903","0.13298922777175903","840","840","840"
"84199","0.13391147553920746","0.13391147553920746","0.13391147553920746","841","841","841"
"84299","0.1315496861934662","0.1315496861934662","0.1315496861934662","842","842","842"
"84399","0.1306498497724533","0.1306498497724533","0.1306498497724533","843","843","843"
"84499","0.1347050815820694","0.1347050815820694","0.1347050815820694","844","844","844"
"84599","0.13364198803901672","0.13364198803901672","0.13364198803901672","845","845","845"
"84699","0.13073651492595673","0.13073651492595673","0.13073651492595673","846","846","846"
"84799","0.13163122534751892","0.13163122534751892","0.13163122534751892","847","847","847"
"84899","0.1344188004732132","0.1344188004732132","0.1344188004732132","848","848","848"
"84999","0.13344787061214447","0.13344787061214447","0.13344787061214447","849","849","849"
"85099","0.1325138360261917","0.1325138360261917","0.1325138360261917","850","850","850"
"85199","0.13414378464221954","0.13414378464221954","0.13414378464221954","851","851","851"
"85299","0.1305912286043167","0.1305912286043167","0.1305912286043167","852","852","852"
"85399","0.13620257377624512","0.13620257377624512","0.13620257377624512","853","853","853"
"85499","0.13269339501857758","0.13269339501857758","0.13269339501857758","854","854","854"
"85599","0.13207300007343292","0.13207300007343292","0.13207300007343292","855","855","855"
"85699","0.12494320422410965","0.12494320422410965","0.12494320422410965","856","856","856"
"85799","0.1347522735595703","0.1347522735595703","0.1347522735595703","857","857","857"
"85899","0.1335950791835785","0.1335950791835785","0.1335950791835785","858","858","858"
"85999","0.13378778100013733","0.13378778100013733","0.13378778100013733","859","859","859"
"86099","0.1305253505706787","0.1305253505706787","0.1305253505706787","860","860","860"
"86199","0.12955302000045776","0.12955302000045776","0.12955302000045776","861","861","861"
"86299","0.1307343989610672","0.1307343989610672","0.1307343989610672","862","862","862"
"86399","0.13021020591259003","0.13021020591259003","0.13021020591259003","863","863","863"
"86499","0.13414448499679565","0.13414448499679565","0.13414448499679565","864","864","864"
"86599","0.14044611155986786","0.14044611155986786","0.14044611155986786","865","865","865"
"86699","0.13144762814044952","0.13144762814044952","0.13144762814044952","866","866","866"
"86799","0.1250074952840805","0.1250074952840805","0.1250074952840805","867","867","867"
"86899","0.13122834265232086","0.13122834265232086","0.13122834265232086","868","868","868"
"86999","0.13266612589359283","0.13266612589359283","0.13266612589359283","869","869","869"
"87099","0.1316673904657364","0.1316673904657364","0.1316673904657364","870","870","870"
"87199","0.13543519377708435","0.13543519377708435","0.13543519377708435","871","871","871"
"87299","0.13360585272312164","0.13360585272312164","0.13360585272312164","872","872","872"
"87399","0.13511699438095093","0.13511699438095093","0.13511699438095093","873","873","873"
"87499","0.13564682006835938","0.13564682006835938","0.13564682006835938","874","874","874"
"87599","0.13692684471607208","0.13692684471607208","0.13692684471607208","875","875","875"
"87699","0.13353876769542694","0.13353876769542694","0.13353876769542694","876","876","876"
"87799","0.1327396184206009","0.1327396184206009","0.1327396184206009","877","877","877"
"87899","0.13122493028640747","0.13122493028640747","0.13122493028640747","878","878","878"
"87999","0.137448251247406","0.137448251247406","0.137448251247406","879","879","879"
"88099","0.13400483131408691","0.13400483131408691","0.13400483131408691","880","880","880"
"88199","0.1336660087108612","0.1336660087108612","0.1336660087108612","881","881","881"
"88299","0.12791122496128082","0.12791122496128082","0.12791122496128082","882","882","882"
"88399","0.12501239776611328","0.12501239776611328","0.12501239776611328","883","883","883"
"88499","0.13365809619426727","0.13365809619426727","0.13365809619426727","884","884","884"
"88599","0.13190807402133942","0.13190807402133942","0.13190807402133942","885","885","885"
"88699","0.14009517431259155","0.14009517431259155","0.14009517431259155","886","886","886"
"88799","0.13227114081382751","0.13227114081382751","0.13227114081382751","887","887","887"
"88899","0.12937669456005096","0.12937669456005096","0.12937669456005096","888","888","888"
"88999","0.1370842009782791","0.1370842009782791","0.1370842009782791","889","889","889"
"89099","0.13211913406848907","0.13211913406848907","0.13211913406848907","890","890","890"
"89199","0.1368972659111023","0.1368972659111023","0.1368972659111023","891","891","891"
"89299","0.13538578152656555","0.13538578152656555","0.13538578152656555","892","892","892"
"89399","0.13056886196136475","0.13056886196136475","0.13056886196136475","893","893","893"
"89499","0.12789730727672577","0.12789730727672577","0.12789730727672577","894","894","894"
"89599","0.13320232927799225","0.13320232927799225","0.13320232927799225","895","895","895"
"89699","0.1346217393875122","0.1346217393875122","0.1346217393875122","896","896","896"
"89799","0.13504329323768616","0.13504329323768616","0.13504329323768616","897","897","897"
"89899","0.13668979704380035","0.13668979704380035","0.13668979704380035","898","898","898"
"89999","0.13052529096603394","0.13052529096603394","0.13052529096603394","899","899","899"
"90099","0.1306503713130951","0.1306503713130951","0.1306503713130951","900","900","900"
"90199","0.13206513226032257","0.13206513226032257","0.13206513226032257","901","901","901"
"90299","0.13169234991073608","0.13169234991073608","0.13169234991073608","902","902","902"
"90399","0.13310594856739044","0.13310594856739044","0.13310594856739044","903","903","903"
"90499","0.12498801946640015","0.12498801946640015","0.12498801946640015","904","904","904"
"90599","0.1266476809978485","0.1266476809978485","0.1266476809978485","905","905","905"
"90699","0.12670378386974335","0.12670378386974335","0.12670378386974335","906","906","906"
"90799","0.12855388224124908","0.12855388224124908","0.12855388224124908","907","907","907"
"90899","0.1352415829896927","0.1352415829896927","0.1352415829896927","908","908","908"
"90999","0.12900641560554504","0.12900641560554504","0.12900641560554504","909","909","909"
"91099","0.1301213800907135","0.1301213800907135","0.1301213800907135","910","910","910"
"91199","0.13282223045825958","0.13282223045825958","0.13282223045825958","911","911","911"
"91299","0.13449367880821228","0.13449367880821228","0.13449367880821228","912","912","912"
"91399","0.13689172267913818","0.13689172267913818","0.13689172267913818","913","913","913"
"91499","0.13019287586212158","0.13019287586212158","0.13019287586212158","914","914","914"
"91599","0.13645333051681519","0.13645333051681519","0.13645333051681519","915","915","915"
"91699","0.13459302484989166","0.13459302484989166","0.13459302484989166","916","916","916"
"91799","0.13590112328529358","0.13590112328529358","0.13590112328529358","917","917","917"
"91899","0.1363484114408493","0.1363484114408493","0.1363484114408493","918","918","918"
"91999","0.12606997787952423","0.12606997787952423","0.12606997787952423","919","919","919"
"92099","0.1348390132188797","0.1348390132188797","0.1348390132188797","920","920","920"
"92199","0.13359984755516052","0.13359984755516052","0.13359984755516052","921","921","921"
"92299","0.1379995495080948","0.1379995495080948","0.1379995495080948","922","922","922"
"92399","0.12945657968521118","0.12945657968521118","0.12945657968521118","923","923","923"
"92499","0.13200685381889343","0.13200685381889343","0.13200685381889343","924","924","924"
"92599","0.13488465547561646","0.13488465547561646","0.13488465547561646","925","925","925"
"92699","0.13974614441394806","0.13974614441394806","0.13974614441394806","926","926","926"
"92799","0.1323169767856598","0.1323169767856598","0.1323169767856598","927","927","927"
"92899","0.13553601503372192","0.13553601503372192","0.13553601503372192","928","928","928"
"92999","0.13372549414634705","0.13372549414634705","0.13372549414634705","929","929","929"
"93099","0.1303621232509613","0.1303621232509613","0.1303621232509613","930","930","930"
"93199","0.1338881105184555","0.1338881105184555","0.1338881105184555","931","931","931"
"93299","0.13336579501628876","0.13336579501628876","0.13336579501628876","932","932","932"
"93399","0.1321549415588379","0.1321549415588379","0.1321549415588379","933","933","933"
"93499","0.13116562366485596","0.13116562366485596","0.13116562366485596","934","934","934"
"93599","0.12791328132152557","0.12791328132152557","0.12791328132152557","935","935","935"
"93699","0.12670642137527466","0.12670642137527466","0.12670642137527466","936","936","936"
"93799","0.1280314326286316","0.1280314326286316","0.1280314326286316","937","937","937"
"93899","0.13379089534282684","0.13379089534282684","0.13379089534282684","938","938","938"
"93999","0.13728190958499908","0.13728190958499908","0.13728190958499908","939","939","939"
"94099","0.13007111847400665","0.13007111847400665","0.13007111847400665","940","940","940"
"94199","0.12466435879468918","0.12466435879468918","0.12466435879468918","941","941","941"
"94299","0.13289020955562592","0.13289020955562592","0.13289020955562592","942","942","942"
"94399","0.12954086065292358","0.12954086065292358","0.12954086065292358","943","943","943"
"94499","0.13340327143669128","0.13340327143669128","0.13340327143669128","944","944","944"
"94599","0.12872810661792755","0.12872810661792755","0.12872810661792755","945","945","945"
"94699","0.1312478929758072","0.1312478929758072","0.1312478929758072","946","946","946"
"94799","0.13309714198112488","0.13309714198112488","0.13309714198112488","947","947","947"
"94899","0.12843814492225647","0.12843814492225647","0.12843814492225647","948","948","948"
"94999","0.136868417263031","0.136868417263031","0.136868417263031","949","949","949"
"95099","0.13331246376037598","0.13331246376037598","0.13331246376037598","950","950","950"
"95199","0.12685424089431763","0.12685424089431763","0.12685424089431763","951","951","951"
"95299","0.12625280022621155","0.12625280022621155","0.12625280022621155","952","952","952"
"95399","0.130510613322258","0.130510613322258","0.130510613322258","953","953","953"
"95499","0.12905409932136536","0.12905409932136536","0.12905409932136536","954","954","954"
"95599","0.13364508748054504","0.13364508748054504","0.13364508748054504","955","955","955"
"95699","0.13445530831813812","0.13445530831813812","0.13445530831813812","956","956","956"
"95799","0.13302907347679138","0.13302907347679138","0.13302907347679138","957","957","957"
"95899","0.13140207529067993","0.13140207529067993","0.13140207529067993","958","958","958"
"95999","0.1360630840063095","0.1360630840063095","0.1360630840063095","959","959","959"
"96099","0.13366010785102844","0.13366010785102844","0.13366010785102844","960","960","960"
"96199","0.12865152955055237","0.12865152955055237","0.12865152955055237","961","961","961"
"96299","0.12882573902606964","0.12882573902606964","0.12882573902606964","962","962","962"
"96399","0.1294431835412979","0.1294431835412979","0.1294431835412979","963","963","963"
"96499","0.1286754310131073","0.1286754310131073","0.1286754310131073","964","964","964"
"96599","0.13000042736530304","0.13000042736530304","0.13000042736530304","965","965","965"
"96699","0.13052044808864594","0.13052044808864594","0.13052044808864594","966","966","966"
"96799","0.13642381131649017","0.13642381131649017","0.13642381131649017","967","967","967"
"96899","0.13065212965011597","0.13065212965011597","0.13065212965011597","968","968","968"
"96999","0.129444420337677","0.129444420337677","0.129444420337677","969","969","969"
"97099","0.12972348928451538","0.12972348928451538","0.12972348928451538","970","970","970"
"97199","0.1335197240114212","0.1335197240114212","0.1335197240114212","971","971","971"
"97299","0.1324346959590912","0.1324346959590912","0.1324346959590912","972","972","972"
"97399","0.13499224185943604","0.13499224185943604","0.13499224185943604","973","973","973"
"97499","0.13094942271709442","0.13094942271709442","0.13094942271709442","974","974","974"
"97599","0.13293002545833588","0.13293002545833588","0.13293002545833588","975","975","975"
"97699","0.13166119158267975","0.13166119158267975","0.13166119158267975","976","976","976"
"97799","0.1337420493364334","0.1337420493364334","0.1337420493364334","977","977","977"
"97899","0.13733050227165222","0.13733050227165222","0.13733050227165222","978","978","978"
"97999","0.12616226077079773","0.12616226077079773","0.12616226077079773","979","979","979"
"98099","0.1312212347984314","0.1312212347984314","0.1312212347984314","980","980","980"
"98199","0.13351254165172577","0.13351254165172577","0.13351254165172577","981","981","981"
"98299","0.12480384856462479","0.12480384856462479","0.12480384856462479","982","982","982"
"98399","0.13059541583061218","0.13059541583061218","0.13059541583061218","983","983","983"
"98499","0.13174282014369965","0.13174282014369965","0.13174282014369965","984","984","984"
"98599","0.13491186499595642","0.13491186499595642","0.13491186499595642","985","985","985"
"98699","0.13465577363967896","0.13465577363967896","0.13465577363967896","986","986","986"
"98799","0.12931768596172333","0.12931768596172333","0.12931768596172333","987","987","987"
"98899","0.12933722138404846","0.12933722138404846","0.12933722138404846","988","988","988"
"98999","0.13106288015842438","0.13106288015842438","0.13106288015842438","989","989","989"
"99099","0.13080979883670807","0.13080979883670807","0.13080979883670807","990","990","990"
"99199","0.12649492919445038","0.12649492919445038","0.12649492919445038","991","991","991"
"99299","0.1336774080991745","0.1336774080991745","0.1336774080991745","992","992","992"
"99399","0.13190551102161407","0.13190551102161407","0.13190551102161407","993","993","993"
"99499","0.1274012178182602","0.1274012178182602","0.1274012178182602","994","994","994"
"99599","0.1273307353258133","0.1273307353258133","0.1273307353258133","995","995","995"
"99699","0.13383972644805908","0.13383972644805908","0.13383972644805908","996","996","996"
"99799","0.13134883344173431","0.13134883344173431","0.13134883344173431","997","997","997"
"99899","0.13478976488113403","0.13478976488113403","0.13478976488113403","998","998","998"
"99999","0.13177014887332916","0.13177014887332916","0.13177014887332916","999","999","999"
"100099","0.13239657878875732","0.13239657878875732","0.13239657878875732","1000","1000","1000"
"100199","0.13042591512203217","0.13042591512203217","0.13042591512203217","1001","1001","1001"
"100299","0.12926723062992096","0.12926723062992096","0.12926723062992096","1002","1002","1002"
"100399","0.12640245258808136","0.12640245258808136","0.12640245258808136","1003","1003","1003"
"100499","0.12623223662376404","0.12623223662376404","0.12623223662376404","1004","1004","1004"
"100599","0.13280601799488068","0.13280601799488068","0.13280601799488068","1005","1005","1005"
"100699","0.12766914069652557","0.12766914069652557","0.12766914069652557","1006","1006","1006"
"100799","0.13407665491104126","0.13407665491104126","0.13407665491104126","1007","1007","1007"
"100899","0.1312682330608368","0.1312682330608368","0.1312682330608368","1008","1008","1008"
"100999","0.13225148618221283","0.13225148618221283","0.13225148618221283","1009","1009","1009"
"101099","0.12808005511760712","0.12808005511760712","0.12808005511760712","1010","1010","1010"
"101199","0.1359666883945465","0.1359666883945465","0.1359666883945465","1011","1011","1011"
"101299","0.13954496383666992","0.13954496383666992","0.13954496383666992","1012","1012","1012"
"101399","0.12702172994613647","0.12702172994613647","0.12702172994613647","1013","1013","1013"
"101499","0.12906131148338318","0.12906131148338318","0.12906131148338318","1014","1014","1014"
"101599","0.1334150731563568","0.1334150731563568","0.1334150731563568","1015","1015","1015"
"101699","0.12960615754127502","0.12960615754127502","0.12960615754127502","1016","1016","1016"
"101799","0.14283445477485657","0.14283445477485657","0.14283445477485657","1017","1017","1017"
"101899","0.1274014264345169","0.1274014264345169","0.1274014264345169","1018","1018","1018"
"101999","0.12989751994609833","0.12989751994609833","0.12989751994609833","1019","1019","1019"
"102099","0.13113851845264435","0.13113851845264435","0.13113851845264435","1020","1020","1020"
"102199","0.1335814893245697","0.1335814893245697","0.1335814893245697","1021","1021","1021"
"102299","0.13148941099643707","0.13148941099643707","0.13148941099643707","1022","1022","1022"
"102399","0.13537220656871796","0.13537220656871796","0.13537220656871796","1023","1023","1023"
"102499","0.13130183517932892","0.13130183517932892","0.13130183517932892","1024","1024","1024"
"102599","0.13065797090530396","0.13065797090530396","0.13065797090530396","1025","1025","1025"
"102699","0.13109198212623596","0.13109198212623596","0.13109198212623596","1026","1026","1026"
"102799","0.1288379728794098","0.1288379728794098","0.1288379728794098","1027","1027","1027"
"102899","0.1263042837381363","0.1263042837381363","0.1263042837381363","1028","1028","1028"
"102999","0.12224539369344711","0.12224539369344711","0.12224539369344711","1029","1029","1029"
"103099","0.137364000082016","0.137364000082016","0.137364000082016","1030","1030","1030"
"103199","0.12950775027275085","0.12950775027275085","0.12950775027275085","1031","1031","1031"
"103299","0.1365104615688324","0.1365104615688324","0.1365104615688324","1032","1032","1032"
"103399","0.13819245994091034","0.13819245994091034","0.13819245994091034","1033","1033","1033"
"103499","0.12846311926841736","0.12846311926841736","0.12846311926841736","1034","1034","1034"
"103599","0.13260473310947418","0.13260473310947418","0.13260473310947418","1035","1035","1035"
"103699","0.12613752484321594","0.12613752484321594","0.12613752484321594","1036","1036","1036"
"103799","0.1324644833803177","0.1324644833803177","0.1324644833803177","1037","1037","1037"
"103899","0.12991884350776672","0.12991884350776672","0.12991884350776672","1038","1038","1038"
"103999","0.1359388828277588","0.1359388828277588","0.1359388828277588","1039","1039","1039"
"104099","0.1335841417312622","0.1335841417312622","0.1335841417312622","1040","1040","1040"
"104199","0.1266729086637497","0.1266729086637497","0.1266729086637497","1041","1041","1041"
"104299","0.1355760395526886","0.1355760395526886","0.1355760395526886","1042","1042","1042"
"104399","0.13015498220920563","0.13015498220920563","0.13015498220920563","1043","1043","1043"
"104499","0.12563684582710266","0.12563684582710266","0.12563684582710266","1044","1044","1044"
"104599","0.13434679806232452","0.13434679806232452","0.13434679806232452","1045","1045","1045"
"104699","0.12850460410118103","0.12850460410118103","0.12850460410118103","1046","1046","1046"
"104799","0.13496486842632294","0.13496486842632294","0.13496486842632294","1047","1047","1047"
"104899","0.13003435730934143","0.13003435730934143","0.13003435730934143","1048","1048","1048"
"104999","0.1266738921403885","0.1266738921403885","0.1266738921403885","1049","1049","1049"
"105099","0.1298736333847046","0.1298736333847046","0.1298736333847046","1050","1050","1050"
"105199","0.1344127058982849","0.1344127058982849","0.1344127058982849","1051","1051","1051"
"105299","0.1272844672203064","0.1272844672203064","0.1272844672203064","1052","1052","1052"
"105399","0.13592705130577087","0.13592705130577087","0.13592705130577087","1053","1053","1053"
"105499","0.13102763891220093","0.13102763891220093","0.13102763891220093","1054","1054","1054"
"105599","0.13346077501773834","0.13346077501773834","0.13346077501773834","1055","1055","1055"
"105699","0.12839913368225098","0.12839913368225098","0.12839913368225098","1056","1056","1056"
"105799","0.12461299449205399","0.12461299449205399","0.12461299449205399","1057","1057","1057"
"105899","0.12337629497051239","0.12337629497051239","0.12337629497051239","1058","1058","1058"
"105999","0.14359529316425323","0.14359529316425323","0.14359529316425323","1059","1059","1059"
"106099","0.1280745565891266","0.1280745565891266","0.1280745565891266","1060","1060","1060"
"106199","0.12763789296150208","0.12763789296150208","0.12763789296150208","1061","1061","1061"
"106299","0.13264353573322296","0.13264353573322296","0.13264353573322296","1062","1062","1062"
"106399","0.12633736431598663","0.12633736431598663","0.12633736431598663","1063","1063","1063"
"106499","0.1370970755815506","0.1370970755815506","0.1370970755815506","1064","1064","1064"
"106599","0.12463362514972687","0.12463362514972687","0.12463362514972687","1065","1065","1065"
"106699","0.13466818630695343","0.13466818630695343","0.13466818630695343","1066","1066","1066"
"106799","0.12837940454483032","0.12837940454483032","0.12837940454483032","1067","1067","1067"
"106899","0.12710843980312347","0.12710843980312347","0.12710843980312347","1068","1068","1068"
"106999","0.13039728999137878","0.13039728999137878","0.13039728999137878","1069","1069","1069"
"107099","0.1338530033826828","0.1338530033826828","0.1338530033826828","1070","1070","1070"
"107199","0.1341649293899536","0.1341649293899536","0.1341649293899536","1071","1071","1071"
"107299","0.134066641330719","0.134066641330719","0.134066641330719","1072","1072","1072"
"107399","0.12994535267353058","0.12994535267353058","0.12994535267353058","1073","1073","1073"
"107499","0.12959732115268707","0.12959732115268707","0.12959732115268707","1074","1074","1074"
"107599","0.13157440721988678","0.13157440721988678","0.13157440721988678","1075","1075","1075"
"107699","0.12994326651096344","0.12994326651096344","0.12994326651096344","1076","1076","1076"
"107799","0.12631884217262268","0.12631884217262268","0.12631884217262268","1077","1077","1077"
"107899","0.13428156077861786","0.13428156077861786","0.13428156077861786","1078","1078","1078"
"107999","0.1312209665775299","0.1312209665775299","0.1312209665775299","1079","1079","1079"
"108099","0.13042475283145905","0.13042475283145905","0.13042475283145905","1080","1080","1080"
"108199","0.1330033391714096","0.1330033391714096","0.1330033391714096","1081","1081","1081"
"108299","0.1267969161272049","0.1267969161272049","0.1267969161272049","1082","1082","1082"
"108399","0.13072873651981354","0.13072873651981354","0.13072873651981354","1083","1083","1083"
"108499","0.1293320655822754","0.1293320655822754","0.1293320655822754","1084","1084","1084"
"108599","0.13020102679729462","0.13020102679729462","0.13020102679729462","1085","1085","1085"
"108699","0.12654685974121094","0.12654685974121094","0.12654685974121094","1086","1086","1086"
"108799","0.1339789181947708","0.1339789181947708","0.1339789181947708","1087","1087","1087"
"108899","0.13069303333759308","0.13069303333759308","0.13069303333759308","1088","1088","1088"
"108999","0.1301201730966568","0.1301201730966568","0.1301201730966568","1089","1089","1089"
"109099","0.13067559897899628","0.13067559897899628","0.13067559897899628","1090","1090","1090"
"109199","0.1353248655796051","0.1353248655796051","0.1353248655796051","1091","1091","1091"
"109299","0.1332116276025772","0.1332116276025772","0.1332116276025772","1092","1092","1092"
"109399","0.13066844642162323","0.13066844642162323","0.13066844642162323","1093","1093","1093"
"109499","0.13276433944702148","0.13276433944702148","0.13276433944702148","1094","1094","1094"
"109599","0.13639074563980103","0.13639074563980103","0.13639074563980103","1095","1095","1095"
"109699","0.12897314131259918","0.12897314131259918","0.12897314131259918","1096","1096","1096"
"109799","0.12714266777038574","0.12714266777038574","0.12714266777038574","1097","1097","1097"
"109899","0.12338787317276001","0.12338787317276001","0.12338787317276001","1098","1098","1098"
"109999","0.135250061750412","0.135250061750412","0.135250061750412","1099","1099","1099"
"110099","0.12310273945331573","0.12310273945331573","0.12310273945331573","1100","1100","1100"
"110199","0.12686611711978912","0.12686611711978912","0.12686611711978912","1101","1101","1101"
"110299","0.13134416937828064","0.13134416937828064","0.13134416937828064","1102","1102","1102"
"110399","0.13167084753513336","0.13167084753513336","0.13167084753513336","1103","1103","1103"
"110499","0.12762954831123352","0.12762954831123352","0.12762954831123352","1104","1104","1104"
"110599","0.13475488126277924","0.13475488126277924","0.13475488126277924","1105","1105","1105"
"110699","0.13731533288955688","0.13731533288955688","0.13731533288955688","1106","1106","1106"
"110799","0.13203731179237366","0.13203731179237366","0.13203731179237366","1107","1107","1107"
"110899","0.12764422595500946","0.12764422595500946","0.12764422595500946","1108","1108","1108"
"110999","0.1318526417016983","0.1318526417016983","0.1318526417016983","1109","1109","1109"
"111099","0.12695665657520294","0.12695665657520294","0.12695665657520294","1110","1110","1110"
"111199","0.12340244650840759","0.12340244650840759","0.12340244650840759","1111","1111","1111"
"111299","0.13321761786937714","0.13321761786937714","0.13321761786937714","1112","1112","1112"
"111399","0.12955665588378906","0.12955665588378906","0.12955665588378906","1113","1113","1113"
"111499","0.13630278408527374","0.13630278408527374","0.13630278408527374","1114","1114","1114"
"111599","0.12982377409934998","0.12982377409934998","0.12982377409934998","1115","1115","1115"
"111699","0.13026192784309387","0.13026192784309387","0.13026192784309387","1116","1116","1116"
"111799","0.13375942409038544","0.13375942409038544","0.13375942409038544","1117","1117","1117"
"111899","0.12993963062763214","0.12993963062763214","0.12993963062763214","1118","1118","1118"
"111999","0.12699782848358154","0.12699782848358154","0.12699782848358154","1119","1119","1119"
"112099","0.1378088891506195","0.1378088891506195","0.1378088891506195","1120","1120","1120"
"112199","0.1247563362121582","0.1247563362121582","0.1247563362121582","1121","1121","1121"
"112299","0.13289563357830048","0.13289563357830048","0.13289563357830048","1122","1122","1122"
"112399","0.12822045385837555","0.12822045385837555","0.12822045385837555","1123","1123","1123"
"112499","0.13216978311538696","0.13216978311538696","0.13216978311538696","1124","1124","1124"
"112599","0.1306552141904831","0.1306552141904831","0.1306552141904831","1125","1125","1125"
"112699","0.13636234402656555","0.13636234402656555","0.13636234402656555","1126","1126","1126"
"112799","0.12499141693115234","0.12499141693115234","0.12499141693115234","1127","1127","1127"
"112899","0.12615348398685455","0.12615348398685455","0.12615348398685455","1128","1128","1128"
"112999","0.12693357467651367","0.12693357467651367","0.12693357467651367","1129","1129","1129"
"113099","0.131131112575531","0.131131112575531","0.131131112575531","1130","1130","1130"
"113199","0.12972621619701385","0.12972621619701385","0.12972621619701385","1131","1131","1131"
"113299","0.13369202613830566","0.13369202613830566","0.13369202613830566","1132","1132","1132"
"113399","0.13459616899490356","0.13459616899490356","0.13459616899490356","1133","1133","1133"
"113499","0.12414290755987167","0.12414290755987167","0.12414290755987167","1134","1134","1134"
"113599","0.12825001776218414","0.12825001776218414","0.12825001776218414","1135","1135","1135"
"113699","0.12522560358047485","0.12522560358047485","0.12522560358047485","1136","1136","1136"
"113799","0.13442178070545197","0.13442178070545197","0.13442178070545197","1137","1137","1137"
"113899","0.13285984098911285","0.13285984098911285","0.13285984098911285","1138","1138","1138"
"113999","0.13929544389247894","0.13929544389247894","0.13929544389247894","1139","1139","1139"
"114099","0.12877033650875092","0.12877033650875092","0.12877033650875092","1140","1140","1140"
"114199","0.12827931344509125","0.12827931344509125","0.12827931344509125","1141","1141","1141"
"114299","0.12922555208206177","0.12922555208206177","0.12922555208206177","1142","1142","1142"
"114399","0.1236444041132927","0.1236444041132927","0.1236444041132927","1143","1143","1143"
"114499","0.13395249843597412","0.13395249843597412","0.13395249843597412","1144","1144","1144"
"114599","0.1269570291042328","0.1269570291042328","0.1269570291042328","1145","1145","1145"
"114699","0.13480477035045624","0.13480477035045624","0.13480477035045624","1146","1146","1146"
"114799","0.12634266912937164","0.12634266912937164","0.12634266912937164","1147","1147","1147"
"114899","0.12778715789318085","0.12778715789318085","0.12778715789318085","1148","1148","1148"
"114999","0.12679630517959595","0.12679630517959595","0.12679630517959595","1149","1149","1149"
"115099","0.13012142479419708","0.13012142479419708","0.13012142479419708","1150","1150","1150"
"115199","0.13497981429100037","0.13497981429100037","0.13497981429100037","1151","1151","1151"
"115299","0.13632899522781372","0.13632899522781372","0.13632899522781372","1152","1152","1152"
"115399","0.13480572402477264","0.13480572402477264","0.13480572402477264","1153","1153","1153"
"115499","0.1315697878599167","0.1315697878599167","0.1315697878599167","1154","1154","1154"
"115599","0.13133563101291656","0.13133563101291656","0.13133563101291656","1155","1155","1155"
"115699","0.12923206388950348","0.12923206388950348","0.12923206388950348","1156","1156","1156"
"115799","0.1280042827129364","0.1280042827129364","0.1280042827129364","1157","1157","1157"
"115899","0.12485870718955994","0.12485870718955994","0.12485870718955994","1158","1158","1158"
"115999","0.12677638232707977","0.12677638232707977","0.12677638232707977","1159","1159","1159"
"116099","0.13170312345027924","0.13170312345027924","0.13170312345027924","1160","1160","1160"
"116199","0.1321181058883667","0.1321181058883667","0.1321181058883667","1161","1161","1161"
"116299","0.1302068531513214","0.1302068531513214","0.1302068531513214","1162","1162","1162"
"116399","0.1324557363986969","0.1324557363986969","0.1324557363986969","1163","1163","1163"
"116499","0.13009770214557648","0.13009770214557648","0.13009770214557648","1164","1164","1164"
"116599","0.1352543979883194","0.1352543979883194","0.1352543979883194","1165","1165","1165"
"116699","0.13009339570999146","0.13009339570999146","0.13009339570999146","1166","1166","1166"
"116799","0.12809264659881592","0.12809264659881592","0.12809264659881592","1167","1167","1167"
"116899","0.12894746661186218","0.12894746661186218","0.12894746661186218","1168","1168","1168"
"116999","0.12492789328098297","0.12492789328098297","0.12492789328098297","1169","1169","1169"
"117099","0.13611462712287903","0.13611462712287903","0.13611462712287903","1170","1170","1170"
"117199","0.1366948038339615","0.1366948038339615","0.1366948038339615","1171","1171","1171"
"117299","0.13376246392726898","0.13376246392726898","0.13376246392726898","1172","1172","1172"
"117399","0.13522888720035553","0.13522888720035553","0.13522888720035553","1173","1173","1173"
"117499","0.12776988744735718","0.12776988744735718","0.12776988744735718","1174","1174","1174"
"117599","0.13158918917179108","0.13158918917179108","0.13158918917179108","1175","1175","1175"
"117699","0.12923823297023773","0.12923823297023773","0.12923823297023773","1176","1176","1176"
"117799","0.1274559646844864","0.1274559646844864","0.1274559646844864","1177","1177","1177"
"117899","0.1282968521118164","0.1282968521118164","0.1282968521118164","1178","1178","1178"
"117999","0.12881001830101013","0.12881001830101013","0.12881001830101013","1179","1179","1179"
"118099","0.12390737980604172","0.12390737980604172","0.12390737980604172","1180","1180","1180"
"118199","0.12985435128211975","0.12985435128211975","0.12985435128211975","1181","1181","1181"
"118299","0.13557939231395721","0.13557939231395721","0.13557939231395721","1182","1182","1182"
"118399","0.12883222103118896","0.12883222103118896","0.12883222103118896","1183","1183","1183"
"118499","0.12898659706115723","0.12898659706115723","0.12898659706115723","1184","1184","1184"
"118599","0.13222047686576843","0.13222047686576843","0.13222047686576843","1185","1185","1185"
"118699","0.12722687423229218","0.12722687423229218","0.12722687423229218","1186","1186","1186"
"118799","0.12578360736370087","0.12578360736370087","0.12578360736370087","1187","1187","1187"
"118899","0.13030920922756195","0.13030920922756195","0.13030920922756195","1188","1188","1188"
"118999","0.1351889669895172","0.1351889669895172","0.1351889669895172","1189","1189","1189"
"119099","0.12830926477909088","0.12830926477909088","0.12830926477909088","1190","1190","1190"
"119199","0.131935253739357","0.131935253739357","0.131935253739357","1191","1191","1191"
"119299","0.12800125777721405","0.12800125777721405","0.12800125777721405","1192","1192","1192"
"119399","0.13032802939414978","0.13032802939414978","0.13032802939414978","1193","1193","1193"
"119499","0.1304851472377777","0.1304851472377777","0.1304851472377777","1194","1194","1194"
"119599","0.1315699815750122","0.1315699815750122","0.1315699815750122","1195","1195","1195"
"119699","0.12031173706054688","0.12031173706054688","0.12031173706054688","1196","1196","1196"
"119799","0.13182640075683594","0.13182640075683594","0.13182640075683594","1197","1197","1197"
"119899","0.12545667588710785","0.12545667588710785","0.12545667588710785","1198","1198","1198"
"119999","0.13192394375801086","0.13192394375801086","0.13192394375801086","1199","1199","1199"
"120099","0.1299397498369217","0.1299397498369217","0.1299397498369217","1200","1200","1200"
"120199","0.13559597730636597","0.13559597730636597","0.13559597730636597","1201","1201","1201"
"120299","0.12707369029521942","0.12707369029521942","0.12707369029521942","1202","1202","1202"
"120399","0.13482540845870972","0.13482540845870972","0.13482540845870972","1203","1203","1203"
"120499","0.12643462419509888","0.12643462419509888","0.12643462419509888","1204","1204","1204"
"120599","0.12904271483421326","0.12904271483421326","0.12904271483421326","1205","1205","1205"
"120699","0.12489841133356094","0.12489841133356094","0.12489841133356094","1206","1206","1206"
"120799","0.13465616106987","0.13465616106987","0.13465616106987","1207","1207","1207"
"120899","0.1261986941099167","0.1261986941099167","0.1261986941099167","1208","1208","1208"
"120999","0.13113544881343842","0.13113544881343842","0.13113544881343842","1209","1209","1209"
"121099","0.12320572137832642","0.12320572137832642","0.12320572137832642","1210","1210","1210"
"121199","0.129147008061409","0.129147008061409","0.129147008061409","1211","1211","1211"
"121299","0.13579638302326202","0.13579638302326202","0.13579638302326202","1212","1212","1212"
"121399","0.1219344213604927","0.1219344213604927","0.1219344213604927","1213","1213","1213"
"121499","0.12908612191677094","0.12908612191677094","0.12908612191677094","1214","1214","1214"
"121599","0.1283130794763565","0.1283130794763565","0.1283130794763565","1215","1215","1215"
"121699","0.13769124448299408","0.13769124448299408","0.13769124448299408","1216","1216","1216"
"121799","0.12697629630565643","0.12697629630565643","0.12697629630565643","1217","1217","1217"
"121899","0.12643001973628998","0.12643001973628998","0.12643001973628998","1218","1218","1218"
"121999","0.12969885766506195","0.12969885766506195","0.12969885766506195","1219","1219","1219"
"122099","0.12712034583091736","0.12712034583091736","0.12712034583091736","1220","1220","1220"
"122199","0.136829674243927","0.136829674243927","0.136829674243927","1221","1221","1221"
"122299","0.12781506776809692","0.12781506776809692","0.12781506776809692","1222","1222","1222"
"122399","0.12952901422977448","0.12952901422977448","0.12952901422977448","1223","1223","1223"
"122499","0.12775343656539917","0.12775343656539917","0.12775343656539917","1224","1224","1224"
"122599","0.13629645109176636","0.13629645109176636","0.13629645109176636","1225","1225","1225"
"122699","0.13236558437347412","0.13236558437347412","0.13236558437347412","1226","1226","1226"
"122799","0.1280372589826584","0.1280372589826584","0.1280372589826584","1227","1227","1227"
"122899","0.13244321942329407","0.13244321942329407","0.13244321942329407","1228","1228","1228"
"122999","0.13438569009304047","0.13438569009304047","0.13438569009304047","1229","1229","1229"
"123099","0.13194039463996887","0.13194039463996887","0.13194039463996887","1230","1230","1230"
"123199","0.1323537826538086","0.1323537826538086","0.1323537826538086","1231","1231","1231"
"123299","0.1206166222691536","0.1206166222691536","0.1206166222691536","1232","1232","1232"
"123399","0.1298368126153946","0.1298368126153946","0.1298368126153946","1233","1233","1233"
"123499","0.13301053643226624","0.13301053643226624","0.13301053643226624","1234","1234","1234"
"123599","0.13545820116996765","0.13545820116996765","0.13545820116996765","1235","1235","1235"
"123699","0.12901417911052704","0.12901417911052704","0.12901417911052704","1236","1236","1236"
"123799","0.13629357516765594","0.13629357516765594","0.13629357516765594","1237","1237","1237"
"123899","0.13231195509433746","0.13231195509433746","0.13231195509433746","1238","1238","1238"
"123999","0.13004890084266663","0.13004890084266663","0.13004890084266663","1239","1239","1239"
"124099","0.126167893409729","0.126167893409729","0.126167893409729","1240","1240","1240"
"124199","0.1253172904253006","0.1253172904253006","0.1253172904253006","1241","1241","1241"
"124299","0.13328450918197632","0.13328450918197632","0.13328450918197632","1242","1242","1242"
"124399","0.12447458505630493","0.12447458505630493","0.12447458505630493","1243","1243","1243"
"124499","0.13932885229587555","0.13932885229587555","0.13932885229587555","1244","1244","1244"
"124599","0.12806832790374756","0.12806832790374756","0.12806832790374756","1245","1245","1245"
"124699","0.12668456137180328","0.12668456137180328","0.12668456137180328","1246","1246","1246"
"124799","0.13057774305343628","0.13057774305343628","0.13057774305343628","1247","1247","1247"
"124899","0.13011270761489868","0.13011270761489868","0.13011270761489868","1248","1248","1248"
"124999","0.1270817220211029","0.1270817220211029","0.1270817220211029","1249","1249","1249"
"125099","0.1291784644126892","0.1291784644126892","0.1291784644126892","1250","1250","1250"
"125199","0.1311485469341278","0.1311485469341278","0.1311485469341278","1251","1251","1251"
"125299","0.1338224709033966","0.1338224709033966","0.1338224709033966","1252","1252","1252"
"125399","0.12687598168849945","0.12687598168849945","0.12687598168849945","1253","1253","1253"
"125499","0.1294674575328827","0.1294674575328827","0.1294674575328827","1254","1254","1254"
"125599","0.13070355355739594","0.13070355355739594","0.13070355355739594","1255","1255","1255"
"125699","0.12877093255519867","0.12877093255519867","0.12877093255519867","1256","1256","1256"
"125799","0.12313433736562729","0.12313433736562729","0.12313433736562729","1257","1257","1257"
"125899","0.12810543179512024","0.12810543179512024","0.12810543179512024","1258","1258","1258"
"125999","0.1332075297832489","0.1332075297832489","0.1332075297832489","1259","1259","1259"
"126099","0.12911562621593475","0.12911562621593475","0.12911562621593475","1260","1260","1260"
"126199","0.12675918638706207","0.12675918638706207","0.12675918638706207","1261","1261","1261"
"126299","0.1318112015724182","0.1318112015724182","0.1318112015724182","1262","1262","1262"
"126399","0.12856051325798035","0.12856051325798035","0.12856051325798035","1263","1263","1263"
"126499","0.1323218196630478","0.1323218196630478","0.1323218196630478","1264","1264","1264"
"126599","0.12455533444881439","0.12455533444881439","0.12455533444881439","1265","1265","1265"
"126699","0.13178354501724243","0.13178354501724243","0.13178354501724243","1266","1266","1266"
"126799","0.1318819373846054","0.1318819373846054","0.1318819373846054","1267","1267","1267"
"126899","0.13034680485725403","0.13034680485725403","0.13034680485725403","1268","1268","1268"
"126999","0.12788885831832886","0.12788885831832886","0.12788885831832886","1269","1269","1269"
"127099","0.1330646574497223","0.1330646574497223","0.1330646574497223","1270","1270","1270"
"127199","0.1363372802734375","0.1363372802734375","0.1363372802734375","1271","1271","1271"
"127299","0.13127067685127258","0.13127067685127258","0.13127067685127258","1272","1272","1272"
"127399","0.12363404780626297","0.12363404780626297","0.12363404780626297","1273","1273","1273"
"127499","0.13689479231834412","0.13689479231834412","0.13689479231834412","1274","1274","1274"
"127599","0.1298964023590088","0.1298964023590088","0.1298964023590088","1275","1275","1275"
"127699","0.13231642544269562","0.13231642544269562","0.13231642544269562","1276","1276","1276"
"127799","0.12910419702529907","0.12910419702529907","0.12910419702529907","1277","1277","1277"
"127899","0.12936483323574066","0.12936483323574066","0.12936483323574066","1278","1278","1278"
"127999","0.1317049264907837","0.1317049264907837","0.1317049264907837","1279","1279","1279"
"128099","0.12810738384723663","0.12810738384723663","0.12810738384723663","1280","1280","1280"
"128199","0.13623832166194916","0.13623832166194916","0.13623832166194916","1281","1281","1281"
"128299","0.1366042196750641","0.1366042196750641","0.1366042196750641","1282","1282","1282"
"128399","0.1337745487689972","0.1337745487689972","0.1337745487689972","1283","1283","1283"
"128499","0.1309722363948822","0.1309722363948822","0.1309722363948822","1284","1284","1284"
"128599","0.1292877495288849","0.1292877495288849","0.1292877495288849","1285","1285","1285"
"128699","0.13034309446811676","0.13034309446811676","0.13034309446811676","1286","1286","1286"
"128799","0.12650397419929504","0.12650397419929504","0.12650397419929504","1287","1287","1287"
"128899","0.12361860275268555","0.12361860275268555","0.12361860275268555","1288","1288","1288"
"128999","0.1322597861289978","0.1322597861289978","0.1322597861289978","1289","1289","1289"
"129099","0.13615897297859192","0.13615897297859192","0.13615897297859192","1290","1290","1290"
"129199","0.13188908994197845","0.13188908994197845","0.13188908994197845","1291","1291","1291"
"129299","0.13033129274845123","0.13033129274845123","0.13033129274845123","1292","1292","1292"
"129399","0.135236918926239","0.135236918926239","0.135236918926239","1293","1293","1293"
"129499","0.1335865557193756","0.1335865557193756","0.1335865557193756","1294","1294","1294"
"129599","0.1320347934961319","0.1320347934961319","0.1320347934961319","1295","1295","1295"
"129699","0.13138706982135773","0.13138706982135773","0.13138706982135773","1296","1296","1296"
"129799","0.12847788631916046","0.12847788631916046","0.12847788631916046","1297","1297","1297"
"129899","0.1302686333656311","0.1302686333656311","0.1302686333656311","1298","1298","1298"
"129999","0.13232183456420898","0.13232183456420898","0.13232183456420898","1299","1299","1299"
"130099","0.12479466199874878","0.12479466199874878","0.12479466199874878","1300","1300","1300"
"130199","0.12621106207370758","0.12621106207370758","0.12621106207370758","1301","1301","1301"
"130299","0.12595216929912567","0.12595216929912567","0.12595216929912567","1302","1302","1302"
"130399","0.12392868846654892","0.12392868846654892","0.12392868846654892","1303","1303","1303"
"130499","0.12514643371105194","0.12514643371105194","0.12514643371105194","1304","1304","1304"
"130599","0.12283888459205627","0.12283888459205627","0.12283888459205627","1305","1305","1305"
"130699","0.12667857110500336","0.12667857110500336","0.12667857110500336","1306","1306","1306"
"130799","0.12613144516944885","0.12613144516944885","0.12613144516944885","1307","1307","1307"
"130899","0.13206012547016144","0.13206012547016144","0.13206012547016144","1308","1308","1308"
"130999","0.13455484807491302","0.13455484807491302","0.13455484807491302","1309","1309","1309"
"131099","0.13166458904743195","0.13166458904743195","0.13166458904743195","1310","1310","1310"
"131199","0.1290462613105774","0.1290462613105774","0.1290462613105774","1311","1311","1311"
"131299","0.13063238561153412","0.13063238561153412","0.13063238561153412","1312","1312","1312"
"131399","0.1278408169746399","0.1278408169746399","0.1278408169746399","1313","1313","1313"
"131499","0.13452990353107452","0.13452990353107452","0.13452990353107452","1314","1314","1314"
"131599","0.1350577026605606","0.1350577026605606","0.1350577026605606","1315","1315","1315"
"131699","0.1259329915046692","0.1259329915046692","0.1259329915046692","1316","1316","1316"
"131799","0.13024355471134186","0.13024355471134186","0.13024355471134186","1317","1317","1317"
"131899","0.12590615451335907","0.12590615451335907","0.12590615451335907","1318","1318","1318"
"131999","0.12967082858085632","0.12967082858085632","0.12967082858085632","1319","1319","1319"
"132099","0.12397520244121552","0.12397520244121552","0.12397520244121552","1320","1320","1320"
"132199","0.1334116905927658","0.1334116905927658","0.1334116905927658","1321","1321","1321"
"132299","0.12779439985752106","0.12779439985752106","0.12779439985752106","1322","1322","1322"
"132399","0.13539502024650574","0.13539502024650574","0.13539502024650574","1323","1323","1323"
"132499","0.12655963003635406","0.12655963003635406","0.12655963003635406","1324","1324","1324"
"132599","0.1309206485748291","0.1309206485748291","0.1309206485748291","1325","1325","1325"
"132699","0.1318146288394928","0.1318146288394928","0.1318146288394928","1326","1326","1326"
"132799","0.13328608870506287","0.13328608870506287","0.13328608870506287","1327","1327","1327"
"132899","0.12947045266628265","0.12947045266628265","0.12947045266628265","1328","1328","1328"
"132999","0.1301417052745819","0.1301417052745819","0.1301417052745819","1329","1329","1329"
"133099","0.1277952641248703","0.1277952641248703","0.1277952641248703","1330","1330","1330"
"133199","0.12871353328227997","0.12871353328227997","0.12871353328227997","1331","1331","1331"
"133299","0.12882070243358612","0.12882070243358612","0.12882070243358612","1332","1332","1332"
"133399","0.13148652017116547","0.13148652017116547","0.13148652017116547","1333","1333","1333"
"133499","0.12458021938800812","0.12458021938800812","0.12458021938800812","1334","1334","1334"
"133599","0.12523877620697021","0.12523877620697021","0.12523877620697021","1335","1335","1335"
"133699","0.12775962054729462","0.12775962054729462","0.12775962054729462","1336","1336","1336"
"133799","0.12839096784591675","0.12839096784591675","0.12839096784591675","1337","1337","1337"
"133899","0.1339731365442276","0.1339731365442276","0.1339731365442276","1338","1338","1338"
"133999","0.13422788679599762","0.13422788679599762","0.13422788679599762","1339","1339","1339"
"134099","0.13546104729175568","0.13546104729175568","0.13546104729175568","1340","1340","1340"
"134199","0.12540645897388458","0.12540645897388458","0.12540645897388458","1341","1341","1341"
"134299","0.12524127960205078","0.12524127960205078","0.12524127960205078","1342","1342","1342"
"134399","0.12695325911045074","0.12695325911045074","0.12695325911045074","1343","1343","1343"
"134499","0.1329060196876526","0.1329060196876526","0.1329060196876526","1344","1344","1344"
"134599","0.12803521752357483","0.12803521752357483","0.12803521752357483","1345","1345","1345"
"134699","0.12495312839746475","0.12495312839746475","0.12495312839746475","1346","1346","1346"
"134799","0.12739978730678558","0.12739978730678558","0.12739978730678558","1347","1347","1347"
"134899","0.12263636291027069","0.12263636291027069","0.12263636291027069","1348","1348","1348"
"134999","0.1379023641347885","0.1379023641347885","0.1379023641347885","1349","1349","1349"
"135099","0.12993209064006805","0.12993209064006805","0.12993209064006805","1350","1350","1350"
"135199","0.13090649247169495","0.13090649247169495","0.13090649247169495","1351","1351","1351"
"135299","0.13112501800060272","0.13112501800060272","0.13112501800060272","1352","1352","1352"
"135399","0.1324673593044281","0.1324673593044281","0.1324673593044281","1353","1353","1353"
"135499","0.13278527557849884","0.13278527557849884","0.13278527557849884","1354","1354","1354"
"135599","0.12633182108402252","0.12633182108402252","0.12633182108402252","1355","1355","1355"
"135699","0.13668543100357056","0.13668543100357056","0.13668543100357056","1356","1356","1356"
"135799","0.12808480858802795","0.12808480858802795","0.12808480858802795","1357","1357","1357"
"135899","0.1322157382965088","0.1322157382965088","0.1322157382965088","1358","1358","1358"
"135999","0.13228797912597656","0.13228797912597656","0.13228797912597656","1359","1359","1359"
"136099","0.12929858267307281","0.12929858267307281","0.12929858267307281","1360","1360","1360"
"136199","0.12889103591442108","0.12889103591442108","0.12889103591442108","1361","1361","1361"
"136299","0.13207504153251648","0.13207504153251648","0.13207504153251648","1362","1362","1362"
"136399","0.13428618013858795","0.13428618013858795","0.13428618013858795","1363","1363","1363"
"136499","0.12816983461380005","0.12816983461380005","0.12816983461380005","1364","1364","1364"
"136599","0.1250312775373459","0.1250312775373459","0.1250312775373459","1365","1365","1365"
"136699","0.13002054393291473","0.13002054393291473","0.13002054393291473","1366","1366","1366"
"136799","0.13224177062511444","0.13224177062511444","0.13224177062511444","1367","1367","1367"
"136899","0.12877157330513","0.12877157330513","0.12877157330513","1368","1368","1368"
"136999","0.12927934527397156","0.12927934527397156","0.12927934527397156","1369","1369","1369"
"137099","0.13322412967681885","0.13322412967681885","0.13322412967681885","1370","1370","1370"
"137199","0.13079725205898285","0.13079725205898285","0.13079725205898285","1371","1371","1371"
"137299","0.124016672372818","0.124016672372818","0.124016672372818","1372","1372","1372"
"137399","0.12702223658561707","0.12702223658561707","0.12702223658561707","1373","1373","1373"
"137499","0.1281488984823227","0.1281488984823227","0.1281488984823227","1374","1374","1374"
"137599","0.1309591382741928","0.1309591382741928","0.1309591382741928","1375","1375","1375"
"137699","0.13488459587097168","0.13488459587097168","0.13488459587097168","1376","1376","1376"
"137799","0.12701384723186493","0.12701384723186493","0.12701384723186493","1377","1377","1377"
"137899","0.13185246288776398","0.13185246288776398","0.13185246288776398","1378","1378","1378"
"137999","0.13097091019153595","0.13097091019153595","0.13097091019153595","1379","1379","1379"
"138099","0.1336296647787094","0.1336296647787094","0.1336296647787094","1380","1380","1380"
"138199","0.13060766458511353","0.13060766458511353","0.13060766458511353","1381","1381","1381"
"138299","0.128743976354599","0.128743976354599","0.128743976354599","1382","1382","1382"
"138399","0.12911741435527802","0.12911741435527802","0.12911741435527802","1383","1383","1383"
"138499","0.12854985892772675","0.12854985892772675","0.12854985892772675","1384","1384","1384"
"138599","0.13054966926574707","0.13054966926574707","0.13054966926574707","1385","1385","1385"
"138699","0.12645116448402405","0.12645116448402405","0.12645116448402405","1386","1386","1386"
"138799","0.12777604162693024","0.12777604162693024","0.12777604162693024","1387","1387","1387"
"138899","0.13556380569934845","0.13556380569934845","0.13556380569934845","1388","1388","1388"
"138999","0.12960819900035858","0.12960819900035858","0.12960819900035858","1389","1389","1389"
"139099","0.13606570661067963","0.13606570661067963","0.13606570661067963","1390","1390","1390"
"139199","0.12692581117153168","0.12692581117153168","0.12692581117153168","1391","1391","1391"
"139299","0.12228239327669144","0.12228239327669144","0.12228239327669144","1392","1392","1392"
"139399","0.12355951964855194","0.12355951964855194","0.12355951964855194","1393","1393","1393"
"139499","0.123330257833004","0.123330257833004","0.123330257833004","1394","1394","1394"
"139599","0.12681150436401367","0.12681150436401367","0.12681150436401367","1395","1395","1395"
"139699","0.1309175342321396","0.1309175342321396","0.1309175342321396","1396","1396","1396"
"139799","0.13474315404891968","0.13474315404891968","0.13474315404891968","1397","1397","1397"
"139899","0.13204869627952576","0.13204869627952576","0.13204869627952576","1398","1398","1398"
"139999","0.12920016050338745","0.12920016050338745","0.12920016050338745","1399","1399","1399"
"140099","0.12624460458755493","0.12624460458755493","0.12624460458755493","1400","1400","1400"
"140199","0.1345416158437729","0.1345416158437729","0.1345416158437729","1401","1401","1401"
"140299","0.12451286613941193","0.12451286613941193","0.12451286613941193","1402","1402","1402"
"140399","0.13032056391239166","0.13032056391239166","0.13032056391239166","1403","1403","1403"
"140499","0.12880130112171173","0.12880130112171173","0.12880130112171173","1404","1404","1404"
"140599","0.12960796058177948","0.12960796058177948","0.12960796058177948","1405","1405","1405"
"140699","0.12730872631072998","0.12730872631072998","0.12730872631072998","1406","1406","1406"
"140799","0.13516902923583984","0.13516902923583984","0.13516902923583984","1407","1407","1407"
"140899","0.12327097356319427","0.12327097356319427","0.12327097356319427","1408","1408","1408"
"140999","0.1323736011981964","0.1323736011981964","0.1323736011981964","1409","1409","1409"
"141099","0.1252572387456894","0.1252572387456894","0.1252572387456894","1410","1410","1410"
"141199","0.12436271458864212","0.12436271458864212","0.12436271458864212","1411","1411","1411"
"141299","0.13131533563137054","0.13131533563137054","0.13131533563137054","1412","1412","1412"
"141399","0.13122005760669708","0.13122005760669708","0.13122005760669708","1413","1413","1413"
"141499","0.1221393570303917","0.1221393570303917","0.1221393570303917","1414","1414","1414"
"141599","0.12887272238731384","0.12887272238731384","0.12887272238731384","1415","1415","1415"
"141699","0.12471194565296173","0.12471194565296173","0.12471194565296173","1416","1416","1416"
"141799","0.1291714608669281","0.1291714608669281","0.1291714608669281","1417","1417","1417"
"141899","0.12476374953985214","0.12476374953985214","0.12476374953985214","1418","1418","1418"
"141999","0.1322057843208313","0.1322057843208313","0.1322057843208313","1419","1419","1419"
"142099","0.12640227377414703","0.12640227377414703","0.12640227377414703","1420","1420","1420"
"142199","0.129691481590271","0.129691481590271","0.129691481590271","1421","1421","1421"
"142299","0.1288692206144333","0.1288692206144333","0.1288692206144333","1422","1422","1422"
"142399","0.13190433382987976","0.13190433382987976","0.13190433382987976","1423","1423","1423"
"142499","0.12678292393684387","0.12678292393684387","0.12678292393684387","1424","1424","1424"
"142599","0.12940897047519684","0.12940897047519684","0.12940897047519684","1425","1425","1425"
"142699","0.1244996041059494","0.1244996041059494","0.1244996041059494","1426","1426","1426"
"142799","0.1351969689130783","0.1351969689130783","0.1351969689130783","1427","1427","1427"
"142899","0.1343788504600525","0.1343788504600525","0.1343788504600525","1428","1428","1428"
"142999","0.13209213316440582","0.13209213316440582","0.13209213316440582","1429","1429","1429"
"143099","0.13450436294078827","0.13450436294078827","0.13450436294078827","1430","1430","1430"
"143199","0.12406183034181595","0.12406183034181595","0.12406183034181595","1431","1431","1431"
"143299","0.12954190373420715","0.12954190373420715","0.12954190373420715","1432","1432","1432"
"143399","0.12614233791828156","0.12614233791828156","0.12614233791828156","1433","1433","1433"
"143499","0.12794311344623566","0.12794311344623566","0.12794311344623566","1434","1434","1434"
"143599","0.1312553584575653","0.1312553584575653","0.1312553584575653","1435","1435","1435"
"143699","0.12899884581565857","0.12899884581565857","0.12899884581565857","1436","1436","1436"
"143799","0.12769193947315216","0.12769193947315216","0.12769193947315216","1437","1437","1437"
"143899","0.12763099372386932","0.12763099372386932","0.12763099372386932","1438","1438","1438"
"143999","0.12565980851650238","0.12565980851650238","0.12565980851650238","1439","1439","1439"
"144099","0.12989650666713715","0.12989650666713715","0.12989650666713715","1440","1440","1440"
"144199","0.12930916249752045","0.12930916249752045","0.12930916249752045","1441","1441","1441"
"144299","0.13111968338489532","0.13111968338489532","0.13111968338489532","1442","1442","1442"
"144399","0.13120506703853607","0.13120506703853607","0.13120506703853607","1443","1443","1443"
"144499","0.1262298971414566","0.1262298971414566","0.1262298971414566","1444","1444","1444"
"144599","0.12063495069742203","0.12063495069742203","0.12063495069742203","1445","1445","1445"
"144699","0.12592960894107819","0.12592960894107819","0.12592960894107819","1446","1446","1446"
"144799","0.13057774305343628","0.13057774305343628","0.13057774305343628","1447","1447","1447"
"144899","0.13266777992248535","0.13266777992248535","0.13266777992248535","1448","1448","1448"
"144999","0.13170872628688812","0.13170872628688812","0.13170872628688812","1449","1449","1449"
"145099","0.13256581127643585","0.13256581127643585","0.13256581127643585","1450","1450","1450"
"145199","0.13069692254066467","0.13069692254066467","0.13069692254066467","1451","1451","1451"
"145299","0.12791037559509277","0.12791037559509277","0.12791037559509277","1452","1452","1452"
"145399","0.13184534013271332","0.13184534013271332","0.13184534013271332","1453","1453","1453"
"145499","0.1356724351644516","0.1356724351644516","0.1356724351644516","1454","1454","1454"
"145599","0.13019195199012756","0.13019195199012756","0.13019195199012756","1455","1455","1455"
"145699","0.12687130272388458","0.12687130272388458","0.12687130272388458","1456","1456","1456"
"145799","0.11800409108400345","0.11800409108400345","0.11800409108400345","1457","1457","1457"
"145899","0.12448713183403015","0.12448713183403015","0.12448713183403015","1458","1458","1458"
"145999","0.12612663209438324","0.12612663209438324","0.12612663209438324","1459","1459","1459"
"146099","0.13339999318122864","0.13339999318122864","0.13339999318122864","1460","1460","1460"
"146199","0.1292330026626587","0.1292330026626587","0.1292330026626587","1461","1461","1461"
"146299","0.1288381963968277","0.1288381963968277","0.1288381963968277","1462","1462","1462"
"146399","0.12841472029685974","0.12841472029685974","0.12841472029685974","1463","1463","1463"
"146499","0.13230136036872864","0.13230136036872864","0.13230136036872864","1464","1464","1464"
"146599","0.1262461096048355","0.1262461096048355","0.1262461096048355","1465","1465","1465"
"146699","0.12460537999868393","0.12460537999868393","0.12460537999868393","1466","1466","1466"
"146799","0.13079436123371124","0.13079436123371124","0.13079436123371124","1467","1467","1467"
"146899","0.12363564968109131","0.12363564968109131","0.12363564968109131","1468","1468","1468"
"146999","0.1348900943994522","0.1348900943994522","0.1348900943994522","1469","1469","1469"
"147099","0.1317150741815567","0.1317150741815567","0.1317150741815567","1470","1470","1470"
"147199","0.1264037787914276","0.1264037787914276","0.1264037787914276","1471","1471","1471"
"147299","0.13082869350910187","0.13082869350910187","0.13082869350910187","1472","1472","1472"
"147399","0.12807095050811768","0.12807095050811768","0.12807095050811768","1473","1473","1473"
"147499","0.1297198086977005","0.1297198086977005","0.1297198086977005","1474","1474","1474"
"147599","0.1235094666481018","0.1235094666481018","0.1235094666481018","1475","1475","1475"
"147699","0.12989622354507446","0.12989622354507446","0.12989622354507446","1476","1476","1476"
"147799","0.12636052072048187","0.12636052072048187","0.12636052072048187","1477","1477","1477"
"147899","0.1251448094844818","0.1251448094844818","0.1251448094844818","1478","1478","1478"
"147999","0.13151617348194122","0.13151617348194122","0.13151617348194122","1479","1479","1479"
"148099","0.12499099969863892","0.12499099969863892","0.12499099969863892","1480","1480","1480"
"148199","0.12857294082641602","0.12857294082641602","0.12857294082641602","1481","1481","1481"
"148299","0.12601979076862335","0.12601979076862335","0.12601979076862335","1482","1482","1482"
"148399","0.13384585082530975","0.13384585082530975","0.13384585082530975","1483","1483","1483"
"148499","0.12989185750484467","0.12989185750484467","0.12989185750484467","1484","1484","1484"
"148599","0.13210918009281158","0.13210918009281158","0.13210918009281158","1485","1485","1485"
"148699","0.1273186355829239","0.1273186355829239","0.1273186355829239","1486","1486","1486"
"148799","0.12747499346733093","0.12747499346733093","0.12747499346733093","1487","1487","1487"
"148899","0.13387617468833923","0.13387617468833923","0.13387617468833923","1488","1488","1488"
"148999","0.13066349923610687","0.13066349923610687","0.13066349923610687","1489","1489","1489"
"149099","0.12662002444267273","0.12662002444267273","0.12662002444267273","1490","1490","1490"
"149199","0.1300540566444397","0.1300540566444397","0.1300540566444397","1491","1491","1491"
"149299","0.12613284587860107","0.12613284587860107","0.12613284587860107","1492","1492","1492"
"149399","0.12854602932929993","0.12854602932929993","0.12854602932929993","1493","1493","1493"
"149499","0.12763862311840057","0.12763862311840057","0.12763862311840057","1494","1494","1494"
"149599","0.12797461450099945","0.12797461450099945","0.12797461450099945","1495","1495","1495"
"149699","0.12826615571975708","0.12826615571975708","0.12826615571975708","1496","1496","1496"
"149799","0.12606953084468842","0.12606953084468842","0.12606953084468842","1497","1497","1497"
"149899","0.12944871187210083","0.12944871187210083","0.12944871187210083","1498","1498","1498"
"149999","0.13547705113887787","0.13547705113887787","0.13547705113887787","1499","1499","1499"
"150099","0.13145653903484344","0.13145653903484344","0.13145653903484344","1500","1500","1500"
"150199","0.1239057257771492","0.1239057257771492","0.1239057257771492","1501","1501","1501"
"150299","0.1303756684064865","0.1303756684064865","0.1303756684064865","1502","1502","1502"
"150399","0.12397237122058868","0.12397237122058868","0.12397237122058868","1503","1503","1503"
"150499","0.13095501065254211","0.13095501065254211","0.13095501065254211","1504","1504","1504"
"150599","0.12540839612483978","0.12540839612483978","0.12540839612483978","1505","1505","1505"
"150699","0.12718746066093445","0.12718746066093445","0.12718746066093445","1506","1506","1506"
"150799","0.12998095154762268","0.12998095154762268","0.12998095154762268","1507","1507","1507"
"150899","0.1263839453458786","0.1263839453458786","0.1263839453458786","1508","1508","1508"
"150999","0.13371410965919495","0.13371410965919495","0.13371410965919495","1509","1509","1509"
"151099","0.12980394065380096","0.12980394065380096","0.12980394065380096","1510","1510","1510"
"151199","0.12923604249954224","0.12923604249954224","0.12923604249954224","1511","1511","1511"
"151299","0.1298539936542511","0.1298539936542511","0.1298539936542511","1512","1512","1512"
"151399","0.1274302452802658","0.1274302452802658","0.1274302452802658","1513","1513","1513"
"151499","0.1186598613858223","0.1186598613858223","0.1186598613858223","1514","1514","1514"
"151599","0.1345992237329483","0.1345992237329483","0.1345992237329483","1515","1515","1515"
"151699","0.126998633146286","0.126998633146286","0.126998633146286","1516","1516","1516"
"151799","0.12401507049798965","0.12401507049798965","0.12401507049798965","1517","1517","1517"
"151899","0.12609301507472992","0.12609301507472992","0.12609301507472992","1518","1518","1518"
"151999","0.13289134204387665","0.13289134204387665","0.13289134204387665","1519","1519","1519"
"152099","0.1265069991350174","0.1265069991350174","0.1265069991350174","1520","1520","1520"
"152199","0.12759685516357422","0.12759685516357422","0.12759685516357422","1521","1521","1521"
"152299","0.12727560102939606","0.12727560102939606","0.12727560102939606","1522","1522","1522"
"152399","0.13043133914470673","0.13043133914470673","0.13043133914470673","1523","1523","1523"
"152499","0.12681889533996582","0.12681889533996582","0.12681889533996582","1524","1524","1524"
"152599","0.12510809302330017","0.12510809302330017","0.12510809302330017","1525","1525","1525"
"152699","0.12437674403190613","0.12437674403190613","0.12437674403190613","1526","1526","1526"
"152799","0.13442082703113556","0.13442082703113556","0.13442082703113556","1527","1527","1527"
"152899","0.12848027050495148","0.12848027050495148","0.12848027050495148","1528","1528","1528"
"152999","0.12693898379802704","0.12693898379802704","0.12693898379802704","1529","1529","1529"
"153099","0.13029687106609344","0.13029687106609344","0.13029687106609344","1530","1530","1530"
"153199","0.12719357013702393","0.12719357013702393","0.12719357013702393","1531","1531","1531"
"153299","0.12810645997524261","0.12810645997524261","0.12810645997524261","1532","1532","1532"
"153399","0.12997598946094513","0.12997598946094513","0.12997598946094513","1533","1533","1533"
"153499","0.1283983737230301","0.1283983737230301","0.1283983737230301","1534","1534","1534"
"153599","0.1301879584789276","0.1301879584789276","0.1301879584789276","1535","1535","1535"
"153699","0.1339445561170578","0.1339445561170578","0.1339445561170578","1536","1536","1536"
"153799","0.12678049504756927","0.12678049504756927","0.12678049504756927","1537","1537","1537"
"153899","0.13046854734420776","0.13046854734420776","0.13046854734420776","1538","1538","1538"
"153999","0.1264129877090454","0.1264129877090454","0.1264129877090454","1539","1539","1539"
"154099","0.12932033836841583","0.12932033836841583","0.12932033836841583","1540","1540","1540"
"154199","0.1313791275024414","0.1313791275024414","0.1313791275024414","1541","1541","1541"
"154299","0.12670476734638214","0.12670476734638214","0.12670476734638214","1542","1542","1542"
"154399","0.12822680175304413","0.12822680175304413","0.12822680175304413","1543","1543","1543"
"154499","0.13424265384674072","0.13424265384674072","0.13424265384674072","1544","1544","1544"
"154599","0.1325855255126953","0.1325855255126953","0.1325855255126953","1545","1545","1545"
"154699","0.1347370743751526","0.1347370743751526","0.1347370743751526","1546","1546","1546"
"154799","0.13114942610263824","0.13114942610263824","0.13114942610263824","1547","1547","1547"
"154899","0.12569081783294678","0.12569081783294678","0.12569081783294678","1548","1548","1548"
"154999","0.13243569433689117","0.13243569433689117","0.13243569433689117","1549","1549","1549"
"155099","0.12854179739952087","0.12854179739952087","0.12854179739952087","1550","1550","1550"
"155199","0.13623005151748657","0.13623005151748657","0.13623005151748657","1551","1551","1551"
"155299","0.12768450379371643","0.12768450379371643","0.12768450379371643","1552","1552","1552"
"155399","0.13335807621479034","0.13335807621479034","0.13335807621479034","1553","1553","1553"
"155499","0.12729619443416595","0.12729619443416595","0.12729619443416595","1554","1554","1554"
"155599","0.12733715772628784","0.12733715772628784","0.12733715772628784","1555","1555","1555"
"155699","0.1288922280073166","0.1288922280073166","0.1288922280073166","1556","1556","1556"
"155799","0.13025198876857758","0.13025198876857758","0.13025198876857758","1557","1557","1557"
"155899","0.13005690276622772","0.13005690276622772","0.13005690276622772","1558","1558","1558"
"155999","0.13219478726387024","0.13219478726387024","0.13219478726387024","1559","1559","1559"
"156099","0.12796194851398468","0.12796194851398468","0.12796194851398468","1560","1560","1560"
"156199","0.12715676426887512","0.12715676426887512","0.12715676426887512","1561","1561","1561"
"156299","0.13294318318367004","0.13294318318367004","0.13294318318367004","1562","1562","1562"
"156399","0.12797173857688904","0.12797173857688904","0.12797173857688904","1563","1563","1563"
"156499","0.13106513023376465","0.13106513023376465","0.13106513023376465","1564","1564","1564"
"156599","0.1280505508184433","0.1280505508184433","0.1280505508184433","1565","1565","1565"
"156699","0.13279187679290771","0.13279187679290771","0.13279187679290771","1566","1566","1566"
"156799","0.12178648263216019","0.12178648263216019","0.12178648263216019","1567","1567","1567"
"156899","0.13111332058906555","0.13111332058906555","0.13111332058906555","1568","1568","1568"
"156999","0.1282336711883545","0.1282336711883545","0.1282336711883545","1569","1569","1569"
"157099","0.12504759430885315","0.12504759430885315","0.12504759430885315","1570","1570","1570"
"157199","0.12298773974180222","0.12298773974180222","0.12298773974180222","1571","1571","1571"
"157299","0.1337161362171173","0.1337161362171173","0.1337161362171173","1572","1572","1572"
"157399","0.13071931898593903","0.13071931898593903","0.13071931898593903","1573","1573","1573"
"157499","0.12759992480278015","0.12759992480278015","0.12759992480278015","1574","1574","1574"
"157599","0.1215025782585144","0.1215025782585144","0.1215025782585144","1575","1575","1575"
"157699","0.1331016719341278","0.1331016719341278","0.1331016719341278","1576","1576","1576"
"157799","0.1299239695072174","0.1299239695072174","0.1299239695072174","1577","1577","1577"
"157899","0.1335199773311615","0.1335199773311615","0.1335199773311615","1578","1578","1578"
"157999","0.1353420466184616","0.1353420466184616","0.1353420466184616","1579","1579","1579"
"158099","0.13312768936157227","0.13312768936157227","0.13312768936157227","1580","1580","1580"
"158199","0.12817613780498505","0.12817613780498505","0.12817613780498505","1581","1581","1581"
"158299","0.12731628119945526","0.12731628119945526","0.12731628119945526","1582","1582","1582"
"158399","0.12675999104976654","0.12675999104976654","0.12675999104976654","1583","1583","1583"
"158499","0.1301918476819992","0.1301918476819992","0.1301918476819992","1584","1584","1584"
"158599","0.13139483332633972","0.13139483332633972","0.13139483332633972","1585","1585","1585"
"158699","0.13068976998329163","0.13068976998329163","0.13068976998329163","1586","1586","1586"
"158799","0.12271136045455933","0.12271136045455933","0.12271136045455933","1587","1587","1587"
"158899","0.12429405003786087","0.12429405003786087","0.12429405003786087","1588","1588","1588"
"158999","0.12990278005599976","0.12990278005599976","0.12990278005599976","1589","1589","1589"
"159099","0.13518615067005157","0.13518615067005157","0.13518615067005157","1590","1590","1590"
"159199","0.13238902390003204","0.13238902390003204","0.13238902390003204","1591","1591","1591"
"159299","0.128946453332901","0.128946453332901","0.128946453332901","1592","1592","1592"
"159399","0.1270005851984024","0.1270005851984024","0.1270005851984024","1593","1593","1593"
"159499","0.12873093783855438","0.12873093783855438","0.12873093783855438","1594","1594","1594"
"159599","0.13220082223415375","0.13220082223415375","0.13220082223415375","1595","1595","1595"
"159699","0.13205735385417938","0.13205735385417938","0.13205735385417938","1596","1596","1596"
"159799","0.13466452062129974","0.13466452062129974","0.13466452062129974","1597","1597","1597"
"159899","0.1342419981956482","0.1342419981956482","0.1342419981956482","1598","1598","1598"
"159999","0.12384172528982162","0.12384172528982162","0.12384172528982162","1599","1599","1599"
"160099","0.13062676787376404","0.13062676787376404","0.13062676787376404","1600","1600","1600"
"160199","0.12976759672164917","0.12976759672164917","0.12976759672164917","1601","1601","1601"
"160299","0.13348151743412018","0.13348151743412018","0.13348151743412018","1602","1602","1602"
"160399","0.1280273050069809","0.1280273050069809","0.1280273050069809","1603","1603","1603"
"160499","0.12818734347820282","0.12818734347820282","0.12818734347820282","1604","1604","1604"
"160599","0.12575818598270416","0.12575818598270416","0.12575818598270416","1605","1605","1605"
"160699","0.13062699139118195","0.13062699139118195","0.13062699139118195","1606","1606","1606"
"160799","0.13076263666152954","0.13076263666152954","0.13076263666152954","1607","1607","1607"
"160899","0.12807896733283997","0.12807896733283997","0.12807896733283997","1608","1608","1608"
"160999","0.1268128752708435","0.1268128752708435","0.1268128752708435","1609","1609","1609"
"161099","0.12925657629966736","0.12925657629966736","0.12925657629966736","1610","1610","1610"
"161199","0.13081252574920654","0.13081252574920654","0.13081252574920654","1611","1611","1611"
"161299","0.13117827475070953","0.13117827475070953","0.13117827475070953","1612","1612","1612"
"161399","0.12448239326477051","0.12448239326477051","0.12448239326477051","1613","1613","1613"
"161499","0.12892989814281464","0.12892989814281464","0.12892989814281464","1614","1614","1614"
"161599","0.1264793574810028","0.1264793574810028","0.1264793574810028","1615","1615","1615"
"161699","0.12228439748287201","0.12228439748287201","0.12228439748287201","1616","1616","1616"
"161799","0.12080281972885132","0.12080281972885132","0.12080281972885132","1617","1617","1617"
"161899","0.12262047827243805","0.12262047827243805","0.12262047827243805","1618","1618","1618"
"161999","0.13067887723445892","0.13067887723445892","0.13067887723445892","1619","1619","1619"
"162099","0.1316561996936798","0.1316561996936798","0.1316561996936798","1620","1620","1620"
"162199","0.13841381669044495","0.13841381669044495","0.13841381669044495","1621","1621","1621"
"162299","0.1292552500963211","0.1292552500963211","0.1292552500963211","1622","1622","1622"
"162399","0.12812112271785736","0.12812112271785736","0.12812112271785736","1623","1623","1623"
"162499","0.12204858660697937","0.12204858660697937","0.12204858660697937","1624","1624","1624"
"162599","0.13067884743213654","0.13067884743213654","0.13067884743213654","1625","1625","1625"
"162699","0.13248774409294128","0.13248774409294128","0.13248774409294128","1626","1626","1626"
"162799","0.13201358914375305","0.13201358914375305","0.13201358914375305","1627","1627","1627"
"162899","0.12806439399719238","0.12806439399719238","0.12806439399719238","1628","1628","1628"
"162999","0.12444359064102173","0.12444359064102173","0.12444359064102173","1629","1629","1629"
"163099","0.13320553302764893","0.13320553302764893","0.13320553302764893","1630","1630","1630"
"163199","0.12968920171260834","0.12968920171260834","0.12968920171260834","1631","1631","1631"
"163299","0.12854865193367004","0.12854865193367004","0.12854865193367004","1632","1632","1632"
"163399","0.1275116354227066","0.1275116354227066","0.1275116354227066","1633","1633","1633"
"163499","0.12806086242198944","0.12806086242198944","0.12806086242198944","1634","1634","1634"
"163599","0.12845225632190704","0.12845225632190704","0.12845225632190704","1635","1635","1635"
"163699","0.1298931986093521","0.1298931986093521","0.1298931986093521","1636","1636","1636"
"163799","0.1331586390733719","0.1331586390733719","0.1331586390733719","1637","1637","1637"
"163899","0.13270850479602814","0.13270850479602814","0.13270850479602814","1638","1638","1638"
"163999","0.12243341654539108","0.12243341654539108","0.12243341654539108","1639","1639","1639"
"164099","0.12716518342494965","0.12716518342494965","0.12716518342494965","1640","1640","1640"
"164199","0.1290043443441391","0.1290043443441391","0.1290043443441391","1641","1641","1641"
"164299","0.13152600824832916","0.13152600824832916","0.13152600824832916","1642","1642","1642"
"164399","0.12262038141489029","0.12262038141489029","0.12262038141489029","1643","1643","1643"
"164499","0.13470497727394104","0.13470497727394104","0.13470497727394104","1644","1644","1644"
"164599","0.12964673340320587","0.12964673340320587","0.12964673340320587","1645","1645","1645"
"164699","0.12247085571289062","0.12247085571289062","0.12247085571289062","1646","1646","1646"
"164799","0.13179734349250793","0.13179734349250793","0.13179734349250793","1647","1647","1647"
"164899","0.13044166564941406","0.13044166564941406","0.13044166564941406","1648","1648","1648"
"164999","0.13203151524066925","0.13203151524066925","0.13203151524066925","1649","1649","1649"
"165099","0.1323472410440445","0.1323472410440445","0.1323472410440445","1650","1650","1650"
"165199","0.13026162981987","0.13026162981987","0.13026162981987","1651","1651","1651"
"165299","0.12681305408477783","0.12681305408477783","0.12681305408477783","1652","1652","1652"
"165399","0.13327017426490784","0.13327017426490784","0.13327017426490784","1653","1653","1653"
"165499","0.1297268569469452","0.1297268569469452","0.1297268569469452","1654","1654","1654"
"165599","0.1235712543129921","0.1235712543129921","0.1235712543129921","1655","1655","1655"
"165699","0.13145214319229126","0.13145214319229126","0.13145214319229126","1656","1656","1656"
"165799","0.129603773355484","0.129603773355484","0.129603773355484","1657","1657","1657"
"165899","0.1273825466632843","0.1273825466632843","0.1273825466632843","1658","1658","1658"
"165999","0.12302491813898087","0.12302491813898087","0.12302491813898087","1659","1659","1659"
"166099","0.13224239647388458","0.13224239647388458","0.13224239647388458","1660","1660","1660"
"166199","0.13032272458076477","0.13032272458076477","0.13032272458076477","1661","1661","1661"
"166299","0.1302979737520218","0.1302979737520218","0.1302979737520218","1662","1662","1662"
"166399","0.13201475143432617","0.13201475143432617","0.13201475143432617","1663","1663","1663"
"166499","0.1263425499200821","0.1263425499200821","0.1263425499200821","1664","1664","1664"
"166599","0.12470908463001251","0.12470908463001251","0.12470908463001251","1665","1665","1665"
"166699","0.12841017544269562","0.12841017544269562","0.12841017544269562","1666","1666","1666"
"166799","0.13612450659275055","0.13612450659275055","0.13612450659275055","1667","1667","1667"
"166899","0.1335846334695816","0.1335846334695816","0.1335846334695816","1668","1668","1668"
"166999","0.12757304310798645","0.12757304310798645","0.12757304310798645","1669","1669","1669"
"167099","0.1368025839328766","0.1368025839328766","0.1368025839328766","1670","1670","1670"
"167199","0.13187719881534576","0.13187719881534576","0.13187719881534576","1671","1671","1671"
"167299","0.12946219742298126","0.12946219742298126","0.12946219742298126","1672","1672","1672"
"167399","0.12931083142757416","0.12931083142757416","0.12931083142757416","1673","1673","1673"
"167499","0.12963145971298218","0.12963145971298218","0.12963145971298218","1674","1674","1674"
"167599","0.13095182180404663","0.13095182180404663","0.13095182180404663","1675","1675","1675"
"167699","0.12931545078754425","0.12931545078754425","0.12931545078754425","1676","1676","1676"
"167799","0.13451746106147766","0.13451746106147766","0.13451746106147766","1677","1677","1677"
"167899","0.1260605752468109","0.1260605752468109","0.1260605752468109","1678","1678","1678"
"167999","0.12849847972393036","0.12849847972393036","0.12849847972393036","1679","1679","1679"
"168099","0.1296733319759369","0.1296733319759369","0.1296733319759369","1680","1680","1680"
"168199","0.1317567229270935","0.1317567229270935","0.1317567229270935","1681","1681","1681"
"168299","0.13141290843486786","0.13141290843486786","0.13141290843486786","1682","1682","1682"
"168399","0.13202549517154694","0.13202549517154694","0.13202549517154694","1683","1683","1683"
"168499","0.12631531059741974","0.12631531059741974","0.12631531059741974","1684","1684","1684"
"168599","0.13069912791252136","0.13069912791252136","0.13069912791252136","1685","1685","1685"
"168699","0.13387839496135712","0.13387839496135712","0.13387839496135712","1686","1686","1686"
"168799","0.12475430220365524","0.12475430220365524","0.12475430220365524","1687","1687","1687"
"168899","0.12796783447265625","0.12796783447265625","0.12796783447265625","1688","1688","1688"
"168999","0.12743282318115234","0.12743282318115234","0.12743282318115234","1689","1689","1689"
"169099","0.12593059241771698","0.12593059241771698","0.12593059241771698","1690","1690","1690"
"169199","0.1242092102766037","0.1242092102766037","0.1242092102766037","1691","1691","1691"
"169299","0.13028202950954437","0.13028202950954437","0.13028202950954437","1692","1692","1692"
"169399","0.136816143989563","0.136816143989563","0.136816143989563","1693","1693","1693"
"169499","0.12643200159072876","0.12643200159072876","0.12643200159072876","1694","1694","1694"
"169599","0.12693001329898834","0.12693001329898834","0.12693001329898834","1695","1695","1695"
"169699","0.13308827579021454","0.13308827579021454","0.13308827579021454","1696","1696","1696"
"169799","0.13674603402614594","0.13674603402614594","0.13674603402614594","1697","1697","1697"
"169899","0.1342690885066986","0.1342690885066986","0.1342690885066986","1698","1698","1698"
"169999","0.12900234758853912","0.12900234758853912","0.12900234758853912","1699","1699","1699"
"170099","0.13021358847618103","0.13021358847618103","0.13021358847618103","1700","1700","1700"
"170199","0.13099317252635956","0.13099317252635956","0.13099317252635956","1701","1701","1701"
"170299","0.1330435425043106","0.1330435425043106","0.1330435425043106","1702","1702","1702"
"170399","0.13170947134494781","0.13170947134494781","0.13170947134494781","1703","1703","1703"
"170499","0.13444283604621887","0.13444283604621887","0.13444283604621887","1704","1704","1704"
"170599","0.1259404718875885","0.1259404718875885","0.1259404718875885","1705","1705","1705"
"170699","0.12339863181114197","0.12339863181114197","0.12339863181114197","1706","1706","1706"
"170799","0.13368605077266693","0.13368605077266693","0.13368605077266693","1707","1707","1707"
"170899","0.12075427919626236","0.12075427919626236","0.12075427919626236","1708","1708","1708"
"170999","0.13193464279174805","0.13193464279174805","0.13193464279174805","1709","1709","1709"
"171099","0.1288055032491684","0.1288055032491684","0.1288055032491684","1710","1710","1710"
"171199","0.1267428994178772","0.1267428994178772","0.1267428994178772","1711","1711","1711"
"171299","0.1279691457748413","0.1279691457748413","0.1279691457748413","1712","1712","1712"
"171399","0.1339203268289566","0.1339203268289566","0.1339203268289566","1713","1713","1713"
"171499","0.1303861141204834","0.1303861141204834","0.1303861141204834","1714","1714","1714"
"171599","0.13120128214359283","0.13120128214359283","0.13120128214359283","1715","1715","1715"
"171699","0.13535450398921967","0.13535450398921967","0.13535450398921967","1716","1716","1716"
"171799","0.12911005318164825","0.12911005318164825","0.12911005318164825","1717","1717","1717"
"171899","0.12905842065811157","0.12905842065811157","0.12905842065811157","1718","1718","1718"
"171999","0.12946277856826782","0.12946277856826782","0.12946277856826782","1719","1719","1719"
"172099","0.12730735540390015","0.12730735540390015","0.12730735540390015","1720","1720","1720"
"172199","0.1350296139717102","0.1350296139717102","0.1350296139717102","1721","1721","1721"
"172299","0.13437721133232117","0.13437721133232117","0.13437721133232117","1722","1722","1722"
"172399","0.1275026947259903","0.1275026947259903","0.1275026947259903","1723","1723","1723"
"172499","0.12884388864040375","0.12884388864040375","0.12884388864040375","1724","1724","1724"
"172599","0.12340845167636871","0.12340845167636871","0.12340845167636871","1725","1725","1725"
"172699","0.13489748537540436","0.13489748537540436","0.13489748537540436","1726","1726","1726"
"172799","0.1297444999217987","0.1297444999217987","0.1297444999217987","1727","1727","1727"
"172899","0.1283010095357895","0.1283010095357895","0.1283010095357895","1728","1728","1728"
"172999","0.12850211560726166","0.12850211560726166","0.12850211560726166","1729","1729","1729"
"173099","0.12951752543449402","0.12951752543449402","0.12951752543449402","1730","1730","1730"
"173199","0.12878598272800446","0.12878598272800446","0.12878598272800446","1731","1731","1731"
"173299","0.12873755395412445","0.12873755395412445","0.12873755395412445","1732","1732","1732"
"173399","0.12905238568782806","0.12905238568782806","0.12905238568782806","1733","1733","1733"
"173499","0.12287573516368866","0.12287573516368866","0.12287573516368866","1734","1734","1734"
"173599","0.12739676237106323","0.12739676237106323","0.12739676237106323","1735","1735","1735"
"173699","0.13768735527992249","0.13768735527992249","0.13768735527992249","1736","1736","1736"
"173799","0.13320381939411163","0.13320381939411163","0.13320381939411163","1737","1737","1737"
"173899","0.12770578265190125","0.12770578265190125","0.12770578265190125","1738","1738","1738"
"173999","0.12181952595710754","0.12181952595710754","0.12181952595710754","1739","1739","1739"
"174099","0.12455030530691147","0.12455030530691147","0.12455030530691147","1740","1740","1740"
"174199","0.12599359452724457","0.12599359452724457","0.12599359452724457","1741","1741","1741"
"174299","0.12948061525821686","0.12948061525821686","0.12948061525821686","1742","1742","1742"
"174399","0.1298927515745163","0.1298927515745163","0.1298927515745163","1743","1743","1743"
"174499","0.12664416432380676","0.12664416432380676","0.12664416432380676","1744","1744","1744"
"174599","0.12454037368297577","0.12454037368297577","0.12454037368297577","1745","1745","1745"
"174699","0.12760910391807556","0.12760910391807556","0.12760910391807556","1746","1746","1746"
"174799","0.1279260665178299","0.1279260665178299","0.1279260665178299","1747","1747","1747"
"174899","0.12935684621334076","0.12935684621334076","0.12935684621334076","1748","1748","1748"
"174999","0.13278427720069885","0.13278427720069885","0.13278427720069885","1749","1749","1749"
"175099","0.12609927356243134","0.12609927356243134","0.12609927356243134","1750","1750","1750"
"175199","0.12808847427368164","0.12808847427368164","0.12808847427368164","1751","1751","1751"
"175299","0.13210134208202362","0.13210134208202362","0.13210134208202362","1752","1752","1752"
"175399","0.12517304718494415","0.12517304718494415","0.12517304718494415","1753","1753","1753"
"175499","0.12901975214481354","0.12901975214481354","0.12901975214481354","1754","1754","1754"
"175599","0.13182052969932556","0.13182052969932556","0.13182052969932556","1755","1755","1755"
"175699","0.13000310957431793","0.13000310957431793","0.13000310957431793","1756","1756","1756"
"175799","0.13181333243846893","0.13181333243846893","0.13181333243846893","1757","1757","1757"
"175899","0.13227130472660065","0.13227130472660065","0.13227130472660065","1758","1758","1758"
"175999","0.12792496383190155","0.12792496383190155","0.12792496383190155","1759","1759","1759"
"176099","0.12944330275058746","0.12944330275058746","0.12944330275058746","1760","1760","1760"
"176199","0.1281176656484604","0.1281176656484604","0.1281176656484604","1761","1761","1761"
"176299","0.13079418241977692","0.13079418241977692","0.13079418241977692","1762","1762","1762"
"176399","0.12610404193401337","0.12610404193401337","0.12610404193401337","1763","1763","1763"
"176499","0.12259772419929504","0.12259772419929504","0.12259772419929504","1764","1764","1764"
"176599","0.12901845574378967","0.12901845574378967","0.12901845574378967","1765","1765","1765"
"176699","0.1281770020723343","0.1281770020723343","0.1281770020723343","1766","1766","1766"
"176799","0.1291784793138504","0.1291784793138504","0.1291784793138504","1767","1767","1767"
"176899","0.13314424455165863","0.13314424455165863","0.13314424455165863","1768","1768","1768"
"176999","0.13101878762245178","0.13101878762245178","0.13101878762245178","1769","1769","1769"
"177099","0.13151763379573822","0.13151763379573822","0.13151763379573822","1770","1770","1770"
"177199","0.12945419549942017","0.12945419549942017","0.12945419549942017","1771","1771","1771"
"177299","0.12314258515834808","0.12314258515834808","0.12314258515834808","1772","1772","1772"
"177399","0.13436120748519897","0.13436120748519897","0.13436120748519897","1773","1773","1773"
"177499","0.13067731261253357","0.13067731261253357","0.13067731261253357","1774","1774","1774"
"177599","0.1290273666381836","0.1290273666381836","0.1290273666381836","1775","1775","1775"
"177699","0.13118618726730347","0.13118618726730347","0.13118618726730347","1776","1776","1776"
"177799","0.12122616916894913","0.12122616916894913","0.12122616916894913","1777","1777","1777"
"177899","0.13046576082706451","0.13046576082706451","0.13046576082706451","1778","1778","1778"
"177999","0.12879404425621033","0.12879404425621033","0.12879404425621033","1779","1779","1779"
"178099","0.1326138824224472","0.1326138824224472","0.1326138824224472","1780","1780","1780"
"178199","0.12228196859359741","0.12228196859359741","0.12228196859359741","1781","1781","1781"
"178299","0.12992678582668304","0.12992678582668304","0.12992678582668304","1782","1782","1782"
"178399","0.12950783967971802","0.12950783967971802","0.12950783967971802","1783","1783","1783"
"178499","0.12365107238292694","0.12365107238292694","0.12365107238292694","1784","1784","1784"
"178599","0.12938643991947174","0.12938643991947174","0.12938643991947174","1785","1785","1785"
"178699","0.12852007150650024","0.12852007150650024","0.12852007150650024","1786","1786","1786"
"178799","0.12208614498376846","0.12208614498376846","0.12208614498376846","1787","1787","1787"
"178899","0.13405275344848633","0.13405275344848633","0.13405275344848633","1788","1788","1788"
"178999","0.13023421168327332","0.13023421168327332","0.13023421168327332","1789","1789","1789"
"179099","0.13127952814102173","0.13127952814102173","0.13127952814102173","1790","1790","1790"
"179199","0.129104346036911","0.129104346036911","0.129104346036911","1791","1791","1791"
"179299","0.12704618275165558","0.12704618275165558","0.12704618275165558","1792","1792","1792"
"179399","0.12721841037273407","0.12721841037273407","0.12721841037273407","1793","1793","1793"
"179499","0.13030250370502472","0.13030250370502472","0.13030250370502472","1794","1794","1794"
"179599","0.1285705864429474","0.1285705864429474","0.1285705864429474","1795","1795","1795"
"179699","0.13284428417682648","0.13284428417682648","0.13284428417682648","1796","1796","1796"
"179799","0.13424238562583923","0.13424238562583923","0.13424238562583923","1797","1797","1797"
"179899","0.13870210945606232","0.13870210945606232","0.13870210945606232","1798","1798","1798"
"179999","0.13258661329746246","0.13258661329746246","0.13258661329746246","1799","1799","1799"
"180099","0.12875518202781677","0.12875518202781677","0.12875518202781677","1800","1800","1800"
"180199","0.1309088170528412","0.1309088170528412","0.1309088170528412","1801","1801","1801"
"180299","0.12289953976869583","0.12289953976869583","0.12289953976869583","1802","1802","1802"
"180399","0.12828364968299866","0.12828364968299866","0.12828364968299866","1803","1803","1803"
"180499","0.13113056123256683","0.13113056123256683","0.13113056123256683","1804","1804","1804"
"180599","0.12952060997486115","0.12952060997486115","0.12952060997486115","1805","1805","1805"
"180699","0.13120625913143158","0.13120625913143158","0.13120625913143158","1806","1806","1806"
"180799","0.13270345330238342","0.13270345330238342","0.13270345330238342","1807","1807","1807"
"180899","0.13106097280979156","0.13106097280979156","0.13106097280979156","1808","1808","1808"
"180999","0.13102416694164276","0.13102416694164276","0.13102416694164276","1809","1809","1809"
"181099","0.13986952602863312","0.13986952602863312","0.13986952602863312","1810","1810","1810"
"181199","0.13092467188835144","0.13092467188835144","0.13092467188835144","1811","1811","1811"
"181299","0.13113445043563843","0.13113445043563843","0.13113445043563843","1812","1812","1812"
"181399","0.12697169184684753","0.12697169184684753","0.12697169184684753","1813","1813","1813"
"181499","0.13396859169006348","0.13396859169006348","0.13396859169006348","1814","1814","1814"
"181599","0.12976785004138947","0.12976785004138947","0.12976785004138947","1815","1815","1815"
"181699","0.1230892762541771","0.1230892762541771","0.1230892762541771","1816","1816","1816"
"181799","0.1264120638370514","0.1264120638370514","0.1264120638370514","1817","1817","1817"
"181899","0.12572787702083588","0.12572787702083588","0.12572787702083588","1818","1818","1818"
"181999","0.1291162520647049","0.1291162520647049","0.1291162520647049","1819","1819","1819"
"182099","0.1301613301038742","0.1301613301038742","0.1301613301038742","1820","1820","1820"
"182199","0.13414116203784943","0.13414116203784943","0.13414116203784943","1821","1821","1821"
"182299","0.12257923930883408","0.12257923930883408","0.12257923930883408","1822","1822","1822"
"182399","0.13222001492977142","0.13222001492977142","0.13222001492977142","1823","1823","1823"
"182499","0.13071253895759583","0.13071253895759583","0.13071253895759583","1824","1824","1824"
"182599","0.13210035860538483","0.13210035860538483","0.13210035860538483","1825","1825","1825"
"182699","0.13091732561588287","0.13091732561588287","0.13091732561588287","1826","1826","1826"
"182799","0.12879930436611176","0.12879930436611176","0.12879930436611176","1827","1827","1827"
"182899","0.13280147314071655","0.13280147314071655","0.13280147314071655","1828","1828","1828"
"182999","0.1294841319322586","0.1294841319322586","0.1294841319322586","1829","1829","1829"
"183099","0.12324756383895874","0.12324756383895874","0.12324756383895874","1830","1830","1830"
"183199","0.1277916133403778","0.1277916133403778","0.1277916133403778","1831","1831","1831"
"183299","0.12560880184173584","0.12560880184173584","0.12560880184173584","1832","1832","1832"
"183399","0.12983211874961853","0.12983211874961853","0.12983211874961853","1833","1833","1833"
"183499","0.1265503466129303","0.1265503466129303","0.1265503466129303","1834","1834","1834"
"183599","0.13139617443084717","0.13139617443084717","0.13139617443084717","1835","1835","1835"
"183699","0.12658488750457764","0.12658488750457764","0.12658488750457764","1836","1836","1836"
"183799","0.12428003549575806","0.12428003549575806","0.12428003549575806","1837","1837","1837"
"183899","0.13135603070259094","0.13135603070259094","0.13135603070259094","1838","1838","1838"
"183999","0.12952512502670288","0.12952512502670288","0.12952512502670288","1839","1839","1839"
"184099","0.12828731536865234","0.12828731536865234","0.12828731536865234","1840","1840","1840"
"184199","0.12474802136421204","0.12474802136421204","0.12474802136421204","1841","1841","1841"
"184299","0.1311715841293335","0.1311715841293335","0.1311715841293335","1842","1842","1842"
"184399","0.1260899007320404","0.1260899007320404","0.1260899007320404","1843","1843","1843"
"184499","0.12732067704200745","0.12732067704200745","0.12732067704200745","1844","1844","1844"
"184599","0.11709999293088913","0.11709999293088913","0.11709999293088913","1845","1845","1845"
"184699","0.1316109150648117","0.1316109150648117","0.1316109150648117","1846","1846","1846"
"184799","0.13190437853336334","0.13190437853336334","0.13190437853336334","1847","1847","1847"
"184899","0.12541018426418304","0.12541018426418304","0.12541018426418304","1848","1848","1848"
"184999","0.12668825685977936","0.12668825685977936","0.12668825685977936","1849","1849","1849"
"185099","0.12535488605499268","0.12535488605499268","0.12535488605499268","1850","1850","1850"
"185199","0.1278296262025833","0.1278296262025833","0.1278296262025833","1851","1851","1851"
"185299","0.13073599338531494","0.13073599338531494","0.13073599338531494","1852","1852","1852"
"185399","0.12654124200344086","0.12654124200344086","0.12654124200344086","1853","1853","1853"
"185499","0.13365891575813293","0.13365891575813293","0.13365891575813293","1854","1854","1854"
"185599","0.12833534181118011","0.12833534181118011","0.12833534181118011","1855","1855","1855"
"185699","0.13039721548557281","0.13039721548557281","0.13039721548557281","1856","1856","1856"
"185799","0.13485734164714813","0.13485734164714813","0.13485734164714813","1857","1857","1857"
"185899","0.13061445951461792","0.13061445951461792","0.13061445951461792","1858","1858","1858"
"185999","0.12926611304283142","0.12926611304283142","0.12926611304283142","1859","1859","1859"
"186099","0.12919870018959045","0.12919870018959045","0.12919870018959045","1860","1860","1860"
"186199","0.1392243653535843","0.1392243653535843","0.1392243653535843","1861","1861","1861"
"186299","0.1229371652007103","0.1229371652007103","0.1229371652007103","1862","1862","1862"
"186399","0.11874645203351974","0.11874645203351974","0.11874645203351974","1863","1863","1863"
"186499","0.12842756509780884","0.12842756509780884","0.12842756509780884","1864","1864","1864"
"186599","0.12805293500423431","0.12805293500423431","0.12805293500423431","1865","1865","1865"
"186699","0.1275845617055893","0.1275845617055893","0.1275845617055893","1866","1866","1866"
"186799","0.13065141439437866","0.13065141439437866","0.13065141439437866","1867","1867","1867"
"186899","0.13122041523456573","0.13122041523456573","0.13122041523456573","1868","1868","1868"
"186999","0.1301756501197815","0.1301756501197815","0.1301756501197815","1869","1869","1869"
"187099","0.13202068209648132","0.13202068209648132","0.13202068209648132","1870","1870","1870"
"187199","0.13514424860477448","0.13514424860477448","0.13514424860477448","1871","1871","1871"
"187299","0.1237490251660347","0.1237490251660347","0.1237490251660347","1872","1872","1872"
"187399","0.12847429513931274","0.12847429513931274","0.12847429513931274","1873","1873","1873"
"187499","0.1276625692844391","0.1276625692844391","0.1276625692844391","1874","1874","1874"
"187599","0.12835875153541565","0.12835875153541565","0.12835875153541565","1875","1875","1875"
"187699","0.12749657034873962","0.12749657034873962","0.12749657034873962","1876","1876","1876"
"187799","0.1213420033454895","0.1213420033454895","0.1213420033454895","1877","1877","1877"
"187899","0.1278815120458603","0.1278815120458603","0.1278815120458603","1878","1878","1878"
"187999","0.12924204766750336","0.12924204766750336","0.12924204766750336","1879","1879","1879"
"188099","0.12533451616764069","0.12533451616764069","0.12533451616764069","1880","1880","1880"
"188199","0.12901994585990906","0.12901994585990906","0.12901994585990906","1881","1881","1881"
"188299","0.12684710323810577","0.12684710323810577","0.12684710323810577","1882","1882","1882"
"188399","0.12520766258239746","0.12520766258239746","0.12520766258239746","1883","1883","1883"
"188499","0.12910304963588715","0.12910304963588715","0.12910304963588715","1884","1884","1884"
"188599","0.13429765403270721","0.13429765403270721","0.13429765403270721","1885","1885","1885"
"188699","0.12782134115695953","0.12782134115695953","0.12782134115695953","1886","1886","1886"
"188799","0.1283607929944992","0.1283607929944992","0.1283607929944992","1887","1887","1887"
"188899","0.13190414011478424","0.13190414011478424","0.13190414011478424","1888","1888","1888"
"188999","0.13509175181388855","0.13509175181388855","0.13509175181388855","1889","1889","1889"
"189099","0.12737055122852325","0.12737055122852325","0.12737055122852325","1890","1890","1890"
"189199","0.1285606324672699","0.1285606324672699","0.1285606324672699","1891","1891","1891"
"189299","0.12459725886583328","0.12459725886583328","0.12459725886583328","1892","1892","1892"
"189399","0.1316935271024704","0.1316935271024704","0.1316935271024704","1893","1893","1893"
"189499","0.12806427478790283","0.12806427478790283","0.12806427478790283","1894","1894","1894"
"189599","0.12833456695079803","0.12833456695079803","0.12833456695079803","1895","1895","1895"
"189699","0.12981517612934113","0.12981517612934113","0.12981517612934113","1896","1896","1896"
"189799","0.1260833889245987","0.1260833889245987","0.1260833889245987","1897","1897","1897"
"189899","0.1256016343832016","0.1256016343832016","0.1256016343832016","1898","1898","1898"
"189999","0.13208480179309845","0.13208480179309845","0.13208480179309845","1899","1899","1899"
"190099","0.1256413757801056","0.1256413757801056","0.1256413757801056","1900","1900","1900"
"190199","0.1261364370584488","0.1261364370584488","0.1261364370584488","1901","1901","1901"
"190299","0.12672866880893707","0.12672866880893707","0.12672866880893707","1902","1902","1902"
"190399","0.1276085078716278","0.1276085078716278","0.1276085078716278","1903","1903","1903"
"190499","0.12753699719905853","0.12753699719905853","0.12753699719905853","1904","1904","1904"
"190599","0.13084928691387177","0.13084928691387177","0.13084928691387177","1905","1905","1905"
"190699","0.13429111242294312","0.13429111242294312","0.13429111242294312","1906","1906","1906"
"190799","0.12456265091896057","0.12456265091896057","0.12456265091896057","1907","1907","1907"
"190899","0.12737928330898285","0.12737928330898285","0.12737928330898285","1908","1908","1908"
"190999","0.12766967713832855","0.12766967713832855","0.12766967713832855","1909","1909","1909"
"191099","0.13823020458221436","0.13823020458221436","0.13823020458221436","1910","1910","1910"
"191199","0.12812091410160065","0.12812091410160065","0.12812091410160065","1911","1911","1911"
"191299","0.13250502943992615","0.13250502943992615","0.13250502943992615","1912","1912","1912"
"191399","0.12966276705265045","0.12966276705265045","0.12966276705265045","1913","1913","1913"
"191499","0.13095469772815704","0.13095469772815704","0.13095469772815704","1914","1914","1914"
"191599","0.13547827303409576","0.13547827303409576","0.13547827303409576","1915","1915","1915"
"191699","0.12424522638320923","0.12424522638320923","0.12424522638320923","1916","1916","1916"
"191799","0.13209310173988342","0.13209310173988342","0.13209310173988342","1917","1917","1917"
"191899","0.12471567839384079","0.12471567839384079","0.12471567839384079","1918","1918","1918"
"191999","0.12780538201332092","0.12780538201332092","0.12780538201332092","1919","1919","1919"
"192099","0.12864498794078827","0.12864498794078827","0.12864498794078827","1920","1920","1920"
"192199","0.12903238832950592","0.12903238832950592","0.12903238832950592","1921","1921","1921"
"192299","0.1350894272327423","0.1350894272327423","0.1350894272327423","1922","1922","1922"
"192399","0.13382966816425323","0.13382966816425323","0.13382966816425323","1923","1923","1923"
"192499","0.128117635846138","0.128117635846138","0.128117635846138","1924","1924","1924"
"192599","0.13317586481571198","0.13317586481571198","0.13317586481571198","1925","1925","1925"
"192699","0.12754414975643158","0.12754414975643158","0.12754414975643158","1926","1926","1926"
"192799","0.13018666207790375","0.13018666207790375","0.13018666207790375","1927","1927","1927"
"192899","0.12381603568792343","0.12381603568792343","0.12381603568792343","1928","1928","1928"
"192999","0.13050931692123413","0.13050931692123413","0.13050931692123413","1929","1929","1929"
"193099","0.12909236550331116","0.12909236550331116","0.12909236550331116","1930","1930","1930"
"193199","0.12776760756969452","0.12776760756969452","0.12776760756969452","1931","1931","1931"
"193299","0.12490207701921463","0.12490207701921463","0.12490207701921463","1932","1932","1932"
"193399","0.13052977621555328","0.13052977621555328","0.13052977621555328","1933","1933","1933"
"193499","0.13212688267230988","0.13212688267230988","0.13212688267230988","1934","1934","1934"
"193599","0.12380821257829666","0.12380821257829666","0.12380821257829666","1935","1935","1935"
"193699","0.13012786209583282","0.13012786209583282","0.13012786209583282","1936","1936","1936"
"193799","0.12220847606658936","0.12220847606658936","0.12220847606658936","1937","1937","1937"
"193899","0.12480896711349487","0.12480896711349487","0.12480896711349487","1938","1938","1938"
"193999","0.131487637758255","0.131487637758255","0.131487637758255","1939","1939","1939"
"194099","0.12549442052841187","0.12549442052841187","0.12549442052841187","1940","1940","1940"
"194199","0.13011611998081207","0.13011611998081207","0.13011611998081207","1941","1941","1941"
"194299","0.12974755465984344","0.12974755465984344","0.12974755465984344","1942","1942","1942"
"194399","0.1271800398826599","0.1271800398826599","0.1271800398826599","1943","1943","1943"
"194499","0.1272079050540924","0.1272079050540924","0.1272079050540924","1944","1944","1944"
"194599","0.12985357642173767","0.12985357642173767","0.12985357642173767","1945","1945","1945"
"194699","0.12535114586353302","0.12535114586353302","0.12535114586353302","1946","1946","1946"
"194799","0.13356027007102966","0.13356027007102966","0.13356027007102966","1947","1947","1947"
"194899","0.12632344663143158","0.12632344663143158","0.12632344663143158","1948","1948","1948"
"194999","0.12835398316383362","0.12835398316383362","0.12835398316383362","1949","1949","1949"
"195099","0.12261489778757095","0.12261489778757095","0.12261489778757095","1950","1950","1950"
"195199","0.1242435947060585","0.1242435947060585","0.1242435947060585","1951","1951","1951"
"195299","0.12126810848712921","0.12126810848712921","0.12126810848712921","1952","1952","1952"
"195399","0.13071900606155396","0.13071900606155396","0.13071900606155396","1953","1953","1953"
"195499","0.1258266568183899","0.1258266568183899","0.1258266568183899","1954","1954","1954"
"195599","0.12371574342250824","0.12371574342250824","0.12371574342250824","1955","1955","1955"
"195699","0.12711936235427856","0.12711936235427856","0.12711936235427856","1956","1956","1956"
"195799","0.12838603556156158","0.12838603556156158","0.12838603556156158","1957","1957","1957"
"195899","0.12859557569026947","0.12859557569026947","0.12859557569026947","1958","1958","1958"
"195999","0.12974511086940765","0.12974511086940765","0.12974511086940765","1959","1959","1959"
"196099","0.12870286405086517","0.12870286405086517","0.12870286405086517","1960","1960","1960"
"196199","0.12986841797828674","0.12986841797828674","0.12986841797828674","1961","1961","1961"
"196299","0.1239936575293541","0.1239936575293541","0.1239936575293541","1962","1962","1962"
"196399","0.13549938797950745","0.13549938797950745","0.13549938797950745","1963","1963","1963"
"196499","0.12876933813095093","0.12876933813095093","0.12876933813095093","1964","1964","1964"
"196599","0.1312367469072342","0.1312367469072342","0.1312367469072342","1965","1965","1965"
"196699","0.13251027464866638","0.13251027464866638","0.13251027464866638","1966","1966","1966"
"196799","0.13391585648059845","0.13391585648059845","0.13391585648059845","1967","1967","1967"
"196899","0.12110617756843567","0.12110617756843567","0.12110617756843567","1968","1968","1968"
"196999","0.13211408257484436","0.13211408257484436","0.13211408257484436","1969","1969","1969"
"197099","0.13002197444438934","0.13002197444438934","0.13002197444438934","1970","1970","1970"
"197199","0.12822474539279938","0.12822474539279938","0.12822474539279938","1971","1971","1971"
"197299","0.12942102551460266","0.12942102551460266","0.12942102551460266","1972","1972","1972"
"197399","0.12523174285888672","0.12523174285888672","0.12523174285888672","1973","1973","1973"
"197499","0.1351490318775177","0.1351490318775177","0.1351490318775177","1974","1974","1974"
"197599","0.12653829157352448","0.12653829157352448","0.12653829157352448","1975","1975","1975"
"197699","0.1291821300983429","0.1291821300983429","0.1291821300983429","1976","1976","1976"
"197799","0.13089686632156372","0.13089686632156372","0.13089686632156372","1977","1977","1977"
"197899","0.12866126000881195","0.12866126000881195","0.12866126000881195","1978","1978","1978"
"197999","0.1283745914697647","0.1283745914697647","0.1283745914697647","1979","1979","1979"
"198099","0.12958568334579468","0.12958568334579468","0.12958568334579468","1980","1980","1980"
"198199","0.13418856263160706","0.13418856263160706","0.13418856263160706","1981","1981","1981"
"198299","0.13631367683410645","0.13631367683410645","0.13631367683410645","1982","1982","1982"
"198399","0.1294473558664322","0.1294473558664322","0.1294473558664322","1983","1983","1983"
"198499","0.12932081520557404","0.12932081520557404","0.12932081520557404","1984","1984","1984"
"198599","0.12543590366840363","0.12543590366840363","0.12543590366840363","1985","1985","1985"
"198699","0.13061238825321198","0.13061238825321198","0.13061238825321198","1986","1986","1986"
"198799","0.12566104531288147","0.12566104531288147","0.12566104531288147","1987","1987","1987"
"198899","0.1252221167087555","0.1252221167087555","0.1252221167087555","1988","1988","1988"
"198999","0.1297946572303772","0.1297946572303772","0.1297946572303772","1989","1989","1989"
"199099","0.12650538980960846","0.12650538980960846","0.12650538980960846","1990","1990","1990"
"199199","0.13003818690776825","0.13003818690776825","0.13003818690776825","1991","1991","1991"
"199299","0.13507984578609467","0.13507984578609467","0.13507984578609467","1992","1992","1992"
"199399","0.1258319765329361","0.1258319765329361","0.1258319765329361","1993","1993","1993"
"199499","0.12409383803606033","0.12409383803606033","0.12409383803606033","1994","1994","1994"
"199599","0.12990765273571014","0.12990765273571014","0.12990765273571014","1995","1995","1995"
"199699","0.12833335995674133","0.12833335995674133","0.12833335995674133","1996","1996","1996"
"199799","0.13014821708202362","0.13014821708202362","0.13014821708202362","1997","1997","1997"
"199899","0.13059893250465393","0.13059893250465393","0.13059893250465393","1998","1998","1998"
"199999","0.12391703575849533","0.12391703575849533","0.12391703575849533","1999","1999","1999"
"200099","0.12631657719612122","0.12631657719612122","0.12631657719612122","2000","2000","2000"
"200199","0.12568658590316772","0.12568658590316772","0.12568658590316772","2001","2001","2001"
"200299","0.12899836897850037","0.12899836897850037","0.12899836897850037","2002","2002","2002"
"200399","0.12564128637313843","0.12564128637313843","0.12564128637313843","2003","2003","2003"
"200499","0.1272009313106537","0.1272009313106537","0.1272009313106537","2004","2004","2004"
"200599","0.12780140340328217","0.12780140340328217","0.12780140340328217","2005","2005","2005"
"200699","0.1360740214586258","0.1360740214586258","0.1360740214586258","2006","2006","2006"
"200799","0.1333213895559311","0.1333213895559311","0.1333213895559311","2007","2007","2007"
"200899","0.1353577971458435","0.1353577971458435","0.1353577971458435","2008","2008","2008"
"200999","0.13020910322666168","0.13020910322666168","0.13020910322666168","2009","2009","2009"
"201099","0.12543198466300964","0.12543198466300964","0.12543198466300964","2010","2010","2010"
"201199","0.12761247158050537","0.12761247158050537","0.12761247158050537","2011","2011","2011"
"201299","0.12613874673843384","0.12613874673843384","0.12613874673843384","2012","2012","2012"
"201399","0.12889043986797333","0.12889043986797333","0.12889043986797333","2013","2013","2013"
"201499","0.13759587705135345","0.13759587705135345","0.13759587705135345","2014","2014","2014"
"201599","0.1340511441230774","0.1340511441230774","0.1340511441230774","2015","2015","2015"
"201699","0.12780502438545227","0.12780502438545227","0.12780502438545227","2016","2016","2016"
"201799","0.13029739260673523","0.13029739260673523","0.13029739260673523","2017","2017","2017"
"201899","0.12398877739906311","0.12398877739906311","0.12398877739906311","2018","2018","2018"
"201999","0.12724243104457855","0.12724243104457855","0.12724243104457855","2019","2019","2019"
"202099","0.12594689428806305","0.12594689428806305","0.12594689428806305","2020","2020","2020"
"202199","0.12981362640857697","0.12981362640857697","0.12981362640857697","2021","2021","2021"
"202299","0.1331752985715866","0.1331752985715866","0.1331752985715866","2022","2022","2022"
"202399","0.12747490406036377","0.12747490406036377","0.12747490406036377","2023","2023","2023"
"202499","0.13308624923229218","0.13308624923229218","0.13308624923229218","2024","2024","2024"
"202599","0.12963111698627472","0.12963111698627472","0.12963111698627472","2025","2025","2025"
"202699","0.13062898814678192","0.13062898814678192","0.13062898814678192","2026","2026","2026"
"202799","0.12263540923595428","0.12263540923595428","0.12263540923595428","2027","2027","2027"
"202899","0.12954482436180115","0.12954482436180115","0.12954482436180115","2028","2028","2028"
"202999","0.13586965203285217","0.13586965203285217","0.13586965203285217","2029","2029","2029"
"203099","0.12504154443740845","0.12504154443740845","0.12504154443740845","2030","2030","2030"
"203199","0.12546707689762115","0.12546707689762115","0.12546707689762115","2031","2031","2031"
"203299","0.12796622514724731","0.12796622514724731","0.12796622514724731","2032","2032","2032"
"203399","0.12983231246471405","0.12983231246471405","0.12983231246471405","2033","2033","2033"
"203499","0.13200245797634125","0.13200245797634125","0.13200245797634125","2034","2034","2034"
"203599","0.12656281888484955","0.12656281888484955","0.12656281888484955","2035","2035","2035"
"203699","0.1276242882013321","0.1276242882013321","0.1276242882013321","2036","2036","2036"
"203799","0.13229338824748993","0.13229338824748993","0.13229338824748993","2037","2037","2037"
"203899","0.12921833992004395","0.12921833992004395","0.12921833992004395","2038","2038","2038"
"203999","0.12716343998908997","0.12716343998908997","0.12716343998908997","2039","2039","2039"
"204099","0.1338295042514801","0.1338295042514801","0.1338295042514801","2040","2040","2040"
"204199","0.12808659672737122","0.12808659672737122","0.12808659672737122","2041","2041","2041"
"204299","0.12344994395971298","0.12344994395971298","0.12344994395971298","2042","2042","2042"
"204399","0.12635746598243713","0.12635746598243713","0.12635746598243713","2043","2043","2043"
"204499","0.12678766250610352","0.12678766250610352","0.12678766250610352","2044","2044","2044"
"204599","0.1336248517036438","0.1336248517036438","0.1336248517036438","2045","2045","2045"
"204699","0.12915261089801788","0.12915261089801788","0.12915261089801788","2046","2046","2046"
"204799","0.13037686049938202","0.13037686049938202","0.13037686049938202","2047","2047","2047"
"204899","0.13155731558799744","0.13155731558799744","0.13155731558799744","2048","2048","2048"
"204999","0.1273481547832489","0.1273481547832489","0.1273481547832489","2049","2049","2049"
"205099","0.12614235281944275","0.12614235281944275","0.12614235281944275","2050","2050","2050"
"205199","0.12896491587162018","0.12896491587162018","0.12896491587162018","2051","2051","2051"
"205299","0.13366223871707916","0.13366223871707916","0.13366223871707916","2052","2052","2052"
"205399","0.12924064695835114","0.12924064695835114","0.12924064695835114","2053","2053","2053"
"205499","0.1304975301027298","0.1304975301027298","0.1304975301027298","2054","2054","2054"
"205599","0.13404375314712524","0.13404375314712524","0.13404375314712524","2055","2055","2055"
"205699","0.1303628832101822","0.1303628832101822","0.1303628832101822","2056","2056","2056"
"205799","0.1292531043291092","0.1292531043291092","0.1292531043291092","2057","2057","2057"
"205899","0.13122032582759857","0.13122032582759857","0.13122032582759857","2058","2058","2058"
"205999","0.1319134682416916","0.1319134682416916","0.1319134682416916","2059","2059","2059"
"206099","0.12941883504390717","0.12941883504390717","0.12941883504390717","2060","2060","2060"
"206199","0.13126030564308167","0.13126030564308167","0.13126030564308167","2061","2061","2061"
"206299","0.12477817386388779","0.12477817386388779","0.12477817386388779","2062","2062","2062"
"206399","0.13043436408042908","0.13043436408042908","0.13043436408042908","2063","2063","2063"
"206499","0.12981227040290833","0.12981227040290833","0.12981227040290833","2064","2064","2064"
"206599","0.12815628945827484","0.12815628945827484","0.12815628945827484","2065","2065","2065"
"206699","0.1372520923614502","0.1372520923614502","0.1372520923614502","2066","2066","2066"
"206799","0.12799504399299622","0.12799504399299622","0.12799504399299622","2067","2067","2067"
"206899","0.1307992935180664","0.1307992935180664","0.1307992935180664","2068","2068","2068"
"206999","0.12554843723773956","0.12554843723773956","0.12554843723773956","2069","2069","2069"
"207099","0.1353260725736618","0.1353260725736618","0.1353260725736618","2070","2070","2070"
"207199","0.12801016867160797","0.12801016867160797","0.12801016867160797","2071","2071","2071"
"207299","0.13113033771514893","0.13113033771514893","0.13113033771514893","2072","2072","2072"
"207399","0.1300545483827591","0.1300545483827591","0.1300545483827591","2073","2073","2073"
"207499","0.13144558668136597","0.13144558668136597","0.13144558668136597","2074","2074","2074"
"207599","0.12806114554405212","0.12806114554405212","0.12806114554405212","2075","2075","2075"
"207699","0.12872214615345","0.12872214615345","0.12872214615345","2076","2076","2076"
"207799","0.12496480345726013","0.12496480345726013","0.12496480345726013","2077","2077","2077"
"207899","0.1279161274433136","0.1279161274433136","0.1279161274433136","2078","2078","2078"
"207999","0.1308613121509552","0.1308613121509552","0.1308613121509552","2079","2079","2079"
"208099","0.1276174783706665","0.1276174783706665","0.1276174783706665","2080","2080","2080"
"208199","0.13134576380252838","0.13134576380252838","0.13134576380252838","2081","2081","2081"
"208299","0.12812913954257965","0.12812913954257965","0.12812913954257965","2082","2082","2082"
"208399","0.12851832807064056","0.12851832807064056","0.12851832807064056","2083","2083","2083"
"208499","0.13266584277153015","0.13266584277153015","0.13266584277153015","2084","2084","2084"
"208599","0.1308869570493698","0.1308869570493698","0.1308869570493698","2085","2085","2085"
"208699","0.12601794302463531","0.12601794302463531","0.12601794302463531","2086","2086","2086"
"208799","0.13121256232261658","0.13121256232261658","0.13121256232261658","2087","2087","2087"
"208899","0.12286239862442017","0.12286239862442017","0.12286239862442017","2088","2088","2088"
"208999","0.12695007026195526","0.12695007026195526","0.12695007026195526","2089","2089","2089"
"209099","0.12577567994594574","0.12577567994594574","0.12577567994594574","2090","2090","2090"
"209199","0.13443860411643982","0.13443860411643982","0.13443860411643982","2091","2091","2091"
"209299","0.12357053905725479","0.12357053905725479","0.12357053905725479","2092","2092","2092"
"209399","0.12816645205020905","0.12816645205020905","0.12816645205020905","2093","2093","2093"
"209499","0.12753213942050934","0.12753213942050934","0.12753213942050934","2094","2094","2094"
"209599","0.12008927017450333","0.12008927017450333","0.12008927017450333","2095","2095","2095"
"209699","0.13387252390384674","0.13387252390384674","0.13387252390384674","2096","2096","2096"
"209799","0.12569186091423035","0.12569186091423035","0.12569186091423035","2097","2097","2097"
"209899","0.12458641082048416","0.12458641082048416","0.12458641082048416","2098","2098","2098"
"209999","0.12366797029972076","0.12366797029972076","0.12366797029972076","2099","2099","2099"
"210099","0.13539546728134155","0.13539546728134155","0.13539546728134155","2100","2100","2100"
"210199","0.12373298406600952","0.12373298406600952","0.12373298406600952","2101","2101","2101"
"210299","0.12570340931415558","0.12570340931415558","0.12570340931415558","2102","2102","2102"
"210399","0.12513303756713867","0.12513303756713867","0.12513303756713867","2103","2103","2103"
"210499","0.13357560336589813","0.13357560336589813","0.13357560336589813","2104","2104","2104"
"210599","0.1296442747116089","0.1296442747116089","0.1296442747116089","2105","2105","2105"
"210699","0.12913300096988678","0.12913300096988678","0.12913300096988678","2106","2106","2106"
"210799","0.12508277595043182","0.12508277595043182","0.12508277595043182","2107","2107","2107"
"210899","0.13244442641735077","0.13244442641735077","0.13244442641735077","2108","2108","2108"
"210999","0.12575285136699677","0.12575285136699677","0.12575285136699677","2109","2109","2109"
"211099","0.13010302186012268","0.13010302186012268","0.13010302186012268","2110","2110","2110"
"211199","0.12687022984027863","0.12687022984027863","0.12687022984027863","2111","2111","2111"
"211299","0.13006365299224854","0.13006365299224854","0.13006365299224854","2112","2112","2112"
"211399","0.12826089560985565","0.12826089560985565","0.12826089560985565","2113","2113","2113"
"211499","0.13151291012763977","0.13151291012763977","0.13151291012763977","2114","2114","2114"
"211599","0.13131128251552582","0.13131128251552582","0.13131128251552582","2115","2115","2115"
"211699","0.12946875393390656","0.12946875393390656","0.12946875393390656","2116","2116","2116"
"211799","0.13623248040676117","0.13623248040676117","0.13623248040676117","2117","2117","2117"
"211899","0.12442242354154587","0.12442242354154587","0.12442242354154587","2118","2118","2118"
"211999","0.12857894599437714","0.12857894599437714","0.12857894599437714","2119","2119","2119"
"212099","0.12493079155683517","0.12493079155683517","0.12493079155683517","2120","2120","2120"
"212199","0.12494116276502609","0.12494116276502609","0.12494116276502609","2121","2121","2121"
"212299","0.12881234288215637","0.12881234288215637","0.12881234288215637","2122","2122","2122"
"212399","0.1256258189678192","0.1256258189678192","0.1256258189678192","2123","2123","2123"
"212499","0.13374610245227814","0.13374610245227814","0.13374610245227814","2124","2124","2124"
"212599","0.1319587677717209","0.1319587677717209","0.1319587677717209","2125","2125","2125"
"212699","0.12533210217952728","0.12533210217952728","0.12533210217952728","2126","2126","2126"
"212799","0.12467406690120697","0.12467406690120697","0.12467406690120697","2127","2127","2127"
"212899","0.13234907388687134","0.13234907388687134","0.13234907388687134","2128","2128","2128"
"212999","0.1246241107583046","0.1246241107583046","0.1246241107583046","2129","2129","2129"
"213099","0.13017190992832184","0.13017190992832184","0.13017190992832184","2130","2130","2130"
"213199","0.1296241581439972","0.1296241581439972","0.1296241581439972","2131","2131","2131"
"213299","0.1241510882973671","0.1241510882973671","0.1241510882973671","2132","2132","2132"
"213399","0.12778201699256897","0.12778201699256897","0.12778201699256897","2133","2133","2133"
"213499","0.13344833254814148","0.13344833254814148","0.13344833254814148","2134","2134","2134"
"213599","0.12999345362186432","0.12999345362186432","0.12999345362186432","2135","2135","2135"
"213699","0.12532204389572144","0.12532204389572144","0.12532204389572144","2136","2136","2136"
"213799","0.12634451687335968","0.12634451687335968","0.12634451687335968","2137","2137","2137"
"213899","0.13122469186782837","0.13122469186782837","0.13122469186782837","2138","2138","2138"
"213999","0.13380764424800873","0.13380764424800873","0.13380764424800873","2139","2139","2139"
"214099","0.1306704431772232","0.1306704431772232","0.1306704431772232","2140","2140","2140"
"214199","0.1322423219680786","0.1322423219680786","0.1322423219680786","2141","2141","2141"
"214299","0.13209916651248932","0.13209916651248932","0.13209916651248932","2142","2142","2142"
"214399","0.12912233173847198","0.12912233173847198","0.12912233173847198","2143","2143","2143"
"214499","0.129054993391037","0.129054993391037","0.129054993391037","2144","2144","2144"
"214599","0.12555153667926788","0.12555153667926788","0.12555153667926788","2145","2145","2145"
"214699","0.12515340745449066","0.12515340745449066","0.12515340745449066","2146","2146","2146"
"214799","0.13534897565841675","0.13534897565841675","0.13534897565841675","2147","2147","2147"
"214899","0.12430662661790848","0.12430662661790848","0.12430662661790848","2148","2148","2148"
"214999","0.1197865828871727","0.1197865828871727","0.1197865828871727","2149","2149","2149"
"215099","0.13549602031707764","0.13549602031707764","0.13549602031707764","2150","2150","2150"
"215199","0.13707199692726135","0.13707199692726135","0.13707199692726135","2151","2151","2151"
"215299","0.1366264820098877","0.1366264820098877","0.1366264820098877","2152","2152","2152"
"215399","0.1205509826540947","0.1205509826540947","0.1205509826540947","2153","2153","2153"
"215499","0.13171350955963135","0.13171350955963135","0.13171350955963135","2154","2154","2154"
"215599","0.13607439398765564","0.13607439398765564","0.13607439398765564","2155","2155","2155"
"215699","0.1335287094116211","0.1335287094116211","0.1335287094116211","2156","2156","2156"
"215799","0.12560799717903137","0.12560799717903137","0.12560799717903137","2157","2157","2157"
"215899","0.12698590755462646","0.12698590755462646","0.12698590755462646","2158","2158","2158"
"215999","0.13045237958431244","0.13045237958431244","0.13045237958431244","2159","2159","2159"
"216099","0.13184581696987152","0.13184581696987152","0.13184581696987152","2160","2160","2160"
"216199","0.13070769608020782","0.13070769608020782","0.13070769608020782","2161","2161","2161"
"216299","0.12665262818336487","0.12665262818336487","0.12665262818336487","2162","2162","2162"
"216399","0.1289421021938324","0.1289421021938324","0.1289421021938324","2163","2163","2163"
"216499","0.13272583484649658","0.13272583484649658","0.13272583484649658","2164","2164","2164"
"216599","0.12414704263210297","0.12414704263210297","0.12414704263210297","2165","2165","2165"
"216699","0.12529683113098145","0.12529683113098145","0.12529683113098145","2166","2166","2166"
"216799","0.13140515983104706","0.13140515983104706","0.13140515983104706","2167","2167","2167"
"216899","0.13364891707897186","0.13364891707897186","0.13364891707897186","2168","2168","2168"
"216999","0.12547947466373444","0.12547947466373444","0.12547947466373444","2169","2169","2169"
"217099","0.12745849788188934","0.12745849788188934","0.12745849788188934","2170","2170","2170"
"217199","0.13278555870056152","0.13278555870056152","0.13278555870056152","2171","2171","2171"
"217299","0.1298520714044571","0.1298520714044571","0.1298520714044571","2172","2172","2172"
"217399","0.12654882669448853","0.12654882669448853","0.12654882669448853","2173","2173","2173"
"217499","0.12569518387317657","0.12569518387317657","0.12569518387317657","2174","2174","2174"
"217599","0.12618163228034973","0.12618163228034973","0.12618163228034973","2175","2175","2175"
"217699","0.12544073164463043","0.12544073164463043","0.12544073164463043","2176","2176","2176"
"217799","0.12958598136901855","0.12958598136901855","0.12958598136901855","2177","2177","2177"
"217899","0.12956608831882477","0.12956608831882477","0.12956608831882477","2178","2178","2178"
"217999","0.124837227165699","0.124837227165699","0.124837227165699","2179","2179","2179"
"218099","0.12698106467723846","0.12698106467723846","0.12698106467723846","2180","2180","2180"
"218199","0.12438632547855377","0.12438632547855377","0.12438632547855377","2181","2181","2181"
"218299","0.13011103868484497","0.13011103868484497","0.13011103868484497","2182","2182","2182"
"218399","0.13634930551052094","0.13634930551052094","0.13634930551052094","2183","2183","2183"
"218499","0.1239951103925705","0.1239951103925705","0.1239951103925705","2184","2184","2184"
"218599","0.1299711912870407","0.1299711912870407","0.1299711912870407","2185","2185","2185"
"218699","0.12414819002151489","0.12414819002151489","0.12414819002151489","2186","2186","2186"
"218799","0.12952250242233276","0.12952250242233276","0.12952250242233276","2187","2187","2187"
"218899","0.1277390420436859","0.1277390420436859","0.1277390420436859","2188","2188","2188"
"218999","0.1338709443807602","0.1338709443807602","0.1338709443807602","2189","2189","2189"
"219099","0.12614402174949646","0.12614402174949646","0.12614402174949646","2190","2190","2190"
"219199","0.12789461016654968","0.12789461016654968","0.12789461016654968","2191","2191","2191"
"219299","0.12852175533771515","0.12852175533771515","0.12852175533771515","2192","2192","2192"
"219399","0.12669430673122406","0.12669430673122406","0.12669430673122406","2193","2193","2193"
"219499","0.12369239330291748","0.12369239330291748","0.12369239330291748","2194","2194","2194"
"219599","0.12436312437057495","0.12436312437057495","0.12436312437057495","2195","2195","2195"
"219699","0.13759386539459229","0.13759386539459229","0.13759386539459229","2196","2196","2196"
"219799","0.1287379413843155","0.1287379413843155","0.1287379413843155","2197","2197","2197"
"219899","0.1236734688282013","0.1236734688282013","0.1236734688282013","2198","2198","2198"
"219999","0.12864094972610474","0.12864094972610474","0.12864094972610474","2199","2199","2199"
"220099","0.1283246874809265","0.1283246874809265","0.1283246874809265","2200","2200","2200"
"220199","0.12356485426425934","0.12356485426425934","0.12356485426425934","2201","2201","2201"
"220299","0.12480044364929199","0.12480044364929199","0.12480044364929199","2202","2202","2202"
"220399","0.1255444437265396","0.1255444437265396","0.1255444437265396","2203","2203","2203"
"220499","0.12866103649139404","0.12866103649139404","0.12866103649139404","2204","2204","2204"
"220599","0.12665632367134094","0.12665632367134094","0.12665632367134094","2205","2205","2205"
"220699","0.1310618668794632","0.1310618668794632","0.1310618668794632","2206","2206","2206"
"220799","0.12750595808029175","0.12750595808029175","0.12750595808029175","2207","2207","2207"
"220899","0.1291932612657547","0.1291932612657547","0.1291932612657547","2208","2208","2208"
"220999","0.1358695924282074","0.1358695924282074","0.1358695924282074","2209","2209","2209"
"221099","0.1272421032190323","0.1272421032190323","0.1272421032190323","2210","2210","2210"
"221199","0.13115298748016357","0.13115298748016357","0.13115298748016357","2211","2211","2211"
"221299","0.13102862238883972","0.13102862238883972","0.13102862238883972","2212","2212","2212"
"221399","0.12773725390434265","0.12773725390434265","0.12773725390434265","2213","2213","2213"
"221499","0.12467286735773087","0.12467286735773087","0.12467286735773087","2214","2214","2214"
"221599","0.12572725117206573","0.12572725117206573","0.12572725117206573","2215","2215","2215"
"221699","0.12717574834823608","0.12717574834823608","0.12717574834823608","2216","2216","2216"
"221799","0.12960965931415558","0.12960965931415558","0.12960965931415558","2217","2217","2217"
"221899","0.13154546916484833","0.13154546916484833","0.13154546916484833","2218","2218","2218"
"221999","0.12971387803554535","0.12971387803554535","0.12971387803554535","2219","2219","2219"
"222099","0.12239513546228409","0.12239513546228409","0.12239513546228409","2220","2220","2220"
"222199","0.1228070855140686","0.1228070855140686","0.1228070855140686","2221","2221","2221"
"222299","0.12883269786834717","0.12883269786834717","0.12883269786834717","2222","2222","2222"
"222399","0.1253041923046112","0.1253041923046112","0.1253041923046112","2223","2223","2223"
"222499","0.12440795451402664","0.12440795451402664","0.12440795451402664","2224","2224","2224"
"222599","0.12697771191596985","0.12697771191596985","0.12697771191596985","2225","2225","2225"
"222699","0.13227587938308716","0.13227587938308716","0.13227587938308716","2226","2226","2226"
"222799","0.13277480006217957","0.13277480006217957","0.13277480006217957","2227","2227","2227"
"222899","0.12403859943151474","0.12403859943151474","0.12403859943151474","2228","2228","2228"
"222999","0.12612201273441315","0.12612201273441315","0.12612201273441315","2229","2229","2229"
"223099","0.13563619554042816","0.13563619554042816","0.13563619554042816","2230","2230","2230"
"223199","0.12357711791992188","0.12357711791992188","0.12357711791992188","2231","2231","2231"
"223299","0.12544408440589905","0.12544408440589905","0.12544408440589905","2232","2232","2232"
"223399","0.13031144440174103","0.13031144440174103","0.13031144440174103","2233","2233","2233"
"223499","0.12796220183372498","0.12796220183372498","0.12796220183372498","2234","2234","2234"
"223599","0.13334360718727112","0.13334360718727112","0.13334360718727112","2235","2235","2235"
"223699","0.1289932280778885","0.1289932280778885","0.1289932280778885","2236","2236","2236"
"223799","0.12031609565019608","0.12031609565019608","0.12031609565019608","2237","2237","2237"
"223899","0.1273118406534195","0.1273118406534195","0.1273118406534195","2238","2238","2238"
"223999","0.1358335167169571","0.1358335167169571","0.1358335167169571","2239","2239","2239"
"224099","0.12591245770454407","0.12591245770454407","0.12591245770454407","2240","2240","2240"
"224199","0.12704791128635406","0.12704791128635406","0.12704791128635406","2241","2241","2241"
"224299","0.1344006210565567","0.1344006210565567","0.1344006210565567","2242","2242","2242"
"224399","0.12413748353719711","0.12413748353719711","0.12413748353719711","2243","2243","2243"
"224499","0.12950710952281952","0.12950710952281952","0.12950710952281952","2244","2244","2244"
"224599","0.1304413229227066","0.1304413229227066","0.1304413229227066","2245","2245","2245"
"224699","0.12698012590408325","0.12698012590408325","0.12698012590408325","2246","2246","2246"
"224799","0.12840424478054047","0.12840424478054047","0.12840424478054047","2247","2247","2247"
"224899","0.13272617757320404","0.13272617757320404","0.13272617757320404","2248","2248","2248"
"224999","0.12426610291004181","0.12426610291004181","0.12426610291004181","2249","2249","2249"
"225099","0.13332925736904144","0.13332925736904144","0.13332925736904144","2250","2250","2250"
"225199","0.13025180995464325","0.13025180995464325","0.13025180995464325","2251","2251","2251"
"225299","0.12362565845251083","0.12362565845251083","0.12362565845251083","2252","2252","2252"
"225399","0.1334768831729889","0.1334768831729889","0.1334768831729889","2253","2253","2253"
"225499","0.1254694163799286","0.1254694163799286","0.1254694163799286","2254","2254","2254"
"225599","0.13103991746902466","0.13103991746902466","0.13103991746902466","2255","2255","2255"
"225699","0.1231866404414177","0.1231866404414177","0.1231866404414177","2256","2256","2256"
"225799","0.12898992002010345","0.12898992002010345","0.12898992002010345","2257","2257","2257"
"225899","0.12248678505420685","0.12248678505420685","0.12248678505420685","2258","2258","2258"
"225999","0.13717021048069","0.13717021048069","0.13717021048069","2259","2259","2259"
"226099","0.1313532292842865","0.1313532292842865","0.1313532292842865","2260","2260","2260"
"226199","0.13215568661689758","0.13215568661689758","0.13215568661689758","2261","2261","2261"
"226299","0.12441831827163696","0.12441831827163696","0.12441831827163696","2262","2262","2262"
"226399","0.13548530638217926","0.13548530638217926","0.13548530638217926","2263","2263","2263"
"226499","0.1312360018491745","0.1312360018491745","0.1312360018491745","2264","2264","2264"
"226599","0.12856292724609375","0.12856292724609375","0.12856292724609375","2265","2265","2265"
"226699","0.12909725308418274","0.12909725308418274","0.12909725308418274","2266","2266","2266"
"226799","0.13210928440093994","0.13210928440093994","0.13210928440093994","2267","2267","2267"
"226899","0.12922805547714233","0.12922805547714233","0.12922805547714233","2268","2268","2268"
"226999","0.12385331094264984","0.12385331094264984","0.12385331094264984","2269","2269","2269"
"227099","0.13446356356143951","0.13446356356143951","0.13446356356143951","2270","2270","2270"
"227199","0.12782594561576843","0.12782594561576843","0.12782594561576843","2271","2271","2271"
"227299","0.12723596394062042","0.12723596394062042","0.12723596394062042","2272","2272","2272"
"227399","0.13128753006458282","0.13128753006458282","0.13128753006458282","2273","2273","2273"
"227499","0.12120112031698227","0.12120112031698227","0.12120112031698227","2274","2274","2274"
"227599","0.13340933620929718","0.13340933620929718","0.13340933620929718","2275","2275","2275"
"227699","0.12532927095890045","0.12532927095890045","0.12532927095890045","2276","2276","2276"
"227799","0.13652513921260834","0.13652513921260834","0.13652513921260834","2277","2277","2277"
"227899","0.13159814476966858","0.13159814476966858","0.13159814476966858","2278","2278","2278"
"227999","0.12652119994163513","0.12652119994163513","0.12652119994163513","2279","2279","2279"
"228099","0.1320473998785019","0.1320473998785019","0.1320473998785019","2280","2280","2280"
"228199","0.13017387688159943","0.13017387688159943","0.13017387688159943","2281","2281","2281"
"228299","0.13049501180648804","0.13049501180648804","0.13049501180648804","2282","2282","2282"
"228399","0.12723571062088013","0.12723571062088013","0.12723571062088013","2283","2283","2283"
"228499","0.12782010436058044","0.12782010436058044","0.12782010436058044","2284","2284","2284"
"228599","0.12873423099517822","0.12873423099517822","0.12873423099517822","2285","2285","2285"
"228699","0.12688462436199188","0.12688462436199188","0.12688462436199188","2286","2286","2286"
"228799","0.12061149626970291","0.12061149626970291","0.12061149626970291","2287","2287","2287"
"228899","0.12598086893558502","0.12598086893558502","0.12598086893558502","2288","2288","2288"
"228999","0.13250726461410522","0.13250726461410522","0.13250726461410522","2289","2289","2289"
"229099","0.12911748886108398","0.12911748886108398","0.12911748886108398","2290","2290","2290"
"229199","0.12915582954883575","0.12915582954883575","0.12915582954883575","2291","2291","2291"
"229299","0.13157100975513458","0.13157100975513458","0.13157100975513458","2292","2292","2292"
"229399","0.12545250356197357","0.12545250356197357","0.12545250356197357","2293","2293","2293"
"229499","0.12304823845624924","0.12304823845624924","0.12304823845624924","2294","2294","2294"
"229599","0.1303682178258896","0.1303682178258896","0.1303682178258896","2295","2295","2295"
"229699","0.12682755291461945","0.12682755291461945","0.12682755291461945","2296","2296","2296"
"229799","0.1324744075536728","0.1324744075536728","0.1324744075536728","2297","2297","2297"
"229899","0.13317157328128815","0.13317157328128815","0.13317157328128815","2298","2298","2298"
"229999","0.1276368647813797","0.1276368647813797","0.1276368647813797","2299","2299","2299"
"230099","0.12807337939739227","0.12807337939739227","0.12807337939739227","2300","2300","2300"
"230199","0.12580722570419312","0.12580722570419312","0.12580722570419312","2301","2301","2301"
"230299","0.13039948046207428","0.13039948046207428","0.13039948046207428","2302","2302","2302"
"230399","0.12505458295345306","0.12505458295345306","0.12505458295345306","2303","2303","2303"
"230499","0.12883123755455017","0.12883123755455017","0.12883123755455017","2304","2304","2304"
"230599","0.13169491291046143","0.13169491291046143","0.13169491291046143","2305","2305","2305"
"230699","0.13067051768302917","0.13067051768302917","0.13067051768302917","2306","2306","2306"
"230799","0.1276535987854004","0.1276535987854004","0.1276535987854004","2307","2307","2307"
"230899","0.1257006973028183","0.1257006973028183","0.1257006973028183","2308","2308","2308"
"230999","0.13582275807857513","0.13582275807857513","0.13582275807857513","2309","2309","2309"
"231099","0.13405685126781464","0.13405685126781464","0.13405685126781464","2310","2310","2310"
"231199","0.13040278851985931","0.13040278851985931","0.13040278851985931","2311","2311","2311"
"231299","0.12335199862718582","0.12335199862718582","0.12335199862718582","2312","2312","2312"
"231399","0.12756823003292084","0.12756823003292084","0.12756823003292084","2313","2313","2313"
"231499","0.13603048026561737","0.13603048026561737","0.13603048026561737","2314","2314","2314"
"231599","0.12741510570049286","0.12741510570049286","0.12741510570049286","2315","2315","2315"
"231699","0.13274209201335907","0.13274209201335907","0.13274209201335907","2316","2316","2316"
"231799","0.12263871729373932","0.12263871729373932","0.12263871729373932","2317","2317","2317"
"231899","0.128194198012352","0.128194198012352","0.128194198012352","2318","2318","2318"
"231999","0.12453675270080566","0.12453675270080566","0.12453675270080566","2319","2319","2319"
"232099","0.13604818284511566","0.13604818284511566","0.13604818284511566","2320","2320","2320"
"232199","0.12510423362255096","0.12510423362255096","0.12510423362255096","2321","2321","2321"
"232299","0.1307516098022461","0.1307516098022461","0.1307516098022461","2322","2322","2322"
"232399","0.13112233579158783","0.13112233579158783","0.13112233579158783","2323","2323","2323"
"232499","0.1292037069797516","0.1292037069797516","0.1292037069797516","2324","2324","2324"
"232599","0.1328844428062439","0.1328844428062439","0.1328844428062439","2325","2325","2325"
"232699","0.12550166249275208","0.12550166249275208","0.12550166249275208","2326","2326","2326"
"232799","0.1277410238981247","0.1277410238981247","0.1277410238981247","2327","2327","2327"
"232899","0.12697866559028625","0.12697866559028625","0.12697866559028625","2328","2328","2328"
"232999","0.13467958569526672","0.13467958569526672","0.13467958569526672","2329","2329","2329"
"233099","0.1313192993402481","0.1313192993402481","0.1313192993402481","2330","2330","2330"
"233199","0.12364668399095535","0.12364668399095535","0.12364668399095535","2331","2331","2331"
"233299","0.13022734224796295","0.13022734224796295","0.13022734224796295","2332","2332","2332"
"233399","0.13073039054870605","0.13073039054870605","0.13073039054870605","2333","2333","2333"
"233499","0.13021205365657806","0.13021205365657806","0.13021205365657806","2334","2334","2334"
"233599","0.1289801448583603","0.1289801448583603","0.1289801448583603","2335","2335","2335"
"233699","0.12915727496147156","0.12915727496147156","0.12915727496147156","2336","2336","2336"
"233799","0.12744379043579102","0.12744379043579102","0.12744379043579102","2337","2337","2337"
"233899","0.12824851274490356","0.12824851274490356","0.12824851274490356","2338","2338","2338"
"233999","0.1306440830230713","0.1306440830230713","0.1306440830230713","2339","2339","2339"
"234099","0.13294091820716858","0.13294091820716858","0.13294091820716858","2340","2340","2340"
"234199","0.13239748775959015","0.13239748775959015","0.13239748775959015","2341","2341","2341"
"234299","0.12634193897247314","0.12634193897247314","0.12634193897247314","2342","2342","2342"
"234399","0.12824544310569763","0.12824544310569763","0.12824544310569763","2343","2343","2343"
"234499","0.13280943036079407","0.13280943036079407","0.13280943036079407","2344","2344","2344"
"234599","0.1323055922985077","0.1323055922985077","0.1323055922985077","2345","2345","2345"
"234699","0.12663117051124573","0.12663117051124573","0.12663117051124573","2346","2346","2346"
"234799","0.13364024460315704","0.13364024460315704","0.13364024460315704","2347","2347","2347"
"234899","0.1259768158197403","0.1259768158197403","0.1259768158197403","2348","2348","2348"
"234999","0.12986935675144196","0.12986935675144196","0.12986935675144196","2349","2349","2349"
"235099","0.1277131289243698","0.1277131289243698","0.1277131289243698","2350","2350","2350"
"235199","0.13158391416072845","0.13158391416072845","0.13158391416072845","2351","2351","2351"
"235299","0.1250617802143097","0.1250617802143097","0.1250617802143097","2352","2352","2352"
"235399","0.12874552607536316","0.12874552607536316","0.12874552607536316","2353","2353","2353"
"235499","0.13050366938114166","0.13050366938114166","0.13050366938114166","2354","2354","2354"
"235599","0.12492945045232773","0.12492945045232773","0.12492945045232773","2355","2355","2355"
"235699","0.13026204705238342","0.13026204705238342","0.13026204705238342","2356","2356","2356"
"235799","0.12320249527692795","0.12320249527692795","0.12320249527692795","2357","2357","2357"
"235899","0.12535430490970612","0.12535430490970612","0.12535430490970612","2358","2358","2358"
"235999","0.1317073106765747","0.1317073106765747","0.1317073106765747","2359","2359","2359"
"236099","0.122830830514431","0.122830830514431","0.122830830514431","2360","2360","2360"
"236199","0.13254952430725098","0.13254952430725098","0.13254952430725098","2361","2361","2361"
"236299","0.13170883059501648","0.13170883059501648","0.13170883059501648","2362","2362","2362"
"236399","0.11889610439538956","0.11889610439538956","0.11889610439538956","2363","2363","2363"
"236499","0.13623040914535522","0.13623040914535522","0.13623040914535522","2364","2364","2364"
"236599","0.12927626073360443","0.12927626073360443","0.12927626073360443","2365","2365","2365"
"236699","0.12005877494812012","0.12005877494812012","0.12005877494812012","2366","2366","2366"
"236799","0.13410420715808868","0.13410420715808868","0.13410420715808868","2367","2367","2367"
"236899","0.12603896856307983","0.12603896856307983","0.12603896856307983","2368","2368","2368"
"236999","0.1320793330669403","0.1320793330669403","0.1320793330669403","2369","2369","2369"
"237099","0.13385844230651855","0.13385844230651855","0.13385844230651855","2370","2370","2370"
"237199","0.12817750871181488","0.12817750871181488","0.12817750871181488","2371","2371","2371"
"237299","0.13201399147510529","0.13201399147510529","0.13201399147510529","2372","2372","2372"
"237399","0.11869484931230545","0.11869484931230545","0.11869484931230545","2373","2373","2373"
"237499","0.1328645646572113","0.1328645646572113","0.1328645646572113","2374","2374","2374"
"237599","0.1305503249168396","0.1305503249168396","0.1305503249168396","2375","2375","2375"
"237699","0.13422921299934387","0.13422921299934387","0.13422921299934387","2376","2376","2376"
"237799","0.1273822784423828","0.1273822784423828","0.1273822784423828","2377","2377","2377"
"237899","0.1345033198595047","0.1345033198595047","0.1345033198595047","2378","2378","2378"
"237999","0.12609905004501343","0.12609905004501343","0.12609905004501343","2379","2379","2379"
"238099","0.1328323632478714","0.1328323632478714","0.1328323632478714","2380","2380","2380"
"238199","0.13008002936840057","0.13008002936840057","0.13008002936840057","2381","2381","2381"
"238299","0.13339905440807343","0.13339905440807343","0.13339905440807343","2382","2382","2382"
"238399","0.13005541265010834","0.13005541265010834","0.13005541265010834","2383","2383","2383"
"238499","0.1258421540260315","0.1258421540260315","0.1258421540260315","2384","2384","2384"
"238599","0.13693302869796753","0.13693302869796753","0.13693302869796753","2385","2385","2385"
"238699","0.12697233259677887","0.12697233259677887","0.12697233259677887","2386","2386","2386"
"238799","0.1281277984380722","0.1281277984380722","0.1281277984380722","2387","2387","2387"
"238899","0.12629199028015137","0.12629199028015137","0.12629199028015137","2388","2388","2388"
"238999","0.13033178448677063","0.13033178448677063","0.13033178448677063","2389","2389","2389"
"239099","0.1300339549779892","0.1300339549779892","0.1300339549779892","2390","2390","2390"
"239199","0.12854935228824615","0.12854935228824615","0.12854935228824615","2391","2391","2391"
"239299","0.1313363015651703","0.1313363015651703","0.1313363015651703","2392","2392","2392"
"239399","0.12794442474842072","0.12794442474842072","0.12794442474842072","2393","2393","2393"
"239499","0.12833307683467865","0.12833307683467865","0.12833307683467865","2394","2394","2394"
"239599","0.13824456930160522","0.13824456930160522","0.13824456930160522","2395","2395","2395"
"239699","0.12308786809444427","0.12308786809444427","0.12308786809444427","2396","2396","2396"
"239799","0.12305835634469986","0.12305835634469986","0.12305835634469986","2397","2397","2397"
"239899","0.1337108016014099","0.1337108016014099","0.1337108016014099","2398","2398","2398"
"239999","0.12614215910434723","0.12614215910434723","0.12614215910434723","2399","2399","2399"
"240099","0.13066372275352478","0.13066372275352478","0.13066372275352478","2400","2400","2400"
"240199","0.13482142984867096","0.13482142984867096","0.13482142984867096","2401","2401","2401"
"240299","0.12593145668506622","0.12593145668506622","0.12593145668506622","2402","2402","2402"
"240399","0.12418830394744873","0.12418830394744873","0.12418830394744873","2403","2403","2403"
"240499","0.13028967380523682","0.13028967380523682","0.13028967380523682","2404","2404","2404"
"240599","0.126716747879982","0.126716747879982","0.126716747879982","2405","2405","2405"
"240699","0.12448889762163162","0.12448889762163162","0.12448889762163162","2406","2406","2406"
"240799","0.13277126848697662","0.13277126848697662","0.13277126848697662","2407","2407","2407"
"240899","0.13011978566646576","0.13011978566646576","0.13011978566646576","2408","2408","2408"
"240999","0.12440240383148193","0.12440240383148193","0.12440240383148193","2409","2409","2409"
"241099","0.12231482565402985","0.12231482565402985","0.12231482565402985","2410","2410","2410"
"241199","0.1358271837234497","0.1358271837234497","0.1358271837234497","2411","2411","2411"
"241299","0.12351583689451218","0.12351583689451218","0.12351583689451218","2412","2412","2412"
"241399","0.12987805902957916","0.12987805902957916","0.12987805902957916","2413","2413","2413"
"241499","0.13483360409736633","0.13483360409736633","0.13483360409736633","2414","2414","2414"
"241599","0.12994545698165894","0.12994545698165894","0.12994545698165894","2415","2415","2415"
"241699","0.1308020055294037","0.1308020055294037","0.1308020055294037","2416","2416","2416"
"241799","0.1242627277970314","0.1242627277970314","0.1242627277970314","2417","2417","2417"
"241899","0.12592467665672302","0.12592467665672302","0.12592467665672302","2418","2418","2418"
"241999","0.1226237565279007","0.1226237565279007","0.1226237565279007","2419","2419","2419"
"242099","0.13003221154212952","0.13003221154212952","0.13003221154212952","2420","2420","2420"
"242199","0.1331082135438919","0.1331082135438919","0.1331082135438919","2421","2421","2421"
"242299","0.13130657374858856","0.13130657374858856","0.13130657374858856","2422","2422","2422"
"242399","0.12911295890808105","0.12911295890808105","0.12911295890808105","2423","2423","2423"
"242499","0.12492671608924866","0.12492671608924866","0.12492671608924866","2424","2424","2424"
"242599","0.12737049162387848","0.12737049162387848","0.12737049162387848","2425","2425","2425"
"242699","0.1305438131093979","0.1305438131093979","0.1305438131093979","2426","2426","2426"
"242799","0.1287536472082138","0.1287536472082138","0.1287536472082138","2427","2427","2427"
"242899","0.1287883073091507","0.1287883073091507","0.1287883073091507","2428","2428","2428"
"242999","0.1320233941078186","0.1320233941078186","0.1320233941078186","2429","2429","2429"
"243099","0.1271439492702484","0.1271439492702484","0.1271439492702484","2430","2430","2430"
"243199","0.12920372188091278","0.12920372188091278","0.12920372188091278","2431","2431","2431"
"243299","0.13762205839157104","0.13762205839157104","0.13762205839157104","2432","2432","2432"
"243399","0.1260029673576355","0.1260029673576355","0.1260029673576355","2433","2433","2433"
"243499","0.12774625420570374","0.12774625420570374","0.12774625420570374","2434","2434","2434"
"243599","0.13400082290172577","0.13400082290172577","0.13400082290172577","2435","2435","2435"
"243699","0.12904593348503113","0.12904593348503113","0.12904593348503113","2436","2436","2436"
"243799","0.1260385662317276","0.1260385662317276","0.1260385662317276","2437","2437","2437"
"243899","0.12603452801704407","0.12603452801704407","0.12603452801704407","2438","2438","2438"
"243999","0.13110685348510742","0.13110685348510742","0.13110685348510742","2439","2439","2439"
"244099","0.12650644779205322","0.12650644779205322","0.12650644779205322","2440","2440","2440"
"244199","0.13237856328487396","0.13237856328487396","0.13237856328487396","2441","2441","2441"
"244299","0.12671437859535217","0.12671437859535217","0.12671437859535217","2442","2442","2442"
"244399","0.1257125735282898","0.1257125735282898","0.1257125735282898","2443","2443","2443"
"244499","0.1241566389799118","0.1241566389799118","0.1241566389799118","2444","2444","2444"
"244599","0.12609444558620453","0.12609444558620453","0.12609444558620453","2445","2445","2445"
"244699","0.12197720259428024","0.12197720259428024","0.12197720259428024","2446","2446","2446"
"244799","0.12844392657279968","0.12844392657279968","0.12844392657279968","2447","2447","2447"
"244899","0.13294605910778046","0.13294605910778046","0.13294605910778046","2448","2448","2448"
"244999","0.12862612307071686","0.12862612307071686","0.12862612307071686","2449","2449","2449"
"245099","0.1334960013628006","0.1334960013628006","0.1334960013628006","2450","2450","2450"
"245199","0.1313987672328949","0.1313987672328949","0.1313987672328949","2451","2451","2451"
"245299","0.1315700262784958","0.1315700262784958","0.1315700262784958","2452","2452","2452"
"245399","0.1293053925037384","0.1293053925037384","0.1293053925037384","2453","2453","2453"
"245499","0.12689194083213806","0.12689194083213806","0.12689194083213806","2454","2454","2454"
"245599","0.12947358191013336","0.12947358191013336","0.12947358191013336","2455","2455","2455"
"245699","0.13142523169517517","0.13142523169517517","0.13142523169517517","2456","2456","2456"
"245799","0.1216529905796051","0.1216529905796051","0.1216529905796051","2457","2457","2457"
"245899","0.1272960901260376","0.1272960901260376","0.1272960901260376","2458","2458","2458"
"245999","0.12616920471191406","0.12616920471191406","0.12616920471191406","2459","2459","2459"
"246099","0.12695574760437012","0.12695574760437012","0.12695574760437012","2460","2460","2460"
"246199","0.1316191554069519","0.1316191554069519","0.1316191554069519","2461","2461","2461"
"246299","0.1274196207523346","0.1274196207523346","0.1274196207523346","2462","2462","2462"
"246399","0.12431823462247849","0.12431823462247849","0.12431823462247849","2463","2463","2463"
"246499","0.12827269732952118","0.12827269732952118","0.12827269732952118","2464","2464","2464"
"246599","0.12626159191131592","0.12626159191131592","0.12626159191131592","2465","2465","2465"
"246699","0.12808027863502502","0.12808027863502502","0.12808027863502502","2466","2466","2466"
"246799","0.13069622218608856","0.13069622218608856","0.13069622218608856","2467","2467","2467"
"246899","0.13067498803138733","0.13067498803138733","0.13067498803138733","2468","2468","2468"
"246999","0.12546156346797943","0.12546156346797943","0.12546156346797943","2469","2469","2469"
"247099","0.12568622827529907","0.12568622827529907","0.12568622827529907","2470","2470","2470"
"247199","0.13103874027729034","0.13103874027729034","0.13103874027729034","2471","2471","2471"
"247299","0.1313476860523224","0.1313476860523224","0.1313476860523224","2472","2472","2472"
"247399","0.12912094593048096","0.12912094593048096","0.12912094593048096","2473","2473","2473"
"247499","0.1356993019580841","0.1356993019580841","0.1356993019580841","2474","2474","2474"
"247599","0.12571066617965698","0.12571066617965698","0.12571066617965698","2475","2475","2475"
"247699","0.12561029195785522","0.12561029195785522","0.12561029195785522","2476","2476","2476"
"247799","0.12895308434963226","0.12895308434963226","0.12895308434963226","2477","2477","2477"
"247899","0.12082774937152863","0.12082774937152863","0.12082774937152863","2478","2478","2478"
"247999","0.13274972140789032","0.13274972140789032","0.13274972140789032","2479","2479","2479"
"248099","0.12849880754947662","0.12849880754947662","0.12849880754947662","2480","2480","2480"
"248199","0.13236914575099945","0.13236914575099945","0.13236914575099945","2481","2481","2481"
"248299","0.13097991049289703","0.13097991049289703","0.13097991049289703","2482","2482","2482"
"248399","0.1273355334997177","0.1273355334997177","0.1273355334997177","2483","2483","2483"
"248499","0.1317267268896103","0.1317267268896103","0.1317267268896103","2484","2484","2484"
"248599","0.12540407478809357","0.12540407478809357","0.12540407478809357","2485","2485","2485"
"248699","0.1309448778629303","0.1309448778629303","0.1309448778629303","2486","2486","2486"
"248799","0.12636511027812958","0.12636511027812958","0.12636511027812958","2487","2487","2487"
"248899","0.136625736951828","0.136625736951828","0.136625736951828","2488","2488","2488"
"248999","0.12074145674705505","0.12074145674705505","0.12074145674705505","2489","2489","2489"
"249099","0.1299978792667389","0.1299978792667389","0.1299978792667389","2490","2490","2490"
"249199","0.13578909635543823","0.13578909635543823","0.13578909635543823","2491","2491","2491"
"249299","0.13035616278648376","0.13035616278648376","0.13035616278648376","2492","2492","2492"
"249399","0.12477532774209976","0.12477532774209976","0.12477532774209976","2493","2493","2493"
"249499","0.12497987598180771","0.12497987598180771","0.12497987598180771","2494","2494","2494"
"249599","0.13530515134334564","0.13530515134334564","0.13530515134334564","2495","2495","2495"
"249699","0.12651406228542328","0.12651406228542328","0.12651406228542328","2496","2496","2496"
"249799","0.12658075988292694","0.12658075988292694","0.12658075988292694","2497","2497","2497"
"249899","0.13014136254787445","0.13014136254787445","0.13014136254787445","2498","2498","2498"
"249999","0.12708845734596252","0.12708845734596252","0.12708845734596252","2499","2499","2499"
"250099","0.1273467093706131","0.1273467093706131","0.1273467093706131","2500","2500","2500"
"250199","0.12506702542304993","0.12506702542304993","0.12506702542304993","2501","2501","2501"
"250299","0.13383327424526215","0.13383327424526215","0.13383327424526215","2502","2502","2502"
"250399","0.12407799065113068","0.12407799065113068","0.12407799065113068","2503","2503","2503"
"250499","0.12708260118961334","0.12708260118961334","0.12708260118961334","2504","2504","2504"
"250599","0.12312295287847519","0.12312295287847519","0.12312295287847519","2505","2505","2505"
"250699","0.1334412395954132","0.1334412395954132","0.1334412395954132","2506","2506","2506"
"250799","0.12782630324363708","0.12782630324363708","0.12782630324363708","2507","2507","2507"
"250899","0.12676720321178436","0.12676720321178436","0.12676720321178436","2508","2508","2508"
"250999","0.12508556246757507","0.12508556246757507","0.12508556246757507","2509","2509","2509"
"251099","0.1273801475763321","0.1273801475763321","0.1273801475763321","2510","2510","2510"
"251199","0.1276894360780716","0.1276894360780716","0.1276894360780716","2511","2511","2511"
"251299","0.1328069418668747","0.1328069418668747","0.1328069418668747","2512","2512","2512"
"251399","0.12890715897083282","0.12890715897083282","0.12890715897083282","2513","2513","2513"
"251499","0.12627866864204407","0.12627866864204407","0.12627866864204407","2514","2514","2514"
"251599","0.13418957591056824","0.13418957591056824","0.13418957591056824","2515","2515","2515"
"251699","0.13244310021400452","0.13244310021400452","0.13244310021400452","2516","2516","2516"
"251799","0.13726387917995453","0.13726387917995453","0.13726387917995453","2517","2517","2517"
"251899","0.13168394565582275","0.13168394565582275","0.13168394565582275","2518","2518","2518"
"251999","0.12872838973999023","0.12872838973999023","0.12872838973999023","2519","2519","2519"
"252099","0.1282985955476761","0.1282985955476761","0.1282985955476761","2520","2520","2520"
"252199","0.12480631470680237","0.12480631470680237","0.12480631470680237","2521","2521","2521"
"252299","0.12901386618614197","0.12901386618614197","0.12901386618614197","2522","2522","2522"
"252399","0.1347040832042694","0.1347040832042694","0.1347040832042694","2523","2523","2523"
"252499","0.11988062411546707","0.11988062411546707","0.11988062411546707","2524","2524","2524"
"252599","0.1268780529499054","0.1268780529499054","0.1268780529499054","2525","2525","2525"
"252699","0.12862783670425415","0.12862783670425415","0.12862783670425415","2526","2526","2526"
"252799","0.12404701113700867","0.12404701113700867","0.12404701113700867","2527","2527","2527"
"252899","0.12702542543411255","0.12702542543411255","0.12702542543411255","2528","2528","2528"
"252999","0.14022709429264069","0.14022709429264069","0.14022709429264069","2529","2529","2529"
"253099","0.13388241827487946","0.13388241827487946","0.13388241827487946","2530","2530","2530"
"253199","0.12298379093408585","0.12298379093408585","0.12298379093408585","2531","2531","2531"
"253299","0.12954512238502502","0.12954512238502502","0.12954512238502502","2532","2532","2532"
"253399","0.1336052566766739","0.1336052566766739","0.1336052566766739","2533","2533","2533"
"253499","0.13005894422531128","0.13005894422531128","0.13005894422531128","2534","2534","2534"
"253599","0.1243925616145134","0.1243925616145134","0.1243925616145134","2535","2535","2535"
"253699","0.1288919299840927","0.1288919299840927","0.1288919299840927","2536","2536","2536"
"253799","0.12570010125637054","0.12570010125637054","0.12570010125637054","2537","2537","2537"
"253899","0.13301976025104523","0.13301976025104523","0.13301976025104523","2538","2538","2538"
"253999","0.12747041881084442","0.12747041881084442","0.12747041881084442","2539","2539","2539"
"254099","0.1289171427488327","0.1289171427488327","0.1289171427488327","2540","2540","2540"
"254199","0.12735150754451752","0.12735150754451752","0.12735150754451752","2541","2541","2541"
"254299","0.13145452737808228","0.13145452737808228","0.13145452737808228","2542","2542","2542"
"254399","0.13748620450496674","0.13748620450496674","0.13748620450496674","2543","2543","2543"
"254499","0.13293664157390594","0.13293664157390594","0.13293664157390594","2544","2544","2544"
"254599","0.12660153210163116","0.12660153210163116","0.12660153210163116","2545","2545","2545"
"254699","0.12835049629211426","0.12835049629211426","0.12835049629211426","2546","2546","2546"
"254799","0.1274780035018921","0.1274780035018921","0.1274780035018921","2547","2547","2547"
"254899","0.13818314671516418","0.13818314671516418","0.13818314671516418","2548","2548","2548"
"254999","0.12964566051959991","0.12964566051959991","0.12964566051959991","2549","2549","2549"
"255099","0.12634938955307007","0.12634938955307007","0.12634938955307007","2550","2550","2550"
"255199","0.1286117434501648","0.1286117434501648","0.1286117434501648","2551","2551","2551"
"255299","0.12728044390678406","0.12728044390678406","0.12728044390678406","2552","2552","2552"
"255399","0.12903310358524323","0.12903310358524323","0.12903310358524323","2553","2553","2553"
"255499","0.12770459055900574","0.12770459055900574","0.12770459055900574","2554","2554","2554"
"255599","0.13139639794826508","0.13139639794826508","0.13139639794826508","2555","2555","2555"
"255699","0.13403765857219696","0.13403765857219696","0.13403765857219696","2556","2556","2556"
"255799","0.13258595764636993","0.13258595764636993","0.13258595764636993","2557","2557","2557"
"255899","0.12792794406414032","0.12792794406414032","0.12792794406414032","2558","2558","2558"
"255999","0.12707968056201935","0.12707968056201935","0.12707968056201935","2559","2559","2559"
"256099","0.1278289258480072","0.1278289258480072","0.1278289258480072","2560","2560","2560"
"256199","0.12348394840955734","0.12348394840955734","0.12348394840955734","2561","2561","2561"
"256299","0.12771524488925934","0.12771524488925934","0.12771524488925934","2562","2562","2562"
"256399","0.12646296620368958","0.12646296620368958","0.12646296620368958","2563","2563","2563"
"256499","0.12546281516551971","0.12546281516551971","0.12546281516551971","2564","2564","2564"
"256599","0.1313493847846985","0.1313493847846985","0.1313493847846985","2565","2565","2565"
"256699","0.12726439535617828","0.12726439535617828","0.12726439535617828","2566","2566","2566"
"256799","0.12979422509670258","0.12979422509670258","0.12979422509670258","2567","2567","2567"
"256899","0.12711258232593536","0.12711258232593536","0.12711258232593536","2568","2568","2568"
"256999","0.12874001264572144","0.12874001264572144","0.12874001264572144","2569","2569","2569"
"257099","0.13092948496341705","0.13092948496341705","0.13092948496341705","2570","2570","2570"
"257199","0.12744517624378204","0.12744517624378204","0.12744517624378204","2571","2571","2571"
"257299","0.12267731130123138","0.12267731130123138","0.12267731130123138","2572","2572","2572"
"257399","0.12721389532089233","0.12721389532089233","0.12721389532089233","2573","2573","2573"
"257499","0.1299634575843811","0.1299634575843811","0.1299634575843811","2574","2574","2574"
"257599","0.12999407947063446","0.12999407947063446","0.12999407947063446","2575","2575","2575"
"257699","0.12736563384532928","0.12736563384532928","0.12736563384532928","2576","2576","2576"
"257799","0.12780627608299255","0.12780627608299255","0.12780627608299255","2577","2577","2577"
"257899","0.13469505310058594","0.13469505310058594","0.13469505310058594","2578","2578","2578"
"257999","0.13109365105628967","0.13109365105628967","0.13109365105628967","2579","2579","2579"
"258099","0.12955068051815033","0.12955068051815033","0.12955068051815033","2580","2580","2580"
"258199","0.13126422464847565","0.13126422464847565","0.13126422464847565","2581","2581","2581"
"258299","0.12729941308498383","0.12729941308498383","0.12729941308498383","2582","2582","2582"
"258399","0.12623059749603271","0.12623059749603271","0.12623059749603271","2583","2583","2583"
"258499","0.12600566446781158","0.12600566446781158","0.12600566446781158","2584","2584","2584"
"258599","0.1243150383234024","0.1243150383234024","0.1243150383234024","2585","2585","2585"
"258699","0.12669876217842102","0.12669876217842102","0.12669876217842102","2586","2586","2586"
"258799","0.13477098941802979","0.13477098941802979","0.13477098941802979","2587","2587","2587"
"258899","0.12758180499076843","0.12758180499076843","0.12758180499076843","2588","2588","2588"
"258999","0.12556806206703186","0.12556806206703186","0.12556806206703186","2589","2589","2589"
"259099","0.12423884123563766","0.12423884123563766","0.12423884123563766","2590","2590","2590"
"259199","0.12453824281692505","0.12453824281692505","0.12453824281692505","2591","2591","2591"
"259299","0.12879173457622528","0.12879173457622528","0.12879173457622528","2592","2592","2592"
"259399","0.13006451725959778","0.13006451725959778","0.13006451725959778","2593","2593","2593"
"259499","0.13342374563217163","0.13342374563217163","0.13342374563217163","2594","2594","2594"
"259599","0.13214033842086792","0.13214033842086792","0.13214033842086792","2595","2595","2595"
"259699","0.13126911222934723","0.13126911222934723","0.13126911222934723","2596","2596","2596"
"259799","0.13087038695812225","0.13087038695812225","0.13087038695812225","2597","2597","2597"
"259899","0.1302410066127777","0.1302410066127777","0.1302410066127777","2598","2598","2598"
"259999","0.12695935368537903","0.12695935368537903","0.12695935368537903","2599","2599","2599"
"260099","0.12405388802289963","0.12405388802289963","0.12405388802289963","2600","2600","2600"
"260199","0.13029058277606964","0.13029058277606964","0.13029058277606964","2601","2601","2601"
"260299","0.13269111514091492","0.13269111514091492","0.13269111514091492","2602","2602","2602"
"260399","0.13145118951797485","0.13145118951797485","0.13145118951797485","2603","2603","2603"
"260499","0.12659427523612976","0.12659427523612976","0.12659427523612976","2604","2604","2604"
"260599","0.13412216305732727","0.13412216305732727","0.13412216305732727","2605","2605","2605"
"260699","0.12722529470920563","0.12722529470920563","0.12722529470920563","2606","2606","2606"
"260799","0.13038255274295807","0.13038255274295807","0.13038255274295807","2607","2607","2607"
"260899","0.1329718828201294","0.1329718828201294","0.1329718828201294","2608","2608","2608"
"260999","0.12523514032363892","0.12523514032363892","0.12523514032363892","2609","2609","2609"
"261099","0.1327090561389923","0.1327090561389923","0.1327090561389923","2610","2610","2610"
"261199","0.13080750405788422","0.13080750405788422","0.13080750405788422","2611","2611","2611"
"261299","0.1313190758228302","0.1313190758228302","0.1313190758228302","2612","2612","2612"
"261399","0.1279519945383072","0.1279519945383072","0.1279519945383072","2613","2613","2613"
"261499","0.12665322422981262","0.12665322422981262","0.12665322422981262","2614","2614","2614"
"261599","0.12717965245246887","0.12717965245246887","0.12717965245246887","2615","2615","2615"
"261699","0.13058097660541534","0.13058097660541534","0.13058097660541534","2616","2616","2616"
"261799","0.1263405680656433","0.1263405680656433","0.1263405680656433","2617","2617","2617"
"261899","0.12984512746334076","0.12984512746334076","0.12984512746334076","2618","2618","2618"
"261999","0.1282447874546051","0.1282447874546051","0.1282447874546051","2619","2619","2619"
"262099","0.12693148851394653","0.12693148851394653","0.12693148851394653","2620","2620","2620"
"262199","0.12683460116386414","0.12683460116386414","0.12683460116386414","2621","2621","2621"
"262299","0.12445027381181717","0.12445027381181717","0.12445027381181717","2622","2622","2622"
"262399","0.1345554143190384","0.1345554143190384","0.1345554143190384","2623","2623","2623"
"262499","0.12471622228622437","0.12471622228622437","0.12471622228622437","2624","2624","2624"
"262599","0.13300839066505432","0.13300839066505432","0.13300839066505432","2625","2625","2625"
"262699","0.12420345097780228","0.12420345097780228","0.12420345097780228","2626","2626","2626"
"262799","0.12858518958091736","0.12858518958091736","0.12858518958091736","2627","2627","2627"
"262899","0.129015251994133","0.129015251994133","0.129015251994133","2628","2628","2628"
"262999","0.13357973098754883","0.13357973098754883","0.13357973098754883","2629","2629","2629"
"263099","0.12587998807430267","0.12587998807430267","0.12587998807430267","2630","2630","2630"
"263199","0.12758561968803406","0.12758561968803406","0.12758561968803406","2631","2631","2631"
"263299","0.12702198326587677","0.12702198326587677","0.12702198326587677","2632","2632","2632"
"263399","0.1284715086221695","0.1284715086221695","0.1284715086221695","2633","2633","2633"
"263499","0.12947040796279907","0.12947040796279907","0.12947040796279907","2634","2634","2634"
"263599","0.1264118105173111","0.1264118105173111","0.1264118105173111","2635","2635","2635"
"263699","0.12795224785804749","0.12795224785804749","0.12795224785804749","2636","2636","2636"
"263799","0.12838587164878845","0.12838587164878845","0.12838587164878845","2637","2637","2637"
"263899","0.12683561444282532","0.12683561444282532","0.12683561444282532","2638","2638","2638"
"263999","0.12246108055114746","0.12246108055114746","0.12246108055114746","2639","2639","2639"
"264099","0.13240626454353333","0.13240626454353333","0.13240626454353333","2640","2640","2640"
"264199","0.13258785009384155","0.13258785009384155","0.13258785009384155","2641","2641","2641"
"264299","0.1334204524755478","0.1334204524755478","0.1334204524755478","2642","2642","2642"
"264399","0.12793153524398804","0.12793153524398804","0.12793153524398804","2643","2643","2643"
"264499","0.13240274786949158","0.13240274786949158","0.13240274786949158","2644","2644","2644"
"264599","0.1246325820684433","0.1246325820684433","0.1246325820684433","2645","2645","2645"
"264699","0.13046710193157196","0.13046710193157196","0.13046710193157196","2646","2646","2646"
"264799","0.12377610802650452","0.12377610802650452","0.12377610802650452","2647","2647","2647"
"264899","0.1295253187417984","0.1295253187417984","0.1295253187417984","2648","2648","2648"
"264999","0.12550029158592224","0.12550029158592224","0.12550029158592224","2649","2649","2649"
"265099","0.13269399106502533","0.13269399106502533","0.13269399106502533","2650","2650","2650"
"265199","0.12617552280426025","0.12617552280426025","0.12617552280426025","2651","2651","2651"
"265299","0.13072174787521362","0.13072174787521362","0.13072174787521362","2652","2652","2652"
"265399","0.1331057846546173","0.1331057846546173","0.1331057846546173","2653","2653","2653"
"265499","0.1259700059890747","0.1259700059890747","0.1259700059890747","2654","2654","2654"
"265599","0.12958195805549622","0.12958195805549622","0.12958195805549622","2655","2655","2655"
"265699","0.1295190006494522","0.1295190006494522","0.1295190006494522","2656","2656","2656"
"265799","0.12331617623567581","0.12331617623567581","0.12331617623567581","2657","2657","2657"
"265899","0.13072454929351807","0.13072454929351807","0.13072454929351807","2658","2658","2658"
"265999","0.1271258145570755","0.1271258145570755","0.1271258145570755","2659","2659","2659"
"266099","0.12524116039276123","0.12524116039276123","0.12524116039276123","2660","2660","2660"
"266199","0.12766404449939728","0.12766404449939728","0.12766404449939728","2661","2661","2661"
"266299","0.13174878060817719","0.13174878060817719","0.13174878060817719","2662","2662","2662"
"266399","0.13048742711544037","0.13048742711544037","0.13048742711544037","2663","2663","2663"
"266499","0.1265590339899063","0.1265590339899063","0.1265590339899063","2664","2664","2664"
"266599","0.12889325618743896","0.12889325618743896","0.12889325618743896","2665","2665","2665"
"266699","0.13234321773052216","0.13234321773052216","0.13234321773052216","2666","2666","2666"
"266799","0.12659810483455658","0.12659810483455658","0.12659810483455658","2667","2667","2667"
"266899","0.1333048790693283","0.1333048790693283","0.1333048790693283","2668","2668","2668"
"266999","0.12791498005390167","0.12791498005390167","0.12791498005390167","2669","2669","2669"
"267099","0.1321171522140503","0.1321171522140503","0.1321171522140503","2670","2670","2670"
"267199","0.13476784527301788","0.13476784527301788","0.13476784527301788","2671","2671","2671"
"267299","0.13073016703128815","0.13073016703128815","0.13073016703128815","2672","2672","2672"
"267399","0.138727605342865","0.138727605342865","0.138727605342865","2673","2673","2673"
"267499","0.12320443987846375","0.12320443987846375","0.12320443987846375","2674","2674","2674"
"267599","0.13477198779582977","0.13477198779582977","0.13477198779582977","2675","2675","2675"
"267699","0.12918250262737274","0.12918250262737274","0.12918250262737274","2676","2676","2676"
"267799","0.12395641207695007","0.12395641207695007","0.12395641207695007","2677","2677","2677"
"267899","0.12719117105007172","0.12719117105007172","0.12719117105007172","2678","2678","2678"
"267999","0.1274837702512741","0.1274837702512741","0.1274837702512741","2679","2679","2679"
"268099","0.1201620101928711","0.1201620101928711","0.1201620101928711","2680","2680","2680"
"268199","0.12992163002490997","0.12992163002490997","0.12992163002490997","2681","2681","2681"
"268299","0.12350458651781082","0.12350458651781082","0.12350458651781082","2682","2682","2682"
"268399","0.13224256038665771","0.13224256038665771","0.13224256038665771","2683","2683","2683"
"268499","0.1304364800453186","0.1304364800453186","0.1304364800453186","2684","2684","2684"
"268599","0.13101759552955627","0.13101759552955627","0.13101759552955627","2685","2685","2685"
"268699","0.12991882860660553","0.12991882860660553","0.12991882860660553","2686","2686","2686"
"268799","0.12292159348726273","0.12292159348726273","0.12292159348726273","2687","2687","2687"
"268899","0.12627966701984406","0.12627966701984406","0.12627966701984406","2688","2688","2688"
"268999","0.1257926970720291","0.1257926970720291","0.1257926970720291","2689","2689","2689"
"269099","0.12537863850593567","0.12537863850593567","0.12537863850593567","2690","2690","2690"
"269199","0.12700340151786804","0.12700340151786804","0.12700340151786804","2691","2691","2691"
"269299","0.13011814653873444","0.13011814653873444","0.13011814653873444","2692","2692","2692"
"269399","0.1336824744939804","0.1336824744939804","0.1336824744939804","2693","2693","2693"
"269499","0.12725991010665894","0.12725991010665894","0.12725991010665894","2694","2694","2694"
"269599","0.13253991305828094","0.13253991305828094","0.13253991305828094","2695","2695","2695"
"269699","0.13526898622512817","0.13526898622512817","0.13526898622512817","2696","2696","2696"
"269799","0.12957417964935303","0.12957417964935303","0.12957417964935303","2697","2697","2697"
"269899","0.13005371391773224","0.13005371391773224","0.13005371391773224","2698","2698","2698"
"269999","0.13729314506053925","0.13729314506053925","0.13729314506053925","2699","2699","2699"
"270099","0.12305712699890137","0.12305712699890137","0.12305712699890137","2700","2700","2700"
"270199","0.12914912402629852","0.12914912402629852","0.12914912402629852","2701","2701","2701"
"270299","0.12716928124427795","0.12716928124427795","0.12716928124427795","2702","2702","2702"
"270399","0.13176709413528442","0.13176709413528442","0.13176709413528442","2703","2703","2703"
"270499","0.12632209062576294","0.12632209062576294","0.12632209062576294","2704","2704","2704"
"270599","0.13010762631893158","0.13010762631893158","0.13010762631893158","2705","2705","2705"
"270699","0.12971161305904388","0.12971161305904388","0.12971161305904388","2706","2706","2706"
"270799","0.12989617884159088","0.12989617884159088","0.12989617884159088","2707","2707","2707"
"270899","0.1313733607530594","0.1313733607530594","0.1313733607530594","2708","2708","2708"
"270999","0.13566012680530548","0.13566012680530548","0.13566012680530548","2709","2709","2709"
"271099","0.13049688935279846","0.13049688935279846","0.13049688935279846","2710","2710","2710"
"271199","0.1252659559249878","0.1252659559249878","0.1252659559249878","2711","2711","2711"
"271299","0.12838049232959747","0.12838049232959747","0.12838049232959747","2712","2712","2712"
"271399","0.13370054960250854","0.13370054960250854","0.13370054960250854","2713","2713","2713"
"271499","0.1257411241531372","0.1257411241531372","0.1257411241531372","2714","2714","2714"
"271599","0.13648700714111328","0.13648700714111328","0.13648700714111328","2715","2715","2715"
"271699","0.12634070217609406","0.12634070217609406","0.12634070217609406","2716","2716","2716"
"271799","0.12770690023899078","0.12770690023899078","0.12770690023899078","2717","2717","2717"
"271899","0.12993662059307098","0.12993662059307098","0.12993662059307098","2718","2718","2718"
"271999","0.13076122105121613","0.13076122105121613","0.13076122105121613","2719","2719","2719"
"272099","0.13073502480983734","0.13073502480983734","0.13073502480983734","2720","2720","2720"
"272199","0.13280677795410156","0.13280677795410156","0.13280677795410156","2721","2721","2721"
"272299","0.13559924066066742","0.13559924066066742","0.13559924066066742","2722","2722","2722"
"272399","0.12259024381637573","0.12259024381637573","0.12259024381637573","2723","2723","2723"
"272499","0.12986193597316742","0.12986193597316742","0.12986193597316742","2724","2724","2724"
"272599","0.12788332998752594","0.12788332998752594","0.12788332998752594","2725","2725","2725"
"272699","0.13059329986572266","0.13059329986572266","0.13059329986572266","2726","2726","2726"
"272799","0.12919293344020844","0.12919293344020844","0.12919293344020844","2727","2727","2727"
"272899","0.12455566227436066","0.12455566227436066","0.12455566227436066","2728","2728","2728"
"272999","0.12434225529432297","0.12434225529432297","0.12434225529432297","2729","2729","2729"
"273099","0.12610426545143127","0.12610426545143127","0.12610426545143127","2730","2730","2730"
"273199","0.1315050572156906","0.1315050572156906","0.1315050572156906","2731","2731","2731"
"273299","0.12635713815689087","0.12635713815689087","0.12635713815689087","2732","2732","2732"
"273399","0.12739421427249908","0.12739421427249908","0.12739421427249908","2733","2733","2733"
"273499","0.12692423164844513","0.12692423164844513","0.12692423164844513","2734","2734","2734"
"273599","0.12950891256332397","0.12950891256332397","0.12950891256332397","2735","2735","2735"
"273699","0.12782832980155945","0.12782832980155945","0.12782832980155945","2736","2736","2736"
"273799","0.12692637741565704","0.12692637741565704","0.12692637741565704","2737","2737","2737"
"273899","0.12881481647491455","0.12881481647491455","0.12881481647491455","2738","2738","2738"
"273999","0.13110972940921783","0.13110972940921783","0.13110972940921783","2739","2739","2739"
"274099","0.12360390275716782","0.12360390275716782","0.12360390275716782","2740","2740","2740"
"274199","0.12652380764484406","0.12652380764484406","0.12652380764484406","2741","2741","2741"
"274299","0.1268286257982254","0.1268286257982254","0.1268286257982254","2742","2742","2742"
"274399","0.1288890391588211","0.1288890391588211","0.1288890391588211","2743","2743","2743"
"274499","0.13004499673843384","0.13004499673843384","0.13004499673843384","2744","2744","2744"
"274599","0.1331881731748581","0.1331881731748581","0.1331881731748581","2745","2745","2745"
"274699","0.1243741437792778","0.1243741437792778","0.1243741437792778","2746","2746","2746"
"274799","0.12541359663009644","0.12541359663009644","0.12541359663009644","2747","2747","2747"
"274899","0.13998089730739594","0.13998089730739594","0.13998089730739594","2748","2748","2748"
"274999","0.13288646936416626","0.13288646936416626","0.13288646936416626","2749","2749","2749"
"275099","0.12862177193164825","0.12862177193164825","0.12862177193164825","2750","2750","2750"
"275199","0.12863758206367493","0.12863758206367493","0.12863758206367493","2751","2751","2751"
"275299","0.1268620789051056","0.1268620789051056","0.1268620789051056","2752","2752","2752"
"275399","0.1255122870206833","0.1255122870206833","0.1255122870206833","2753","2753","2753"
"275499","0.12526081502437592","0.12526081502437592","0.12526081502437592","2754","2754","2754"
"275599","0.12925535440444946","0.12925535440444946","0.12925535440444946","2755","2755","2755"
"275699","0.12931178510189056","0.12931178510189056","0.12931178510189056","2756","2756","2756"
"275799","0.13001315295696259","0.13001315295696259","0.13001315295696259","2757","2757","2757"
"275899","0.12894324958324432","0.12894324958324432","0.12894324958324432","2758","2758","2758"
"275999","0.12563025951385498","0.12563025951385498","0.12563025951385498","2759","2759","2759"
"276099","0.12550273537635803","0.12550273537635803","0.12550273537635803","2760","2760","2760"
"276199","0.126222625374794","0.126222625374794","0.126222625374794","2761","2761","2761"
"276299","0.1269860565662384","0.1269860565662384","0.1269860565662384","2762","2762","2762"
"276399","0.12688380479812622","0.12688380479812622","0.12688380479812622","2763","2763","2763"
"276499","0.12366373836994171","0.12366373836994171","0.12366373836994171","2764","2764","2764"
"276599","0.13066886365413666","0.13066886365413666","0.13066886365413666","2765","2765","2765"
"276699","0.12883536517620087","0.12883536517620087","0.12883536517620087","2766","2766","2766"
"276799","0.12562187016010284","0.12562187016010284","0.12562187016010284","2767","2767","2767"
"276899","0.12131007015705109","0.12131007015705109","0.12131007015705109","2768","2768","2768"
"276999","0.12871050834655762","0.12871050834655762","0.12871050834655762","2769","2769","2769"
"277099","0.12453460693359375","0.12453460693359375","0.12453460693359375","2770","2770","2770"
"277199","0.12409529834985733","0.12409529834985733","0.12409529834985733","2771","2771","2771"
"277299","0.13233651220798492","0.13233651220798492","0.13233651220798492","2772","2772","2772"
"277399","0.1335512101650238","0.1335512101650238","0.1335512101650238","2773","2773","2773"
"277499","0.12533065676689148","0.12533065676689148","0.12533065676689148","2774","2774","2774"
"277599","0.12504859268665314","0.12504859268665314","0.12504859268665314","2775","2775","2775"
"277699","0.13022153079509735","0.13022153079509735","0.13022153079509735","2776","2776","2776"
"277799","0.12561297416687012","0.12561297416687012","0.12561297416687012","2777","2777","2777"
"277899","0.13056880235671997","0.13056880235671997","0.13056880235671997","2778","2778","2778"
"277999","0.1244630441069603","0.1244630441069603","0.1244630441069603","2779","2779","2779"
"278099","0.13603386282920837","0.13603386282920837","0.13603386282920837","2780","2780","2780"
"278199","0.1288190633058548","0.1288190633058548","0.1288190633058548","2781","2781","2781"
"278299","0.1265905648469925","0.1265905648469925","0.1265905648469925","2782","2782","2782"
"278399","0.12934432923793793","0.12934432923793793","0.12934432923793793","2783","2783","2783"
"278499","0.12623505294322968","0.12623505294322968","0.12623505294322968","2784","2784","2784"
"278599","0.13145340979099274","0.13145340979099274","0.13145340979099274","2785","2785","2785"
"278699","0.13140858709812164","0.13140858709812164","0.13140858709812164","2786","2786","2786"
"278799","0.1230560913681984","0.1230560913681984","0.1230560913681984","2787","2787","2787"
"278899","0.1344468891620636","0.1344468891620636","0.1344468891620636","2788","2788","2788"
"278999","0.12555427849292755","0.12555427849292755","0.12555427849292755","2789","2789","2789"
"279099","0.13367681205272675","0.13367681205272675","0.13367681205272675","2790","2790","2790"
"279199","0.12875664234161377","0.12875664234161377","0.12875664234161377","2791","2791","2791"
"279299","0.13337166607379913","0.13337166607379913","0.13337166607379913","2792","2792","2792"
"279399","0.1281658560037613","0.1281658560037613","0.1281658560037613","2793","2793","2793"
"279499","0.13690459728240967","0.13690459728240967","0.13690459728240967","2794","2794","2794"
"279599","0.12950094044208527","0.12950094044208527","0.12950094044208527","2795","2795","2795"
"279699","0.12939243018627167","0.12939243018627167","0.12939243018627167","2796","2796","2796"
"279799","0.12987004220485687","0.12987004220485687","0.12987004220485687","2797","2797","2797"
"279899","0.1272256076335907","0.1272256076335907","0.1272256076335907","2798","2798","2798"
"279999","0.12541285157203674","0.12541285157203674","0.12541285157203674","2799","2799","2799"
"280099","0.11694704741239548","0.11694704741239548","0.11694704741239548","2800","2800","2800"
"280199","0.13166889548301697","0.13166889548301697","0.13166889548301697","2801","2801","2801"
"280299","0.12688007950782776","0.12688007950782776","0.12688007950782776","2802","2802","2802"
"280399","0.1263696849346161","0.1263696849346161","0.1263696849346161","2803","2803","2803"
"280499","0.1322561353445053","0.1322561353445053","0.1322561353445053","2804","2804","2804"
"280599","0.12784598767757416","0.12784598767757416","0.12784598767757416","2805","2805","2805"
"280699","0.12682490050792694","0.12682490050792694","0.12682490050792694","2806","2806","2806"
"280799","0.12865020334720612","0.12865020334720612","0.12865020334720612","2807","2807","2807"
"280899","0.12669961154460907","0.12669961154460907","0.12669961154460907","2808","2808","2808"
"280999","0.1281808316707611","0.1281808316707611","0.1281808316707611","2809","2809","2809"
"281099","0.12098952382802963","0.12098952382802963","0.12098952382802963","2810","2810","2810"
"281199","0.13451778888702393","0.13451778888702393","0.13451778888702393","2811","2811","2811"
"281299","0.12840689718723297","0.12840689718723297","0.12840689718723297","2812","2812","2812"
"281399","0.1357240378856659","0.1357240378856659","0.1357240378856659","2813","2813","2813"
"281499","0.12917174398899078","0.12917174398899078","0.12917174398899078","2814","2814","2814"
"281599","0.12995631992816925","0.12995631992816925","0.12995631992816925","2815","2815","2815"
"281699","0.1267716884613037","0.1267716884613037","0.1267716884613037","2816","2816","2816"
"281799","0.12651696801185608","0.12651696801185608","0.12651696801185608","2817","2817","2817"
"281899","0.132184699177742","0.132184699177742","0.132184699177742","2818","2818","2818"
"281999","0.13142909109592438","0.13142909109592438","0.13142909109592438","2819","2819","2819"
"282099","0.12832631170749664","0.12832631170749664","0.12832631170749664","2820","2820","2820"
"282199","0.1286764144897461","0.1286764144897461","0.1286764144897461","2821","2821","2821"
"282299","0.13149197399616241","0.13149197399616241","0.13149197399616241","2822","2822","2822"
"282399","0.13305094838142395","0.13305094838142395","0.13305094838142395","2823","2823","2823"
"282499","0.1283869445323944","0.1283869445323944","0.1283869445323944","2824","2824","2824"
"282599","0.12960298359394073","0.12960298359394073","0.12960298359394073","2825","2825","2825"
"282699","0.13139159977436066","0.13139159977436066","0.13139159977436066","2826","2826","2826"
"282799","0.12892116606235504","0.12892116606235504","0.12892116606235504","2827","2827","2827"
"282899","0.1273586004972458","0.1273586004972458","0.1273586004972458","2828","2828","2828"
"282999","0.13299262523651123","0.13299262523651123","0.13299262523651123","2829","2829","2829"
"283099","0.1345539391040802","0.1345539391040802","0.1345539391040802","2830","2830","2830"
"283199","0.1323171854019165","0.1323171854019165","0.1323171854019165","2831","2831","2831"
"283299","0.12963511049747467","0.12963511049747467","0.12963511049747467","2832","2832","2832"
"283399","0.1293238252401352","0.1293238252401352","0.1293238252401352","2833","2833","2833"
"283499","0.12946708500385284","0.12946708500385284","0.12946708500385284","2834","2834","2834"
"283599","0.1301269829273224","0.1301269829273224","0.1301269829273224","2835","2835","2835"
"283699","0.12508055567741394","0.12508055567741394","0.12508055567741394","2836","2836","2836"
"283799","0.1297888457775116","0.1297888457775116","0.1297888457775116","2837","2837","2837"
"283899","0.13132017850875854","0.13132017850875854","0.13132017850875854","2838","2838","2838"
"283999","0.12177956104278564","0.12177956104278564","0.12177956104278564","2839","2839","2839"
"284099","0.12484247982501984","0.12484247982501984","0.12484247982501984","2840","2840","2840"
"284199","0.1308443248271942","0.1308443248271942","0.1308443248271942","2841","2841","2841"
"284299","0.1273292601108551","0.1273292601108551","0.1273292601108551","2842","2842","2842"
"284399","0.12685567140579224","0.12685567140579224","0.12685567140579224","2843","2843","2843"
"284499","0.12897203862667084","0.12897203862667084","0.12897203862667084","2844","2844","2844"
"284599","0.1224210187792778","0.1224210187792778","0.1224210187792778","2845","2845","2845"
"284699","0.1328113079071045","0.1328113079071045","0.1328113079071045","2846","2846","2846"
"284799","0.1329362988471985","0.1329362988471985","0.1329362988471985","2847","2847","2847"
"284899","0.12851686775684357","0.12851686775684357","0.12851686775684357","2848","2848","2848"
"284999","0.13188262283802032","0.13188262283802032","0.13188262283802032","2849","2849","2849"
"285099","0.12805473804473877","0.12805473804473877","0.12805473804473877","2850","2850","2850"
"285199","0.1305658519268036","0.1305658519268036","0.1305658519268036","2851","2851","2851"
"285299","0.12656980752944946","0.12656980752944946","0.12656980752944946","2852","2852","2852"
"285399","0.13065417110919952","0.13065417110919952","0.13065417110919952","2853","2853","2853"
"285499","0.12400580197572708","0.12400580197572708","0.12400580197572708","2854","2854","2854"
"285599","0.11927243322134018","0.11927243322134018","0.11927243322134018","2855","2855","2855"
"285699","0.12667913734912872","0.12667913734912872","0.12667913734912872","2856","2856","2856"
"285799","0.12823492288589478","0.12823492288589478","0.12823492288589478","2857","2857","2857"
"285899","0.12406522035598755","0.12406522035598755","0.12406522035598755","2858","2858","2858"
"285999","0.1261569857597351","0.1261569857597351","0.1261569857597351","2859","2859","2859"
"286099","0.13024339079856873","0.13024339079856873","0.13024339079856873","2860","2860","2860"
"286199","0.1309758424758911","0.1309758424758911","0.1309758424758911","2861","2861","2861"
"286299","0.1272459477186203","0.1272459477186203","0.1272459477186203","2862","2862","2862"
"286399","0.13302011787891388","0.13302011787891388","0.13302011787891388","2863","2863","2863"
"286499","0.13041405379772186","0.13041405379772186","0.13041405379772186","2864","2864","2864"
"286599","0.13111913204193115","0.13111913204193115","0.13111913204193115","2865","2865","2865"
"286699","0.13090047240257263","0.13090047240257263","0.13090047240257263","2866","2866","2866"
"286799","0.1291363686323166","0.1291363686323166","0.1291363686323166","2867","2867","2867"
"286899","0.12487133592367172","0.12487133592367172","0.12487133592367172","2868","2868","2868"
"286999","0.12946008145809174","0.12946008145809174","0.12946008145809174","2869","2869","2869"
"287099","0.13244526088237762","0.13244526088237762","0.13244526088237762","2870","2870","2870"
"287199","0.12509901821613312","0.12509901821613312","0.12509901821613312","2871","2871","2871"
"287299","0.12679176032543182","0.12679176032543182","0.12679176032543182","2872","2872","2872"
"287399","0.12467090040445328","0.12467090040445328","0.12467090040445328","2873","2873","2873"
"287499","0.1299269050359726","0.1299269050359726","0.1299269050359726","2874","2874","2874"
"287599","0.12447689473628998","0.12447689473628998","0.12447689473628998","2875","2875","2875"
"287699","0.1342611014842987","0.1342611014842987","0.1342611014842987","2876","2876","2876"
"287799","0.12961728870868683","0.12961728870868683","0.12961728870868683","2877","2877","2877"
"287899","0.12242957949638367","0.12242957949638367","0.12242957949638367","2878","2878","2878"
"287999","0.12257008999586105","0.12257008999586105","0.12257008999586105","2879","2879","2879"
"288099","0.1303340196609497","0.1303340196609497","0.1303340196609497","2880","2880","2880"
"288199","0.1341775804758072","0.1341775804758072","0.1341775804758072","2881","2881","2881"
"288299","0.12444932758808136","0.12444932758808136","0.12444932758808136","2882","2882","2882"
"288399","0.12352068722248077","0.12352068722248077","0.12352068722248077","2883","2883","2883"
"288499","0.1274937242269516","0.1274937242269516","0.1274937242269516","2884","2884","2884"
"288599","0.12532316148281097","0.12532316148281097","0.12532316148281097","2885","2885","2885"
"288699","0.12852196395397186","0.12852196395397186","0.12852196395397186","2886","2886","2886"
"288799","0.1317775845527649","0.1317775845527649","0.1317775845527649","2887","2887","2887"
"288899","0.12681452929973602","0.12681452929973602","0.12681452929973602","2888","2888","2888"
"288999","0.12666918337345123","0.12666918337345123","0.12666918337345123","2889","2889","2889"
"289099","0.1273874044418335","0.1273874044418335","0.1273874044418335","2890","2890","2890"
"289199","0.12329942733049393","0.12329942733049393","0.12329942733049393","2891","2891","2891"
"289299","0.12230222672224045","0.12230222672224045","0.12230222672224045","2892","2892","2892"
"289399","0.12666645646095276","0.12666645646095276","0.12666645646095276","2893","2893","2893"
"289499","0.12902961671352386","0.12902961671352386","0.12902961671352386","2894","2894","2894"
"289599","0.1269357055425644","0.1269357055425644","0.1269357055425644","2895","2895","2895"
"289699","0.12886592745780945","0.12886592745780945","0.12886592745780945","2896","2896","2896"
"289799","0.12661167979240417","0.12661167979240417","0.12661167979240417","2897","2897","2897"
"289899","0.12546181678771973","0.12546181678771973","0.12546181678771973","2898","2898","2898"
"289999","0.12816190719604492","0.12816190719604492","0.12816190719604492","2899","2899","2899"
"290099","0.12431546300649643","0.12431546300649643","0.12431546300649643","2900","2900","2900"
"290199","0.12906496226787567","0.12906496226787567","0.12906496226787567","2901","2901","2901"
"290299","0.1306430995464325","0.1306430995464325","0.1306430995464325","2902","2902","2902"
"290399","0.12423893064260483","0.12423893064260483","0.12423893064260483","2903","2903","2903"
"290499","0.12932924926280975","0.12932924926280975","0.12932924926280975","2904","2904","2904"
"290599","0.12534241378307343","0.12534241378307343","0.12534241378307343","2905","2905","2905"
"290699","0.13217851519584656","0.13217851519584656","0.13217851519584656","2906","2906","2906"
"290799","0.12693487107753754","0.12693487107753754","0.12693487107753754","2907","2907","2907"
"290899","0.12950225174427032","0.12950225174427032","0.12950225174427032","2908","2908","2908"
"290999","0.12935946881771088","0.12935946881771088","0.12935946881771088","2909","2909","2909"
"291099","0.12588848173618317","0.12588848173618317","0.12588848173618317","2910","2910","2910"
"291199","0.12901507318019867","0.12901507318019867","0.12901507318019867","2911","2911","2911"
"291299","0.1259371042251587","0.1259371042251587","0.1259371042251587","2912","2912","2912"
"291399","0.13068339228630066","0.13068339228630066","0.13068339228630066","2913","2913","2913"
"291499","0.12794806063175201","0.12794806063175201","0.12794806063175201","2914","2914","2914"
"291599","0.13766193389892578","0.13766193389892578","0.13766193389892578","2915","2915","2915"
"291699","0.12396501004695892","0.12396501004695892","0.12396501004695892","2916","2916","2916"
"291799","0.1338895559310913","0.1338895559310913","0.1338895559310913","2917","2917","2917"
"291899","0.13153117895126343","0.13153117895126343","0.13153117895126343","2918","2918","2918"
"291999","0.13033920526504517","0.13033920526504517","0.13033920526504517","2919","2919","2919"
"292099","0.1246786117553711","0.1246786117553711","0.1246786117553711","2920","2920","2920"
"292199","0.12266931682825089","0.12266931682825089","0.12266931682825089","2921","2921","2921"
"292299","0.1332016885280609","0.1332016885280609","0.1332016885280609","2922","2922","2922"
"292399","0.1326364427804947","0.1326364427804947","0.1326364427804947","2923","2923","2923"
"292499","0.12640799582004547","0.12640799582004547","0.12640799582004547","2924","2924","2924"
"292599","0.13135944306850433","0.13135944306850433","0.13135944306850433","2925","2925","2925"
"292699","0.126675546169281","0.126675546169281","0.126675546169281","2926","2926","2926"
"292799","0.12427271902561188","0.12427271902561188","0.12427271902561188","2927","2927","2927"
"292899","0.1293165385723114","0.1293165385723114","0.1293165385723114","2928","2928","2928"
"292999","0.1369692087173462","0.1369692087173462","0.1369692087173462","2929","2929","2929"
"293099","0.1327834576368332","0.1327834576368332","0.1327834576368332","2930","2930","2930"
"293199","0.12041294574737549","0.12041294574737549","0.12041294574737549","2931","2931","2931"
"293299","0.129831463098526","0.129831463098526","0.129831463098526","2932","2932","2932"
"293399","0.12708091735839844","0.12708091735839844","0.12708091735839844","2933","2933","2933"
"293499","0.1336897760629654","0.1336897760629654","0.1336897760629654","2934","2934","2934"
"293599","0.12288554012775421","0.12288554012775421","0.12288554012775421","2935","2935","2935"
"293699","0.12913939356803894","0.12913939356803894","0.12913939356803894","2936","2936","2936"
"293799","0.13235825300216675","0.13235825300216675","0.13235825300216675","2937","2937","2937"
"293899","0.1310500204563141","0.1310500204563141","0.1310500204563141","2938","2938","2938"
"293999","0.1278010755777359","0.1278010755777359","0.1278010755777359","2939","2939","2939"
"294099","0.1298081874847412","0.1298081874847412","0.1298081874847412","2940","2940","2940"
"294199","0.1292412281036377","0.1292412281036377","0.1292412281036377","2941","2941","2941"
"294299","0.13000759482383728","0.13000759482383728","0.13000759482383728","2942","2942","2942"
"294399","0.12620127201080322","0.12620127201080322","0.12620127201080322","2943","2943","2943"
"294499","0.1261441707611084","0.1261441707611084","0.1261441707611084","2944","2944","2944"
"294599","0.12749595940113068","0.12749595940113068","0.12749595940113068","2945","2945","2945"
"294699","0.1260887086391449","0.1260887086391449","0.1260887086391449","2946","2946","2946"
"294799","0.1296168863773346","0.1296168863773346","0.1296168863773346","2947","2947","2947"
"294899","0.13041569292545319","0.13041569292545319","0.13041569292545319","2948","2948","2948"
"294999","0.12934891879558563","0.12934891879558563","0.12934891879558563","2949","2949","2949"
"295099","0.12511853873729706","0.12511853873729706","0.12511853873729706","2950","2950","2950"
"295199","0.12832145392894745","0.12832145392894745","0.12832145392894745","2951","2951","2951"
"295299","0.1267176866531372","0.1267176866531372","0.1267176866531372","2952","2952","2952"
"295399","0.12531748414039612","0.12531748414039612","0.12531748414039612","2953","2953","2953"
"295499","0.13341248035430908","0.13341248035430908","0.13341248035430908","2954","2954","2954"
"295599","0.1352950632572174","0.1352950632572174","0.1352950632572174","2955","2955","2955"
"295699","0.13172025978565216","0.13172025978565216","0.13172025978565216","2956","2956","2956"
"295799","0.12910254299640656","0.12910254299640656","0.12910254299640656","2957","2957","2957"
"295899","0.13496637344360352","0.13496637344360352","0.13496637344360352","2958","2958","2958"
"295999","0.13095302879810333","0.13095302879810333","0.13095302879810333","2959","2959","2959"
"296099","0.13043338060379028","0.13043338060379028","0.13043338060379028","2960","2960","2960"
"296199","0.12432143837213516","0.12432143837213516","0.12432143837213516","2961","2961","2961"
"296299","0.12864872813224792","0.12864872813224792","0.12864872813224792","2962","2962","2962"
"296399","0.12435639649629593","0.12435639649629593","0.12435639649629593","2963","2963","2963"
"296499","0.12297460436820984","0.12297460436820984","0.12297460436820984","2964","2964","2964"
"296599","0.12960049510002136","0.12960049510002136","0.12960049510002136","2965","2965","2965"
"296699","0.12606322765350342","0.12606322765350342","0.12606322765350342","2966","2966","2966"
"296799","0.12617161870002747","0.12617161870002747","0.12617161870002747","2967","2967","2967"
"296899","0.13017317652702332","0.13017317652702332","0.13017317652702332","2968","2968","2968"
"296999","0.13198159635066986","0.13198159635066986","0.13198159635066986","2969","2969","2969"
"297099","0.12659810483455658","0.12659810483455658","0.12659810483455658","2970","2970","2970"
"297199","0.12867140769958496","0.12867140769958496","0.12867140769958496","2971","2971","2971"
"297299","0.1273045837879181","0.1273045837879181","0.1273045837879181","2972","2972","2972"
"297399","0.13036593794822693","0.13036593794822693","0.13036593794822693","2973","2973","2973"
"297499","0.1277158111333847","0.1277158111333847","0.1277158111333847","2974","2974","2974"
"297599","0.12497257441282272","0.12497257441282272","0.12497257441282272","2975","2975","2975"
"297699","0.12896960973739624","0.12896960973739624","0.12896960973739624","2976","2976","2976"
"297799","0.1279762089252472","0.1279762089252472","0.1279762089252472","2977","2977","2977"
"297899","0.12383738160133362","0.12383738160133362","0.12383738160133362","2978","2978","2978"
"297999","0.12829308211803436","0.12829308211803436","0.12829308211803436","2979","2979","2979"
"298099","0.1247357502579689","0.1247357502579689","0.1247357502579689","2980","2980","2980"
"298199","0.1341271847486496","0.1341271847486496","0.1341271847486496","2981","2981","2981"
"298299","0.13585788011550903","0.13585788011550903","0.13585788011550903","2982","2982","2982"
"298399","0.12569180130958557","0.12569180130958557","0.12569180130958557","2983","2983","2983"
"298499","0.1267121285200119","0.1267121285200119","0.1267121285200119","2984","2984","2984"
"298599","0.13094624876976013","0.13094624876976013","0.13094624876976013","2985","2985","2985"
"298699","0.1255999654531479","0.1255999654531479","0.1255999654531479","2986","2986","2986"
"298799","0.1290317177772522","0.1290317177772522","0.1290317177772522","2987","2987","2987"
"298899","0.1311655044555664","0.1311655044555664","0.1311655044555664","2988","2988","2988"
"298999","0.13073138892650604","0.13073138892650604","0.13073138892650604","2989","2989","2989"
"299099","0.12599094212055206","0.12599094212055206","0.12599094212055206","2990","2990","2990"
"299199","0.13059011101722717","0.13059011101722717","0.13059011101722717","2991","2991","2991"
"299299","0.131230890750885","0.131230890750885","0.131230890750885","2992","2992","2992"
"299399","0.131822407245636","0.131822407245636","0.131822407245636","2993","2993","2993"
"299499","0.12507566809654236","0.12507566809654236","0.12507566809654236","2994","2994","2994"
"299599","0.13571539521217346","0.13571539521217346","0.13571539521217346","2995","2995","2995"
"299699","0.1313628852367401","0.1313628852367401","0.1313628852367401","2996","2996","2996"
"299799","0.1368340402841568","0.1368340402841568","0.1368340402841568","2997","2997","2997"
"299899","0.129623144865036","0.129623144865036","0.129623144865036","2998","2998","2998"
"299999","0.12727712094783783","0.12727712094783783","0.12727712094783783","2999","2999","2999"
"300099","0.13609442114830017","0.13609442114830017","0.13609442114830017","3000","3000","3000"
"300199","0.12803705036640167","0.12803705036640167","0.12803705036640167","3001","3001","3001"
"300299","0.12845832109451294","0.12845832109451294","0.12845832109451294","3002","3002","3002"
"300399","0.1332702934741974","0.1332702934741974","0.1332702934741974","3003","3003","3003"
"300499","0.13134631514549255","0.13134631514549255","0.13134631514549255","3004","3004","3004"
"300599","0.1290552318096161","0.1290552318096161","0.1290552318096161","3005","3005","3005"
"300699","0.1311890035867691","0.1311890035867691","0.1311890035867691","3006","3006","3006"
"300799","0.13763298094272614","0.13763298094272614","0.13763298094272614","3007","3007","3007"
"300899","0.12624254822731018","0.12624254822731018","0.12624254822731018","3008","3008","3008"
"300999","0.13335861265659332","0.13335861265659332","0.13335861265659332","3009","3009","3009"
"301099","0.12497755140066147","0.12497755140066147","0.12497755140066147","3010","3010","3010"
"301199","0.12585517764091492","0.12585517764091492","0.12585517764091492","3011","3011","3011"
"301299","0.12677453458309174","0.12677453458309174","0.12677453458309174","3012","3012","3012"
"301399","0.12114928662776947","0.12114928662776947","0.12114928662776947","3013","3013","3013"
"301499","0.13326334953308105","0.13326334953308105","0.13326334953308105","3014","3014","3014"
"301599","0.1298878788948059","0.1298878788948059","0.1298878788948059","3015","3015","3015"
"301699","0.1269519031047821","0.1269519031047821","0.1269519031047821","3016","3016","3016"
"301799","0.12820598483085632","0.12820598483085632","0.12820598483085632","3017","3017","3017"
"301899","0.12330923974514008","0.12330923974514008","0.12330923974514008","3018","3018","3018"
"301999","0.12666383385658264","0.12666383385658264","0.12666383385658264","3019","3019","3019"
"302099","0.12831635773181915","0.12831635773181915","0.12831635773181915","3020","3020","3020"
"302199","0.12782013416290283","0.12782013416290283","0.12782013416290283","3021","3021","3021"
"302299","0.13303904235363007","0.13303904235363007","0.13303904235363007","3022","3022","3022"
"302399","0.12835630774497986","0.12835630774497986","0.12835630774497986","3023","3023","3023"
"302499","0.12502534687519073","0.12502534687519073","0.12502534687519073","3024","3024","3024"
"302599","0.12115084379911423","0.12115084379911423","0.12115084379911423","3025","3025","3025"
"302699","0.12880058586597443","0.12880058586597443","0.12880058586597443","3026","3026","3026"
"302799","0.13284923136234283","0.13284923136234283","0.13284923136234283","3027","3027","3027"
"302899","0.12872309982776642","0.12872309982776642","0.12872309982776642","3028","3028","3028"
"302999","0.12768778204917908","0.12768778204917908","0.12768778204917908","3029","3029","3029"
"303099","0.1296463906764984","0.1296463906764984","0.1296463906764984","3030","3030","3030"
"303199","0.12860064208507538","0.12860064208507538","0.12860064208507538","3031","3031","3031"
"303299","0.1291504204273224","0.1291504204273224","0.1291504204273224","3032","3032","3032"
"303399","0.13042643666267395","0.13042643666267395","0.13042643666267395","3033","3033","3033"
"303499","0.12686294317245483","0.12686294317245483","0.12686294317245483","3034","3034","3034"
"303599","0.12761540710926056","0.12761540710926056","0.12761540710926056","3035","3035","3035"
"303699","0.12378218024969101","0.12378218024969101","0.12378218024969101","3036","3036","3036"
"303799","0.12731479108333588","0.12731479108333588","0.12731479108333588","3037","3037","3037"
"303899","0.12715359032154083","0.12715359032154083","0.12715359032154083","3038","3038","3038"
"303999","0.130910262465477","0.130910262465477","0.130910262465477","3039","3039","3039"
"304099","0.11905069649219513","0.11905069649219513","0.11905069649219513","3040","3040","3040"
"304199","0.1311315894126892","0.1311315894126892","0.1311315894126892","3041","3041","3041"
"304299","0.12501679360866547","0.12501679360866547","0.12501679360866547","3042","3042","3042"
"304399","0.12367954105138779","0.12367954105138779","0.12367954105138779","3043","3043","3043"
"304499","0.13244998455047607","0.13244998455047607","0.13244998455047607","3044","3044","3044"
"304599","0.1282341331243515","0.1282341331243515","0.1282341331243515","3045","3045","3045"
"304699","0.13139252364635468","0.13139252364635468","0.13139252364635468","3046","3046","3046"
"304799","0.12975773215293884","0.12975773215293884","0.12975773215293884","3047","3047","3047"
"304899","0.12823037803173065","0.12823037803173065","0.12823037803173065","3048","3048","3048"
"304999","0.13139773905277252","0.13139773905277252","0.13139773905277252","3049","3049","3049"
"305099","0.12398464977741241","0.12398464977741241","0.12398464977741241","3050","3050","3050"
"305199","0.12829335033893585","0.12829335033893585","0.12829335033893585","3051","3051","3051"
"305299","0.1307780146598816","0.1307780146598816","0.1307780146598816","3052","3052","3052"
"305399","0.1328127384185791","0.1328127384185791","0.1328127384185791","3053","3053","3053"
"305499","0.1310693621635437","0.1310693621635437","0.1310693621635437","3054","3054","3054"
"305599","0.12762907147407532","0.12762907147407532","0.12762907147407532","3055","3055","3055"
"305699","0.12942039966583252","0.12942039966583252","0.12942039966583252","3056","3056","3056"
"305799","0.13078182935714722","0.13078182935714722","0.13078182935714722","3057","3057","3057"
"305899","0.12883681058883667","0.12883681058883667","0.12883681058883667","3058","3058","3058"
"305999","0.12678620219230652","0.12678620219230652","0.12678620219230652","3059","3059","3059"
"306099","0.11938224732875824","0.11938224732875824","0.11938224732875824","3060","3060","3060"
"306199","0.1322409212589264","0.1322409212589264","0.1322409212589264","3061","3061","3061"
"306299","0.12842778861522675","0.12842778861522675","0.12842778861522675","3062","3062","3062"
"306399","0.12600749731063843","0.12600749731063843","0.12600749731063843","3063","3063","3063"
"306499","0.12960147857666016","0.12960147857666016","0.12960147857666016","3064","3064","3064"
"306599","0.1256081908941269","0.1256081908941269","0.1256081908941269","3065","3065","3065"
"306699","0.12757110595703125","0.12757110595703125","0.12757110595703125","3066","3066","3066"
"306799","0.12883326411247253","0.12883326411247253","0.12883326411247253","3067","3067","3067"
"306899","0.1302175670862198","0.1302175670862198","0.1302175670862198","3068","3068","3068"
"306999","0.12649235129356384","0.12649235129356384","0.12649235129356384","3069","3069","3069"
"307099","0.1245785504579544","0.1245785504579544","0.1245785504579544","3070","3070","3070"
"307199","0.12239398807287216","0.12239398807287216","0.12239398807287216","3071","3071","3071"
"307299","0.12881909310817719","0.12881909310817719","0.12881909310817719","3072","3072","3072"
"307399","0.12790879607200623","0.12790879607200623","0.12790879607200623","3073","3073","3073"
"307499","0.12735262513160706","0.12735262513160706","0.12735262513160706","3074","3074","3074"
"307599","0.12767644226551056","0.12767644226551056","0.12767644226551056","3075","3075","3075"
"307699","0.13731537759304047","0.13731537759304047","0.13731537759304047","3076","3076","3076"
"307799","0.12934201955795288","0.12934201955795288","0.12934201955795288","3077","3077","3077"
"307899","0.12562957406044006","0.12562957406044006","0.12562957406044006","3078","3078","3078"
"307999","0.12617601454257965","0.12617601454257965","0.12617601454257965","3079","3079","3079"
"308099","0.12291140854358673","0.12291140854358673","0.12291140854358673","3080","3080","3080"
"308199","0.13049344718456268","0.13049344718456268","0.13049344718456268","3081","3081","3081"
"308299","0.12025085091590881","0.12025085091590881","0.12025085091590881","3082","3082","3082"
"308399","0.11952736973762512","0.11952736973762512","0.11952736973762512","3083","3083","3083"
"308499","0.12378820776939392","0.12378820776939392","0.12378820776939392","3084","3084","3084"
"308599","0.13125048577785492","0.13125048577785492","0.13125048577785492","3085","3085","3085"
"308699","0.1252545416355133","0.1252545416355133","0.1252545416355133","3086","3086","3086"
"308799","0.12883351743221283","0.12883351743221283","0.12883351743221283","3087","3087","3087"
"308899","0.1373036652803421","0.1373036652803421","0.1373036652803421","3088","3088","3088"
"308999","0.12524820864200592","0.12524820864200592","0.12524820864200592","3089","3089","3089"
"309099","0.12925958633422852","0.12925958633422852","0.12925958633422852","3090","3090","3090"
"309199","0.1265711635351181","0.1265711635351181","0.1265711635351181","3091","3091","3091"
"309299","0.12556526064872742","0.12556526064872742","0.12556526064872742","3092","3092","3092"
"309399","0.1286558210849762","0.1286558210849762","0.1286558210849762","3093","3093","3093"
"309499","0.13094988465309143","0.13094988465309143","0.13094988465309143","3094","3094","3094"
"309599","0.12830594182014465","0.12830594182014465","0.12830594182014465","3095","3095","3095"
"309699","0.1302068531513214","0.1302068531513214","0.1302068531513214","3096","3096","3096"
"309799","0.12798109650611877","0.12798109650611877","0.12798109650611877","3097","3097","3097"
"309899","0.13018915057182312","0.13018915057182312","0.13018915057182312","3098","3098","3098"
"309999","0.12542450428009033","0.12542450428009033","0.12542450428009033","3099","3099","3099"
"310099","0.12779715657234192","0.12779715657234192","0.12779715657234192","3100","3100","3100"
"310199","0.12628844380378723","0.12628844380378723","0.12628844380378723","3101","3101","3101"
"310299","0.12713167071342468","0.12713167071342468","0.12713167071342468","3102","3102","3102"
"310399","0.12925197184085846","0.12925197184085846","0.12925197184085846","3103","3103","3103"
"310499","0.13214930891990662","0.13214930891990662","0.13214930891990662","3104","3104","3104"
"310599","0.12643015384674072","0.12643015384674072","0.12643015384674072","3105","3105","3105"
"310699","0.1270655393600464","0.1270655393600464","0.1270655393600464","3106","3106","3106"
"310799","0.12164434790611267","0.12164434790611267","0.12164434790611267","3107","3107","3107"
"310899","0.12712527811527252","0.12712527811527252","0.12712527811527252","3108","3108","3108"
"310999","0.13087111711502075","0.13087111711502075","0.13087111711502075","3109","3109","3109"
"311099","0.12111800163984299","0.12111800163984299","0.12111800163984299","3110","3110","3110"
"311199","0.1294836699962616","0.1294836699962616","0.1294836699962616","3111","3111","3111"
"311299","0.1310391128063202","0.1310391128063202","0.1310391128063202","3112","3112","3112"
"311399","0.13192249834537506","0.13192249834537506","0.13192249834537506","3113","3113","3113"
"311499","0.13115739822387695","0.13115739822387695","0.13115739822387695","3114","3114","3114"
"311599","0.12649378180503845","0.12649378180503845","0.12649378180503845","3115","3115","3115"
"311699","0.12662935256958008","0.12662935256958008","0.12662935256958008","3116","3116","3116"
"311799","0.12193774431943893","0.12193774431943893","0.12193774431943893","3117","3117","3117"
"311899","0.12552404403686523","0.12552404403686523","0.12552404403686523","3118","3118","3118"
"311999","0.1275286078453064","0.1275286078453064","0.1275286078453064","3119","3119","3119"
"312099","0.1283804476261139","0.1283804476261139","0.1283804476261139","3120","3120","3120"
"312199","0.13121742010116577","0.13121742010116577","0.13121742010116577","3121","3121","3121"
"312299","0.13381677865982056","0.13381677865982056","0.13381677865982056","3122","3122","3122"
"312399","0.12858940660953522","0.12858940660953522","0.12858940660953522","3123","3123","3123"
"312499","0.13244692981243134","0.13244692981243134","0.13244692981243134","3124","3124","3124"
"312599","0.1275690346956253","0.1275690346956253","0.1275690346956253","3125","3125","3125"
"312699","0.12457886338233948","0.12457886338233948","0.12457886338233948","3126","3126","3126"
"312799","0.12914662063121796","0.12914662063121796","0.12914662063121796","3127","3127","3127"
"312899","0.1228824183344841","0.1228824183344841","0.1228824183344841","3128","3128","3128"
"312999","0.1316775232553482","0.1316775232553482","0.1316775232553482","3129","3129","3129"
"313099","0.13207684457302094","0.13207684457302094","0.13207684457302094","3130","3130","3130"
"313199","0.12773852050304413","0.12773852050304413","0.12773852050304413","3131","3131","3131"
"313299","0.13003094494342804","0.13003094494342804","0.13003094494342804","3132","3132","3132"
"313399","0.12508241832256317","0.12508241832256317","0.12508241832256317","3133","3133","3133"
"313499","0.1279270201921463","0.1279270201921463","0.1279270201921463","3134","3134","3134"
"313599","0.13504450023174286","0.13504450023174286","0.13504450023174286","3135","3135","3135"
"313699","0.12472879886627197","0.12472879886627197","0.12472879886627197","3136","3136","3136"
"313799","0.12328314036130905","0.12328314036130905","0.12328314036130905","3137","3137","3137"
"313899","0.12656526267528534","0.12656526267528534","0.12656526267528534","3138","3138","3138"
"313999","0.12325077503919601","0.12325077503919601","0.12325077503919601","3139","3139","3139"
"314099","0.1278182864189148","0.1278182864189148","0.1278182864189148","3140","3140","3140"
"314199","0.13068340718746185","0.13068340718746185","0.13068340718746185","3141","3141","3141"
"314299","0.13280244171619415","0.13280244171619415","0.13280244171619415","3142","3142","3142"
"314399","0.12717008590698242","0.12717008590698242","0.12717008590698242","3143","3143","3143"
"314499","0.13101337850093842","0.13101337850093842","0.13101337850093842","3144","3144","3144"
"314599","0.1361711472272873","0.1361711472272873","0.1361711472272873","3145","3145","3145"
"314699","0.1324256956577301","0.1324256956577301","0.1324256956577301","3146","3146","3146"
"314799","0.131000816822052","0.131000816822052","0.131000816822052","3147","3147","3147"
"314899","0.12705856561660767","0.12705856561660767","0.12705856561660767","3148","3148","3148"
"314999","0.12606683373451233","0.12606683373451233","0.12606683373451233","3149","3149","3149"
"315099","0.1297631412744522","0.1297631412744522","0.1297631412744522","3150","3150","3150"
"315199","0.13081464171409607","0.13081464171409607","0.13081464171409607","3151","3151","3151"
"315299","0.12985479831695557","0.12985479831695557","0.12985479831695557","3152","3152","3152"
"315399","0.13048213720321655","0.13048213720321655","0.13048213720321655","3153","3153","3153"
"315499","0.12456997483968735","0.12456997483968735","0.12456997483968735","3154","3154","3154"
"315599","0.12919704616069794","0.12919704616069794","0.12919704616069794","3155","3155","3155"
"315699","0.12481820583343506","0.12481820583343506","0.12481820583343506","3156","3156","3156"
"315799","0.12917868793010712","0.12917868793010712","0.12917868793010712","3157","3157","3157"
"315899","0.1326654702425003","0.1326654702425003","0.1326654702425003","3158","3158","3158"
"315999","0.1289723664522171","0.1289723664522171","0.1289723664522171","3159","3159","3159"
"316099","0.12280155718326569","0.12280155718326569","0.12280155718326569","3160","3160","3160"
"316199","0.12490476667881012","0.12490476667881012","0.12490476667881012","3161","3161","3161"
"316299","0.12603190541267395","0.12603190541267395","0.12603190541267395","3162","3162","3162"
"316399","0.12828172743320465","0.12828172743320465","0.12828172743320465","3163","3163","3163"
"316499","0.1256396472454071","0.1256396472454071","0.1256396472454071","3164","3164","3164"
"316599","0.12761670351028442","0.12761670351028442","0.12761670351028442","3165","3165","3165"
"316699","0.13268119096755981","0.13268119096755981","0.13268119096755981","3166","3166","3166"
"316799","0.12148039042949677","0.12148039042949677","0.12148039042949677","3167","3167","3167"
"316899","0.12540940940380096","0.12540940940380096","0.12540940940380096","3168","3168","3168"
"316999","0.13458967208862305","0.13458967208862305","0.13458967208862305","3169","3169","3169"
"317099","0.1264815330505371","0.1264815330505371","0.1264815330505371","3170","3170","3170"
"317199","0.12752588093280792","0.12752588093280792","0.12752588093280792","3171","3171","3171"
"317299","0.1280175745487213","0.1280175745487213","0.1280175745487213","3172","3172","3172"
"317399","0.13347187638282776","0.13347187638282776","0.13347187638282776","3173","3173","3173"
"317499","0.12858997285366058","0.12858997285366058","0.12858997285366058","3174","3174","3174"
"317599","0.13104069232940674","0.13104069232940674","0.13104069232940674","3175","3175","3175"
"317699","0.12707795202732086","0.12707795202732086","0.12707795202732086","3176","3176","3176"
"317799","0.13085779547691345","0.13085779547691345","0.13085779547691345","3177","3177","3177"
"317899","0.13503287732601166","0.13503287732601166","0.13503287732601166","3178","3178","3178"
"317999","0.12697334587574005","0.12697334587574005","0.12697334587574005","3179","3179","3179"
"318099","0.12640823423862457","0.12640823423862457","0.12640823423862457","3180","3180","3180"
"318199","0.1304653286933899","0.1304653286933899","0.1304653286933899","3181","3181","3181"
"318299","0.12421214580535889","0.12421214580535889","0.12421214580535889","3182","3182","3182"
"318399","0.1342936009168625","0.1342936009168625","0.1342936009168625","3183","3183","3183"
"318499","0.12159830331802368","0.12159830331802368","0.12159830331802368","3184","3184","3184"
"318599","0.12633012235164642","0.12633012235164642","0.12633012235164642","3185","3185","3185"
"318699","0.12583214044570923","0.12583214044570923","0.12583214044570923","3186","3186","3186"
"318799","0.1284959316253662","0.1284959316253662","0.1284959316253662","3187","3187","3187"
"318899","0.12890127301216125","0.12890127301216125","0.12890127301216125","3188","3188","3188"
"318999","0.12938745319843292","0.12938745319843292","0.12938745319843292","3189","3189","3189"
"319099","0.12294068187475204","0.12294068187475204","0.12294068187475204","3190","3190","3190"
"319199","0.1263497769832611","0.1263497769832611","0.1263497769832611","3191","3191","3191"
"319299","0.12658554315567017","0.12658554315567017","0.12658554315567017","3192","3192","3192"
"319399","0.13237382471561432","0.13237382471561432","0.13237382471561432","3193","3193","3193"
"319499","0.1338089257478714","0.1338089257478714","0.1338089257478714","3194","3194","3194"
"319599","0.12855426967144012","0.12855426967144012","0.12855426967144012","3195","3195","3195"
"319699","0.12570281326770782","0.12570281326770782","0.12570281326770782","3196","3196","3196"
"319799","0.12642112374305725","0.12642112374305725","0.12642112374305725","3197","3197","3197"
"319899","0.12548650801181793","0.12548650801181793","0.12548650801181793","3198","3198","3198"
"319999","0.1313042789697647","0.1313042789697647","0.1313042789697647","3199","3199","3199"
"320099","0.13367219269275665","0.13367219269275665","0.13367219269275665","3200","3200","3200"
"320199","0.1236448660492897","0.1236448660492897","0.1236448660492897","3201","3201","3201"
"320299","0.1258036494255066","0.1258036494255066","0.1258036494255066","3202","3202","3202"
"320399","0.12942048907279968","0.12942048907279968","0.12942048907279968","3203","3203","3203"
"320499","0.13045340776443481","0.13045340776443481","0.13045340776443481","3204","3204","3204"
"320599","0.1275898665189743","0.1275898665189743","0.1275898665189743","3205","3205","3205"
"320699","0.13198243081569672","0.13198243081569672","0.13198243081569672","3206","3206","3206"
"320799","0.12800860404968262","0.12800860404968262","0.12800860404968262","3207","3207","3207"
"320899","0.13208062946796417","0.13208062946796417","0.13208062946796417","3208","3208","3208"
"320999","0.1295357197523117","0.1295357197523117","0.1295357197523117","3209","3209","3209"
"321099","0.1286296844482422","0.1286296844482422","0.1286296844482422","3210","3210","3210"
"321199","0.126958429813385","0.126958429813385","0.126958429813385","3211","3211","3211"
"321299","0.12824612855911255","0.12824612855911255","0.12824612855911255","3212","3212","3212"
"321399","0.12947849929332733","0.12947849929332733","0.12947849929332733","3213","3213","3213"
"321499","0.12774203717708588","0.12774203717708588","0.12774203717708588","3214","3214","3214"
"321599","0.12683701515197754","0.12683701515197754","0.12683701515197754","3215","3215","3215"
"321699","0.13285160064697266","0.13285160064697266","0.13285160064697266","3216","3216","3216"
"321799","0.13179746270179749","0.13179746270179749","0.13179746270179749","3217","3217","3217"
"321899","0.1331017017364502","0.1331017017364502","0.1331017017364502","3218","3218","3218"
"321999","0.12702341377735138","0.12702341377735138","0.12702341377735138","3219","3219","3219"
"322099","0.1288594901561737","0.1288594901561737","0.1288594901561737","3220","3220","3220"
"322199","0.13406473398208618","0.13406473398208618","0.13406473398208618","3221","3221","3221"
"322299","0.13846613466739655","0.13846613466739655","0.13846613466739655","3222","3222","3222"
"322399","0.1314632147550583","0.1314632147550583","0.1314632147550583","3223","3223","3223"
"322499","0.13330765068531036","0.13330765068531036","0.13330765068531036","3224","3224","3224"
"322599","0.13077285885810852","0.13077285885810852","0.13077285885810852","3225","3225","3225"
"322699","0.1324319839477539","0.1324319839477539","0.1324319839477539","3226","3226","3226"
"322799","0.1238292008638382","0.1238292008638382","0.1238292008638382","3227","3227","3227"
"322899","0.13164621591567993","0.13164621591567993","0.13164621591567993","3228","3228","3228"
"322999","0.1240125298500061","0.1240125298500061","0.1240125298500061","3229","3229","3229"
"323099","0.12969696521759033","0.12969696521759033","0.12969696521759033","3230","3230","3230"
"323199","0.13065071403980255","0.13065071403980255","0.13065071403980255","3231","3231","3231"
"323299","0.12750260531902313","0.12750260531902313","0.12750260531902313","3232","3232","3232"
"323399","0.12531277537345886","0.12531277537345886","0.12531277537345886","3233","3233","3233"
"323499","0.13195721805095673","0.13195721805095673","0.13195721805095673","3234","3234","3234"
"323599","0.13143669068813324","0.13143669068813324","0.13143669068813324","3235","3235","3235"
"323699","0.13599072396755219","0.13599072396755219","0.13599072396755219","3236","3236","3236"
"323799","0.12351325154304504","0.12351325154304504","0.12351325154304504","3237","3237","3237"
"323899","0.12493617832660675","0.12493617832660675","0.12493617832660675","3238","3238","3238"
"323999","0.13020536303520203","0.13020536303520203","0.13020536303520203","3239","3239","3239"
"324099","0.13204923272132874","0.13204923272132874","0.13204923272132874","3240","3240","3240"
"324199","0.13277506828308105","0.13277506828308105","0.13277506828308105","3241","3241","3241"
"324299","0.13221217691898346","0.13221217691898346","0.13221217691898346","3242","3242","3242"
"324399","0.128302201628685","0.128302201628685","0.128302201628685","3243","3243","3243"
"324499","0.12859395146369934","0.12859395146369934","0.12859395146369934","3244","3244","3244"
"324599","0.12432905286550522","0.12432905286550522","0.12432905286550522","3245","3245","3245"
"324699","0.12917642295360565","0.12917642295360565","0.12917642295360565","3246","3246","3246"
"324799","0.12802602350711823","0.12802602350711823","0.12802602350711823","3247","3247","3247"
"324899","0.13436748087406158","0.13436748087406158","0.13436748087406158","3248","3248","3248"
"324999","0.12425130605697632","0.12425130605697632","0.12425130605697632","3249","3249","3249"
"325099","0.123541921377182","0.123541921377182","0.123541921377182","3250","3250","3250"
"325199","0.13012537360191345","0.13012537360191345","0.13012537360191345","3251","3251","3251"
"325299","0.12590491771697998","0.12590491771697998","0.12590491771697998","3252","3252","3252"
"325399","0.1258515864610672","0.1258515864610672","0.1258515864610672","3253","3253","3253"
"325499","0.1299157291650772","0.1299157291650772","0.1299157291650772","3254","3254","3254"
"325599","0.13540570437908173","0.13540570437908173","0.13540570437908173","3255","3255","3255"
"325699","0.12624043226242065","0.12624043226242065","0.12624043226242065","3256","3256","3256"
"325799","0.12652412056922913","0.12652412056922913","0.12652412056922913","3257","3257","3257"
"325899","0.12715937197208405","0.12715937197208405","0.12715937197208405","3258","3258","3258"
"325999","0.12793496251106262","0.12793496251106262","0.12793496251106262","3259","3259","3259"
"326099","0.1249358206987381","0.1249358206987381","0.1249358206987381","3260","3260","3260"
"326199","0.13306653499603271","0.13306653499603271","0.13306653499603271","3261","3261","3261"
"326299","0.12921454012393951","0.12921454012393951","0.12921454012393951","3262","3262","3262"
"326399","0.12946486473083496","0.12946486473083496","0.12946486473083496","3263","3263","3263"
"326499","0.13300251960754395","0.13300251960754395","0.13300251960754395","3264","3264","3264"
"326599","0.12671221792697906","0.12671221792697906","0.12671221792697906","3265","3265","3265"
"326699","0.1262875199317932","0.1262875199317932","0.1262875199317932","3266","3266","3266"
"326799","0.131682887673378","0.131682887673378","0.131682887673378","3267","3267","3267"
"326899","0.12964509427547455","0.12964509427547455","0.12964509427547455","3268","3268","3268"
"326999","0.1266782134771347","0.1266782134771347","0.1266782134771347","3269","3269","3269"
"327099","0.12536969780921936","0.12536969780921936","0.12536969780921936","3270","3270","3270"
"327199","0.130167156457901","0.130167156457901","0.130167156457901","3271","3271","3271"
"327299","0.1264917254447937","0.1264917254447937","0.1264917254447937","3272","3272","3272"
"327399","0.1278965175151825","0.1278965175151825","0.1278965175151825","3273","3273","3273"
"327499","0.12587925791740417","0.12587925791740417","0.12587925791740417","3274","3274","3274"
"327599","0.12875308096408844","0.12875308096408844","0.12875308096408844","3275","3275","3275"
"327699","0.12521831691265106","0.12521831691265106","0.12521831691265106","3276","3276","3276"
"327799","0.13057175278663635","0.13057175278663635","0.13057175278663635","3277","3277","3277"
"327899","0.1278517246246338","0.1278517246246338","0.1278517246246338","3278","3278","3278"
"327999","0.12371156364679337","0.12371156364679337","0.12371156364679337","3279","3279","3279"
"328099","0.1257353127002716","0.1257353127002716","0.1257353127002716","3280","3280","3280"
"328199","0.1253243237733841","0.1253243237733841","0.1253243237733841","3281","3281","3281"
"328299","0.1285872459411621","0.1285872459411621","0.1285872459411621","3282","3282","3282"
"328399","0.12626200914382935","0.12626200914382935","0.12626200914382935","3283","3283","3283"
"328499","0.12974044680595398","0.12974044680595398","0.12974044680595398","3284","3284","3284"
"328599","0.1198037788271904","0.1198037788271904","0.1198037788271904","3285","3285","3285"
"328699","0.12987959384918213","0.12987959384918213","0.12987959384918213","3286","3286","3286"
"328799","0.13637064397335052","0.13637064397335052","0.13637064397335052","3287","3287","3287"
"328899","0.12361778318881989","0.12361778318881989","0.12361778318881989","3288","3288","3288"
"328999","0.1250867396593094","0.1250867396593094","0.1250867396593094","3289","3289","3289"
"329099","0.126713827252388","0.126713827252388","0.126713827252388","3290","3290","3290"
"329199","0.13875079154968262","0.13875079154968262","0.13875079154968262","3291","3291","3291"