"trainer/global_step","causal - train_loss","causal - train_loss__MIN","causal - train_loss__MAX","causal - _step","causal - _step__MIN","causal - _step__MAX"
"99","0.25324246287345886","0.25324246287345886","0.25324246287345886","0","0","0"
"199","0.2296937257051468","0.2296937257051468","0.2296937257051468","1","1","1"
"299","0.2176641970872879","0.2176641970872879","0.2176641970872879","2","2","2"
"399","0.21039755642414093","0.21039755642414093","0.21039755642414093","3","3","3"
"499","0.20340736210346222","0.20340736210346222","0.20340736210346222","4","4","4"
"599","0.20062759518623352","0.20062759518623352","0.20062759518623352","5","5","5"
"699","0.20205584168434143","0.20205584168434143","0.20205584168434143","6","6","6"
"799","0.19476008415222168","0.19476008415222168","0.19476008415222168","7","7","7"
"899","0.19171349704265594","0.19171349704265594","0.19171349704265594","8","8","8"
"999","0.19302478432655334","0.19302478432655334","0.19302478432655334","9","9","9"
"1099","0.19185036420822144","0.19185036420822144","0.19185036420822144","10","10","10"
"1199","0.18733257055282593","0.18733257055282593","0.18733257055282593","11","11","11"
"1299","0.184932142496109","0.184932142496109","0.184932142496109","12","12","12"
"1399","0.17823396623134613","0.17823396623134613","0.17823396623134613","13","13","13"
"1499","0.17926575243473053","0.17926575243473053","0.17926575243473053","14","14","14"
"1599","0.1813526600599289","0.1813526600599289","0.1813526600599289","15","15","15"
"1699","0.18237055838108063","0.18237055838108063","0.18237055838108063","16","16","16"
"1799","0.18537455797195435","0.18537455797195435","0.18537455797195435","17","17","17"
"1899","0.17161017656326294","0.17161017656326294","0.17161017656326294","18","18","18"
"1999","0.1730128526687622","0.1730128526687622","0.1730128526687622","19","19","19"
"2099","0.17287319898605347","0.17287319898605347","0.17287319898605347","20","20","20"
"2199","0.1717677116394043","0.1717677116394043","0.1717677116394043","21","21","21"
"2299","0.17475207149982452","0.17475207149982452","0.17475207149982452","22","22","22"
"2399","0.16928647458553314","0.16928647458553314","0.16928647458553314","23","23","23"
"2499","0.16233375668525696","0.16233375668525696","0.16233375668525696","24","24","24"
"2599","0.17050966620445251","0.17050966620445251","0.17050966620445251","25","25","25"
"2699","0.16807915270328522","0.16807915270328522","0.16807915270328522","26","26","26"
"2799","0.16999700665473938","0.16999700665473938","0.16999700665473938","27","27","27"
"2899","0.16657450795173645","0.16657450795173645","0.16657450795173645","28","28","28"
"2999","0.16407650709152222","0.16407650709152222","0.16407650709152222","29","29","29"
"3099","0.1554851084947586","0.1554851084947586","0.1554851084947586","30","30","30"
"3199","0.1681334227323532","0.1681334227323532","0.1681334227323532","31","31","31"
"3299","0.1643594205379486","0.1643594205379486","0.1643594205379486","32","32","32"
"3399","0.16560757160186768","0.16560757160186768","0.16560757160186768","33","33","33"
"3499","0.16253922879695892","0.16253922879695892","0.16253922879695892","34","34","34"
"3599","0.16998137533664703","0.16998137533664703","0.16998137533664703","35","35","35"
"3699","0.16280335187911987","0.16280335187911987","0.16280335187911987","36","36","36"
"3799","0.15818612277507782","0.15818612277507782","0.15818612277507782","37","37","37"
"3899","0.16577985882759094","0.16577985882759094","0.16577985882759094","38","38","38"
"3999","0.15924780070781708","0.15924780070781708","0.15924780070781708","39","39","39"
"4099","0.1631736159324646","0.1631736159324646","0.1631736159324646","40","40","40"
"4199","0.1566978245973587","0.1566978245973587","0.1566978245973587","41","41","41"
"4299","0.1601794809103012","0.1601794809103012","0.1601794809103012","42","42","42"
"4399","0.15858303010463715","0.15858303010463715","0.15858303010463715","43","43","43"
"4499","0.15625762939453125","0.15625762939453125","0.15625762939453125","44","44","44"
"4599","0.1543487012386322","0.1543487012386322","0.1543487012386322","45","45","45"
"4699","0.1609809249639511","0.1609809249639511","0.1609809249639511","46","46","46"
"4799","0.16630220413208008","0.16630220413208008","0.16630220413208008","47","47","47"
"4899","0.15627938508987427","0.15627938508987427","0.15627938508987427","48","48","48"
"4999","0.1550707370042801","0.1550707370042801","0.1550707370042801","49","49","49"
"5099","0.16281259059906006","0.16281259059906006","0.16281259059906006","50","50","50"
"5199","0.1602463275194168","0.1602463275194168","0.1602463275194168","51","51","51"
"5299","0.16128692030906677","0.16128692030906677","0.16128692030906677","52","52","52"
"5399","0.15431778132915497","0.15431778132915497","0.15431778132915497","53","53","53"
"5499","0.1605343520641327","0.1605343520641327","0.1605343520641327","54","54","54"
"5599","0.1534835249185562","0.1534835249185562","0.1534835249185562","55","55","55"
"5699","0.1556253433227539","0.1556253433227539","0.1556253433227539","56","56","56"
"5799","0.158140167593956","0.158140167593956","0.158140167593956","57","57","57"
"5899","0.15581999719142914","0.15581999719142914","0.15581999719142914","58","58","58"
"5999","0.15154652297496796","0.15154652297496796","0.15154652297496796","59","59","59"
"6099","0.16058798134326935","0.16058798134326935","0.16058798134326935","60","60","60"
"6199","0.15937083959579468","0.15937083959579468","0.15937083959579468","61","61","61"
"6299","0.15229013562202454","0.15229013562202454","0.15229013562202454","62","62","62"
"6399","0.15481625497341156","0.15481625497341156","0.15481625497341156","63","63","63"
"6499","0.15021036565303802","0.15021036565303802","0.15021036565303802","64","64","64"
"6599","0.14784911274909973","0.14784911274909973","0.14784911274909973","65","65","65"
"6699","0.14889933168888092","0.14889933168888092","0.14889933168888092","66","66","66"
"6799","0.15914537012577057","0.15914537012577057","0.15914537012577057","67","67","67"
"6899","0.15257446467876434","0.15257446467876434","0.15257446467876434","68","68","68"
"6999","0.15612207353115082","0.15612207353115082","0.15612207353115082","69","69","69"
"7099","0.14822076261043549","0.14822076261043549","0.14822076261043549","70","70","70"
"7199","0.14977246522903442","0.14977246522903442","0.14977246522903442","71","71","71"
"7299","0.14471209049224854","0.14471209049224854","0.14471209049224854","72","72","72"
"7399","0.15394484996795654","0.15394484996795654","0.15394484996795654","73","73","73"
"7499","0.14945532381534576","0.14945532381534576","0.14945532381534576","74","74","74"
"7599","0.15179254114627838","0.15179254114627838","0.15179254114627838","75","75","75"
"7699","0.14948949217796326","0.14948949217796326","0.14948949217796326","76","76","76"
"7799","0.14706683158874512","0.14706683158874512","0.14706683158874512","77","77","77"
"7899","0.1541299968957901","0.1541299968957901","0.1541299968957901","78","78","78"
"7999","0.14539113640785217","0.14539113640785217","0.14539113640785217","79","79","79"
"8099","0.14688947796821594","0.14688947796821594","0.14688947796821594","80","80","80"
"8199","0.15114060044288635","0.15114060044288635","0.15114060044288635","81","81","81"
"8299","0.15140432119369507","0.15140432119369507","0.15140432119369507","82","82","82"
"8399","0.15024474263191223","0.15024474263191223","0.15024474263191223","83","83","83"
"8499","0.1480167657136917","0.1480167657136917","0.1480167657136917","84","84","84"
"8599","0.14750297367572784","0.14750297367572784","0.14750297367572784","85","85","85"
"8699","0.14647182822227478","0.14647182822227478","0.14647182822227478","86","86","86"
"8799","0.1499984860420227","0.1499984860420227","0.1499984860420227","87","87","87"
"8899","0.14977869391441345","0.14977869391441345","0.14977869391441345","88","88","88"
"8999","0.1499401330947876","0.1499401330947876","0.1499401330947876","89","89","89"
"9099","0.14882178604602814","0.14882178604602814","0.14882178604602814","90","90","90"
"9199","0.1443084329366684","0.1443084329366684","0.1443084329366684","91","91","91"
"9299","0.14413891732692719","0.14413891732692719","0.14413891732692719","92","92","92"
"9399","0.14841067790985107","0.14841067790985107","0.14841067790985107","93","93","93"
"9499","0.14746010303497314","0.14746010303497314","0.14746010303497314","94","94","94"
"9599","0.14622358977794647","0.14622358977794647","0.14622358977794647","95","95","95"
"9699","0.15047569572925568","0.15047569572925568","0.15047569572925568","96","96","96"
"9799","0.14346356689929962","0.14346356689929962","0.14346356689929962","97","97","97"
"9899","0.14039385318756104","0.14039385318756104","0.14039385318756104","98","98","98"
"9999","0.14326097071170807","0.14326097071170807","0.14326097071170807","99","99","99"
"10099","0.14250336587429047","0.14250336587429047","0.14250336587429047","100","100","100"
"10199","0.14651571214199066","0.14651571214199066","0.14651571214199066","101","101","101"
"10299","0.13973550498485565","0.13973550498485565","0.13973550498485565","102","102","102"
"10399","0.1429980993270874","0.1429980993270874","0.1429980993270874","103","103","103"
"10499","0.14364983141422272","0.14364983141422272","0.14364983141422272","104","104","104"
"10599","0.14772681891918182","0.14772681891918182","0.14772681891918182","105","105","105"
"10699","0.14871373772621155","0.14871373772621155","0.14871373772621155","106","106","106"
"10799","0.14010976254940033","0.14010976254940033","0.14010976254940033","107","107","107"
"10899","0.14590847492218018","0.14590847492218018","0.14590847492218018","108","108","108"
"10999","0.1358252614736557","0.1358252614736557","0.1358252614736557","109","109","109"
"11099","0.14162270724773407","0.14162270724773407","0.14162270724773407","110","110","110"
"11199","0.1471809595823288","0.1471809595823288","0.1471809595823288","111","111","111"
"11299","0.1455419808626175","0.1455419808626175","0.1455419808626175","112","112","112"
"11399","0.13864263892173767","0.13864263892173767","0.13864263892173767","113","113","113"
"11499","0.140024334192276","0.140024334192276","0.140024334192276","114","114","114"
"11599","0.14136077463626862","0.14136077463626862","0.14136077463626862","115","115","115"
"11699","0.1503990888595581","0.1503990888595581","0.1503990888595581","116","116","116"
"11799","0.14733636379241943","0.14733636379241943","0.14733636379241943","117","117","117"
"11899","0.14117847383022308","0.14117847383022308","0.14117847383022308","118","118","118"
"11999","0.1401410698890686","0.1401410698890686","0.1401410698890686","119","119","119"
"12099","0.14111649990081787","0.14111649990081787","0.14111649990081787","120","120","120"
"12199","0.14581920206546783","0.14581920206546783","0.14581920206546783","121","121","121"
"12299","0.13824725151062012","0.13824725151062012","0.13824725151062012","122","122","122"
"12399","0.13692930340766907","0.13692930340766907","0.13692930340766907","123","123","123"
"12499","0.14373552799224854","0.14373552799224854","0.14373552799224854","124","124","124"
"12599","0.14499549567699432","0.14499549567699432","0.14499549567699432","125","125","125"
"12699","0.14795838296413422","0.14795838296413422","0.14795838296413422","126","126","126"
"12799","0.1420295238494873","0.1420295238494873","0.1420295238494873","127","127","127"
"12899","0.14113342761993408","0.14113342761993408","0.14113342761993408","128","128","128"
"12999","0.14692895114421844","0.14692895114421844","0.14692895114421844","129","129","129"
"13099","0.13897758722305298","0.13897758722305298","0.13897758722305298","130","130","130"
"13199","0.13900884985923767","0.13900884985923767","0.13900884985923767","131","131","131"
"13299","0.1389227658510208","0.1389227658510208","0.1389227658510208","132","132","132"
"13399","0.13951662182807922","0.13951662182807922","0.13951662182807922","133","133","133"
"13499","0.13978013396263123","0.13978013396263123","0.13978013396263123","134","134","134"
"13599","0.14123499393463135","0.14123499393463135","0.14123499393463135","135","135","135"
"13699","0.13773691654205322","0.13773691654205322","0.13773691654205322","136","136","136"
"13799","0.14083361625671387","0.14083361625671387","0.14083361625671387","137","137","137"
"13899","0.13441166281700134","0.13441166281700134","0.13441166281700134","138","138","138"
"13999","0.13872265815734863","0.13872265815734863","0.13872265815734863","139","139","139"
"14099","0.13915976881980896","0.13915976881980896","0.13915976881980896","140","140","140"
"14199","0.14331771433353424","0.14331771433353424","0.14331771433353424","141","141","141"
"14299","0.13696084916591644","0.13696084916591644","0.13696084916591644","142","142","142"
"14399","0.14042608439922333","0.14042608439922333","0.14042608439922333","143","143","143"
"14499","0.1371411234140396","0.1371411234140396","0.1371411234140396","144","144","144"
"14599","0.137096107006073","0.137096107006073","0.137096107006073","145","145","145"
"14699","0.13880863785743713","0.13880863785743713","0.13880863785743713","146","146","146"
"14799","0.14159154891967773","0.14159154891967773","0.14159154891967773","147","147","147"
"14899","0.14138171076774597","0.14138171076774597","0.14138171076774597","148","148","148"
"14999","0.13680781424045563","0.13680781424045563","0.13680781424045563","149","149","149"
"15099","0.13542388379573822","0.13542388379573822","0.13542388379573822","150","150","150"
"15199","0.14117057621479034","0.14117057621479034","0.14117057621479034","151","151","151"
"15299","0.13267046213150024","0.13267046213150024","0.13267046213150024","152","152","152"
"15399","0.13466776907444","0.13466776907444","0.13466776907444","153","153","153"
"15499","0.1383136808872223","0.1383136808872223","0.1383136808872223","154","154","154"
"15599","0.13740530610084534","0.13740530610084534","0.13740530610084534","155","155","155"
"15699","0.14591221511363983","0.14591221511363983","0.14591221511363983","156","156","156"
"15799","0.1428029090166092","0.1428029090166092","0.1428029090166092","157","157","157"
"15899","0.14121143519878387","0.14121143519878387","0.14121143519878387","158","158","158"
"15999","0.13503041863441467","0.13503041863441467","0.13503041863441467","159","159","159"
"16099","0.13549742102622986","0.13549742102622986","0.13549742102622986","160","160","160"
"16199","0.1382330060005188","0.1382330060005188","0.1382330060005188","161","161","161"
"16299","0.1349043995141983","0.1349043995141983","0.1349043995141983","162","162","162"
"16399","0.1374979019165039","0.1374979019165039","0.1374979019165039","163","163","163"
"16499","0.1351235806941986","0.1351235806941986","0.1351235806941986","164","164","164"
"16599","0.14247746765613556","0.14247746765613556","0.14247746765613556","165","165","165"
"16699","0.13611628115177155","0.13611628115177155","0.13611628115177155","166","166","166"
"16799","0.12940742075443268","0.12940742075443268","0.12940742075443268","167","167","167"
"16899","0.13756848871707916","0.13756848871707916","0.13756848871707916","168","168","168"
"16999","0.13564760982990265","0.13564760982990265","0.13564760982990265","169","169","169"
"17099","0.1374405324459076","0.1374405324459076","0.1374405324459076","170","170","170"
"17199","0.13714924454689026","0.13714924454689026","0.13714924454689026","171","171","171"
"17299","0.14003586769104004","0.14003586769104004","0.14003586769104004","172","172","172"
"17399","0.13505996763706207","0.13505996763706207","0.13505996763706207","173","173","173"
"17499","0.1301582306623459","0.1301582306623459","0.1301582306623459","174","174","174"
"17599","0.1353459358215332","0.1353459358215332","0.1353459358215332","175","175","175"
"17699","0.13728712499141693","0.13728712499141693","0.13728712499141693","176","176","176"
"17799","0.13858261704444885","0.13858261704444885","0.13858261704444885","177","177","177"
"17899","0.13532716035842896","0.13532716035842896","0.13532716035842896","178","178","178"
"17999","0.13416787981987","0.13416787981987","0.13416787981987","179","179","179"
"18099","0.13453450798988342","0.13453450798988342","0.13453450798988342","180","180","180"
"18199","0.13529549539089203","0.13529549539089203","0.13529549539089203","181","181","181"
"18299","0.13973368704319","0.13973368704319","0.13973368704319","182","182","182"
"18399","0.1321292221546173","0.1321292221546173","0.1321292221546173","183","183","183"
"18499","0.13387344777584076","0.13387344777584076","0.13387344777584076","184","184","184"
"18599","0.13752833008766174","0.13752833008766174","0.13752833008766174","185","185","185"
"18699","0.13983513414859772","0.13983513414859772","0.13983513414859772","186","186","186"
"18799","0.1327516883611679","0.1327516883611679","0.1327516883611679","187","187","187"
"18899","0.1397116333246231","0.1397116333246231","0.1397116333246231","188","188","188"
"18999","0.1341371387243271","0.1341371387243271","0.1341371387243271","189","189","189"
"19099","0.1319272518157959","0.1319272518157959","0.1319272518157959","190","190","190"
"19199","0.13637082278728485","0.13637082278728485","0.13637082278728485","191","191","191"
"19299","0.13315176963806152","0.13315176963806152","0.13315176963806152","192","192","192"
"19399","0.13448411226272583","0.13448411226272583","0.13448411226272583","193","193","193"
"19499","0.1338801234960556","0.1338801234960556","0.1338801234960556","194","194","194"
"19599","0.1389520913362503","0.1389520913362503","0.1389520913362503","195","195","195"
"19699","0.13371136784553528","0.13371136784553528","0.13371136784553528","196","196","196"
"19799","0.13608276844024658","0.13608276844024658","0.13608276844024658","197","197","197"
"19899","0.13918225467205048","0.13918225467205048","0.13918225467205048","198","198","198"
"19999","0.13357917964458466","0.13357917964458466","0.13357917964458466","199","199","199"
"20099","0.13391852378845215","0.13391852378845215","0.13391852378845215","200","200","200"
"20199","0.13657480478286743","0.13657480478286743","0.13657480478286743","201","201","201"
"20299","0.13405536115169525","0.13405536115169525","0.13405536115169525","202","202","202"
"20399","0.12963470816612244","0.12963470816612244","0.12963470816612244","203","203","203"
"20499","0.1367737352848053","0.1367737352848053","0.1367737352848053","204","204","204"
"20599","0.13943518698215485","0.13943518698215485","0.13943518698215485","205","205","205"
"20699","0.14043094217777252","0.14043094217777252","0.14043094217777252","206","206","206"
"20799","0.13632521033287048","0.13632521033287048","0.13632521033287048","207","207","207"
"20899","0.13174910843372345","0.13174910843372345","0.13174910843372345","208","208","208"
"20999","0.1352231651544571","0.1352231651544571","0.1352231651544571","209","209","209"
"21099","0.13816872239112854","0.13816872239112854","0.13816872239112854","210","210","210"
"21199","0.1320475935935974","0.1320475935935974","0.1320475935935974","211","211","211"
"21299","0.1386203020811081","0.1386203020811081","0.1386203020811081","212","212","212"
"21399","0.1351977437734604","0.1351977437734604","0.1351977437734604","213","213","213"
"21499","0.13406692445278168","0.13406692445278168","0.13406692445278168","214","214","214"
"21599","0.13344721496105194","0.13344721496105194","0.13344721496105194","215","215","215"
"21699","0.1367037147283554","0.1367037147283554","0.1367037147283554","216","216","216"
"21799","0.1406642347574234","0.1406642347574234","0.1406642347574234","217","217","217"
"21899","0.13712500035762787","0.13712500035762787","0.13712500035762787","218","218","218"
"21999","0.1360594779253006","0.1360594779253006","0.1360594779253006","219","219","219"
"22099","0.1326424479484558","0.1326424479484558","0.1326424479484558","220","220","220"
"22199","0.12632668018341064","0.12632668018341064","0.12632668018341064","221","221","221"
"22299","0.13635361194610596","0.13635361194610596","0.13635361194610596","222","222","222"
"22399","0.13225848972797394","0.13225848972797394","0.13225848972797394","223","223","223"
"22499","0.13396815955638885","0.13396815955638885","0.13396815955638885","224","224","224"
"22599","0.13799341022968292","0.13799341022968292","0.13799341022968292","225","225","225"
"22699","0.13525380194187164","0.13525380194187164","0.13525380194187164","226","226","226"
"22799","0.13389457762241364","0.13389457762241364","0.13389457762241364","227","227","227"
"22899","0.13299749791622162","0.13299749791622162","0.13299749791622162","228","228","228"
"22999","0.1321929544210434","0.1321929544210434","0.1321929544210434","229","229","229"
"23099","0.13088154792785645","0.13088154792785645","0.13088154792785645","230","230","230"
"23199","0.1320846676826477","0.1320846676826477","0.1320846676826477","231","231","231"
"23299","0.14134694635868073","0.14134694635868073","0.14134694635868073","232","232","232"
"23399","0.13960175216197968","0.13960175216197968","0.13960175216197968","233","233","233"
"23499","0.13531143963336945","0.13531143963336945","0.13531143963336945","234","234","234"
"23599","0.13080182671546936","0.13080182671546936","0.13080182671546936","235","235","235"
"23699","0.1334790736436844","0.1334790736436844","0.1334790736436844","236","236","236"
"23799","0.1359214186668396","0.1359214186668396","0.1359214186668396","237","237","237"
"23899","0.13502027094364166","0.13502027094364166","0.13502027094364166","238","238","238"
"23999","0.13907970488071442","0.13907970488071442","0.13907970488071442","239","239","239"
"24099","0.13449080288410187","0.13449080288410187","0.13449080288410187","240","240","240"
"24199","0.12793129682540894","0.12793129682540894","0.12793129682540894","241","241","241"
"24299","0.13267278671264648","0.13267278671264648","0.13267278671264648","242","242","242"
"24399","0.1281396746635437","0.1281396746635437","0.1281396746635437","243","243","243"
"24499","0.13048510253429413","0.13048510253429413","0.13048510253429413","244","244","244"
"24599","0.12681593000888824","0.12681593000888824","0.12681593000888824","245","245","245"
"24699","0.12800899147987366","0.12800899147987366","0.12800899147987366","246","246","246"
"24799","0.1351042240858078","0.1351042240858078","0.1351042240858078","247","247","247"
"24899","0.1357496827840805","0.1357496827840805","0.1357496827840805","248","248","248"
"24999","0.13564173877239227","0.13564173877239227","0.13564173877239227","249","249","249"
"25099","0.1353905200958252","0.1353905200958252","0.1353905200958252","250","250","250"
"25199","0.13120469450950623","0.13120469450950623","0.13120469450950623","251","251","251"
"25299","0.1339583843946457","0.1339583843946457","0.1339583843946457","252","252","252"
"25399","0.13528235256671906","0.13528235256671906","0.13528235256671906","253","253","253"
"25499","0.13041983544826508","0.13041983544826508","0.13041983544826508","254","254","254"
"25599","0.12687961757183075","0.12687961757183075","0.12687961757183075","255","255","255"
"25699","0.14287449419498444","0.14287449419498444","0.14287449419498444","256","256","256"
"25799","0.1274484544992447","0.1274484544992447","0.1274484544992447","257","257","257"
"25899","0.1333136409521103","0.1333136409521103","0.1333136409521103","258","258","258"
"25999","0.1346999704837799","0.1346999704837799","0.1346999704837799","259","259","259"
"26099","0.13680435717105865","0.13680435717105865","0.13680435717105865","260","260","260"
"26199","0.13371112942695618","0.13371112942695618","0.13371112942695618","261","261","261"
"26299","0.13262848556041718","0.13262848556041718","0.13262848556041718","262","262","262"
"26399","0.12857890129089355","0.12857890129089355","0.12857890129089355","263","263","263"
"26499","0.13161422312259674","0.13161422312259674","0.13161422312259674","264","264","264"
"26599","0.13257010281085968","0.13257010281085968","0.13257010281085968","265","265","265"
"26699","0.13756853342056274","0.13756853342056274","0.13756853342056274","266","266","266"
"26799","0.1329706311225891","0.1329706311225891","0.1329706311225891","267","267","267"
"26899","0.1364712119102478","0.1364712119102478","0.1364712119102478","268","268","268"
"26999","0.12975344061851501","0.12975344061851501","0.12975344061851501","269","269","269"
"27099","0.13512849807739258","0.13512849807739258","0.13512849807739258","270","270","270"
"27199","0.13837097585201263","0.13837097585201263","0.13837097585201263","271","271","271"
"27299","0.1320921778678894","0.1320921778678894","0.1320921778678894","272","272","272"
"27399","0.12747621536254883","0.12747621536254883","0.12747621536254883","273","273","273"
"27499","0.13097581267356873","0.13097581267356873","0.13097581267356873","274","274","274"
"27599","0.13518019020557404","0.13518019020557404","0.13518019020557404","275","275","275"
"27699","0.13200846314430237","0.13200846314430237","0.13200846314430237","276","276","276"
"27799","0.13227619230747223","0.13227619230747223","0.13227619230747223","277","277","277"
"27899","0.13291601836681366","0.13291601836681366","0.13291601836681366","278","278","278"
"27999","0.13103561103343964","0.13103561103343964","0.13103561103343964","279","279","279"
"28099","0.13390111923217773","0.13390111923217773","0.13390111923217773","280","280","280"
"28199","0.13185642659664154","0.13185642659664154","0.13185642659664154","281","281","281"
"28299","0.13297490775585175","0.13297490775585175","0.13297490775585175","282","282","282"
"28399","0.12937726080417633","0.12937726080417633","0.12937726080417633","283","283","283"
"28499","0.13215164840221405","0.13215164840221405","0.13215164840221405","284","284","284"
"28599","0.12455803900957108","0.12455803900957108","0.12455803900957108","285","285","285"
"28699","0.13488192856311798","0.13488192856311798","0.13488192856311798","286","286","286"
"28799","0.13093577325344086","0.13093577325344086","0.13093577325344086","287","287","287"
"28899","0.13138392567634583","0.13138392567634583","0.13138392567634583","288","288","288"
"28999","0.13122490048408508","0.13122490048408508","0.13122490048408508","289","289","289"
"29099","0.13389401137828827","0.13389401137828827","0.13389401137828827","290","290","290"
"29199","0.13600024580955505","0.13600024580955505","0.13600024580955505","291","291","291"
"29299","0.13429836928844452","0.13429836928844452","0.13429836928844452","292","292","292"
"29399","0.13044677674770355","0.13044677674770355","0.13044677674770355","293","293","293"
"29499","0.13316906988620758","0.13316906988620758","0.13316906988620758","294","294","294"
"29599","0.1252966672182083","0.1252966672182083","0.1252966672182083","295","295","295"
"29699","0.1331443339586258","0.1331443339586258","0.1331443339586258","296","296","296"
"29799","0.13197346031665802","0.13197346031665802","0.13197346031665802","297","297","297"
"29899","0.13349878787994385","0.13349878787994385","0.13349878787994385","298","298","298"
"29999","0.13493388891220093","0.13493388891220093","0.13493388891220093","299","299","299"
"30099","0.13023696839809418","0.13023696839809418","0.13023696839809418","300","300","300"
"30199","0.1304214894771576","0.1304214894771576","0.1304214894771576","301","301","301"
"30299","0.13020893931388855","0.13020893931388855","0.13020893931388855","302","302","302"
"30399","0.13512550294399261","0.13512550294399261","0.13512550294399261","303","303","303"
"30499","0.1308121681213379","0.1308121681213379","0.1308121681213379","304","304","304"
"30599","0.12788556516170502","0.12788556516170502","0.12788556516170502","305","305","305"
"30699","0.13516409695148468","0.13516409695148468","0.13516409695148468","306","306","306"
"30799","0.13084320724010468","0.13084320724010468","0.13084320724010468","307","307","307"
"30899","0.1270153969526291","0.1270153969526291","0.1270153969526291","308","308","308"
"30999","0.13327279686927795","0.13327279686927795","0.13327279686927795","309","309","309"
"31099","0.1275269091129303","0.1275269091129303","0.1275269091129303","310","310","310"
"31199","0.12970830500125885","0.12970830500125885","0.12970830500125885","311","311","311"
"31299","0.12962715327739716","0.12962715327739716","0.12962715327739716","312","312","312"
"31399","0.1356804370880127","0.1356804370880127","0.1356804370880127","313","313","313"
"31499","0.12583455443382263","0.12583455443382263","0.12583455443382263","314","314","314"
"31599","0.1319924294948578","0.1319924294948578","0.1319924294948578","315","315","315"
"31699","0.1360301375389099","0.1360301375389099","0.1360301375389099","316","316","316"
"31799","0.1315634697675705","0.1315634697675705","0.1315634697675705","317","317","317"
"31899","0.13764657080173492","0.13764657080173492","0.13764657080173492","318","318","318"
"31999","0.12911218404769897","0.12911218404769897","0.12911218404769897","319","319","319"
"32099","0.13053500652313232","0.13053500652313232","0.13053500652313232","320","320","320"
"32199","0.13642987608909607","0.13642987608909607","0.13642987608909607","321","321","321"
"32299","0.12958690524101257","0.12958690524101257","0.12958690524101257","322","322","322"
"32399","0.13545648753643036","0.13545648753643036","0.13545648753643036","323","323","323"
"32499","0.1295691728591919","0.1295691728591919","0.1295691728591919","324","324","324"
"32599","0.12634776532649994","0.12634776532649994","0.12634776532649994","325","325","325"
"32699","0.1359294205904007","0.1359294205904007","0.1359294205904007","326","326","326"
"32799","0.1304808109998703","0.1304808109998703","0.1304808109998703","327","327","327"
"32899","0.13411898910999298","0.13411898910999298","0.13411898910999298","328","328","328"
"32999","0.12456803768873215","0.12456803768873215","0.12456803768873215","329","329","329"
"33099","0.13109421730041504","0.13109421730041504","0.13109421730041504","330","330","330"
"33199","0.128987118601799","0.128987118601799","0.128987118601799","331","331","331"
"33299","0.12730133533477783","0.12730133533477783","0.12730133533477783","332","332","332"
"33399","0.12509718537330627","0.12509718537330627","0.12509718537330627","333","333","333"
"33499","0.13019317388534546","0.13019317388534546","0.13019317388534546","334","334","334"
"33599","0.12926548719406128","0.12926548719406128","0.12926548719406128","335","335","335"
"33699","0.1344481110572815","0.1344481110572815","0.1344481110572815","336","336","336"
"33799","0.12836726009845734","0.12836726009845734","0.12836726009845734","337","337","337"
"33899","0.1287229210138321","0.1287229210138321","0.1287229210138321","338","338","338"
"33999","0.13062860071659088","0.13062860071659088","0.13062860071659088","339","339","339"
"34099","0.132756769657135","0.132756769657135","0.132756769657135","340","340","340"
"34199","0.13186651468276978","0.13186651468276978","0.13186651468276978","341","341","341"
"34299","0.12945546209812164","0.12945546209812164","0.12945546209812164","342","342","342"
"34399","0.1294964998960495","0.1294964998960495","0.1294964998960495","343","343","343"
"34499","0.12797953188419342","0.12797953188419342","0.12797953188419342","344","344","344"
"34599","0.1308949589729309","0.1308949589729309","0.1308949589729309","345","345","345"
"34699","0.13298514485359192","0.13298514485359192","0.13298514485359192","346","346","346"
"34799","0.12414737045764923","0.12414737045764923","0.12414737045764923","347","347","347"
"34899","0.1268104761838913","0.1268104761838913","0.1268104761838913","348","348","348"
"34999","0.12817008793354034","0.12817008793354034","0.12817008793354034","349","349","349"
"35099","0.12766075134277344","0.12766075134277344","0.12766075134277344","350","350","350"
"35199","0.12841321527957916","0.12841321527957916","0.12841321527957916","351","351","351"
"35299","0.1351967602968216","0.1351967602968216","0.1351967602968216","352","352","352"
"35399","0.1274537891149521","0.1274537891149521","0.1274537891149521","353","353","353"
"35499","0.1280304491519928","0.1280304491519928","0.1280304491519928","354","354","354"
"35599","0.13266083598136902","0.13266083598136902","0.13266083598136902","355","355","355"
"35699","0.13110807538032532","0.13110807538032532","0.13110807538032532","356","356","356"
"35799","0.12716196477413177","0.12716196477413177","0.12716196477413177","357","357","357"
"35899","0.12265411019325256","0.12265411019325256","0.12265411019325256","358","358","358"
"35999","0.12933722138404846","0.12933722138404846","0.12933722138404846","359","359","359"
"36099","0.12871381640434265","0.12871381640434265","0.12871381640434265","360","360","360"
"36199","0.1290428340435028","0.1290428340435028","0.1290428340435028","361","361","361"
"36299","0.1353452354669571","0.1353452354669571","0.1353452354669571","362","362","362"
"36399","0.12538054585456848","0.12538054585456848","0.12538054585456848","363","363","363"
"36499","0.12937083840370178","0.12937083840370178","0.12937083840370178","364","364","364"
"36599","0.12323296070098877","0.12323296070098877","0.12323296070098877","365","365","365"
"36699","0.12904150784015656","0.12904150784015656","0.12904150784015656","366","366","366"
"36799","0.12893714010715485","0.12893714010715485","0.12893714010715485","367","367","367"
"36899","0.12258845567703247","0.12258845567703247","0.12258845567703247","368","368","368"
"36999","0.13080920279026031","0.13080920279026031","0.13080920279026031","369","369","369"
"37099","0.12391214072704315","0.12391214072704315","0.12391214072704315","370","370","370"
"37199","0.13049502670764923","0.13049502670764923","0.13049502670764923","371","371","371"
"37299","0.13229836523532867","0.13229836523532867","0.13229836523532867","372","372","372"
"37399","0.13152319192886353","0.13152319192886353","0.13152319192886353","373","373","373"
"37499","0.13224762678146362","0.13224762678146362","0.13224762678146362","374","374","374"
"37599","0.12984776496887207","0.12984776496887207","0.12984776496887207","375","375","375"
"37699","0.1283159852027893","0.1283159852027893","0.1283159852027893","376","376","376"
"37799","0.12208697944879532","0.12208697944879532","0.12208697944879532","377","377","377"
"37899","0.1277216225862503","0.1277216225862503","0.1277216225862503","378","378","378"
"37999","0.12982119619846344","0.12982119619846344","0.12982119619846344","379","379","379"
"38099","0.12825684249401093","0.12825684249401093","0.12825684249401093","380","380","380"
"38199","0.12892164289951324","0.12892164289951324","0.12892164289951324","381","381","381"
"38299","0.12913362681865692","0.12913362681865692","0.12913362681865692","382","382","382"
"38399","0.12432724237442017","0.12432724237442017","0.12432724237442017","383","383","383"
"38499","0.13517090678215027","0.13517090678215027","0.13517090678215027","384","384","384"
"38599","0.1320156753063202","0.1320156753063202","0.1320156753063202","385","385","385"
"38699","0.1252775639295578","0.1252775639295578","0.1252775639295578","386","386","386"
"38799","0.12822769582271576","0.12822769582271576","0.12822769582271576","387","387","387"
"38899","0.13662458956241608","0.13662458956241608","0.13662458956241608","388","388","388"
"38999","0.1308329999446869","0.1308329999446869","0.1308329999446869","389","389","389"
"39099","0.12856927514076233","0.12856927514076233","0.12856927514076233","390","390","390"
"39199","0.13476470112800598","0.13476470112800598","0.13476470112800598","391","391","391"
"39299","0.1259254664182663","0.1259254664182663","0.1259254664182663","392","392","392"
"39399","0.12573952972888947","0.12573952972888947","0.12573952972888947","393","393","393"
"39499","0.12735731899738312","0.12735731899738312","0.12735731899738312","394","394","394"
"39599","0.1290874183177948","0.1290874183177948","0.1290874183177948","395","395","395"
"39699","0.13344426453113556","0.13344426453113556","0.13344426453113556","396","396","396"
"39799","0.12543976306915283","0.12543976306915283","0.12543976306915283","397","397","397"
"39899","0.1284567415714264","0.1284567415714264","0.1284567415714264","398","398","398"
"39999","0.13260146975517273","0.13260146975517273","0.13260146975517273","399","399","399"
"40099","0.13321553170681","0.13321553170681","0.13321553170681","400","400","400"
"40199","0.1314999908208847","0.1314999908208847","0.1314999908208847","401","401","401"
"40299","0.1229507252573967","0.1229507252573967","0.1229507252573967","402","402","402"
"40399","0.12179722636938095","0.12179722636938095","0.12179722636938095","403","403","403"
"40499","0.1281946301460266","0.1281946301460266","0.1281946301460266","404","404","404"
"40599","0.12334286421537399","0.12334286421537399","0.12334286421537399","405","405","405"
"40699","0.1321193277835846","0.1321193277835846","0.1321193277835846","406","406","406"
"40799","0.13474041223526","0.13474041223526","0.13474041223526","407","407","407"
"40899","0.13400831818580627","0.13400831818580627","0.13400831818580627","408","408","408"
"40999","0.13212373852729797","0.13212373852729797","0.13212373852729797","409","409","409"
"41099","0.12502728402614594","0.12502728402614594","0.12502728402614594","410","410","410"
"41199","0.13112643361091614","0.13112643361091614","0.13112643361091614","411","411","411"
"41299","0.12760642170906067","0.12760642170906067","0.12760642170906067","412","412","412"
"41399","0.12276702374219894","0.12276702374219894","0.12276702374219894","413","413","413"
"41499","0.12177638709545135","0.12177638709545135","0.12177638709545135","414","414","414"
"41599","0.12805162370204926","0.12805162370204926","0.12805162370204926","415","415","415"
"41699","0.1295311003923416","0.1295311003923416","0.1295311003923416","416","416","416"
"41799","0.12418234348297119","0.12418234348297119","0.12418234348297119","417","417","417"
"41899","0.1249929741024971","0.1249929741024971","0.1249929741024971","418","418","418"
"41999","0.12994293868541718","0.12994293868541718","0.12994293868541718","419","419","419"
"42099","0.13287732005119324","0.13287732005119324","0.13287732005119324","420","420","420"
"42199","0.12981225550174713","0.12981225550174713","0.12981225550174713","421","421","421"
"42299","0.12820270657539368","0.12820270657539368","0.12820270657539368","422","422","422"
"42399","0.12860307097434998","0.12860307097434998","0.12860307097434998","423","423","423"
"42499","0.13629408180713654","0.13629408180713654","0.13629408180713654","424","424","424"
"42599","0.12738844752311707","0.12738844752311707","0.12738844752311707","425","425","425"
"42699","0.1233314573764801","0.1233314573764801","0.1233314573764801","426","426","426"
"42799","0.12955018877983093","0.12955018877983093","0.12955018877983093","427","427","427"
"42899","0.12736107409000397","0.12736107409000397","0.12736107409000397","428","428","428"
"42999","0.12854808568954468","0.12854808568954468","0.12854808568954468","429","429","429"
"43099","0.1272444874048233","0.1272444874048233","0.1272444874048233","430","430","430"
"43199","0.12705139815807343","0.12705139815807343","0.12705139815807343","431","431","431"
"43299","0.12119083851575851","0.12119083851575851","0.12119083851575851","432","432","432"
"43399","0.12497323006391525","0.12497323006391525","0.12497323006391525","433","433","433"
"43499","0.13403959572315216","0.13403959572315216","0.13403959572315216","434","434","434"
"43599","0.13019636273384094","0.13019636273384094","0.13019636273384094","435","435","435"
"43699","0.12399414926767349","0.12399414926767349","0.12399414926767349","436","436","436"
"43799","0.13154840469360352","0.13154840469360352","0.13154840469360352","437","437","437"
"43899","0.14162854850292206","0.14162854850292206","0.14162854850292206","438","438","438"
"43999","0.12611523270606995","0.12611523270606995","0.12611523270606995","439","439","439"
"44099","0.12389455735683441","0.12389455735683441","0.12389455735683441","440","440","440"
"44199","0.13248728215694427","0.13248728215694427","0.13248728215694427","441","441","441"
"44299","0.12249463051557541","0.12249463051557541","0.12249463051557541","442","442","442"
"44399","0.12741824984550476","0.12741824984550476","0.12741824984550476","443","443","443"
"44499","0.13135650753974915","0.13135650753974915","0.13135650753974915","444","444","444"
"44599","0.12473339587450027","0.12473339587450027","0.12473339587450027","445","445","445"
"44699","0.13423345983028412","0.13423345983028412","0.13423345983028412","446","446","446"
"44799","0.12552234530448914","0.12552234530448914","0.12552234530448914","447","447","447"
"44899","0.12355950474739075","0.12355950474739075","0.12355950474739075","448","448","448"
"44999","0.12935474514961243","0.12935474514961243","0.12935474514961243","449","449","449"
"45099","0.12827624380588531","0.12827624380588531","0.12827624380588531","450","450","450"
"45199","0.12639449536800385","0.12639449536800385","0.12639449536800385","451","451","451"
"45299","0.12843205034732819","0.12843205034732819","0.12843205034732819","452","452","452"
"45399","0.1327683925628662","0.1327683925628662","0.1327683925628662","453","453","453"
"45499","0.13037008047103882","0.13037008047103882","0.13037008047103882","454","454","454"
"45599","0.12902989983558655","0.12902989983558655","0.12902989983558655","455","455","455"
"45699","0.12715353071689606","0.12715353071689606","0.12715353071689606","456","456","456"
"45799","0.1274813413619995","0.1274813413619995","0.1274813413619995","457","457","457"
"45899","0.12852269411087036","0.12852269411087036","0.12852269411087036","458","458","458"
"45999","0.13225394487380981","0.13225394487380981","0.13225394487380981","459","459","459"
"46099","0.12748974561691284","0.12748974561691284","0.12748974561691284","460","460","460"
"46199","0.12719950079917908","0.12719950079917908","0.12719950079917908","461","461","461"
"46299","0.12611359357833862","0.12611359357833862","0.12611359357833862","462","462","462"
"46399","0.12367986887693405","0.12367986887693405","0.12367986887693405","463","463","463"
"46499","0.1274203509092331","0.1274203509092331","0.1274203509092331","464","464","464"
"46599","0.1326044350862503","0.1326044350862503","0.1326044350862503","465","465","465"
"46699","0.1340080350637436","0.1340080350637436","0.1340080350637436","466","466","466"
"46799","0.13037177920341492","0.13037177920341492","0.13037177920341492","467","467","467"
"46899","0.12468814104795456","0.12468814104795456","0.12468814104795456","468","468","468"
"46999","0.12011026591062546","0.12011026591062546","0.12011026591062546","469","469","469"
"47099","0.1292794942855835","0.1292794942855835","0.1292794942855835","470","470","470"
"47199","0.12870195508003235","0.12870195508003235","0.12870195508003235","471","471","471"
"47299","0.12753818929195404","0.12753818929195404","0.12753818929195404","472","472","472"
"47399","0.12559397518634796","0.12559397518634796","0.12559397518634796","473","473","473"
"47499","0.13083720207214355","0.13083720207214355","0.13083720207214355","474","474","474"
"47599","0.12116192281246185","0.12116192281246185","0.12116192281246185","475","475","475"
"47699","0.12583434581756592","0.12583434581756592","0.12583434581756592","476","476","476"
"47799","0.12474182993173599","0.12474182993173599","0.12474182993173599","477","477","477"
"47899","0.12053114175796509","0.12053114175796509","0.12053114175796509","478","478","478"
"47999","0.12651179730892181","0.12651179730892181","0.12651179730892181","479","479","479"
"48099","0.13386064767837524","0.13386064767837524","0.13386064767837524","480","480","480"
"48199","0.12476100027561188","0.12476100027561188","0.12476100027561188","481","481","481"
"48299","0.131340891122818","0.131340891122818","0.131340891122818","482","482","482"
"48399","0.1298646777868271","0.1298646777868271","0.1298646777868271","483","483","483"
"48499","0.12728296220302582","0.12728296220302582","0.12728296220302582","484","484","484"
"48599","0.12473473697900772","0.12473473697900772","0.12473473697900772","485","485","485"
"48699","0.12765564024448395","0.12765564024448395","0.12765564024448395","486","486","486"
"48799","0.13233941793441772","0.13233941793441772","0.13233941793441772","487","487","487"
"48899","0.125343918800354","0.125343918800354","0.125343918800354","488","488","488"
"48999","0.12923625111579895","0.12923625111579895","0.12923625111579895","489","489","489"
"49099","0.1279858946800232","0.1279858946800232","0.1279858946800232","490","490","490"
"49199","0.12770025432109833","0.12770025432109833","0.12770025432109833","491","491","491"
"49299","0.13023187220096588","0.13023187220096588","0.13023187220096588","492","492","492"
"49399","0.12337081134319305","0.12337081134319305","0.12337081134319305","493","493","493"
"49499","0.13110092282295227","0.13110092282295227","0.13110092282295227","494","494","494"
"49599","0.12933477759361267","0.12933477759361267","0.12933477759361267","495","495","495"
"49699","0.13538962602615356","0.13538962602615356","0.13538962602615356","496","496","496"
"49799","0.12414667010307312","0.12414667010307312","0.12414667010307312","497","497","497"
"49899","0.12620337307453156","0.12620337307453156","0.12620337307453156","498","498","498"
"49999","0.12403939664363861","0.12403939664363861","0.12403939664363861","499","499","499"
"50099","0.12313564866781235","0.12313564866781235","0.12313564866781235","500","500","500"
"50199","0.12854132056236267","0.12854132056236267","0.12854132056236267","501","501","501"
"50299","0.12409646064043045","0.12409646064043045","0.12409646064043045","502","502","502"
"50399","0.1292530745267868","0.1292530745267868","0.1292530745267868","503","503","503"
"50499","0.1295851618051529","0.1295851618051529","0.1295851618051529","504","504","504"
"50599","0.1269289255142212","0.1269289255142212","0.1269289255142212","505","505","505"
"50699","0.13107655942440033","0.13107655942440033","0.13107655942440033","506","506","506"
"50799","0.13033592700958252","0.13033592700958252","0.13033592700958252","507","507","507"
"50899","0.13307151198387146","0.13307151198387146","0.13307151198387146","508","508","508"
"50999","0.12884308397769928","0.12884308397769928","0.12884308397769928","509","509","509"
"51099","0.12296593189239502","0.12296593189239502","0.12296593189239502","510","510","510"
"51199","0.12708576023578644","0.12708576023578644","0.12708576023578644","511","511","511"
"51299","0.13188433647155762","0.13188433647155762","0.13188433647155762","512","512","512"
"51399","0.1277296096086502","0.1277296096086502","0.1277296096086502","513","513","513"
"51499","0.12188797444105148","0.12188797444105148","0.12188797444105148","514","514","514"
"51599","0.13633085787296295","0.13633085787296295","0.13633085787296295","515","515","515"
"51699","0.12303433567285538","0.12303433567285538","0.12303433567285538","516","516","516"
"51799","0.11978725343942642","0.11978725343942642","0.11978725343942642","517","517","517"
"51899","0.1266421526670456","0.1266421526670456","0.1266421526670456","518","518","518"
"51999","0.12211214751005173","0.12211214751005173","0.12211214751005173","519","519","519"
"52099","0.12760421633720398","0.12760421633720398","0.12760421633720398","520","520","520"
"52199","0.13006964325904846","0.13006964325904846","0.13006964325904846","521","521","521"
"52299","0.12686146795749664","0.12686146795749664","0.12686146795749664","522","522","522"
"52399","0.12937138974666595","0.12937138974666595","0.12937138974666595","523","523","523"
"52499","0.12733358144760132","0.12733358144760132","0.12733358144760132","524","524","524"
"52599","0.12630042433738708","0.12630042433738708","0.12630042433738708","525","525","525"
"52699","0.12039490789175034","0.12039490789175034","0.12039490789175034","526","526","526"
"52799","0.1283930093050003","0.1283930093050003","0.1283930093050003","527","527","527"
"52899","0.12506084144115448","0.12506084144115448","0.12506084144115448","528","528","528"
"52999","0.1261330097913742","0.1261330097913742","0.1261330097913742","529","529","529"
"53099","0.12322177737951279","0.12322177737951279","0.12322177737951279","530","530","530"
"53199","0.12625674903392792","0.12625674903392792","0.12625674903392792","531","531","531"
"53299","0.12825340032577515","0.12825340032577515","0.12825340032577515","532","532","532"
"53399","0.1311427354812622","0.1311427354812622","0.1311427354812622","533","533","533"
"53499","0.12479567527770996","0.12479567527770996","0.12479567527770996","534","534","534"
"53599","0.12002632021903992","0.12002632021903992","0.12002632021903992","535","535","535"
"53699","0.12167158722877502","0.12167158722877502","0.12167158722877502","536","536","536"
"53799","0.12668825685977936","0.12668825685977936","0.12668825685977936","537","537","537"
"53899","0.12866723537445068","0.12866723537445068","0.12866723537445068","538","538","538"
"53999","0.13074849545955658","0.13074849545955658","0.13074849545955658","539","539","539"
"54099","0.12734898924827576","0.12734898924827576","0.12734898924827576","540","540","540"
"54199","0.12686696648597717","0.12686696648597717","0.12686696648597717","541","541","541"
"54299","0.12290386855602264","0.12290386855602264","0.12290386855602264","542","542","542"
"54399","0.12936997413635254","0.12936997413635254","0.12936997413635254","543","543","543"
"54499","0.1248069703578949","0.1248069703578949","0.1248069703578949","544","544","544"
"54599","0.13025255501270294","0.13025255501270294","0.13025255501270294","545","545","545"
"54699","0.12110385298728943","0.12110385298728943","0.12110385298728943","546","546","546"
"54799","0.1307830512523651","0.1307830512523651","0.1307830512523651","547","547","547"
"54899","0.1264100968837738","0.1264100968837738","0.1264100968837738","548","548","548"
"54999","0.12501166760921478","0.12501166760921478","0.12501166760921478","549","549","549"
"55099","0.12416626513004303","0.12416626513004303","0.12416626513004303","550","550","550"
"55199","0.12384761869907379","0.12384761869907379","0.12384761869907379","551","551","551"
"55299","0.12565498054027557","0.12565498054027557","0.12565498054027557","552","552","552"
"55399","0.12252447009086609","0.12252447009086609","0.12252447009086609","553","553","553"
"55499","0.12825365364551544","0.12825365364551544","0.12825365364551544","554","554","554"
"55599","0.13220950961112976","0.13220950961112976","0.13220950961112976","555","555","555"
"55699","0.12831340730190277","0.12831340730190277","0.12831340730190277","556","556","556"
"55799","0.13382236659526825","0.13382236659526825","0.13382236659526825","557","557","557"
"55899","0.1263159215450287","0.1263159215450287","0.1263159215450287","558","558","558"
"55999","0.12207340449094772","0.12207340449094772","0.12207340449094772","559","559","559"
"56099","0.12924958765506744","0.12924958765506744","0.12924958765506744","560","560","560"
"56199","0.12520919740200043","0.12520919740200043","0.12520919740200043","561","561","561"
"56299","0.1295756846666336","0.1295756846666336","0.1295756846666336","562","562","562"
"56399","0.12140588462352753","0.12140588462352753","0.12140588462352753","563","563","563"
"56499","0.12371954321861267","0.12371954321861267","0.12371954321861267","564","564","564"
"56599","0.12701040506362915","0.12701040506362915","0.12701040506362915","565","565","565"
"56699","0.12365850806236267","0.12365850806236267","0.12365850806236267","566","566","566"
"56799","0.12741927802562714","0.12741927802562714","0.12741927802562714","567","567","567"
"56899","0.12486730515956879","0.12486730515956879","0.12486730515956879","568","568","568"
"56999","0.13439080119132996","0.13439080119132996","0.13439080119132996","569","569","569"
"57099","0.12691564857959747","0.12691564857959747","0.12691564857959747","570","570","570"
"57199","0.12291955202817917","0.12291955202817917","0.12291955202817917","571","571","571"
"57299","0.12492429465055466","0.12492429465055466","0.12492429465055466","572","572","572"
"57399","0.12577325105667114","0.12577325105667114","0.12577325105667114","573","573","573"
"57499","0.12843430042266846","0.12843430042266846","0.12843430042266846","574","574","574"
"57599","0.12785211205482483","0.12785211205482483","0.12785211205482483","575","575","575"
"57699","0.12392726540565491","0.12392726540565491","0.12392726540565491","576","576","576"
"57799","0.13134722411632538","0.13134722411632538","0.13134722411632538","577","577","577"
"57899","0.12200525403022766","0.12200525403022766","0.12200525403022766","578","578","578"
"57999","0.12629997730255127","0.12629997730255127","0.12629997730255127","579","579","579"
"58099","0.11998292058706284","0.11998292058706284","0.11998292058706284","580","580","580"
"58199","0.1288307011127472","0.1288307011127472","0.1288307011127472","581","581","581"
"58299","0.1290394514799118","0.1290394514799118","0.1290394514799118","582","582","582"
"58399","0.12137407064437866","0.12137407064437866","0.12137407064437866","583","583","583"
"58499","0.12885671854019165","0.12885671854019165","0.12885671854019165","584","584","584"
"58599","0.1252928227186203","0.1252928227186203","0.1252928227186203","585","585","585"
"58699","0.13199807703495026","0.13199807703495026","0.13199807703495026","586","586","586"
"58799","0.12295469641685486","0.12295469641685486","0.12295469641685486","587","587","587"
"58899","0.1262708306312561","0.1262708306312561","0.1262708306312561","588","588","588"
"58999","0.1262519359588623","0.1262519359588623","0.1262519359588623","589","589","589"
"59099","0.12594349682331085","0.12594349682331085","0.12594349682331085","590","590","590"
"59199","0.13001781702041626","0.13001781702041626","0.13001781702041626","591","591","591"
"59299","0.11983860284090042","0.11983860284090042","0.11983860284090042","592","592","592"
"59399","0.12852346897125244","0.12852346897125244","0.12852346897125244","593","593","593"
"59499","0.12413021922111511","0.12413021922111511","0.12413021922111511","594","594","594"
"59599","0.1273273527622223","0.1273273527622223","0.1273273527622223","595","595","595"
"59699","0.12131935358047485","0.12131935358047485","0.12131935358047485","596","596","596"
"59799","0.12498370558023453","0.12498370558023453","0.12498370558023453","597","597","597"
"59899","0.1208900511264801","0.1208900511264801","0.1208900511264801","598","598","598"
"59999","0.12353920191526413","0.12353920191526413","0.12353920191526413","599","599","599"
"60099","0.12086521089076996","0.12086521089076996","0.12086521089076996","600","600","600"
"60199","0.12598028779029846","0.12598028779029846","0.12598028779029846","601","601","601"
"60299","0.12786731123924255","0.12786731123924255","0.12786731123924255","602","602","602"
"60399","0.12091776728630066","0.12091776728630066","0.12091776728630066","603","603","603"
"60499","0.1267462819814682","0.1267462819814682","0.1267462819814682","604","604","604"
"60599","0.11849305778741837","0.11849305778741837","0.11849305778741837","605","605","605"
"60699","0.1206570714712143","0.1206570714712143","0.1206570714712143","606","606","606"
"60799","0.12147415429353714","0.12147415429353714","0.12147415429353714","607","607","607"
"60899","0.1242389902472496","0.1242389902472496","0.1242389902472496","608","608","608"
"60999","0.1223076730966568","0.1223076730966568","0.1223076730966568","609","609","609"
"61099","0.1263681948184967","0.1263681948184967","0.1263681948184967","610","610","610"
"61199","0.12176959216594696","0.12176959216594696","0.12176959216594696","611","611","611"
"61299","0.12982401251792908","0.12982401251792908","0.12982401251792908","612","612","612"
"61399","0.12277726083993912","0.12277726083993912","0.12277726083993912","613","613","613"
"61499","0.12417124211788177","0.12417124211788177","0.12417124211788177","614","614","614"
"61599","0.12649700045585632","0.12649700045585632","0.12649700045585632","615","615","615"
"61699","0.12968842685222626","0.12968842685222626","0.12968842685222626","616","616","616"
"61799","0.13269370794296265","0.13269370794296265","0.13269370794296265","617","617","617"
"61899","0.1264859139919281","0.1264859139919281","0.1264859139919281","618","618","618"
"61999","0.1290159970521927","0.1290159970521927","0.1290159970521927","619","619","619"
"62099","0.12635590136051178","0.12635590136051178","0.12635590136051178","620","620","620"
"62199","0.12484446167945862","0.12484446167945862","0.12484446167945862","621","621","621"
"62299","0.12169723957777023","0.12169723957777023","0.12169723957777023","622","622","622"
"62399","0.1231774240732193","0.1231774240732193","0.1231774240732193","623","623","623"
"62499","0.1271522492170334","0.1271522492170334","0.1271522492170334","624","624","624"
"62599","0.12002776563167572","0.12002776563167572","0.12002776563167572","625","625","625"
"62699","0.126566082239151","0.126566082239151","0.126566082239151","626","626","626"
"62799","0.12172139436006546","0.12172139436006546","0.12172139436006546","627","627","627"
"62899","0.1200999990105629","0.1200999990105629","0.1200999990105629","628","628","628"
"62999","0.12341658771038055","0.12341658771038055","0.12341658771038055","629","629","629"
"63099","0.12774482369422913","0.12774482369422913","0.12774482369422913","630","630","630"
"63199","0.13342759013175964","0.13342759013175964","0.13342759013175964","631","631","631"
"63299","0.1275571882724762","0.1275571882724762","0.1275571882724762","632","632","632"
"63399","0.12492812424898148","0.12492812424898148","0.12492812424898148","633","633","633"
"63499","0.12340976297855377","0.12340976297855377","0.12340976297855377","634","634","634"
"63599","0.12093733251094818","0.12093733251094818","0.12093733251094818","635","635","635"
"63699","0.13270188868045807","0.13270188868045807","0.13270188868045807","636","636","636"
"63799","0.1299446076154709","0.1299446076154709","0.1299446076154709","637","637","637"
"63899","0.11933910101652145","0.11933910101652145","0.11933910101652145","638","638","638"
"63999","0.12361054867506027","0.12361054867506027","0.12361054867506027","639","639","639"
"64099","0.1249067410826683","0.1249067410826683","0.1249067410826683","640","640","640"
"64199","0.12212242186069489","0.12212242186069489","0.12212242186069489","641","641","641"
"64299","0.13103985786437988","0.13103985786437988","0.13103985786437988","642","642","642"
"64399","0.12554475665092468","0.12554475665092468","0.12554475665092468","643","643","643"
"64499","0.12111963331699371","0.12111963331699371","0.12111963331699371","644","644","644"
"64599","0.1276453733444214","0.1276453733444214","0.1276453733444214","645","645","645"
"64699","0.1304289549589157","0.1304289549589157","0.1304289549589157","646","646","646"
"64799","0.12011010199785233","0.12011010199785233","0.12011010199785233","647","647","647"
"64899","0.13353222608566284","0.13353222608566284","0.13353222608566284","648","648","648"
"64999","0.1214466467499733","0.1214466467499733","0.1214466467499733","649","649","649"
"65099","0.12730948626995087","0.12730948626995087","0.12730948626995087","650","650","650"
"65199","0.12599976360797882","0.12599976360797882","0.12599976360797882","651","651","651"
"65299","0.12695816159248352","0.12695816159248352","0.12695816159248352","652","652","652"
"65399","0.13209708034992218","0.13209708034992218","0.13209708034992218","653","653","653"
"65499","0.12599368393421173","0.12599368393421173","0.12599368393421173","654","654","654"
"65599","0.12945112586021423","0.12945112586021423","0.12945112586021423","655","655","655"
"65699","0.12258163094520569","0.12258163094520569","0.12258163094520569","656","656","656"
"65799","0.12294331938028336","0.12294331938028336","0.12294331938028336","657","657","657"
"65899","0.13019607961177826","0.13019607961177826","0.13019607961177826","658","658","658"
"65999","0.12532760202884674","0.12532760202884674","0.12532760202884674","659","659","659"
"66099","0.1261395514011383","0.1261395514011383","0.1261395514011383","660","660","660"
"66199","0.1253194808959961","0.1253194808959961","0.1253194808959961","661","661","661"
"66299","0.12029747664928436","0.12029747664928436","0.12029747664928436","662","662","662"
"66399","0.124223992228508","0.124223992228508","0.124223992228508","663","663","663"
"66499","0.12452902644872665","0.12452902644872665","0.12452902644872665","664","664","664"
"66599","0.1254778355360031","0.1254778355360031","0.1254778355360031","665","665","665"
"66699","0.13302598893642426","0.13302598893642426","0.13302598893642426","666","666","666"
"66799","0.12219767272472382","0.12219767272472382","0.12219767272472382","667","667","667"
"66899","0.12689201533794403","0.12689201533794403","0.12689201533794403","668","668","668"
"66999","0.12359315901994705","0.12359315901994705","0.12359315901994705","669","669","669"
"67099","0.12963023781776428","0.12963023781776428","0.12963023781776428","670","670","670"
"67199","0.12798075377941132","0.12798075377941132","0.12798075377941132","671","671","671"
"67299","0.12689058482646942","0.12689058482646942","0.12689058482646942","672","672","672"
"67399","0.12072791159152985","0.12072791159152985","0.12072791159152985","673","673","673"
"67499","0.12692706286907196","0.12692706286907196","0.12692706286907196","674","674","674"
"67599","0.1235719621181488","0.1235719621181488","0.1235719621181488","675","675","675"
"67699","0.12359291315078735","0.12359291315078735","0.12359291315078735","676","676","676"
"67799","0.13301679491996765","0.13301679491996765","0.13301679491996765","677","677","677"
"67899","0.12845292687416077","0.12845292687416077","0.12845292687416077","678","678","678"
"67999","0.12201928347349167","0.12201928347349167","0.12201928347349167","679","679","679"
"68099","0.12788577377796173","0.12788577377796173","0.12788577377796173","680","680","680"
"68199","0.12321983277797699","0.12321983277797699","0.12321983277797699","681","681","681"
"68299","0.11912387609481812","0.11912387609481812","0.11912387609481812","682","682","682"
"68399","0.1320735216140747","0.1320735216140747","0.1320735216140747","683","683","683"
"68499","0.12374571710824966","0.12374571710824966","0.12374571710824966","684","684","684"
"68599","0.12653931975364685","0.12653931975364685","0.12653931975364685","685","685","685"
"68699","0.12064588814973831","0.12064588814973831","0.12064588814973831","686","686","686"
"68799","0.12302226573228836","0.12302226573228836","0.12302226573228836","687","687","687"
"68899","0.1286633461713791","0.1286633461713791","0.1286633461713791","688","688","688"
"68999","0.1243116483092308","0.1243116483092308","0.1243116483092308","689","689","689"
"69099","0.1185082495212555","0.1185082495212555","0.1185082495212555","690","690","690"
"69199","0.12411253154277802","0.12411253154277802","0.12411253154277802","691","691","691"
"69299","0.1240980327129364","0.1240980327129364","0.1240980327129364","692","692","692"
"69399","0.12040705233812332","0.12040705233812332","0.12040705233812332","693","693","693"
"69499","0.1177544966340065","0.1177544966340065","0.1177544966340065","694","694","694"
"69599","0.12735655903816223","0.12735655903816223","0.12735655903816223","695","695","695"
"69699","0.11867494136095047","0.11867494136095047","0.11867494136095047","696","696","696"
"69799","0.13010400533676147","0.13010400533676147","0.13010400533676147","697","697","697"
"69899","0.12721197307109833","0.12721197307109833","0.12721197307109833","698","698","698"
"69999","0.12155375629663467","0.12155375629663467","0.12155375629663467","699","699","699"
"70099","0.12425912916660309","0.12425912916660309","0.12425912916660309","700","700","700"
"70199","0.1238669827580452","0.1238669827580452","0.1238669827580452","701","701","701"
"70299","0.11964951455593109","0.11964951455593109","0.11964951455593109","702","702","702"
"70399","0.1274251937866211","0.1274251937866211","0.1274251937866211","703","703","703"
"70499","0.12264776974916458","0.12264776974916458","0.12264776974916458","704","704","704"
"70599","0.11973948776721954","0.11973948776721954","0.11973948776721954","705","705","705"
"70699","0.12454904615879059","0.12454904615879059","0.12454904615879059","706","706","706"
"70799","0.12181530147790909","0.12181530147790909","0.12181530147790909","707","707","707"
"70899","0.12678027153015137","0.12678027153015137","0.12678027153015137","708","708","708"
"70999","0.1209101527929306","0.1209101527929306","0.1209101527929306","709","709","709"
"71099","0.12564563751220703","0.12564563751220703","0.12564563751220703","710","710","710"
"71199","0.12332654744386673","0.12332654744386673","0.12332654744386673","711","711","711"
"71299","0.12649817764759064","0.12649817764759064","0.12649817764759064","712","712","712"
"71399","0.12456345558166504","0.12456345558166504","0.12456345558166504","713","713","713"
"71499","0.12204580008983612","0.12204580008983612","0.12204580008983612","714","714","714"
"71599","0.12790720164775848","0.12790720164775848","0.12790720164775848","715","715","715"
"71699","0.12973804771900177","0.12973804771900177","0.12973804771900177","716","716","716"
"71799","0.12141675502061844","0.12141675502061844","0.12141675502061844","717","717","717"
"71899","0.12825922667980194","0.12825922667980194","0.12825922667980194","718","718","718"
"71999","0.11895707994699478","0.11895707994699478","0.11895707994699478","719","719","719"
"72099","0.1247636005282402","0.1247636005282402","0.1247636005282402","720","720","720"
"72199","0.13090024888515472","0.13090024888515472","0.13090024888515472","721","721","721"
"72299","0.12984193861484528","0.12984193861484528","0.12984193861484528","722","722","722"
"72399","0.13268089294433594","0.13268089294433594","0.13268089294433594","723","723","723"
"72499","0.12346794456243515","0.12346794456243515","0.12346794456243515","724","724","724"
"72599","0.12247570604085922","0.12247570604085922","0.12247570604085922","725","725","725"
"72699","0.12880948185920715","0.12880948185920715","0.12880948185920715","726","726","726"
"72799","0.1204552873969078","0.1204552873969078","0.1204552873969078","727","727","727"
"72899","0.12369491159915924","0.12369491159915924","0.12369491159915924","728","728","728"
"72999","0.1292133927345276","0.1292133927345276","0.1292133927345276","729","729","729"
"73099","0.12500302493572235","0.12500302493572235","0.12500302493572235","730","730","730"
"73199","0.1257636845111847","0.1257636845111847","0.1257636845111847","731","731","731"
"73299","0.13049635291099548","0.13049635291099548","0.13049635291099548","732","732","732"
"73399","0.12400437891483307","0.12400437891483307","0.12400437891483307","733","733","733"
"73499","0.1270572990179062","0.1270572990179062","0.1270572990179062","734","734","734"
"73599","0.12110745161771774","0.12110745161771774","0.12110745161771774","735","735","735"
"73699","0.12088991701602936","0.12088991701602936","0.12088991701602936","736","736","736"
"73799","0.11772072315216064","0.11772072315216064","0.11772072315216064","737","737","737"
"73899","0.12227761745452881","0.12227761745452881","0.12227761745452881","738","738","738"
"73999","0.12479250133037567","0.12479250133037567","0.12479250133037567","739","739","739"
"74099","0.12729018926620483","0.12729018926620483","0.12729018926620483","740","740","740"
"74199","0.12144995480775833","0.12144995480775833","0.12144995480775833","741","741","741"
"74299","0.129066601395607","0.129066601395607","0.129066601395607","742","742","742"
"74399","0.1267871856689453","0.1267871856689453","0.1267871856689453","743","743","743"
"74499","0.12271419167518616","0.12271419167518616","0.12271419167518616","744","744","744"
"74599","0.12270009517669678","0.12270009517669678","0.12270009517669678","745","745","745"
"74699","0.12230760604143143","0.12230760604143143","0.12230760604143143","746","746","746"
"74799","0.11970780044794083","0.11970780044794083","0.11970780044794083","747","747","747"
"74899","0.12154128402471542","0.12154128402471542","0.12154128402471542","748","748","748"
"74999","0.12556684017181396","0.12556684017181396","0.12556684017181396","749","749","749"
"75099","0.12104830145835876","0.12104830145835876","0.12104830145835876","750","750","750"
"75199","0.12028906494379044","0.12028906494379044","0.12028906494379044","751","751","751"
"75299","0.12393844872713089","0.12393844872713089","0.12393844872713089","752","752","752"
"75399","0.12311211973428726","0.12311211973428726","0.12311211973428726","753","753","753"
"75499","0.12742316722869873","0.12742316722869873","0.12742316722869873","754","754","754"
"75599","0.11861933767795563","0.11861933767795563","0.11861933767795563","755","755","755"
"75699","0.12553003430366516","0.12553003430366516","0.12553003430366516","756","756","756"
"75799","0.11249203979969025","0.11249203979969025","0.11249203979969025","757","757","757"
"75899","0.1236238107085228","0.1236238107085228","0.1236238107085228","758","758","758"
"75999","0.12391649931669235","0.12391649931669235","0.12391649931669235","759","759","759"
"76099","0.12485438585281372","0.12485438585281372","0.12485438585281372","760","760","760"
"76199","0.12173967808485031","0.12173967808485031","0.12173967808485031","761","761","761"
"76299","0.12995104491710663","0.12995104491710663","0.12995104491710663","762","762","762"
"76399","0.12515513598918915","0.12515513598918915","0.12515513598918915","763","763","763"
"76499","0.11872892826795578","0.11872892826795578","0.11872892826795578","764","764","764"
"76599","0.11937510222196579","0.11937510222196579","0.11937510222196579","765","765","765"
"76699","0.12780538201332092","0.12780538201332092","0.12780538201332092","766","766","766"
"76799","0.12590448558330536","0.12590448558330536","0.12590448558330536","767","767","767"
"76899","0.12106122076511383","0.12106122076511383","0.12106122076511383","768","768","768"
"76999","0.12481463700532913","0.12481463700532913","0.12481463700532913","769","769","769"
"77099","0.12478212267160416","0.12478212267160416","0.12478212267160416","770","770","770"
"77199","0.125467911362648","0.125467911362648","0.125467911362648","771","771","771"
"77299","0.12054936587810516","0.12054936587810516","0.12054936587810516","772","772","772"
"77399","0.12125732749700546","0.12125732749700546","0.12125732749700546","773","773","773"
"77499","0.12735328078269958","0.12735328078269958","0.12735328078269958","774","774","774"
"77599","0.12924744188785553","0.12924744188785553","0.12924744188785553","775","775","775"
"77699","0.12247807532548904","0.12247807532548904","0.12247807532548904","776","776","776"
"77799","0.1257091760635376","0.1257091760635376","0.1257091760635376","777","777","777"
"77899","0.12893791496753693","0.12893791496753693","0.12893791496753693","778","778","778"
"77999","0.12343642860651016","0.12343642860651016","0.12343642860651016","779","779","779"
"78099","0.12619663774967194","0.12619663774967194","0.12619663774967194","780","780","780"
"78199","0.12596149742603302","0.12596149742603302","0.12596149742603302","781","781","781"
"78299","0.12859134376049042","0.12859134376049042","0.12859134376049042","782","782","782"
"78399","0.12108472734689713","0.12108472734689713","0.12108472734689713","783","783","783"
"78499","0.128944993019104","0.128944993019104","0.128944993019104","784","784","784"
"78599","0.12014732509851456","0.12014732509851456","0.12014732509851456","785","785","785"
"78699","0.12435255199670792","0.12435255199670792","0.12435255199670792","786","786","786"
"78799","0.11930026859045029","0.11930026859045029","0.11930026859045029","787","787","787"
"78899","0.12337461113929749","0.12337461113929749","0.12337461113929749","788","788","788"
"78999","0.12015197426080704","0.12015197426080704","0.12015197426080704","789","789","789"
"79099","0.12377630174160004","0.12377630174160004","0.12377630174160004","790","790","790"
"79199","0.12129361927509308","0.12129361927509308","0.12129361927509308","791","791","791"
"79299","0.1273840367794037","0.1273840367794037","0.1273840367794037","792","792","792"
"79399","0.12671586871147156","0.12671586871147156","0.12671586871147156","793","793","793"
"79499","0.11910491436719894","0.11910491436719894","0.11910491436719894","794","794","794"
"79599","0.12424810975790024","0.12424810975790024","0.12424810975790024","795","795","795"
"79699","0.11710190773010254","0.11710190773010254","0.11710190773010254","796","796","796"
"79799","0.12562449276447296","0.12562449276447296","0.12562449276447296","797","797","797"
"79899","0.12539663910865784","0.12539663910865784","0.12539663910865784","798","798","798"
"79999","0.12218770384788513","0.12218770384788513","0.12218770384788513","799","799","799"
"80099","0.1168891042470932","0.1168891042470932","0.1168891042470932","800","800","800"
"80199","0.12063847482204437","0.12063847482204437","0.12063847482204437","801","801","801"
"80299","0.12740063667297363","0.12740063667297363","0.12740063667297363","802","802","802"
"80399","0.12165220081806183","0.12165220081806183","0.12165220081806183","803","803","803"
"80499","0.12599655985832214","0.12599655985832214","0.12599655985832214","804","804","804"
"80599","0.12211551517248154","0.12211551517248154","0.12211551517248154","805","805","805"
"80699","0.12091228365898132","0.12091228365898132","0.12091228365898132","806","806","806"
"80799","0.1201748475432396","0.1201748475432396","0.1201748475432396","807","807","807"
"80899","0.1198955550789833","0.1198955550789833","0.1198955550789833","808","808","808"
"80999","0.1266736388206482","0.1266736388206482","0.1266736388206482","809","809","809"
"81099","0.12508104741573334","0.12508104741573334","0.12508104741573334","810","810","810"
"81199","0.12260833382606506","0.12260833382606506","0.12260833382606506","811","811","811"
"81299","0.1259702444076538","0.1259702444076538","0.1259702444076538","812","812","812"
"81399","0.11905787885189056","0.11905787885189056","0.11905787885189056","813","813","813"
"81499","0.12503647804260254","0.12503647804260254","0.12503647804260254","814","814","814"
"81599","0.1171194538474083","0.1171194538474083","0.1171194538474083","815","815","815"
"81699","0.12680141627788544","0.12680141627788544","0.12680141627788544","816","816","816"
"81799","0.11722029000520706","0.11722029000520706","0.11722029000520706","817","817","817"
"81899","0.1199016347527504","0.1199016347527504","0.1199016347527504","818","818","818"
"81999","0.12189462035894394","0.12189462035894394","0.12189462035894394","819","819","819"
"82099","0.11229807883501053","0.11229807883501053","0.11229807883501053","820","820","820"
"82199","0.1249956265091896","0.1249956265091896","0.1249956265091896","821","821","821"
"82299","0.12200599908828735","0.12200599908828735","0.12200599908828735","822","822","822"
"82399","0.12714314460754395","0.12714314460754395","0.12714314460754395","823","823","823"
"82499","0.11839690804481506","0.11839690804481506","0.11839690804481506","824","824","824"
"82599","0.1257387399673462","0.1257387399673462","0.1257387399673462","825","825","825"
"82699","0.1227157786488533","0.1227157786488533","0.1227157786488533","826","826","826"
"82799","0.12150244414806366","0.12150244414806366","0.12150244414806366","827","827","827"
"82899","0.12621113657951355","0.12621113657951355","0.12621113657951355","828","828","828"
"82999","0.12848655879497528","0.12848655879497528","0.12848655879497528","829","829","829"
"83099","0.1202029287815094","0.1202029287815094","0.1202029287815094","830","830","830"
"83199","0.12601971626281738","0.12601971626281738","0.12601971626281738","831","831","831"
"83299","0.11792473495006561","0.11792473495006561","0.11792473495006561","832","832","832"
"83399","0.12133920192718506","0.12133920192718506","0.12133920192718506","833","833","833"
"83499","0.1287863552570343","0.1287863552570343","0.1287863552570343","834","834","834"
"83599","0.12137562781572342","0.12137562781572342","0.12137562781572342","835","835","835"
"83699","0.12753011286258698","0.12753011286258698","0.12753011286258698","836","836","836"
"83799","0.1253308206796646","0.1253308206796646","0.1253308206796646","837","837","837"
"83899","0.13033653795719147","0.13033653795719147","0.13033653795719147","838","838","838"
"83999","0.12230520695447922","0.12230520695447922","0.12230520695447922","839","839","839"
"84099","0.12448464334011078","0.12448464334011078","0.12448464334011078","840","840","840"
"84199","0.12417996674776077","0.12417996674776077","0.12417996674776077","841","841","841"
"84299","0.12321052700281143","0.12321052700281143","0.12321052700281143","842","842","842"
"84399","0.11925148218870163","0.11925148218870163","0.11925148218870163","843","843","843"
"84499","0.1268695890903473","0.1268695890903473","0.1268695890903473","844","844","844"
"84599","0.1257084161043167","0.1257084161043167","0.1257084161043167","845","845","845"
"84699","0.1222056970000267","0.1222056970000267","0.1222056970000267","846","846","846"
"84799","0.12552636861801147","0.12552636861801147","0.12552636861801147","847","847","847"
"84899","0.12548133730888367","0.12548133730888367","0.12548133730888367","848","848","848"
"84999","0.12474220246076584","0.12474220246076584","0.12474220246076584","849","849","849"
"85099","0.12391212582588196","0.12391212582588196","0.12391212582588196","850","850","850"
"85199","0.12465618550777435","0.12465618550777435","0.12465618550777435","851","851","851"
"85299","0.12115605920553207","0.12115605920553207","0.12115605920553207","852","852","852"
"85399","0.12706367671489716","0.12706367671489716","0.12706367671489716","853","853","853"
"85499","0.12504689395427704","0.12504689395427704","0.12504689395427704","854","854","854"
"85599","0.12360308319330215","0.12360308319330215","0.12360308319330215","855","855","855"
"85699","0.11441478133201599","0.11441478133201599","0.11441478133201599","856","856","856"
"85799","0.1228012815117836","0.1228012815117836","0.1228012815117836","857","857","857"
"85899","0.1236591562628746","0.1236591562628746","0.1236591562628746","858","858","858"
"85999","0.12430361658334732","0.12430361658334732","0.12430361658334732","859","859","859"
"86099","0.11953461915254593","0.11953461915254593","0.11953461915254593","860","860","860"
"86199","0.12107513844966888","0.12107513844966888","0.12107513844966888","861","861","861"
"86299","0.12127535045146942","0.12127535045146942","0.12127535045146942","862","862","862"
"86399","0.12123841047286987","0.12123841047286987","0.12123841047286987","863","863","863"
"86499","0.12607498466968536","0.12607498466968536","0.12607498466968536","864","864","864"
"86599","0.12957119941711426","0.12957119941711426","0.12957119941711426","865","865","865"
"86699","0.12264151871204376","0.12264151871204376","0.12264151871204376","866","866","866"
"86799","0.11696537584066391","0.11696537584066391","0.11696537584066391","867","867","867"
"86899","0.12474539875984192","0.12474539875984192","0.12474539875984192","868","868","868"
"86999","0.12401577830314636","0.12401577830314636","0.12401577830314636","869","869","869"
"87099","0.12442860007286072","0.12442860007286072","0.12442860007286072","870","870","870"
"87199","0.12567904591560364","0.12567904591560364","0.12567904591560364","871","871","871"
"87299","0.12551909685134888","0.12551909685134888","0.12551909685134888","872","872","872"
"87399","0.1268933266401291","0.1268933266401291","0.1268933266401291","873","873","873"
"87499","0.12619483470916748","0.12619483470916748","0.12619483470916748","874","874","874"
"87599","0.12795855104923248","0.12795855104923248","0.12795855104923248","875","875","875"
"87699","0.12623268365859985","0.12623268365859985","0.12623268365859985","876","876","876"
"87799","0.12797477841377258","0.12797477841377258","0.12797477841377258","877","877","877"
"87899","0.12212152034044266","0.12212152034044266","0.12212152034044266","878","878","878"
"87999","0.12914541363716125","0.12914541363716125","0.12914541363716125","879","879","879"
"88099","0.12399287521839142","0.12399287521839142","0.12399287521839142","880","880","880"
"88199","0.12378926575183868","0.12378926575183868","0.12378926575183868","881","881","881"
"88299","0.11840009689331055","0.11840009689331055","0.11840009689331055","882","882","882"
"88399","0.11702562868595123","0.11702562868595123","0.11702562868595123","883","883","883"
"88499","0.12446331977844238","0.12446331977844238","0.12446331977844238","884","884","884"
"88599","0.12226668000221252","0.12226668000221252","0.12226668000221252","885","885","885"
"88699","0.1302090287208557","0.1302090287208557","0.1302090287208557","886","886","886"
"88799","0.12304970622062683","0.12304970622062683","0.12304970622062683","887","887","887"
"88899","0.12018131464719772","0.12018131464719772","0.12018131464719772","888","888","888"
"88999","0.1299045979976654","0.1299045979976654","0.1299045979976654","889","889","889"
"89099","0.12483377009630203","0.12483377009630203","0.12483377009630203","890","890","890"
"89199","0.12818069756031036","0.12818069756031036","0.12818069756031036","891","891","891"
"89299","0.12539377808570862","0.12539377808570862","0.12539377808570862","892","892","892"
"89399","0.1197856068611145","0.1197856068611145","0.1197856068611145","893","893","893"
"89499","0.1200270876288414","0.1200270876288414","0.1200270876288414","894","894","894"
"89599","0.12282436341047287","0.12282436341047287","0.12282436341047287","895","895","895"
"89699","0.12560148537158966","0.12560148537158966","0.12560148537158966","896","896","896"
"89799","0.12647414207458496","0.12647414207458496","0.12647414207458496","897","897","897"
"89899","0.12663152813911438","0.12663152813911438","0.12663152813911438","898","898","898"
"89999","0.12280932813882828","0.12280932813882828","0.12280932813882828","899","899","899"
"90099","0.12248536199331284","0.12248536199331284","0.12248536199331284","900","900","900"
"90199","0.12221573293209076","0.12221573293209076","0.12221573293209076","901","901","901"
"90299","0.12280718982219696","0.12280718982219696","0.12280718982219696","902","902","902"
"90399","0.12416363507509232","0.12416363507509232","0.12416363507509232","903","903","903"
"90499","0.11602571606636047","0.11602571606636047","0.11602571606636047","904","904","904"
"90599","0.11689087003469467","0.11689087003469467","0.11689087003469467","905","905","905"
"90699","0.11519406735897064","0.11519406735897064","0.11519406735897064","906","906","906"
"90799","0.12052121758460999","0.12052121758460999","0.12052121758460999","907","907","907"
"90899","0.1256515383720398","0.1256515383720398","0.1256515383720398","908","908","908"
"90999","0.11905612796545029","0.11905612796545029","0.11905612796545029","909","909","909"
"91099","0.1207084134221077","0.1207084134221077","0.1207084134221077","910","910","910"
"91199","0.12263642251491547","0.12263642251491547","0.12263642251491547","911","911","911"
"91299","0.12491831928491592","0.12491831928491592","0.12491831928491592","912","912","912"
"91399","0.12687093019485474","0.12687093019485474","0.12687093019485474","913","913","913"
"91499","0.12147944420576096","0.12147944420576096","0.12147944420576096","914","914","914"
"91599","0.1275450885295868","0.1275450885295868","0.1275450885295868","915","915","915"
"91699","0.12680646777153015","0.12680646777153015","0.12680646777153015","916","916","916"
"91799","0.1262275129556656","0.1262275129556656","0.1262275129556656","917","917","917"
"91899","0.12696649134159088","0.12696649134159088","0.12696649134159088","918","918","918"
"91999","0.11840949952602386","0.11840949952602386","0.11840949952602386","919","919","919"
"92099","0.1253390908241272","0.1253390908241272","0.1253390908241272","920","920","920"
"92199","0.12327302247285843","0.12327302247285843","0.12327302247285843","921","921","921"
"92299","0.12958471477031708","0.12958471477031708","0.12958471477031708","922","922","922"
"92399","0.12108773738145828","0.12108773738145828","0.12108773738145828","923","923","923"
"92499","0.1225205734372139","0.1225205734372139","0.1225205734372139","924","924","924"
"92599","0.1282292604446411","0.1282292604446411","0.1282292604446411","925","925","925"
"92699","0.1303292214870453","0.1303292214870453","0.1303292214870453","926","926","926"
"92799","0.12246464937925339","0.12246464937925339","0.12246464937925339","927","927","927"
"92899","0.12438103556632996","0.12438103556632996","0.12438103556632996","928","928","928"
"92999","0.12425677478313446","0.12425677478313446","0.12425677478313446","929","929","929"
"93099","0.1213061660528183","0.1213061660528183","0.1213061660528183","930","930","930"
"93199","0.12603801488876343","0.12603801488876343","0.12603801488876343","931","931","931"
"93299","0.12489094585180283","0.12489094585180283","0.12489094585180283","932","932","932"
"93399","0.12353651970624924","0.12353651970624924","0.12353651970624924","933","933","933"
"93499","0.1215914636850357","0.1215914636850357","0.1215914636850357","934","934","934"
"93599","0.1182781234383583","0.1182781234383583","0.1182781234383583","935","935","935"
"93699","0.11697433143854141","0.11697433143854141","0.11697433143854141","936","936","936"
"93799","0.11984282732009888","0.11984282732009888","0.11984282732009888","937","937","937"
"93899","0.12560956180095673","0.12560956180095673","0.12560956180095673","938","938","938"
"93999","0.12779270112514496","0.12779270112514496","0.12779270112514496","939","939","939"
"94099","0.12006746232509613","0.12006746232509613","0.12006746232509613","940","940","940"
"94199","0.11520068347454071","0.11520068347454071","0.11520068347454071","941","941","941"
"94299","0.12422093003988266","0.12422093003988266","0.12422093003988266","942","942","942"
"94399","0.12082920968532562","0.12082920968532562","0.12082920968532562","943","943","943"
"94499","0.12527063488960266","0.12527063488960266","0.12527063488960266","944","944","944"
"94599","0.12111102044582367","0.12111102044582367","0.12111102044582367","945","945","945"
"94699","0.12359020113945007","0.12359020113945007","0.12359020113945007","946","946","946"
"94799","0.12456152588129044","0.12456152588129044","0.12456152588129044","947","947","947"
"94899","0.11771094799041748","0.11771094799041748","0.11771094799041748","948","948","948"
"94999","0.129147008061409","0.129147008061409","0.129147008061409","949","949","949"
"95099","0.12399835884571075","0.12399835884571075","0.12399835884571075","950","950","950"
"95199","0.11783107370138168","0.11783107370138168","0.11783107370138168","951","951","951"
"95299","0.11606419831514359","0.11606419831514359","0.11606419831514359","952","952","952"
"95399","0.12178460508584976","0.12178460508584976","0.12178460508584976","953","953","953"
"95499","0.11891712993383408","0.11891712993383408","0.11891712993383408","954","954","954"
"95599","0.12425045669078827","0.12425045669078827","0.12425045669078827","955","955","955"
"95699","0.1262671947479248","0.1262671947479248","0.1262671947479248","956","956","956"
"95799","0.12466040998697281","0.12466040998697281","0.12466040998697281","957","957","957"
"95899","0.12236957997083664","0.12236957997083664","0.12236957997083664","958","958","958"
"95999","0.12628062069416046","0.12628062069416046","0.12628062069416046","959","959","959"
"96099","0.12230471521615982","0.12230471521615982","0.12230471521615982","960","960","960"
"96199","0.11842053383588791","0.11842053383588791","0.11842053383588791","961","961","961"
"96299","0.11857714504003525","0.11857714504003525","0.11857714504003525","962","962","962"
"96399","0.11933394521474838","0.11933394521474838","0.11933394521474838","963","963","963"
"96499","0.11749576777219772","0.11749576777219772","0.11749576777219772","964","964","964"
"96599","0.1211581751704216","0.1211581751704216","0.1211581751704216","965","965","965"
"96699","0.12063618004322052","0.12063618004322052","0.12063618004322052","966","966","966"
"96799","0.12651517987251282","0.12651517987251282","0.12651517987251282","967","967","967"
"96899","0.12215349823236465","0.12215349823236465","0.12215349823236465","968","968","968"
"96999","0.11934465169906616","0.11934465169906616","0.11934465169906616","969","969","969"
"97099","0.11998152732849121","0.11998152732849121","0.11998152732849121","970","970","970"
"97199","0.1222839206457138","0.1222839206457138","0.1222839206457138","971","971","971"
"97299","0.12615709006786346","0.12615709006786346","0.12615709006786346","972","972","972"
"97399","0.12685836851596832","0.12685836851596832","0.12685836851596832","973","973","973"
"97499","0.12314571440219879","0.12314571440219879","0.12314571440219879","974","974","974"
"97599","0.12312477082014084","0.12312477082014084","0.12312477082014084","975","975","975"
"97699","0.1226046159863472","0.1226046159863472","0.1226046159863472","976","976","976"
"97799","0.1241893395781517","0.1241893395781517","0.1241893395781517","977","977","977"
"97899","0.12842419743537903","0.12842419743537903","0.12842419743537903","978","978","978"
"97999","0.11750800162553787","0.11750800162553787","0.11750800162553787","979","979","979"
"98099","0.12151473015546799","0.12151473015546799","0.12151473015546799","980","980","980"
"98199","0.12283609807491302","0.12283609807491302","0.12283609807491302","981","981","981"
"98299","0.11667367815971375","0.11667367815971375","0.11667367815971375","982","982","982"
"98399","0.12193760275840759","0.12193760275840759","0.12193760275840759","983","983","983"
"98499","0.12281960994005203","0.12281960994005203","0.12281960994005203","984","984","984"
"98599","0.12685534358024597","0.12685534358024597","0.12685534358024597","985","985","985"
"98699","0.12614870071411133","0.12614870071411133","0.12614870071411133","986","986","986"
"98799","0.11902528256177902","0.11902528256177902","0.11902528256177902","987","987","987"
"98899","0.11980754137039185","0.11980754137039185","0.11980754137039185","988","988","988"
"98999","0.12295856326818466","0.12295856326818466","0.12295856326818466","989","989","989"
"99099","0.1226683035492897","0.1226683035492897","0.1226683035492897","990","990","990"
"99199","0.11724038422107697","0.11724038422107697","0.11724038422107697","991","991","991"
"99299","0.12405649572610855","0.12405649572610855","0.12405649572610855","992","992","992"
"99399","0.123879574239254","0.123879574239254","0.123879574239254","993","993","993"
"99499","0.11786417663097382","0.11786417663097382","0.11786417663097382","994","994","994"
"99599","0.11874135583639145","0.11874135583639145","0.11874135583639145","995","995","995"
"99699","0.12462681531906128","0.12462681531906128","0.12462681531906128","996","996","996"
"99799","0.12224827706813812","0.12224827706813812","0.12224827706813812","997","997","997"
"99899","0.1258152723312378","0.1258152723312378","0.1258152723312378","998","998","998"
"99999","0.12190096080303192","0.12190096080303192","0.12190096080303192","999","999","999"
"100099","0.12253812700510025","0.12253812700510025","0.12253812700510025","1000","1000","1000"
"100199","0.12251000106334686","0.12251000106334686","0.12251000106334686","1001","1001","1001"
"100299","0.12101174145936966","0.12101174145936966","0.12101174145936966","1002","1002","1002"
"100399","0.11804646253585815","0.11804646253585815","0.11804646253585815","1003","1003","1003"
"100499","0.11767333000898361","0.11767333000898361","0.11767333000898361","1004","1004","1004"
"100599","0.12280479818582535","0.12280479818582535","0.12280479818582535","1005","1005","1005"
"100699","0.12002062797546387","0.12002062797546387","0.12002062797546387","1006","1006","1006"
"100799","0.12463501840829849","0.12463501840829849","0.12463501840829849","1007","1007","1007"
"100899","0.12381372600793839","0.12381372600793839","0.12381372600793839","1008","1008","1008"
"100999","0.12500406801700592","0.12500406801700592","0.12500406801700592","1009","1009","1009"
"101099","0.12045788764953613","0.12045788764953613","0.12045788764953613","1010","1010","1010"
"101199","0.12322963774204254","0.12322963774204254","0.12322963774204254","1011","1011","1011"
"101299","0.13102971017360687","0.13102971017360687","0.13102971017360687","1012","1012","1012"
"101399","0.1177263855934143","0.1177263855934143","0.1177263855934143","1013","1013","1013"
"101499","0.11819913238286972","0.11819913238286972","0.11819913238286972","1014","1014","1014"
"101599","0.12389658391475677","0.12389658391475677","0.12389658391475677","1015","1015","1015"
"101699","0.11985724419355392","0.11985724419355392","0.11985724419355392","1016","1016","1016"
"101799","0.1346089392900467","0.1346089392900467","0.1346089392900467","1017","1017","1017"
"101899","0.11793211847543716","0.11793211847543716","0.11793211847543716","1018","1018","1018"
"101999","0.12017732113599777","0.12017732113599777","0.12017732113599777","1019","1019","1019"
"102099","0.12118186056613922","0.12118186056613922","0.12118186056613922","1020","1020","1020"
"102199","0.1239994689822197","0.1239994689822197","0.1239994689822197","1021","1021","1021"
"102299","0.12304584681987762","0.12304584681987762","0.12304584681987762","1022","1022","1022"
"102399","0.12628056108951569","0.12628056108951569","0.12628056108951569","1023","1023","1023"
"102499","0.11960552632808685","0.11960552632808685","0.11960552632808685","1024","1024","1024"
"102599","0.12243162840604782","0.12243162840604782","0.12243162840604782","1025","1025","1025"
"102699","0.12150611728429794","0.12150611728429794","0.12150611728429794","1026","1026","1026"
"102799","0.11973653733730316","0.11973653733730316","0.11973653733730316","1027","1027","1027"
"102899","0.11841525882482529","0.11841525882482529","0.11841525882482529","1028","1028","1028"
"102999","0.11256951838731766","0.11256951838731766","0.11256951838731766","1029","1029","1029"
"103099","0.12836529314517975","0.12836529314517975","0.12836529314517975","1030","1030","1030"
"103199","0.12074536830186844","0.12074536830186844","0.12074536830186844","1031","1031","1031"
"103299","0.1282980591058731","0.1282980591058731","0.1282980591058731","1032","1032","1032"
"103399","0.12841381132602692","0.12841381132602692","0.12841381132602692","1033","1033","1033"
"103499","0.12205559760332108","0.12205559760332108","0.12205559760332108","1034","1034","1034"
"103599","0.12352222204208374","0.12352222204208374","0.12352222204208374","1035","1035","1035"
"103699","0.11646150052547455","0.11646150052547455","0.11646150052547455","1036","1036","1036"
"103799","0.12409955263137817","0.12409955263137817","0.12409955263137817","1037","1037","1037"
"103899","0.12089813500642776","0.12089813500642776","0.12089813500642776","1038","1038","1038"
"103999","0.12701770663261414","0.12701770663261414","0.12701770663261414","1039","1039","1039"
"104099","0.12457774579524994","0.12457774579524994","0.12457774579524994","1040","1040","1040"
"104199","0.11844312399625778","0.11844312399625778","0.11844312399625778","1041","1041","1041"
"104299","0.12651732563972473","0.12651732563972473","0.12651732563972473","1042","1042","1042"
"104399","0.12164562195539474","0.12164562195539474","0.12164562195539474","1043","1043","1043"
"104499","0.11408784240484238","0.11408784240484238","0.11408784240484238","1044","1044","1044"
"104599","0.1245642602443695","0.1245642602443695","0.1245642602443695","1045","1045","1045"
"104699","0.11942039430141449","0.11942039430141449","0.11942039430141449","1046","1046","1046"
"104799","0.12691059708595276","0.12691059708595276","0.12691059708595276","1047","1047","1047"
"104899","0.11869877576828003","0.11869877576828003","0.11869877576828003","1048","1048","1048"
"104999","0.1177501231431961","0.1177501231431961","0.1177501231431961","1049","1049","1049"
"105099","0.12141526490449905","0.12141526490449905","0.12141526490449905","1050","1050","1050"
"105199","0.12662924826145172","0.12662924826145172","0.12662924826145172","1051","1051","1051"
"105299","0.11684856563806534","0.11684856563806534","0.11684856563806534","1052","1052","1052"
"105399","0.12620805203914642","0.12620805203914642","0.12620805203914642","1053","1053","1053"
"105499","0.12216082960367203","0.12216082960367203","0.12216082960367203","1054","1054","1054"
"105599","0.12575970590114594","0.12575970590114594","0.12575970590114594","1055","1055","1055"
"105699","0.11844763159751892","0.11844763159751892","0.11844763159751892","1056","1056","1056"
"105799","0.11530710011720657","0.11530710011720657","0.11530710011720657","1057","1057","1057"
"105899","0.11530204117298126","0.11530204117298126","0.11530204117298126","1058","1058","1058"
"105999","0.13464683294296265","0.13464683294296265","0.13464683294296265","1059","1059","1059"
"106099","0.11739294975996017","0.11739294975996017","0.11739294975996017","1060","1060","1060"
"106199","0.11855535209178925","0.11855535209178925","0.11855535209178925","1061","1061","1061"
"106299","0.12375825643539429","0.12375825643539429","0.12375825643539429","1062","1062","1062"
"106399","0.1167672798037529","0.1167672798037529","0.1167672798037529","1063","1063","1063"
"106499","0.12767216563224792","0.12767216563224792","0.12767216563224792","1064","1064","1064"
"106599","0.11767823994159698","0.11767823994159698","0.11767823994159698","1065","1065","1065"
"106699","0.12674333155155182","0.12674333155155182","0.12674333155155182","1066","1066","1066"
"106799","0.12035354971885681","0.12035354971885681","0.12035354971885681","1067","1067","1067"
"106899","0.11814749240875244","0.11814749240875244","0.11814749240875244","1068","1068","1068"
"106999","0.1212172731757164","0.1212172731757164","0.1212172731757164","1069","1069","1069"
"107099","0.12481949478387833","0.12481949478387833","0.12481949478387833","1070","1070","1070"
"107199","0.12582820653915405","0.12582820653915405","0.12582820653915405","1071","1071","1071"
"107299","0.12718771398067474","0.12718771398067474","0.12718771398067474","1072","1072","1072"
"107399","0.11967815458774567","0.11967815458774567","0.11967815458774567","1073","1073","1073"
"107499","0.11934345960617065","0.11934345960617065","0.11934345960617065","1074","1074","1074"
"107599","0.12110333144664764","0.12110333144664764","0.12110333144664764","1075","1075","1075"
"107699","0.1200263574719429","0.1200263574719429","0.1200263574719429","1076","1076","1076"
"107799","0.11823484301567078","0.11823484301567078","0.11823484301567078","1077","1077","1077"
"107899","0.12434971332550049","0.12434971332550049","0.12434971332550049","1078","1078","1078"
"107999","0.1228005439043045","0.1228005439043045","0.1228005439043045","1079","1079","1079"
"108099","0.11955531686544418","0.11955531686544418","0.11955531686544418","1080","1080","1080"
"108199","0.12316858768463135","0.12316858768463135","0.12316858768463135","1081","1081","1081"
"108299","0.11934857070446014","0.11934857070446014","0.11934857070446014","1082","1082","1082"
"108399","0.12163442373275757","0.12163442373275757","0.12163442373275757","1083","1083","1083"
"108499","0.11738326400518417","0.11738326400518417","0.11738326400518417","1084","1084","1084"
"108599","0.12227455526590347","0.12227455526590347","0.12227455526590347","1085","1085","1085"
"108699","0.11890416592359543","0.11890416592359543","0.11890416592359543","1086","1086","1086"
"108799","0.1243290901184082","0.1243290901184082","0.1243290901184082","1087","1087","1087"
"108899","0.1224152222275734","0.1224152222275734","0.1224152222275734","1088","1088","1088"
"108999","0.1201435998082161","0.1201435998082161","0.1201435998082161","1089","1089","1089"
"109099","0.12053170055150986","0.12053170055150986","0.12053170055150986","1090","1090","1090"
"109199","0.12533795833587646","0.12533795833587646","0.12533795833587646","1091","1091","1091"
"109299","0.12336621433496475","0.12336621433496475","0.12336621433496475","1092","1092","1092"
"109399","0.12190066277980804","0.12190066277980804","0.12190066277980804","1093","1093","1093"
"109499","0.12357893586158752","0.12357893586158752","0.12357893586158752","1094","1094","1094"
"109599","0.12714818120002747","0.12714818120002747","0.12714818120002747","1095","1095","1095"
"109699","0.11938599497079849","0.11938599497079849","0.11938599497079849","1096","1096","1096"
"109799","0.1167033463716507","0.1167033463716507","0.1167033463716507","1097","1097","1097"
"109899","0.11462690681219101","0.11462690681219101","0.11462690681219101","1098","1098","1098"
"109999","0.12577106058597565","0.12577106058597565","0.12577106058597565","1099","1099","1099"
"110099","0.11459794640541077","0.11459794640541077","0.11459794640541077","1100","1100","1100"
"110199","0.12031270563602448","0.12031270563602448","0.12031270563602448","1101","1101","1101"
"110299","0.12199109047651291","0.12199109047651291","0.12199109047651291","1102","1102","1102"
"110399","0.12313513457775116","0.12313513457775116","0.12313513457775116","1103","1103","1103"
"110499","0.12071438878774643","0.12071438878774643","0.12071438878774643","1104","1104","1104"
"110599","0.12368345260620117","0.12368345260620117","0.12368345260620117","1105","1105","1105"
"110699","0.12673956155776978","0.12673956155776978","0.12673956155776978","1106","1106","1106"
"110799","0.12156747281551361","0.12156747281551361","0.12156747281551361","1107","1107","1107"
"110899","0.1191997081041336","0.1191997081041336","0.1191997081041336","1108","1108","1108"
"110999","0.12255420535802841","0.12255420535802841","0.12255420535802841","1109","1109","1109"
"111099","0.11887038499116898","0.11887038499116898","0.11887038499116898","1110","1110","1110"
"111199","0.11483404040336609","0.11483404040336609","0.11483404040336609","1111","1111","1111"
"111299","0.12306410074234009","0.12306410074234009","0.12306410074234009","1112","1112","1112"
"111399","0.1215193122625351","0.1215193122625351","0.1215193122625351","1113","1113","1113"
"111499","0.127685084939003","0.127685084939003","0.127685084939003","1114","1114","1114"
"111599","0.12281233072280884","0.12281233072280884","0.12281233072280884","1115","1115","1115"
"111699","0.12118874490261078","0.12118874490261078","0.12118874490261078","1116","1116","1116"
"111799","0.12512721121311188","0.12512721121311188","0.12512721121311188","1117","1117","1117"
"111899","0.12024792283773422","0.12024792283773422","0.12024792283773422","1118","1118","1118"
"111999","0.11821427196264267","0.11821427196264267","0.11821427196264267","1119","1119","1119"
"112099","0.12800627946853638","0.12800627946853638","0.12800627946853638","1120","1120","1120"
"112199","0.11479569971561432","0.11479569971561432","0.11479569971561432","1121","1121","1121"
"112299","0.12326234579086304","0.12326234579086304","0.12326234579086304","1122","1122","1122"
"112399","0.11926254630088806","0.11926254630088806","0.11926254630088806","1123","1123","1123"
"112499","0.12259455025196075","0.12259455025196075","0.12259455025196075","1124","1124","1124"
"112599","0.12213920801877975","0.12213920801877975","0.12213920801877975","1125","1125","1125"
"112699","0.12453282624483109","0.12453282624483109","0.12453282624483109","1126","1126","1126"
"112799","0.11740446090698242","0.11740446090698242","0.11740446090698242","1127","1127","1127"
"112899","0.11905069649219513","0.11905069649219513","0.11905069649219513","1128","1128","1128"
"112999","0.11954709887504578","0.11954709887504578","0.11954709887504578","1129","1129","1129"
"113099","0.12283967435359955","0.12283967435359955","0.12283967435359955","1130","1130","1130"
"113199","0.12113586068153381","0.12113586068153381","0.12113586068153381","1131","1131","1131"
"113299","0.12511684000492096","0.12511684000492096","0.12511684000492096","1132","1132","1132"
"113399","0.12479564547538757","0.12479564547538757","0.12479564547538757","1133","1133","1133"
"113499","0.11622896045446396","0.11622896045446396","0.11622896045446396","1134","1134","1134"
"113599","0.12002748250961304","0.12002748250961304","0.12002748250961304","1135","1135","1135"
"113699","0.11627883464097977","0.11627883464097977","0.11627883464097977","1136","1136","1136"
"113799","0.1270664483308792","0.1270664483308792","0.1270664483308792","1137","1137","1137"
"113899","0.12352596968412399","0.12352596968412399","0.12352596968412399","1138","1138","1138"
"113999","0.13081242144107819","0.13081242144107819","0.13081242144107819","1139","1139","1139"
"114099","0.11910789459943771","0.11910789459943771","0.11910789459943771","1140","1140","1140"
"114199","0.11796662956476212","0.11796662956476212","0.11796662956476212","1141","1141","1141"
"114299","0.12139807641506195","0.12139807641506195","0.12139807641506195","1142","1142","1142"
"114399","0.11414514482021332","0.11414514482021332","0.11414514482021332","1143","1143","1143"
"114499","0.12378232926130295","0.12378232926130295","0.12378232926130295","1144","1144","1144"
"114599","0.11775508522987366","0.11775508522987366","0.11775508522987366","1145","1145","1145"
"114699","0.12606801092624664","0.12606801092624664","0.12606801092624664","1146","1146","1146"
"114799","0.11838801205158234","0.11838801205158234","0.11838801205158234","1147","1147","1147"
"114899","0.1191752478480339","0.1191752478480339","0.1191752478480339","1148","1148","1148"
"114999","0.1188008189201355","0.1188008189201355","0.1188008189201355","1149","1149","1149"
"115099","0.12204716354608536","0.12204716354608536","0.12204716354608536","1150","1150","1150"
"115199","0.12606224417686462","0.12606224417686462","0.12606224417686462","1151","1151","1151"
"115299","0.1274070292711258","0.1274070292711258","0.1274070292711258","1152","1152","1152"
"115399","0.12561765313148499","0.12561765313148499","0.12561765313148499","1153","1153","1153"
"115499","0.12392275035381317","0.12392275035381317","0.12392275035381317","1154","1154","1154"
"115599","0.12334540486335754","0.12334540486335754","0.12334540486335754","1155","1155","1155"
"115699","0.12044911831617355","0.12044911831617355","0.12044911831617355","1156","1156","1156"
"115799","0.11923273652791977","0.11923273652791977","0.11923273652791977","1157","1157","1157"
"115899","0.11691609770059586","0.11691609770059586","0.11691609770059586","1158","1158","1158"
"115999","0.11771630495786667","0.11771630495786667","0.11771630495786667","1159","1159","1159"
"116099","0.12169145047664642","0.12169145047664642","0.12169145047664642","1160","1160","1160"
"116199","0.12387698888778687","0.12387698888778687","0.12387698888778687","1161","1161","1161"
"116299","0.12187134474515915","0.12187134474515915","0.12187134474515915","1162","1162","1162"
"116399","0.12383132427930832","0.12383132427930832","0.12383132427930832","1163","1163","1163"
"116499","0.12197725474834442","0.12197725474834442","0.12197725474834442","1164","1164","1164"
"116599","0.1260935664176941","0.1260935664176941","0.1260935664176941","1165","1165","1165"
"116699","0.12151061743497849","0.12151061743497849","0.12151061743497849","1166","1166","1166"
"116799","0.11861742287874222","0.11861742287874222","0.11861742287874222","1167","1167","1167"
"116899","0.12054505199193954","0.12054505199193954","0.12054505199193954","1168","1168","1168"
"116999","0.11532951146364212","0.11532951146364212","0.11532951146364212","1169","1169","1169"
"117099","0.12578442692756653","0.12578442692756653","0.12578442692756653","1170","1170","1170"
"117199","0.12951113283634186","0.12951113283634186","0.12951113283634186","1171","1171","1171"
"117299","0.12632893025875092","0.12632893025875092","0.12632893025875092","1172","1172","1172"
"117399","0.12715178728103638","0.12715178728103638","0.12715178728103638","1173","1173","1173"
"117499","0.11822912842035294","0.11822912842035294","0.11822912842035294","1174","1174","1174"
"117599","0.12127266824245453","0.12127266824245453","0.12127266824245453","1175","1175","1175"
"117699","0.12141354382038116","0.12141354382038116","0.12141354382038116","1176","1176","1176"
"117799","0.11790286004543304","0.11790286004543304","0.11790286004543304","1177","1177","1177"
"117899","0.12046737223863602","0.12046737223863602","0.12046737223863602","1178","1178","1178"
"117999","0.11854863911867142","0.11854863911867142","0.11854863911867142","1179","1179","1179"
"118099","0.114825040102005","0.114825040102005","0.114825040102005","1180","1180","1180"
"118199","0.11883628368377686","0.11883628368377686","0.11883628368377686","1181","1181","1181"
"118299","0.12623092532157898","0.12623092532157898","0.12623092532157898","1182","1182","1182"
"118399","0.1201723963022232","0.1201723963022232","0.1201723963022232","1183","1183","1183"
"118499","0.11863399296998978","0.11863399296998978","0.11863399296998978","1184","1184","1184"
"118599","0.12466028332710266","0.12466028332710266","0.12466028332710266","1185","1185","1185"
"118699","0.11670627444982529","0.11670627444982529","0.11670627444982529","1186","1186","1186"
"118799","0.11578832566738129","0.11578832566738129","0.11578832566738129","1187","1187","1187"
"118899","0.12232692539691925","0.12232692539691925","0.12232692539691925","1188","1188","1188"
"118999","0.12708424031734467","0.12708424031734467","0.12708424031734467","1189","1189","1189"
"119099","0.11956249922513962","0.11956249922513962","0.11956249922513962","1190","1190","1190"
"119199","0.1227603331208229","0.1227603331208229","0.1227603331208229","1191","1191","1191"
"119299","0.12033190578222275","0.12033190578222275","0.12033190578222275","1192","1192","1192"
"119399","0.12261905521154404","0.12261905521154404","0.12261905521154404","1193","1193","1193"
"119499","0.12260881066322327","0.12260881066322327","0.12260881066322327","1194","1194","1194"
"119599","0.12212694436311722","0.12212694436311722","0.12212694436311722","1195","1195","1195"
"119699","0.11306143552064896","0.11306143552064896","0.11306143552064896","1196","1196","1196"
"119799","0.12237707525491714","0.12237707525491714","0.12237707525491714","1197","1197","1197"
"119899","0.11505329608917236","0.11505329608917236","0.11505329608917236","1198","1198","1198"
"119999","0.12461645156145096","0.12461645156145096","0.12461645156145096","1199","1199","1199"
"120099","0.12093361467123032","0.12093361467123032","0.12093361467123032","1200","1200","1200"
"120199","0.12537924945354462","0.12537924945354462","0.12537924945354462","1201","1201","1201"
"120299","0.11808637529611588","0.11808637529611588","0.11808637529611588","1202","1202","1202"
"120399","0.1263202577829361","0.1263202577829361","0.1263202577829361","1203","1203","1203"
"120499","0.11817139387130737","0.11817139387130737","0.11817139387130737","1204","1204","1204"
"120599","0.12156588584184647","0.12156588584184647","0.12156588584184647","1205","1205","1205"
"120699","0.11517088115215302","0.11517088115215302","0.11517088115215302","1206","1206","1206"
"120799","0.12573248147964478","0.12573248147964478","0.12573248147964478","1207","1207","1207"
"120899","0.11807293444871902","0.11807293444871902","0.11807293444871902","1208","1208","1208"
"120999","0.12241970747709274","0.12241970747709274","0.12241970747709274","1209","1209","1209"
"121099","0.11512304097414017","0.11512304097414017","0.11512304097414017","1210","1210","1210"
"121199","0.11930685490369797","0.11930685490369797","0.11930685490369797","1211","1211","1211"
"121299","0.12790274620056152","0.12790274620056152","0.12790274620056152","1212","1212","1212"
"121399","0.11425335705280304","0.11425335705280304","0.11425335705280304","1213","1213","1213"
"121499","0.11909668147563934","0.11909668147563934","0.11909668147563934","1214","1214","1214"
"121599","0.1190347671508789","0.1190347671508789","0.1190347671508789","1215","1215","1215"
"121699","0.1291702687740326","0.1291702687740326","0.1291702687740326","1216","1216","1216"
"121799","0.11775650829076767","0.11775650829076767","0.11775650829076767","1217","1217","1217"
"121899","0.11722816526889801","0.11722816526889801","0.11722816526889801","1218","1218","1218"
"121999","0.1189289316534996","0.1189289316534996","0.1189289316534996","1219","1219","1219"
"122099","0.11965649574995041","0.11965649574995041","0.11965649574995041","1220","1220","1220"
"122199","0.12779580056667328","0.12779580056667328","0.12779580056667328","1221","1221","1221"
"122299","0.12009212374687195","0.12009212374687195","0.12009212374687195","1222","1222","1222"
"122399","0.12064066529273987","0.12064066529273987","0.12064066529273987","1223","1223","1223"
"122499","0.11960487067699432","0.11960487067699432","0.11960487067699432","1224","1224","1224"
"122599","0.1262582242488861","0.1262582242488861","0.1262582242488861","1225","1225","1225"
"122699","0.1249917522072792","0.1249917522072792","0.1249917522072792","1226","1226","1226"
"122799","0.11889072507619858","0.11889072507619858","0.11889072507619858","1227","1227","1227"
"122899","0.12404263764619827","0.12404263764619827","0.12404263764619827","1228","1228","1228"
"122999","0.12660424411296844","0.12660424411296844","0.12660424411296844","1229","1229","1229"
"123099","0.12254063040018082","0.12254063040018082","0.12254063040018082","1230","1230","1230"
"123199","0.12297938764095306","0.12297938764095306","0.12297938764095306","1231","1231","1231"
"123299","0.11296959966421127","0.11296959966421127","0.11296959966421127","1232","1232","1232"
"123399","0.12217545509338379","0.12217545509338379","0.12217545509338379","1233","1233","1233"
"123499","0.12443520873785019","0.12443520873785019","0.12443520873785019","1234","1234","1234"
"123599","0.1285274177789688","0.1285274177789688","0.1285274177789688","1235","1235","1235"
"123699","0.11982448399066925","0.11982448399066925","0.11982448399066925","1236","1236","1236"
"123799","0.1279022991657257","0.1279022991657257","0.1279022991657257","1237","1237","1237"
"123899","0.12407301366329193","0.12407301366329193","0.12407301366329193","1238","1238","1238"
"123999","0.11961215734481812","0.11961215734481812","0.11961215734481812","1239","1239","1239"
"124099","0.11502913385629654","0.11502913385629654","0.11502913385629654","1240","1240","1240"
"124199","0.11573980003595352","0.11573980003595352","0.11573980003595352","1241","1241","1241"
"124299","0.12324988842010498","0.12324988842010498","0.12324988842010498","1242","1242","1242"
"124399","0.11625592410564423","0.11625592410564423","0.11625592410564423","1243","1243","1243"
"124499","0.12953142821788788","0.12953142821788788","0.12953142821788788","1244","1244","1244"
"124599","0.11759556084871292","0.11759556084871292","0.11759556084871292","1245","1245","1245"
"124699","0.11695462465286255","0.11695462465286255","0.11695462465286255","1246","1246","1246"
"124799","0.12072236835956573","0.12072236835956573","0.12072236835956573","1247","1247","1247"
"124899","0.12008409947156906","0.12008409947156906","0.12008409947156906","1248","1248","1248"
"124999","0.11839335411787033","0.11839335411787033","0.11839335411787033","1249","1249","1249"
"125099","0.11868321895599365","0.11868321895599365","0.11868321895599365","1250","1250","1250"
"125199","0.1205638200044632","0.1205638200044632","0.1205638200044632","1251","1251","1251"
"125299","0.12665724754333496","0.12665724754333496","0.12665724754333496","1252","1252","1252"
"125399","0.11916903406381607","0.11916903406381607","0.11916903406381607","1253","1253","1253"
"125499","0.12045140564441681","0.12045140564441681","0.12045140564441681","1254","1254","1254"
"125599","0.12189409881830215","0.12189409881830215","0.12189409881830215","1255","1255","1255"
"125699","0.11939283460378647","0.11939283460378647","0.11939283460378647","1256","1256","1256"
"125799","0.11587681621313095","0.11587681621313095","0.11587681621313095","1257","1257","1257"
"125899","0.11934709548950195","0.11934709548950195","0.11934709548950195","1258","1258","1258"
"125999","0.1263568252325058","0.1263568252325058","0.1263568252325058","1259","1259","1259"
"126099","0.11941047012805939","0.11941047012805939","0.11941047012805939","1260","1260","1260"
"126199","0.1181933730840683","0.1181933730840683","0.1181933730840683","1261","1261","1261"
"126299","0.12365972995758057","0.12365972995758057","0.12365972995758057","1262","1262","1262"
"126399","0.1197507306933403","0.1197507306933403","0.1197507306933403","1263","1263","1263"
"126499","0.12292148172855377","0.12292148172855377","0.12292148172855377","1264","1264","1264"
"126599","0.11491353064775467","0.11491353064775467","0.11491353064775467","1265","1265","1265"
"126699","0.12321457266807556","0.12321457266807556","0.12321457266807556","1266","1266","1266"
"126799","0.122124582529068","0.122124582529068","0.122124582529068","1267","1267","1267"
"126899","0.12224043905735016","0.12224043905735016","0.12224043905735016","1268","1268","1268"
"126999","0.11905477195978165","0.11905477195978165","0.11905477195978165","1269","1269","1269"
"127099","0.12484819442033768","0.12484819442033768","0.12484819442033768","1270","1270","1270"
"127199","0.1270345002412796","0.1270345002412796","0.1270345002412796","1271","1271","1271"
"127299","0.12319710850715637","0.12319710850715637","0.12319710850715637","1272","1272","1272"
"127399","0.11666770279407501","0.11666770279407501","0.11666770279407501","1273","1273","1273"
"127499","0.12814675271511078","0.12814675271511078","0.12814675271511078","1274","1274","1274"
"127599","0.12165231257677078","0.12165231257677078","0.12165231257677078","1275","1275","1275"
"127699","0.12348998337984085","0.12348998337984085","0.12348998337984085","1276","1276","1276"
"127799","0.1209484338760376","0.1209484338760376","0.1209484338760376","1277","1277","1277"
"127899","0.12090408056974411","0.12090408056974411","0.12090408056974411","1278","1278","1278"
"127999","0.1222781389951706","0.1222781389951706","0.1222781389951706","1279","1279","1279"
"128099","0.1209917813539505","0.1209917813539505","0.1209917813539505","1280","1280","1280"
"128199","0.12464683502912521","0.12464683502912521","0.12464683502912521","1281","1281","1281"
"128299","0.1268736869096756","0.1268736869096756","0.1268736869096756","1282","1282","1282"
"128399","0.1257455050945282","0.1257455050945282","0.1257455050945282","1283","1283","1283"
"128499","0.12171107530593872","0.12171107530593872","0.12171107530593872","1284","1284","1284"
"128599","0.11954724043607712","0.11954724043607712","0.11954724043607712","1285","1285","1285"
"128699","0.12148194760084152","0.12148194760084152","0.12148194760084152","1286","1286","1286"
"128799","0.11815652996301651","0.11815652996301651","0.11815652996301651","1287","1287","1287"
"128899","0.11627615988254547","0.11627615988254547","0.11627615988254547","1288","1288","1288"
"128999","0.12161577492952347","0.12161577492952347","0.12161577492952347","1289","1289","1289"
"129099","0.1280214935541153","0.1280214935541153","0.1280214935541153","1290","1290","1290"
"129199","0.12357066571712494","0.12357066571712494","0.12357066571712494","1291","1291","1291"
"129299","0.1236223578453064","0.1236223578453064","0.1236223578453064","1292","1292","1292"
"129399","0.12627626955509186","0.12627626955509186","0.12627626955509186","1293","1293","1293"
"129499","0.1251235455274582","0.1251235455274582","0.1251235455274582","1294","1294","1294"
"129599","0.12311195582151413","0.12311195582151413","0.12311195582151413","1295","1295","1295"
"129699","0.12284476310014725","0.12284476310014725","0.12284476310014725","1296","1296","1296"
"129799","0.12138024717569351","0.12138024717569351","0.12138024717569351","1297","1297","1297"
"129899","0.12186404317617416","0.12186404317617416","0.12186404317617416","1298","1298","1298"
"129999","0.12139102071523666","0.12139102071523666","0.12139102071523666","1299","1299","1299"
"130099","0.11663760989904404","0.11663760989904404","0.11663760989904404","1300","1300","1300"
"130199","0.11805377900600433","0.11805377900600433","0.11805377900600433","1301","1301","1301"
"130299","0.11867202073335648","0.11867202073335648","0.11867202073335648","1302","1302","1302"
"130399","0.11732350289821625","0.11732350289821625","0.11732350289821625","1303","1303","1303"
"130499","0.11541314423084259","0.11541314423084259","0.11541314423084259","1304","1304","1304"
"130599","0.11513691395521164","0.11513691395521164","0.11513691395521164","1305","1305","1305"
"130699","0.11697857826948166","0.11697857826948166","0.11697857826948166","1306","1306","1306"
"130799","0.11581862717866898","0.11581862717866898","0.11581862717866898","1307","1307","1307"
"130899","0.12413681298494339","0.12413681298494339","0.12413681298494339","1308","1308","1308"
"130999","0.1255803257226944","0.1255803257226944","0.1255803257226944","1309","1309","1309"
"131099","0.12128723412752151","0.12128723412752151","0.12128723412752151","1310","1310","1310"
"131199","0.12074577808380127","0.12074577808380127","0.12074577808380127","1311","1311","1311"
"131299","0.12340334802865982","0.12340334802865982","0.12340334802865982","1312","1312","1312"
"131399","0.12056439369916916","0.12056439369916916","0.12056439369916916","1313","1313","1313"
"131499","0.12494265288114548","0.12494265288114548","0.12494265288114548","1314","1314","1314"
"131599","0.12653622031211853","0.12653622031211853","0.12653622031211853","1315","1315","1315"
"131699","0.11758139729499817","0.11758139729499817","0.11758139729499817","1316","1316","1316"
"131799","0.12138571590185165","0.12138571590185165","0.12138571590185165","1317","1317","1317"
"131899","0.11725939065217972","0.11725939065217972","0.11725939065217972","1318","1318","1318"
"131999","0.12122228741645813","0.12122228741645813","0.12122228741645813","1319","1319","1319"
"132099","0.11456349492073059","0.11456349492073059","0.11456349492073059","1320","1320","1320"
"132199","0.1239437535405159","0.1239437535405159","0.1239437535405159","1321","1321","1321"
"132299","0.11925730854272842","0.11925730854272842","0.11925730854272842","1322","1322","1322"
"132399","0.12779518961906433","0.12779518961906433","0.12779518961906433","1323","1323","1323"
"132499","0.11725832521915436","0.11725832521915436","0.11725832521915436","1324","1324","1324"
"132599","0.12132029235363007","0.12132029235363007","0.12132029235363007","1325","1325","1325"
"132699","0.12161459773778915","0.12161459773778915","0.12161459773778915","1326","1326","1326"
"132799","0.12476183474063873","0.12476183474063873","0.12476183474063873","1327","1327","1327"
"132899","0.11912700533866882","0.11912700533866882","0.11912700533866882","1328","1328","1328"
"132999","0.120994433760643","0.120994433760643","0.120994433760643","1329","1329","1329"
"133099","0.11808514595031738","0.11808514595031738","0.11808514595031738","1330","1330","1330"
"133199","0.1198219507932663","0.1198219507932663","0.1198219507932663","1331","1331","1331"
"133299","0.12072650343179703","0.12072650343179703","0.12072650343179703","1332","1332","1332"
"133399","0.12441179901361465","0.12441179901361465","0.12441179901361465","1333","1333","1333"
"133499","0.11508017033338547","0.11508017033338547","0.11508017033338547","1334","1334","1334"
"133599","0.11780482530593872","0.11780482530593872","0.11780482530593872","1335","1335","1335"
"133699","0.1165345162153244","0.1165345162153244","0.1165345162153244","1336","1336","1336"
"133799","0.11979007720947266","0.11979007720947266","0.11979007720947266","1337","1337","1337"
"133899","0.1247522383928299","0.1247522383928299","0.1247522383928299","1338","1338","1338"
"133999","0.12403615564107895","0.12403615564107895","0.12403615564107895","1339","1339","1339"
"134099","0.1274462342262268","0.1274462342262268","0.1274462342262268","1340","1340","1340"
"134199","0.11926688253879547","0.11926688253879547","0.11926688253879547","1341","1341","1341"
"134299","0.11664777994155884","0.11664777994155884","0.11664777994155884","1342","1342","1342"
"134399","0.11984840780496597","0.11984840780496597","0.11984840780496597","1343","1343","1343"
"134499","0.12334119528532028","0.12334119528532028","0.12334119528532028","1344","1344","1344"
"134599","0.11976243555545807","0.11976243555545807","0.11976243555545807","1345","1345","1345"
"134699","0.11582233011722565","0.11582233011722565","0.11582233011722565","1346","1346","1346"
"134799","0.11968378722667694","0.11968378722667694","0.11968378722667694","1347","1347","1347"
"134899","0.11319736391305923","0.11319736391305923","0.11319736391305923","1348","1348","1348"
"134999","0.12655109167099","0.12655109167099","0.12655109167099","1349","1349","1349"
"135099","0.12082549184560776","0.12082549184560776","0.12082549184560776","1350","1350","1350"
"135199","0.11967748403549194","0.11967748403549194","0.11967748403549194","1351","1351","1351"
"135299","0.1217464879155159","0.1217464879155159","0.1217464879155159","1352","1352","1352"
"135399","0.1251659095287323","0.1251659095287323","0.1251659095287323","1353","1353","1353"
"135499","0.12525707483291626","0.12525707483291626","0.12525707483291626","1354","1354","1354"
"135599","0.11802897602319717","0.11802897602319717","0.11802897602319717","1355","1355","1355"
"135699","0.12661536037921906","0.12661536037921906","0.12661536037921906","1356","1356","1356"
"135799","0.11940382421016693","0.11940382421016693","0.11940382421016693","1357","1357","1357"
"135899","0.12402127683162689","0.12402127683162689","0.12402127683162689","1358","1358","1358"
"135999","0.12216034531593323","0.12216034531593323","0.12216034531593323","1359","1359","1359"
"136099","0.11968447268009186","0.11968447268009186","0.11968447268009186","1360","1360","1360"
"136199","0.12114217877388","0.12114217877388","0.12114217877388","1361","1361","1361"
"136299","0.1221526488661766","0.1221526488661766","0.1221526488661766","1362","1362","1362"
"136399","0.12243291735649109","0.12243291735649109","0.12243291735649109","1363","1363","1363"
"136499","0.11861812323331833","0.11861812323331833","0.11861812323331833","1364","1364","1364"
"136599","0.11652237176895142","0.11652237176895142","0.11652237176895142","1365","1365","1365"
"136699","0.1201484277844429","0.1201484277844429","0.1201484277844429","1366","1366","1366"
"136799","0.12342731654644012","0.12342731654644012","0.12342731654644012","1367","1367","1367"
"136899","0.12017190456390381","0.12017190456390381","0.12017190456390381","1368","1368","1368"
"136999","0.12064112722873688","0.12064112722873688","0.12064112722873688","1369","1369","1369"
"137099","0.1216551810503006","0.1216551810503006","0.1216551810503006","1370","1370","1370"
"137199","0.1199149414896965","0.1199149414896965","0.1199149414896965","1371","1371","1371"
"137299","0.11445999145507812","0.11445999145507812","0.11445999145507812","1372","1372","1372"
"137399","0.11825550347566605","0.11825550347566605","0.11825550347566605","1373","1373","1373"
"137499","0.11837123334407806","0.11837123334407806","0.11837123334407806","1374","1374","1374"
"137599","0.12430520355701447","0.12430520355701447","0.12430520355701447","1375","1375","1375"
"137699","0.1269301176071167","0.1269301176071167","0.1269301176071167","1376","1376","1376"
"137799","0.12093425542116165","0.12093425542116165","0.12093425542116165","1377","1377","1377"
"137899","0.12140100449323654","0.12140100449323654","0.12140100449323654","1378","1378","1378"
"137999","0.12211515754461288","0.12211515754461288","0.12211515754461288","1379","1379","1379"
"138099","0.12397532165050507","0.12397532165050507","0.12397532165050507","1380","1380","1380"
"138199","0.1221252903342247","0.1221252903342247","0.1221252903342247","1381","1381","1381"
"138299","0.12223562598228455","0.12223562598228455","0.12223562598228455","1382","1382","1382"
"138399","0.11945665627717972","0.11945665627717972","0.11945665627717972","1383","1383","1383"
"138499","0.12110869586467743","0.12110869586467743","0.12110869586467743","1384","1384","1384"
"138599","0.12102363258600235","0.12102363258600235","0.12102363258600235","1385","1385","1385"
"138699","0.11705829203128815","0.11705829203128815","0.11705829203128815","1386","1386","1386"
"138799","0.11760009080171585","0.11760009080171585","0.11760009080171585","1387","1387","1387"
"138899","0.12644949555397034","0.12644949555397034","0.12644949555397034","1388","1388","1388"
"138999","0.1200530081987381","0.1200530081987381","0.1200530081987381","1389","1389","1389"
"139099","0.12626630067825317","0.12626630067825317","0.12626630067825317","1390","1390","1390"
"139199","0.11698052287101746","0.11698052287101746","0.11698052287101746","1391","1391","1391"
"139299","0.1119549497961998","0.1119549497961998","0.1119549497961998","1392","1392","1392"
"139399","0.11576411128044128","0.11576411128044128","0.11576411128044128","1393","1393","1393"
"139499","0.11639207601547241","0.11639207601547241","0.11639207601547241","1394","1394","1394"
"139599","0.11801136285066605","0.11801136285066605","0.11801136285066605","1395","1395","1395"
"139699","0.12162251770496368","0.12162251770496368","0.12162251770496368","1396","1396","1396"
"139799","0.1265450417995453","0.1265450417995453","0.1265450417995453","1397","1397","1397"
"139899","0.12266217917203903","0.12266217917203903","0.12266217917203903","1398","1398","1398"
"139999","0.12039609998464584","0.12039609998464584","0.12039609998464584","1399","1399","1399"
"140099","0.11759819835424423","0.11759819835424423","0.11759819835424423","1400","1400","1400"
"140199","0.125877246260643","0.125877246260643","0.125877246260643","1401","1401","1401"
"140299","0.1159040555357933","0.1159040555357933","0.1159040555357933","1402","1402","1402"
"140399","0.1217946708202362","0.1217946708202362","0.1217946708202362","1403","1403","1403"
"140499","0.1214703768491745","0.1214703768491745","0.1214703768491745","1404","1404","1404"
"140599","0.12016234546899796","0.12016234546899796","0.12016234546899796","1405","1405","1405"
"140699","0.11853519827127457","0.11853519827127457","0.11853519827127457","1406","1406","1406"
"140799","0.12526708841323853","0.12526708841323853","0.12526708841323853","1407","1407","1407"
"140899","0.11403068900108337","0.11403068900108337","0.11403068900108337","1408","1408","1408"
"140999","0.1209750697016716","0.1209750697016716","0.1209750697016716","1409","1409","1409"
"141099","0.11638490855693817","0.11638490855693817","0.11638490855693817","1410","1410","1410"
"141199","0.11584914475679398","0.11584914475679398","0.11584914475679398","1411","1411","1411"
"141299","0.12248092144727707","0.12248092144727707","0.12248092144727707","1412","1412","1412"
"141399","0.1229521781206131","0.1229521781206131","0.1229521781206131","1413","1413","1413"
"141499","0.1124638095498085","0.1124638095498085","0.1124638095498085","1414","1414","1414"
"141599","0.11923152208328247","0.11923152208328247","0.11923152208328247","1415","1415","1415"
"141699","0.11740227043628693","0.11740227043628693","0.11740227043628693","1416","1416","1416"
"141799","0.12119513005018234","0.12119513005018234","0.12119513005018234","1417","1417","1417"
"141899","0.11685632169246674","0.11685632169246674","0.11685632169246674","1418","1418","1418"
"141999","0.12425421923398972","0.12425421923398972","0.12425421923398972","1419","1419","1419"
"142099","0.11782650649547577","0.11782650649547577","0.11782650649547577","1420","1420","1420"
"142199","0.12125010043382645","0.12125010043382645","0.12125010043382645","1421","1421","1421"
"142299","0.120506152510643","0.120506152510643","0.120506152510643","1422","1422","1422"
"142399","0.12481243908405304","0.12481243908405304","0.12481243908405304","1423","1423","1423"
"142499","0.1191018596291542","0.1191018596291542","0.1191018596291542","1424","1424","1424"
"142599","0.1215890422463417","0.1215890422463417","0.1215890422463417","1425","1425","1425"
"142699","0.11428346484899521","0.11428346484899521","0.11428346484899521","1426","1426","1426"
"142799","0.12872329354286194","0.12872329354286194","0.12872329354286194","1427","1427","1427"
"142899","0.12514743208885193","0.12514743208885193","0.12514743208885193","1428","1428","1428"
"142999","0.12491059303283691","0.12491059303283691","0.12491059303283691","1429","1429","1429"
"143099","0.12617816030979156","0.12617816030979156","0.12617816030979156","1430","1430","1430"
"143199","0.11345319449901581","0.11345319449901581","0.11345319449901581","1431","1431","1431"
"143299","0.11972208321094513","0.11972208321094513","0.11972208321094513","1432","1432","1432"
"143399","0.11921947449445724","0.11921947449445724","0.11921947449445724","1433","1433","1433"
"143499","0.11963123083114624","0.11963123083114624","0.11963123083114624","1434","1434","1434"
"143599","0.12244007736444473","0.12244007736444473","0.12244007736444473","1435","1435","1435"
"143699","0.11824428290128708","0.11824428290128708","0.11824428290128708","1436","1436","1436"
"143799","0.11789765954017639","0.11789765954017639","0.11789765954017639","1437","1437","1437"
"143899","0.1194567084312439","0.1194567084312439","0.1194567084312439","1438","1438","1438"
"143999","0.11661142855882645","0.11661142855882645","0.11661142855882645","1439","1439","1439"
"144099","0.12245644629001617","0.12245644629001617","0.12245644629001617","1440","1440","1440"
"144199","0.11956629902124405","0.11956629902124405","0.11956629902124405","1441","1441","1441"
"144299","0.12238771468400955","0.12238771468400955","0.12238771468400955","1442","1442","1442"
"144399","0.12351076304912567","0.12351076304912567","0.12351076304912567","1443","1443","1443"
"144499","0.11790076643228531","0.11790076643228531","0.11790076643228531","1444","1444","1444"
"144599","0.11244586110115051","0.11244586110115051","0.11244586110115051","1445","1445","1445"
"144699","0.11811409145593643","0.11811409145593643","0.11811409145593643","1446","1446","1446"
"144799","0.12116885185241699","0.12116885185241699","0.12116885185241699","1447","1447","1447"
"144899","0.12409817427396774","0.12409817427396774","0.12409817427396774","1448","1448","1448"
"144999","0.12322653830051422","0.12322653830051422","0.12322653830051422","1449","1449","1449"
"145099","0.1244024708867073","0.1244024708867073","0.1244024708867073","1450","1450","1450"
"145199","0.12114223092794418","0.12114223092794418","0.12114223092794418","1451","1451","1451"
"145299","0.12071630358695984","0.12071630358695984","0.12071630358695984","1452","1452","1452"
"145399","0.12164681404829025","0.12164681404829025","0.12164681404829025","1453","1453","1453"
"145499","0.1270197182893753","0.1270197182893753","0.1270197182893753","1454","1454","1454"
"145599","0.12328480929136276","0.12328480929136276","0.12328480929136276","1455","1455","1455"
"145699","0.11889658123254776","0.11889658123254776","0.11889658123254776","1456","1456","1456"
"145799","0.1084245964884758","0.1084245964884758","0.1084245964884758","1457","1457","1457"
"145899","0.11323008686304092","0.11323008686304092","0.11323008686304092","1458","1458","1458"
"145999","0.11723663657903671","0.11723663657903671","0.11723663657903671","1459","1459","1459"
"146099","0.12394000589847565","0.12394000589847565","0.12394000589847565","1460","1460","1460"
"146199","0.119261234998703","0.119261234998703","0.119261234998703","1461","1461","1461"
"146299","0.11932434886693954","0.11932434886693954","0.11932434886693954","1462","1462","1462"
"146399","0.11887883394956589","0.11887883394956589","0.11887883394956589","1463","1463","1463"
"146499","0.12183809280395508","0.12183809280395508","0.12183809280395508","1464","1464","1464"
"146599","0.11790909618139267","0.11790909618139267","0.11790909618139267","1465","1465","1465"
"146699","0.11664403229951859","0.11664403229951859","0.11664403229951859","1466","1466","1466"
"146799","0.12041835486888885","0.12041835486888885","0.12041835486888885","1467","1467","1467"
"146899","0.11517730355262756","0.11517730355262756","0.11517730355262756","1468","1468","1468"
"146999","0.12524110078811646","0.12524110078811646","0.12524110078811646","1469","1469","1469"
"147099","0.12304329127073288","0.12304329127073288","0.12304329127073288","1470","1470","1470"
"147199","0.1173105239868164","0.1173105239868164","0.1173105239868164","1471","1471","1471"
"147299","0.1223369836807251","0.1223369836807251","0.1223369836807251","1472","1472","1472"
"147399","0.11929652094841003","0.11929652094841003","0.11929652094841003","1473","1473","1473"
"147499","0.12048220634460449","0.12048220634460449","0.12048220634460449","1474","1474","1474"
"147599","0.11393915861845016","0.11393915861845016","0.11393915861845016","1475","1475","1475"
"147699","0.12073251605033875","0.12073251605033875","0.12073251605033875","1476","1476","1476"
"147799","0.11543093621730804","0.11543093621730804","0.11543093621730804","1477","1477","1477"
"147899","0.11779174208641052","0.11779174208641052","0.11779174208641052","1478","1478","1478"
"147999","0.12248283624649048","0.12248283624649048","0.12248283624649048","1479","1479","1479"
"148099","0.11807356029748917","0.11807356029748917","0.11807356029748917","1480","1480","1480"
"148199","0.11703430861234665","0.11703430861234665","0.11703430861234665","1481","1481","1481"
"148299","0.11750220507383347","0.11750220507383347","0.11750220507383347","1482","1482","1482"
"148399","0.12469050288200378","0.12469050288200378","0.12469050288200378","1483","1483","1483"
"148499","0.12156175076961517","0.12156175076961517","0.12156175076961517","1484","1484","1484"
"148599","0.12293338775634766","0.12293338775634766","0.12293338775634766","1485","1485","1485"
"148699","0.11802239716053009","0.11802239716053009","0.11802239716053009","1486","1486","1486"
"148799","0.11995518952608109","0.11995518952608109","0.11995518952608109","1487","1487","1487"
"148899","0.12286170572042465","0.12286170572042465","0.12286170572042465","1488","1488","1488"
"148999","0.1225622296333313","0.1225622296333313","0.1225622296333313","1489","1489","1489"
"149099","0.11718430370092392","0.11718430370092392","0.11718430370092392","1490","1490","1490"
"149199","0.12153607606887817","0.12153607606887817","0.12153607606887817","1491","1491","1491"
"149299","0.11709161102771759","0.11709161102771759","0.11709161102771759","1492","1492","1492"
"149399","0.12061408162117004","0.12061408162117004","0.12061408162117004","1493","1493","1493"
"149499","0.12014415115118027","0.12014415115118027","0.12014415115118027","1494","1494","1494"
"149599","0.11815813928842545","0.11815813928842545","0.11815813928842545","1495","1495","1495"
"149699","0.1179308295249939","0.1179308295249939","0.1179308295249939","1496","1496","1496"
"149799","0.1175561472773552","0.1175561472773552","0.1175561472773552","1497","1497","1497"
"149899","0.12051083892583847","0.12051083892583847","0.12051083892583847","1498","1498","1498"
"149999","0.1248491108417511","0.1248491108417511","0.1248491108417511","1499","1499","1499"
"150099","0.12303563952445984","0.12303563952445984","0.12303563952445984","1500","1500","1500"
"150199","0.11487019062042236","0.11487019062042236","0.11487019062042236","1501","1501","1501"
"150299","0.12218144536018372","0.12218144536018372","0.12218144536018372","1502","1502","1502"
"150399","0.11501150578260422","0.11501150578260422","0.11501150578260422","1503","1503","1503"
"150499","0.12395939230918884","0.12395939230918884","0.12395939230918884","1504","1504","1504"
"150599","0.11591243743896484","0.11591243743896484","0.11591243743896484","1505","1505","1505"
"150699","0.1175018921494484","0.1175018921494484","0.1175018921494484","1506","1506","1506"
"150799","0.12056870013475418","0.12056870013475418","0.12056870013475418","1507","1507","1507"
"150899","0.11926333606243134","0.11926333606243134","0.11926333606243134","1508","1508","1508"
"150999","0.12636274099349976","0.12636274099349976","0.12636274099349976","1509","1509","1509"
"151099","0.12088048458099365","0.12088048458099365","0.12088048458099365","1510","1510","1510"
"151199","0.12159769982099533","0.12159769982099533","0.12159769982099533","1511","1511","1511"
"151299","0.12259867042303085","0.12259867042303085","0.12259867042303085","1512","1512","1512"
"151399","0.12149524688720703","0.12149524688720703","0.12149524688720703","1513","1513","1513"
"151499","0.11018666625022888","0.11018666625022888","0.11018666625022888","1514","1514","1514"
"151599","0.1270226389169693","0.1270226389169693","0.1270226389169693","1515","1515","1515"
"151699","0.11867166310548782","0.11867166310548782","0.11867166310548782","1516","1516","1516"
"151799","0.11511837691068649","0.11511837691068649","0.11511837691068649","1517","1517","1517"
"151899","0.11776337027549744","0.11776337027549744","0.11776337027549744","1518","1518","1518"
"151999","0.12332705408334732","0.12332705408334732","0.12332705408334732","1519","1519","1519"
"152099","0.11736682802438736","0.11736682802438736","0.11736682802438736","1520","1520","1520"
"152199","0.12088935822248459","0.12088935822248459","0.12088935822248459","1521","1521","1521"
"152299","0.119354248046875","0.119354248046875","0.119354248046875","1522","1522","1522"
"152399","0.12048427015542984","0.12048427015542984","0.12048427015542984","1523","1523","1523"
"152499","0.11859699338674545","0.11859699338674545","0.11859699338674545","1524","1524","1524"
"152599","0.11775412410497665","0.11775412410497665","0.11775412410497665","1525","1525","1525"
"152699","0.1157604455947876","0.1157604455947876","0.1157604455947876","1526","1526","1526"
"152799","0.12524263560771942","0.12524263560771942","0.12524263560771942","1527","1527","1527"
"152899","0.12129460275173187","0.12129460275173187","0.12129460275173187","1528","1528","1528"
"152999","0.11863309144973755","0.11863309144973755","0.11863309144973755","1529","1529","1529"
"153099","0.1205378994345665","0.1205378994345665","0.1205378994345665","1530","1530","1530"
"153199","0.11848334968090057","0.11848334968090057","0.11848334968090057","1531","1531","1531"
"153299","0.12040986865758896","0.12040986865758896","0.12040986865758896","1532","1532","1532"
"153399","0.12170133739709854","0.12170133739709854","0.12170133739709854","1533","1533","1533"
"153499","0.11918406188488007","0.11918406188488007","0.11918406188488007","1534","1534","1534"
"153599","0.12087544798851013","0.12087544798851013","0.12087544798851013","1535","1535","1535"
"153699","0.12458434700965881","0.12458434700965881","0.12458434700965881","1536","1536","1536"
"153799","0.11925634741783142","0.11925634741783142","0.11925634741783142","1537","1537","1537"
"153899","0.12161757797002792","0.12161757797002792","0.12161757797002792","1538","1538","1538"
"153999","0.11649396270513535","0.11649396270513535","0.11649396270513535","1539","1539","1539"
"154099","0.12197452038526535","0.12197452038526535","0.12197452038526535","1540","1540","1540"
"154199","0.12418484687805176","0.12418484687805176","0.12418484687805176","1541","1541","1541"
"154299","0.11724049597978592","0.11724049597978592","0.11724049597978592","1542","1542","1542"
"154399","0.12034200876951218","0.12034200876951218","0.12034200876951218","1543","1543","1543"
"154499","0.1249079555273056","0.1249079555273056","0.1249079555273056","1544","1544","1544"
"154599","0.12371547520160675","0.12371547520160675","0.12371547520160675","1545","1545","1545"
"154699","0.1256350725889206","0.1256350725889206","0.1256350725889206","1546","1546","1546"
"154799","0.1222132220864296","0.1222132220864296","0.1222132220864296","1547","1547","1547"
"154899","0.11613284051418304","0.11613284051418304","0.11613284051418304","1548","1548","1548"
"154999","0.12364605814218521","0.12364605814218521","0.12364605814218521","1549","1549","1549"
"155099","0.11742163449525833","0.11742163449525833","0.11742163449525833","1550","1550","1550"
"155199","0.12653319537639618","0.12653319537639618","0.12653319537639618","1551","1551","1551"
"155299","0.11708702147006989","0.11708702147006989","0.11708702147006989","1552","1552","1552"
"155399","0.12609343230724335","0.12609343230724335","0.12609343230724335","1553","1553","1553"
"155499","0.11805779486894608","0.11805779486894608","0.11805779486894608","1554","1554","1554"
"155599","0.11887536197900772","0.11887536197900772","0.11887536197900772","1555","1555","1555"
"155699","0.12103114277124405","0.12103114277124405","0.12103114277124405","1556","1556","1556"
"155799","0.1200975775718689","0.1200975775718689","0.1200975775718689","1557","1557","1557"
"155899","0.12158340960741043","0.12158340960741043","0.12158340960741043","1558","1558","1558"
"155999","0.12420523166656494","0.12420523166656494","0.12420523166656494","1559","1559","1559"
"156099","0.12230343371629715","0.12230343371629715","0.12230343371629715","1560","1560","1560"
"156199","0.11894887685775757","0.11894887685775757","0.11894887685775757","1561","1561","1561"
"156299","0.12475156784057617","0.12475156784057617","0.12475156784057617","1562","1562","1562"
"156399","0.11987873166799545","0.11987873166799545","0.11987873166799545","1563","1563","1563"
"156499","0.123330257833004","0.123330257833004","0.123330257833004","1564","1564","1564"
"156599","0.12063773721456528","0.12063773721456528","0.12063773721456528","1565","1565","1565"
"156699","0.12494897097349167","0.12494897097349167","0.12494897097349167","1566","1566","1566"
"156799","0.11440616846084595","0.11440616846084595","0.11440616846084595","1567","1567","1567"
"156899","0.12226685881614685","0.12226685881614685","0.12226685881614685","1568","1568","1568"
"156999","0.11904401332139969","0.11904401332139969","0.11904401332139969","1569","1569","1569"
"157099","0.11729023605585098","0.11729023605585098","0.11729023605585098","1570","1570","1570"
"157199","0.11352287977933884","0.11352287977933884","0.11352287977933884","1571","1571","1571"
"157299","0.12626376748085022","0.12626376748085022","0.12626376748085022","1572","1572","1572"
"157399","0.12191011011600494","0.12191011011600494","0.12191011011600494","1573","1573","1573"
"157499","0.11932066828012466","0.11932066828012466","0.11932066828012466","1574","1574","1574"
"157599","0.11504370719194412","0.11504370719194412","0.11504370719194412","1575","1575","1575"
"157699","0.1238451600074768","0.1238451600074768","0.1238451600074768","1576","1576","1576"
"157799","0.12195930629968643","0.12195930629968643","0.12195930629968643","1577","1577","1577"
"157899","0.12453337758779526","0.12453337758779526","0.12453337758779526","1578","1578","1578"
"157999","0.12670724093914032","0.12670724093914032","0.12670724093914032","1579","1579","1579"
"158099","0.12453671544790268","0.12453671544790268","0.12453671544790268","1580","1580","1580"
"158199","0.11851285398006439","0.11851285398006439","0.11851285398006439","1581","1581","1581"
"158299","0.1192660853266716","0.1192660853266716","0.1192660853266716","1582","1582","1582"
"158399","0.1199791207909584","0.1199791207909584","0.1199791207909584","1583","1583","1583"
"158499","0.1238204687833786","0.1238204687833786","0.1238204687833786","1584","1584","1584"
"158599","0.1241271048784256","0.1241271048784256","0.1241271048784256","1585","1585","1585"
"158699","0.12215202301740646","0.12215202301740646","0.12215202301740646","1586","1586","1586"
"158799","0.11502227187156677","0.11502227187156677","0.11502227187156677","1587","1587","1587"
"158899","0.11538475006818771","0.11538475006818771","0.11538475006818771","1588","1588","1588"
"158999","0.12147518992424011","0.12147518992424011","0.12147518992424011","1589","1589","1589"
"159099","0.12562905251979828","0.12562905251979828","0.12562905251979828","1590","1590","1590"
"159199","0.12446717172861099","0.12446717172861099","0.12446717172861099","1591","1591","1591"
"159299","0.11991890519857407","0.11991890519857407","0.11991890519857407","1592","1592","1592"
"159399","0.11601565033197403","0.11601565033197403","0.11601565033197403","1593","1593","1593"
"159499","0.11982672661542892","0.11982672661542892","0.11982672661542892","1594","1594","1594"
"159599","0.1217559203505516","0.1217559203505516","0.1217559203505516","1595","1595","1595"
"159699","0.12209290266036987","0.12209290266036987","0.12209290266036987","1596","1596","1596"
"159799","0.12669861316680908","0.12669861316680908","0.12669861316680908","1597","1597","1597"
"159899","0.12485065311193466","0.12485065311193466","0.12485065311193466","1598","1598","1598"
"159999","0.11485826224088669","0.11485826224088669","0.11485826224088669","1599","1599","1599"
"160099","0.12088458240032196","0.12088458240032196","0.12088458240032196","1600","1600","1600"
"160199","0.12205415219068527","0.12205415219068527","0.12205415219068527","1601","1601","1601"
"160299","0.12435245513916016","0.12435245513916016","0.12435245513916016","1602","1602","1602"
"160399","0.11797454208135605","0.11797454208135605","0.11797454208135605","1603","1603","1603"
"160499","0.12028837203979492","0.12028837203979492","0.12028837203979492","1604","1604","1604"
"160599","0.11732278019189835","0.11732278019189835","0.11732278019189835","1605","1605","1605"
"160699","0.12102998048067093","0.12102998048067093","0.12102998048067093","1606","1606","1606"
"160799","0.12349502742290497","0.12349502742290497","0.12349502742290497","1607","1607","1607"
"160899","0.11908125877380371","0.11908125877380371","0.11908125877380371","1608","1608","1608"
"160999","0.11789102107286453","0.11789102107286453","0.11789102107286453","1609","1609","1609"
"161099","0.12030491232872009","0.12030491232872009","0.12030491232872009","1610","1610","1610"
"161199","0.12152394652366638","0.12152394652366638","0.12152394652366638","1611","1611","1611"
"161299","0.12402859330177307","0.12402859330177307","0.12402859330177307","1612","1612","1612"
"161399","0.11657226830720901","0.11657226830720901","0.11657226830720901","1613","1613","1613"
"161499","0.11898782849311829","0.11898782849311829","0.11898782849311829","1614","1614","1614"
"161599","0.11807899177074432","0.11807899177074432","0.11807899177074432","1615","1615","1615"
"161699","0.11491957306861877","0.11491957306861877","0.11491957306861877","1616","1616","1616"
"161799","0.11249394714832306","0.11249394714832306","0.11249394714832306","1617","1617","1617"
"161899","0.11400900781154633","0.11400900781154633","0.11400900781154633","1618","1618","1618"
"161999","0.12176307290792465","0.12176307290792465","0.12176307290792465","1619","1619","1619"
"162099","0.12248779833316803","0.12248779833316803","0.12248779833316803","1620","1620","1620"
"162199","0.12709961831569672","0.12709961831569672","0.12709961831569672","1621","1621","1621"
"162299","0.12114298343658447","0.12114298343658447","0.12114298343658447","1622","1622","1622"
"162399","0.11881912499666214","0.11881912499666214","0.11881912499666214","1623","1623","1623"
"162499","0.11405027657747269","0.11405027657747269","0.11405027657747269","1624","1624","1624"
"162599","0.12036411464214325","0.12036411464214325","0.12036411464214325","1625","1625","1625"
"162699","0.12435955554246902","0.12435955554246902","0.12435955554246902","1626","1626","1626"
"162799","0.12370876967906952","0.12370876967906952","0.12370876967906952","1627","1627","1627"
"162899","0.11885059624910355","0.11885059624910355","0.11885059624910355","1628","1628","1628"
"162999","0.1162356436252594","0.1162356436252594","0.1162356436252594","1629","1629","1629"
"163099","0.1262636035680771","0.1262636035680771","0.1262636035680771","1630","1630","1630"
"163199","0.12040238827466965","0.12040238827466965","0.12040238827466965","1631","1631","1631"
"163299","0.1215583086013794","0.1215583086013794","0.1215583086013794","1632","1632","1632"
"163399","0.1182294711470604","0.1182294711470604","0.1182294711470604","1633","1633","1633"
"163499","0.12050710618495941","0.12050710618495941","0.12050710618495941","1634","1634","1634"
"163599","0.12026381492614746","0.12026381492614746","0.12026381492614746","1635","1635","1635"
"163699","0.1228744313120842","0.1228744313120842","0.1228744313120842","1636","1636","1636"
"163799","0.12592889368534088","0.12592889368534088","0.12592889368534088","1637","1637","1637"
"163899","0.12468235194683075","0.12468235194683075","0.12468235194683075","1638","1638","1638"
"163999","0.1146361380815506","0.1146361380815506","0.1146361380815506","1639","1639","1639"
"164099","0.11718682944774628","0.11718682944774628","0.11718682944774628","1640","1640","1640"
"164199","0.11941398680210114","0.11941398680210114","0.11941398680210114","1641","1641","1641"
"164299","0.12173508107662201","0.12173508107662201","0.12173508107662201","1642","1642","1642"
"164399","0.11373547464609146","0.11373547464609146","0.11373547464609146","1643","1643","1643"
"164499","0.12801967561244965","0.12801967561244965","0.12801967561244965","1644","1644","1644"
"164599","0.11846643686294556","0.11846643686294556","0.11846643686294556","1645","1645","1645"
"164699","0.11366401612758636","0.11366401612758636","0.11366401612758636","1646","1646","1646"
"164799","0.12291799485683441","0.12291799485683441","0.12291799485683441","1647","1647","1647"
"164899","0.12084373086690903","0.12084373086690903","0.12084373086690903","1648","1648","1648"
"164999","0.12359851598739624","0.12359851598739624","0.12359851598739624","1649","1649","1649"
"165099","0.12149578332901001","0.12149578332901001","0.12149578332901001","1650","1650","1650"
"165199","0.11950606852769852","0.11950606852769852","0.11950606852769852","1651","1651","1651"
"165299","0.1180950254201889","0.1180950254201889","0.1180950254201889","1652","1652","1652"
"165399","0.12342749536037445","0.12342749536037445","0.12342749536037445","1653","1653","1653"
"165499","0.12187837064266205","0.12187837064266205","0.12187837064266205","1654","1654","1654"
"165599","0.1160803884267807","0.1160803884267807","0.1160803884267807","1655","1655","1655"
"165699","0.12470322102308273","0.12470322102308273","0.12470322102308273","1656","1656","1656"
"165799","0.12026067078113556","0.12026067078113556","0.12026067078113556","1657","1657","1657"
"165899","0.11766158789396286","0.11766158789396286","0.11766158789396286","1658","1658","1658"
"165999","0.1147870197892189","0.1147870197892189","0.1147870197892189","1659","1659","1659"
"166099","0.12339936196804047","0.12339936196804047","0.12339936196804047","1660","1660","1660"
"166199","0.12346724420785904","0.12346724420785904","0.12346724420785904","1661","1661","1661"
"166299","0.12133152037858963","0.12133152037858963","0.12133152037858963","1662","1662","1662"
"166399","0.1230483129620552","0.1230483129620552","0.1230483129620552","1663","1663","1663"
"166499","0.11715081334114075","0.11715081334114075","0.11715081334114075","1664","1664","1664"
"166599","0.11692681163549423","0.11692681163549423","0.11692681163549423","1665","1665","1665"
"166699","0.11960484087467194","0.11960484087467194","0.11960484087467194","1666","1666","1666"
"166799","0.12653042376041412","0.12653042376041412","0.12653042376041412","1667","1667","1667"
"166899","0.12646740674972534","0.12646740674972534","0.12646740674972534","1668","1668","1668"
"166999","0.1197228953242302","0.1197228953242302","0.1197228953242302","1669","1669","1669"
"167099","0.12768149375915527","0.12768149375915527","0.12768149375915527","1670","1670","1670"
"167199","0.12315971404314041","0.12315971404314041","0.12315971404314041","1671","1671","1671"
"167299","0.11993342638015747","0.11993342638015747","0.11993342638015747","1672","1672","1672"
"167399","0.12046895921230316","0.12046895921230316","0.12046895921230316","1673","1673","1673"
"167499","0.12311983108520508","0.12311983108520508","0.12311983108520508","1674","1674","1674"
"167599","0.1207752600312233","0.1207752600312233","0.1207752600312233","1675","1675","1675"
"167699","0.1197512075304985","0.1197512075304985","0.1197512075304985","1676","1676","1676"
"167799","0.12701356410980225","0.12701356410980225","0.12701356410980225","1677","1677","1677"
"167899","0.11836189031600952","0.11836189031600952","0.11836189031600952","1678","1678","1678"
"167999","0.11792373657226562","0.11792373657226562","0.11792373657226562","1679","1679","1679"
"168099","0.11987178772687912","0.11987178772687912","0.11987178772687912","1680","1680","1680"
"168199","0.12089084833860397","0.12089084833860397","0.12089084833860397","1681","1681","1681"
"168299","0.12083680927753448","0.12083680927753448","0.12083680927753448","1682","1682","1682"
"168399","0.12420941144227982","0.12420941144227982","0.12420941144227982","1683","1683","1683"
"168499","0.11542849987745285","0.11542849987745285","0.11542849987745285","1684","1684","1684"
"168599","0.12118007987737656","0.12118007987737656","0.12118007987737656","1685","1685","1685"
"168699","0.12184052914381027","0.12184052914381027","0.12184052914381027","1686","1686","1686"
"168799","0.11610499024391174","0.11610499024391174","0.11610499024391174","1687","1687","1687"
"168899","0.11994720995426178","0.11994720995426178","0.11994720995426178","1688","1688","1688"
"168999","0.11963024735450745","0.11963024735450745","0.11963024735450745","1689","1689","1689"
"169099","0.11769139766693115","0.11769139766693115","0.11769139766693115","1690","1690","1690"
"169199","0.11438927054405212","0.11438927054405212","0.11438927054405212","1691","1691","1691"
"169299","0.12222152948379517","0.12222152948379517","0.12222152948379517","1692","1692","1692"
"169399","0.1266709715127945","0.1266709715127945","0.1266709715127945","1693","1693","1693"
"169499","0.11805268377065659","0.11805268377065659","0.11805268377065659","1694","1694","1694"
"169599","0.11810778826475143","0.11810778826475143","0.11810778826475143","1695","1695","1695"
"169699","0.12574970722198486","0.12574970722198486","0.12574970722198486","1696","1696","1696"
"169799","0.1288297027349472","0.1288297027349472","0.1288297027349472","1697","1697","1697"
"169899","0.12648780643939972","0.12648780643939972","0.12648780643939972","1698","1698","1698"
"169999","0.12041552364826202","0.12041552364826202","0.12041552364826202","1699","1699","1699"
"170099","0.1204189732670784","0.1204189732670784","0.1204189732670784","1700","1700","1700"
"170199","0.12200655788183212","0.12200655788183212","0.12200655788183212","1701","1701","1701"
"170299","0.12504619359970093","0.12504619359970093","0.12504619359970093","1702","1702","1702"
"170399","0.12121860682964325","0.12121860682964325","0.12121860682964325","1703","1703","1703"
"170499","0.12548962235450745","0.12548962235450745","0.12548962235450745","1704","1704","1704"
"170599","0.11804760992527008","0.11804760992527008","0.11804760992527008","1705","1705","1705"
"170699","0.11415957659482956","0.11415957659482956","0.11415957659482956","1706","1706","1706"
"170799","0.12451384961605072","0.12451384961605072","0.12451384961605072","1707","1707","1707"
"170899","0.11021392792463303","0.11021392792463303","0.11021392792463303","1708","1708","1708"
"170999","0.12385693192481995","0.12385693192481995","0.12385693192481995","1709","1709","1709"
"171099","0.12035167217254639","0.12035167217254639","0.12035167217254639","1710","1710","1710"
"171199","0.11697621643543243","0.11697621643543243","0.11697621643543243","1711","1711","1711"
"171299","0.11972089856863022","0.11972089856863022","0.11972089856863022","1712","1712","1712"
"171399","0.12606893479824066","0.12606893479824066","0.12606893479824066","1713","1713","1713"
"171499","0.12076902389526367","0.12076902389526367","0.12076902389526367","1714","1714","1714"
"171599","0.12302763760089874","0.12302763760089874","0.12302763760089874","1715","1715","1715"
"171699","0.1251908391714096","0.1251908391714096","0.1251908391714096","1716","1716","1716"
"171799","0.11736083030700684","0.11736083030700684","0.11736083030700684","1717","1717","1717"
"171899","0.1186675876379013","0.1186675876379013","0.1186675876379013","1718","1718","1718"
"171999","0.12052185833454132","0.12052185833454132","0.12052185833454132","1719","1719","1719"
"172099","0.11949876695871353","0.11949876695871353","0.11949876695871353","1720","1720","1720"
"172199","0.1271149218082428","0.1271149218082428","0.1271149218082428","1721","1721","1721"
"172299","0.12555547058582306","0.12555547058582306","0.12555547058582306","1722","1722","1722"
"172399","0.11973584443330765","0.11973584443330765","0.11973584443330765","1723","1723","1723"
"172499","0.12108085304498672","0.12108085304498672","0.12108085304498672","1724","1724","1724"
"172599","0.1138017550110817","0.1138017550110817","0.1138017550110817","1725","1725","1725"
"172699","0.1270543783903122","0.1270543783903122","0.1270543783903122","1726","1726","1726"
"172799","0.12095613032579422","0.12095613032579422","0.12095613032579422","1727","1727","1727"
"172899","0.12049423903226852","0.12049423903226852","0.12049423903226852","1728","1728","1728"
"172999","0.11875849962234497","0.11875849962234497","0.11875849962234497","1729","1729","1729"
"173099","0.12030915170907974","0.12030915170907974","0.12030915170907974","1730","1730","1730"
"173199","0.12008092552423477","0.12008092552423477","0.12008092552423477","1731","1731","1731"
"173299","0.12086489796638489","0.12086489796638489","0.12086489796638489","1732","1732","1732"
"173399","0.1203043982386589","0.1203043982386589","0.1203043982386589","1733","1733","1733"
"173499","0.1151752844452858","0.1151752844452858","0.1151752844452858","1734","1734","1734"
"173599","0.11830807477235794","0.11830807477235794","0.11830807477235794","1735","1735","1735"
"173699","0.12989495694637299","0.12989495694637299","0.12989495694637299","1736","1736","1736"
"173799","0.12381025403738022","0.12381025403738022","0.12381025403738022","1737","1737","1737"
"173899","0.11890216916799545","0.11890216916799545","0.11890216916799545","1738","1738","1738"
"173999","0.11511839926242828","0.11511839926242828","0.11511839926242828","1739","1739","1739"
"174099","0.11689378321170807","0.11689378321170807","0.11689378321170807","1740","1740","1740"
"174199","0.11582707613706589","0.11582707613706589","0.11582707613706589","1741","1741","1741"
"174299","0.12159334868192673","0.12159334868192673","0.12159334868192673","1742","1742","1742"
"174399","0.12220752984285355","0.12220752984285355","0.12220752984285355","1743","1743","1743"
"174499","0.11686895042657852","0.11686895042657852","0.11686895042657852","1744","1744","1744"
"174599","0.11633799970149994","0.11633799970149994","0.11633799970149994","1745","1745","1745"
"174699","0.1187732070684433","0.1187732070684433","0.1187732070684433","1746","1746","1746"
"174799","0.12094376236200333","0.12094376236200333","0.12094376236200333","1747","1747","1747"
"174899","0.12082675099372864","0.12082675099372864","0.12082675099372864","1748","1748","1748"
"174999","0.12425868958234787","0.12425868958234787","0.12425868958234787","1749","1749","1749"
"175099","0.1149664968252182","0.1149664968252182","0.1149664968252182","1750","1750","1750"
"175199","0.11989150196313858","0.11989150196313858","0.11989150196313858","1751","1751","1751"
"175299","0.12404578179121017","0.12404578179121017","0.12404578179121017","1752","1752","1752"
"175399","0.11355529725551605","0.11355529725551605","0.11355529725551605","1753","1753","1753"
"175499","0.12029661238193512","0.12029661238193512","0.12029661238193512","1754","1754","1754"
"175599","0.12378762662410736","0.12378762662410736","0.12378762662410736","1755","1755","1755"
"175699","0.12102199345827103","0.12102199345827103","0.12102199345827103","1756","1756","1756"
"175799","0.12282770127058029","0.12282770127058029","0.12282770127058029","1757","1757","1757"
"175899","0.12327588349580765","0.12327588349580765","0.12327588349580765","1758","1758","1758"
"175999","0.12009318917989731","0.12009318917989731","0.12009318917989731","1759","1759","1759"
"176099","0.12278701364994049","0.12278701364994049","0.12278701364994049","1760","1760","1760"
"176199","0.11875560134649277","0.11875560134649277","0.11875560134649277","1761","1761","1761"
"176299","0.12289805710315704","0.12289805710315704","0.12289805710315704","1762","1762","1762"
"176399","0.11691005527973175","0.11691005527973175","0.11691005527973175","1763","1763","1763"
"176499","0.11340411752462387","0.11340411752462387","0.11340411752462387","1764","1764","1764"
"176599","0.12125813961029053","0.12125813961029053","0.12125813961029053","1765","1765","1765"
"176699","0.11899304389953613","0.11899304389953613","0.11899304389953613","1766","1766","1766"
"176799","0.12010300904512405","0.12010300904512405","0.12010300904512405","1767","1767","1767"
"176899","0.12436256557703018","0.12436256557703018","0.12436256557703018","1768","1768","1768"
"176999","0.1217927560210228","0.1217927560210228","0.1217927560210228","1769","1769","1769"
"177099","0.12373343855142593","0.12373343855142593","0.12373343855142593","1770","1770","1770"
"177199","0.12150482088327408","0.12150482088327408","0.12150482088327408","1771","1771","1771"
"177299","0.1162824034690857","0.1162824034690857","0.1162824034690857","1772","1772","1772"
"177399","0.12620751559734344","0.12620751559734344","0.12620751559734344","1773","1773","1773"
"177499","0.12049540132284164","0.12049540132284164","0.12049540132284164","1774","1774","1774"
"177599","0.12066833674907684","0.12066833674907684","0.12066833674907684","1775","1775","1775"
"177699","0.12260797619819641","0.12260797619819641","0.12260797619819641","1776","1776","1776"
"177799","0.11297079920768738","0.11297079920768738","0.11297079920768738","1777","1777","1777"
"177899","0.12304684519767761","0.12304684519767761","0.12304684519767761","1778","1778","1778"
"177999","0.12126318365335464","0.12126318365335464","0.12126318365335464","1779","1779","1779"
"178099","0.12242990732192993","0.12242990732192993","0.12242990732192993","1780","1780","1780"
"178199","0.11395788937807083","0.11395788937807083","0.11395788937807083","1781","1781","1781"
"178299","0.1207180917263031","0.1207180917263031","0.1207180917263031","1782","1782","1782"
"178399","0.1203702986240387","0.1203702986240387","0.1203702986240387","1783","1783","1783"
"178499","0.1150820180773735","0.1150820180773735","0.1150820180773735","1784","1784","1784"
"178599","0.12212380021810532","0.12212380021810532","0.12212380021810532","1785","1785","1785"
"178699","0.1204916313290596","0.1204916313290596","0.1204916313290596","1786","1786","1786"
"178799","0.11364665627479553","0.11364665627479553","0.11364665627479553","1787","1787","1787"
"178899","0.12514635920524597","0.12514635920524597","0.12514635920524597","1788","1788","1788"
"178999","0.12289482355117798","0.12289482355117798","0.12289482355117798","1789","1789","1789"
"179099","0.12351489067077637","0.12351489067077637","0.12351489067077637","1790","1790","1790"
"179199","0.11999516934156418","0.11999516934156418","0.11999516934156418","1791","1791","1791"
"179299","0.11804750561714172","0.11804750561714172","0.11804750561714172","1792","1792","1792"
"179399","0.1163426861166954","0.1163426861166954","0.1163426861166954","1793","1793","1793"
"179499","0.12226030975580215","0.12226030975580215","0.12226030975580215","1794","1794","1794"
"179599","0.11899927258491516","0.11899927258491516","0.11899927258491516","1795","1795","1795"
"179699","0.12455663084983826","0.12455663084983826","0.12455663084983826","1796","1796","1796"
"179799","0.12559941411018372","0.12559941411018372","0.12559941411018372","1797","1797","1797"
"179899","0.1300993114709854","0.1300993114709854","0.1300993114709854","1798","1798","1798"
"179999","0.12392348796129227","0.12392348796129227","0.12392348796129227","1799","1799","1799"
"180099","0.11781091243028641","0.11781091243028641","0.11781091243028641","1800","1800","1800"
"180199","0.12219279259443283","0.12219279259443283","0.12219279259443283","1801","1801","1801"
"180299","0.1150301843881607","0.1150301843881607","0.1150301843881607","1802","1802","1802"
"180399","0.12050049006938934","0.12050049006938934","0.12050049006938934","1803","1803","1803"
"180499","0.11969683319330215","0.11969683319330215","0.11969683319330215","1804","1804","1804"
"180599","0.11938057839870453","0.11938057839870453","0.11938057839870453","1805","1805","1805"
"180699","0.12390276044607162","0.12390276044607162","0.12390276044607162","1806","1806","1806"
"180799","0.12346185743808746","0.12346185743808746","0.12346185743808746","1807","1807","1807"
"180899","0.12041111290454865","0.12041111290454865","0.12041111290454865","1808","1808","1808"
"180999","0.12121035158634186","0.12121035158634186","0.12121035158634186","1809","1809","1809"
"181099","0.13131220638751984","0.13131220638751984","0.13131220638751984","1810","1810","1810"
"181199","0.12151763588190079","0.12151763588190079","0.12151763588190079","1811","1811","1811"
"181299","0.12308865785598755","0.12308865785598755","0.12308865785598755","1812","1812","1812"
"181399","0.11580327153205872","0.11580327153205872","0.11580327153205872","1813","1813","1813"
"181499","0.12596693634986877","0.12596693634986877","0.12596693634986877","1814","1814","1814"
"181599","0.12169668823480606","0.12169668823480606","0.12169668823480606","1815","1815","1815"
"181699","0.11486440151929855","0.11486440151929855","0.11486440151929855","1816","1816","1816"
"181799","0.11730518192052841","0.11730518192052841","0.11730518192052841","1817","1817","1817"
"181899","0.11586332321166992","0.11586332321166992","0.11586332321166992","1818","1818","1818"
"181999","0.11765687167644501","0.11765687167644501","0.11765687167644501","1819","1819","1819"
"182099","0.12242347747087479","0.12242347747087479","0.12242347747087479","1820","1820","1820"
"182199","0.12570351362228394","0.12570351362228394","0.12570351362228394","1821","1821","1821"
"182299","0.11433880776166916","0.11433880776166916","0.11433880776166916","1822","1822","1822"
"182399","0.1234508603811264","0.1234508603811264","0.1234508603811264","1823","1823","1823"
"182499","0.11838959157466888","0.11838959157466888","0.11838959157466888","1824","1824","1824"
"182599","0.12416926771402359","0.12416926771402359","0.12416926771402359","1825","1825","1825"
"182699","0.12228698283433914","0.12228698283433914","0.12228698283433914","1826","1826","1826"
"182799","0.11871116608381271","0.11871116608381271","0.11871116608381271","1827","1827","1827"
"182899","0.12324776500463486","0.12324776500463486","0.12324776500463486","1828","1828","1828"
"182999","0.12028562277555466","0.12028562277555466","0.12028562277555466","1829","1829","1829"
"183099","0.11460141092538834","0.11460141092538834","0.11460141092538834","1830","1830","1830"
"183199","0.11639615893363953","0.11639615893363953","0.11639615893363953","1831","1831","1831"
"183299","0.11718082427978516","0.11718082427978516","0.11718082427978516","1832","1832","1832"
"183399","0.12257539480924606","0.12257539480924606","0.12257539480924606","1833","1833","1833"
"183499","0.11895407736301422","0.11895407736301422","0.11895407736301422","1834","1834","1834"
"183599","0.12107480317354202","0.12107480317354202","0.12107480317354202","1835","1835","1835"
"183699","0.11824931204319","0.11824931204319","0.11824931204319","1836","1836","1836"
"183799","0.11454597115516663","0.11454597115516663","0.11454597115516663","1837","1837","1837"
"183899","0.12032542377710342","0.12032542377710342","0.12032542377710342","1838","1838","1838"
"183999","0.1202944666147232","0.1202944666147232","0.1202944666147232","1839","1839","1839"
"184099","0.11825471371412277","0.11825471371412277","0.11825471371412277","1840","1840","1840"
"184199","0.1160164400935173","0.1160164400935173","0.1160164400935173","1841","1841","1841"
"184299","0.12022975832223892","0.12022975832223892","0.12022975832223892","1842","1842","1842"
"184399","0.11869615316390991","0.11869615316390991","0.11869615316390991","1843","1843","1843"
"184499","0.11845001578330994","0.11845001578330994","0.11845001578330994","1844","1844","1844"
"184599","0.10794863104820251","0.10794863104820251","0.10794863104820251","1845","1845","1845"
"184699","0.12191929668188095","0.12191929668188095","0.12191929668188095","1846","1846","1846"
"184799","0.1231829971075058","0.1231829971075058","0.1231829971075058","1847","1847","1847"
"184899","0.11537740379571915","0.11537740379571915","0.11537740379571915","1848","1848","1848"
"184999","0.11632942408323288","0.11632942408323288","0.11632942408323288","1849","1849","1849"
"185099","0.1152203157544136","0.1152203157544136","0.1152203157544136","1850","1850","1850"
"185199","0.1192246824502945","0.1192246824502945","0.1192246824502945","1851","1851","1851"
"185299","0.12127816677093506","0.12127816677093506","0.12127816677093506","1852","1852","1852"
"185399","0.11641421169042587","0.11641421169042587","0.11641421169042587","1853","1853","1853"
"185499","0.12480636686086655","0.12480636686086655","0.12480636686086655","1854","1854","1854"
"185599","0.11896681785583496","0.11896681785583496","0.11896681785583496","1855","1855","1855"
"185699","0.12160519510507584","0.12160519510507584","0.12160519510507584","1856","1856","1856"
"185799","0.12524275481700897","0.12524275481700897","0.12524275481700897","1857","1857","1857"
"185899","0.12213162332773209","0.12213162332773209","0.12213162332773209","1858","1858","1858"
"185999","0.11914283782243729","0.11914283782243729","0.11914283782243729","1859","1859","1859"
"186099","0.12203121185302734","0.12203121185302734","0.12203121185302734","1860","1860","1860"
"186199","0.13037942349910736","0.13037942349910736","0.13037942349910736","1861","1861","1861"
"186299","0.11510266363620758","0.11510266363620758","0.11510266363620758","1862","1862","1862"
"186399","0.11091851443052292","0.11091851443052292","0.11091851443052292","1863","1863","1863"
"186499","0.11821068823337555","0.11821068823337555","0.11821068823337555","1864","1864","1864"
"186599","0.1189478412270546","0.1189478412270546","0.1189478412270546","1865","1865","1865"
"186699","0.11649391055107117","0.11649391055107117","0.11649391055107117","1866","1866","1866"
"186799","0.12150077521800995","0.12150077521800995","0.12150077521800995","1867","1867","1867"
"186899","0.11919863522052765","0.11919863522052765","0.11919863522052765","1868","1868","1868"
"186999","0.12082169204950333","0.12082169204950333","0.12082169204950333","1869","1869","1869"
"187099","0.12289907038211823","0.12289907038211823","0.12289907038211823","1870","1870","1870"
"187199","0.12726806104183197","0.12726806104183197","0.12726806104183197","1871","1871","1871"
"187299","0.1138433963060379","0.1138433963060379","0.1138433963060379","1872","1872","1872"
"187399","0.11891979724168777","0.11891979724168777","0.11891979724168777","1873","1873","1873"
"187499","0.118547722697258","0.118547722697258","0.118547722697258","1874","1874","1874"
"187599","0.11936536431312561","0.11936536431312561","0.11936536431312561","1875","1875","1875"
"187699","0.11860881000757217","0.11860881000757217","0.11860881000757217","1876","1876","1876"
"187799","0.11244048178195953","0.11244048178195953","0.11244048178195953","1877","1877","1877"
"187899","0.12037593126296997","0.12037593126296997","0.12037593126296997","1878","1878","1878"
"187999","0.1207074373960495","0.1207074373960495","0.1207074373960495","1879","1879","1879"
"188099","0.11514686793088913","0.11514686793088913","0.11514686793088913","1880","1880","1880"
"188199","0.11976391077041626","0.11976391077041626","0.11976391077041626","1881","1881","1881"
"188299","0.11885129660367966","0.11885129660367966","0.11885129660367966","1882","1882","1882"
"188399","0.11534082889556885","0.11534082889556885","0.11534082889556885","1883","1883","1883"
"188499","0.11980757862329483","0.11980757862329483","0.11980757862329483","1884","1884","1884"
"188599","0.12388907372951508","0.12388907372951508","0.12388907372951508","1885","1885","1885"
"188699","0.11952448636293411","0.11952448636293411","0.11952448636293411","1886","1886","1886"
"188799","0.12246917188167572","0.12246917188167572","0.12246917188167572","1887","1887","1887"
"188899","0.12399718910455704","0.12399718910455704","0.12399718910455704","1888","1888","1888"
"188999","0.1250942498445511","0.1250942498445511","0.1250942498445511","1889","1889","1889"
"189099","0.11889145523309708","0.11889145523309708","0.11889145523309708","1890","1890","1890"
"189199","0.1189274936914444","0.1189274936914444","0.1189274936914444","1891","1891","1891"
"189299","0.1160089522600174","0.1160089522600174","0.1160089522600174","1892","1892","1892"
"189399","0.1234060600399971","0.1234060600399971","0.1234060600399971","1893","1893","1893"
"189499","0.11875488609075546","0.11875488609075546","0.11875488609075546","1894","1894","1894"
"189599","0.1194472387433052","0.1194472387433052","0.1194472387433052","1895","1895","1895"
"189699","0.12186510860919952","0.12186510860919952","0.12186510860919952","1896","1896","1896"
"189799","0.11881100386381149","0.11881100386381149","0.11881100386381149","1897","1897","1897"
"189899","0.11741914600133896","0.11741914600133896","0.11741914600133896","1898","1898","1898"
"189999","0.12471150606870651","0.12471150606870651","0.12471150606870651","1899","1899","1899"
"190099","0.11815420538187027","0.11815420538187027","0.11815420538187027","1900","1900","1900"
"190199","0.11729128658771515","0.11729128658771515","0.11729128658771515","1901","1901","1901"
"190299","0.11794480681419373","0.11794480681419373","0.11794480681419373","1902","1902","1902"
"190399","0.11863024532794952","0.11863024532794952","0.11863024532794952","1903","1903","1903"
"190499","0.11758247762918472","0.11758247762918472","0.11758247762918472","1904","1904","1904"
"190599","0.12185344845056534","0.12185344845056534","0.12185344845056534","1905","1905","1905"
"190699","0.12296702712774277","0.12296702712774277","0.12296702712774277","1906","1906","1906"
"190799","0.11588526517152786","0.11588526517152786","0.11588526517152786","1907","1907","1907"
"190899","0.11906195431947708","0.11906195431947708","0.11906195431947708","1908","1908","1908"
"190999","0.11925488710403442","0.11925488710403442","0.11925488710403442","1909","1909","1909"
"191099","0.13033123314380646","0.13033123314380646","0.13033123314380646","1910","1910","1910"
"191199","0.11933092027902603","0.11933092027902603","0.11933092027902603","1911","1911","1911"
"191299","0.12307173013687134","0.12307173013687134","0.12307173013687134","1912","1912","1912"
"191399","0.12219853699207306","0.12219853699207306","0.12219853699207306","1913","1913","1913"
"191499","0.12353269755840302","0.12353269755840302","0.12353269755840302","1914","1914","1914"
"191599","0.12607599794864655","0.12607599794864655","0.12607599794864655","1915","1915","1915"
"191699","0.11456146091222763","0.11456146091222763","0.11456146091222763","1916","1916","1916"
"191799","0.12371295690536499","0.12371295690536499","0.12371295690536499","1917","1917","1917"
"191899","0.11631755530834198","0.11631755530834198","0.11631755530834198","1918","1918","1918"
"191999","0.11911346763372421","0.11911346763372421","0.11911346763372421","1919","1919","1919"
"192099","0.12102462351322174","0.12102462351322174","0.12102462351322174","1920","1920","1920"
"192199","0.12016671150922775","0.12016671150922775","0.12016671150922775","1921","1921","1921"
"192299","0.12633325159549713","0.12633325159549713","0.12633325159549713","1922","1922","1922"
"192399","0.1256779432296753","0.1256779432296753","0.1256779432296753","1923","1923","1923"
"192499","0.12004441767930984","0.12004441767930984","0.12004441767930984","1924","1924","1924"
"192599","0.12611304223537445","0.12611304223537445","0.12611304223537445","1925","1925","1925"
"192699","0.11772101372480392","0.11772101372480392","0.11772101372480392","1926","1926","1926"
"192799","0.12143764644861221","0.12143764644861221","0.12143764644861221","1927","1927","1927"
"192899","0.11371196806430817","0.11371196806430817","0.11371196806430817","1928","1928","1928"
"192999","0.12173545360565186","0.12173545360565186","0.12173545360565186","1929","1929","1929"
"193099","0.12385773658752441","0.12385773658752441","0.12385773658752441","1930","1930","1930"
"193199","0.11929679661989212","0.11929679661989212","0.11929679661989212","1931","1931","1931"
"193299","0.11712091416120529","0.11712091416120529","0.11712091416120529","1932","1932","1932"
"193399","0.1226736381649971","0.1226736381649971","0.1226736381649971","1933","1933","1933"
"193499","0.12331072986125946","0.12331072986125946","0.12331072986125946","1934","1934","1934"
"193599","0.11480644345283508","0.11480644345283508","0.11480644345283508","1935","1935","1935"
"193699","0.12232735753059387","0.12232735753059387","0.12232735753059387","1936","1936","1936"
"193799","0.11362103372812271","0.11362103372812271","0.11362103372812271","1937","1937","1937"
"193899","0.11709005385637283","0.11709005385637283","0.11709005385637283","1938","1938","1938"
"193999","0.12052661925554276","0.12052661925554276","0.12052661925554276","1939","1939","1939"
"194099","0.11594762653112411","0.11594762653112411","0.11594762653112411","1940","1940","1940"
"194199","0.12037508189678192","0.12037508189678192","0.12037508189678192","1941","1941","1941"
"194299","0.1215229406952858","0.1215229406952858","0.1215229406952858","1942","1942","1942"
"194399","0.11816906929016113","0.11816906929016113","0.11816906929016113","1943","1943","1943"
"194499","0.11746282875537872","0.11746282875537872","0.11746282875537872","1944","1944","1944"
"194599","0.12147649377584457","0.12147649377584457","0.12147649377584457","1945","1945","1945"
"194699","0.11660008877515793","0.11660008877515793","0.11660008877515793","1946","1946","1946"
"194799","0.12540869414806366","0.12540869414806366","0.12540869414806366","1947","1947","1947"
"194899","0.11651548743247986","0.11651548743247986","0.11651548743247986","1948","1948","1948"
"194999","0.11949112266302109","0.11949112266302109","0.11949112266302109","1949","1949","1949"
"195099","0.11563252657651901","0.11563252657651901","0.11563252657651901","1950","1950","1950"
"195199","0.11745069921016693","0.11745069921016693","0.11745069921016693","1951","1951","1951"
"195299","0.11250694841146469","0.11250694841146469","0.11250694841146469","1952","1952","1952"
"195399","0.12135964632034302","0.12135964632034302","0.12135964632034302","1953","1953","1953"
"195499","0.11697845906019211","0.11697845906019211","0.11697845906019211","1954","1954","1954"
"195599","0.11445817351341248","0.11445817351341248","0.11445817351341248","1955","1955","1955"
"195699","0.11724323034286499","0.11724323034286499","0.11724323034286499","1956","1956","1956"
"195799","0.12167312204837799","0.12167312204837799","0.12167312204837799","1957","1957","1957"
"195899","0.11821044236421585","0.11821044236421585","0.11821044236421585","1958","1958","1958"
"195999","0.11935118585824966","0.11935118585824966","0.11935118585824966","1959","1959","1959"
"196099","0.1198934018611908","0.1198934018611908","0.1198934018611908","1960","1960","1960"
"196199","0.12046565115451813","0.12046565115451813","0.12046565115451813","1961","1961","1961"
"196299","0.1167626604437828","0.1167626604437828","0.1167626604437828","1962","1962","1962"
"196399","0.1286298632621765","0.1286298632621765","0.1286298632621765","1963","1963","1963"
"196499","0.12038388848304749","0.12038388848304749","0.12038388848304749","1964","1964","1964"
"196599","0.12282244861125946","0.12282244861125946","0.12282244861125946","1965","1965","1965"
"196699","0.12328803539276123","0.12328803539276123","0.12328803539276123","1966","1966","1966"
"196799","0.12743999063968658","0.12743999063968658","0.12743999063968658","1967","1967","1967"
"196899","0.11161000281572342","0.11161000281572342","0.11161000281572342","1968","1968","1968"
"196999","0.12372222542762756","0.12372222542762756","0.12372222542762756","1969","1969","1969"
"197099","0.12025119364261627","0.12025119364261627","0.12025119364261627","1970","1970","1970"
"197199","0.11975885182619095","0.11975885182619095","0.11975885182619095","1971","1971","1971"
"197299","0.11816006898880005","0.11816006898880005","0.11816006898880005","1972","1972","1972"
"197399","0.11742712557315826","0.11742712557315826","0.11742712557315826","1973","1973","1973"
"197499","0.12720590829849243","0.12720590829849243","0.12720590829849243","1974","1974","1974"
"197599","0.1175793781876564","0.1175793781876564","0.1175793781876564","1975","1975","1975"
"197699","0.11896873265504837","0.11896873265504837","0.11896873265504837","1976","1976","1976"
"197799","0.12301427870988846","0.12301427870988846","0.12301427870988846","1977","1977","1977"
"197899","0.11998885124921799","0.11998885124921799","0.11998885124921799","1978","1978","1978"
"197999","0.11993730813264847","0.11993730813264847","0.11993730813264847","1979","1979","1979"
"198099","0.11938386410474777","0.11938386410474777","0.11938386410474777","1980","1980","1980"
"198199","0.1259099692106247","0.1259099692106247","0.1259099692106247","1981","1981","1981"
"198299","0.1256200075149536","0.1256200075149536","0.1256200075149536","1982","1982","1982"
"198399","0.11784762144088745","0.11784762144088745","0.11784762144088745","1983","1983","1983"
"198499","0.11808619648218155","0.11808619648218155","0.11808619648218155","1984","1984","1984"
"198599","0.11713941395282745","0.11713941395282745","0.11713941395282745","1985","1985","1985"
"198699","0.1203744113445282","0.1203744113445282","0.1203744113445282","1986","1986","1986"
"198799","0.11748545616865158","0.11748545616865158","0.11748545616865158","1987","1987","1987"
"198899","0.11728224903345108","0.11728224903345108","0.11728224903345108","1988","1988","1988"
"198999","0.12230449914932251","0.12230449914932251","0.12230449914932251","1989","1989","1989"
"199099","0.11791327595710754","0.11791327595710754","0.11791327595710754","1990","1990","1990"
"199199","0.12001175433397293","0.12001175433397293","0.12001175433397293","1991","1991","1991"
"199299","0.12731947004795074","0.12731947004795074","0.12731947004795074","1992","1992","1992"
"199399","0.11734624207019806","0.11734624207019806","0.11734624207019806","1993","1993","1993"
"199499","0.11688897013664246","0.11688897013664246","0.11688897013664246","1994","1994","1994"
"199599","0.12255532294511795","0.12255532294511795","0.12255532294511795","1995","1995","1995"
"199699","0.11853943765163422","0.11853943765163422","0.11853943765163422","1996","1996","1996"
"199799","0.12100542336702347","0.12100542336702347","0.12100542336702347","1997","1997","1997"
"199899","0.12260358035564423","0.12260358035564423","0.12260358035564423","1998","1998","1998"
"199999","0.1149585098028183","0.1149585098028183","0.1149585098028183","1999","1999","1999"
"200099","0.1166340783238411","0.1166340783238411","0.1166340783238411","2000","2000","2000"
"200199","0.1173977181315422","0.1173977181315422","0.1173977181315422","2001","2001","2001"
"200299","0.12092087417840958","0.12092087417840958","0.12092087417840958","2002","2002","2002"
"200399","0.11547617614269257","0.11547617614269257","0.11547617614269257","2003","2003","2003"
"200499","0.11854375153779984","0.11854375153779984","0.11854375153779984","2004","2004","2004"
"200599","0.11821864545345306","0.11821864545345306","0.11821864545345306","2005","2005","2005"
"200699","0.1277896612882614","0.1277896612882614","0.1277896612882614","2006","2006","2006"
"200799","0.12487437576055527","0.12487437576055527","0.12487437576055527","2007","2007","2007"
"200899","0.12767717242240906","0.12767717242240906","0.12767717242240906","2008","2008","2008"
"200999","0.12165405601263046","0.12165405601263046","0.12165405601263046","2009","2009","2009"
"201099","0.11550703644752502","0.11550703644752502","0.11550703644752502","2010","2010","2010"
"201199","0.11897449940443039","0.11897449940443039","0.11897449940443039","2011","2011","2011"
"201299","0.11751288175582886","0.11751288175582886","0.11751288175582886","2012","2012","2012"
"201399","0.11996269971132278","0.11996269971132278","0.11996269971132278","2013","2013","2013"
"201499","0.12911789119243622","0.12911789119243622","0.12911789119243622","2014","2014","2014"
"201599","0.12566815316677094","0.12566815316677094","0.12566815316677094","2015","2015","2015"
"201699","0.11910559237003326","0.11910559237003326","0.11910559237003326","2016","2016","2016"
"201799","0.12048599869012833","0.12048599869012833","0.12048599869012833","2017","2017","2017"
"201899","0.11618446558713913","0.11618446558713913","0.11618446558713913","2018","2018","2018"
"201999","0.1181863471865654","0.1181863471865654","0.1181863471865654","2019","2019","2019"
"202099","0.11786279827356339","0.11786279827356339","0.11786279827356339","2020","2020","2020"
"202199","0.12136847525835037","0.12136847525835037","0.12136847525835037","2021","2021","2021"
"202299","0.12380858510732651","0.12380858510732651","0.12380858510732651","2022","2022","2022"
"202399","0.12057410180568695","0.12057410180568695","0.12057410180568695","2023","2023","2023"
"202499","0.12368960678577423","0.12368960678577423","0.12368960678577423","2024","2024","2024"
"202599","0.12004223465919495","0.12004223465919495","0.12004223465919495","2025","2025","2025"
"202699","0.12355781346559525","0.12355781346559525","0.12355781346559525","2026","2026","2026"
"202799","0.11362903565168381","0.11362903565168381","0.11362903565168381","2027","2027","2027"
"202899","0.11984843760728836","0.11984843760728836","0.11984843760728836","2028","2028","2028"
"202999","0.126449316740036","0.126449316740036","0.126449316740036","2029","2029","2029"
"203099","0.11612894386053085","0.11612894386053085","0.11612894386053085","2030","2030","2030"
"203199","0.11608961969614029","0.11608961969614029","0.11608961969614029","2031","2031","2031"
"203299","0.1189807653427124","0.1189807653427124","0.1189807653427124","2032","2032","2032"
"203399","0.12194596976041794","0.12194596976041794","0.12194596976041794","2033","2033","2033"
"203499","0.12182404100894928","0.12182404100894928","0.12182404100894928","2034","2034","2034"
"203599","0.11902806907892227","0.11902806907892227","0.11902806907892227","2035","2035","2035"
"203699","0.12039230018854141","0.12039230018854141","0.12039230018854141","2036","2036","2036"
"203799","0.12392482906579971","0.12392482906579971","0.12392482906579971","2037","2037","2037"
"203899","0.12114450335502625","0.12114450335502625","0.12114450335502625","2038","2038","2038"
"203999","0.11768226325511932","0.11768226325511932","0.11768226325511932","2039","2039","2039"
"204099","0.12496527284383774","0.12496527284383774","0.12496527284383774","2040","2040","2040"
"204199","0.11984128504991531","0.11984128504991531","0.11984128504991531","2041","2041","2041"
"204299","0.1153845265507698","0.1153845265507698","0.1153845265507698","2042","2042","2042"
"204399","0.11791527271270752","0.11791527271270752","0.11791527271270752","2043","2043","2043"
"204499","0.11538685113191605","0.11538685113191605","0.11538685113191605","2044","2044","2044"
"204599","0.12699581682682037","0.12699581682682037","0.12699581682682037","2045","2045","2045"
"204699","0.12113836407661438","0.12113836407661438","0.12113836407661438","2046","2046","2046"
"204799","0.12356099486351013","0.12356099486351013","0.12356099486351013","2047","2047","2047"
"204899","0.12333720177412033","0.12333720177412033","0.12333720177412033","2048","2048","2048"
"204999","0.1188623309135437","0.1188623309135437","0.1188623309135437","2049","2049","2049"
"205099","0.11703206598758698","0.11703206598758698","0.11703206598758698","2050","2050","2050"
"205199","0.11901327967643738","0.11901327967643738","0.11901327967643738","2051","2051","2051"
"205299","0.12325720489025116","0.12325720489025116","0.12325720489025116","2052","2052","2052"
"205399","0.12148893624544144","0.12148893624544144","0.12148893624544144","2053","2053","2053"
"205499","0.12234324961900711","0.12234324961900711","0.12234324961900711","2054","2054","2054"
"205599","0.1246139332652092","0.1246139332652092","0.1246139332652092","2055","2055","2055"
"205699","0.12336424738168716","0.12336424738168716","0.12336424738168716","2056","2056","2056"
"205799","0.12214431166648865","0.12214431166648865","0.12214431166648865","2057","2057","2057"
"205899","0.1220049038529396","0.1220049038529396","0.1220049038529396","2058","2058","2058"
"205999","0.12232130020856857","0.12232130020856857","0.12232130020856857","2059","2059","2059"
"206099","0.12023009359836578","0.12023009359836578","0.12023009359836578","2060","2060","2060"
"206199","0.12299800664186478","0.12299800664186478","0.12299800664186478","2061","2061","2061"
"206299","0.11738350987434387","0.11738350987434387","0.11738350987434387","2062","2062","2062"
"206399","0.12225688993930817","0.12225688993930817","0.12225688993930817","2063","2063","2063"
"206499","0.12017554044723511","0.12017554044723511","0.12017554044723511","2064","2064","2064"
"206599","0.1188093051314354","0.1188093051314354","0.1188093051314354","2065","2065","2065"
"206699","0.12766599655151367","0.12766599655151367","0.12766599655151367","2066","2066","2066"
"206799","0.11881843954324722","0.11881843954324722","0.11881843954324722","2067","2067","2067"
"206899","0.12048957496881485","0.12048957496881485","0.12048957496881485","2068","2068","2068"
"206999","0.11710622906684875","0.11710622906684875","0.11710622906684875","2069","2069","2069"
"207099","0.12638816237449646","0.12638816237449646","0.12638816237449646","2070","2070","2070"
"207199","0.1187458410859108","0.1187458410859108","0.1187458410859108","2071","2071","2071"
"207299","0.1224469542503357","0.1224469542503357","0.1224469542503357","2072","2072","2072"
"207399","0.1201665848493576","0.1201665848493576","0.1201665848493576","2073","2073","2073"
"207499","0.12350085377693176","0.12350085377693176","0.12350085377693176","2074","2074","2074"
"207599","0.1204916462302208","0.1204916462302208","0.1204916462302208","2075","2075","2075"
"207699","0.12096267938613892","0.12096267938613892","0.12096267938613892","2076","2076","2076"
"207799","0.11710123717784882","0.11710123717784882","0.11710123717784882","2077","2077","2077"
"207899","0.12124620378017426","0.12124620378017426","0.12124620378017426","2078","2078","2078"
"207999","0.1223670095205307","0.1223670095205307","0.1223670095205307","2079","2079","2079"
"208099","0.11777583509683609","0.11777583509683609","0.11777583509683609","2080","2080","2080"
"208199","0.1221359446644783","0.1221359446644783","0.1221359446644783","2081","2081","2081"
"208299","0.11995209008455276","0.11995209008455276","0.11995209008455276","2082","2082","2082"
"208399","0.12016415596008301","0.12016415596008301","0.12016415596008301","2083","2083","2083"
"208499","0.12321548908948898","0.12321548908948898","0.12321548908948898","2084","2084","2084"
"208599","0.12060915678739548","0.12060915678739548","0.12060915678739548","2085","2085","2085"
"208699","0.11730125546455383","0.11730125546455383","0.11730125546455383","2086","2086","2086"
"208799","0.12175104022026062","0.12175104022026062","0.12175104022026062","2087","2087","2087"
"208899","0.11417338252067566","0.11417338252067566","0.11417338252067566","2088","2088","2088"
"208999","0.1179923564195633","0.1179923564195633","0.1179923564195633","2089","2089","2089"
"209099","0.11579353362321854","0.11579353362321854","0.11579353362321854","2090","2090","2090"
"209199","0.1259201020002365","0.1259201020002365","0.1259201020002365","2091","2091","2091"
"209299","0.1152738630771637","0.1152738630771637","0.1152738630771637","2092","2092","2092"
"209399","0.12018385529518127","0.12018385529518127","0.12018385529518127","2093","2093","2093"
"209499","0.11809156835079193","0.11809156835079193","0.11809156835079193","2094","2094","2094"
"209599","0.10960885137319565","0.10960885137319565","0.10960885137319565","2095","2095","2095"
"209699","0.12345921993255615","0.12345921993255615","0.12345921993255615","2096","2096","2096"
"209799","0.1183067262172699","0.1183067262172699","0.1183067262172699","2097","2097","2097"
"209899","0.11744703352451324","0.11744703352451324","0.11744703352451324","2098","2098","2098"
"209999","0.11532779037952423","0.11532779037952423","0.11532779037952423","2099","2099","2099"
"210099","0.1247454509139061","0.1247454509139061","0.1247454509139061","2100","2100","2100"
"210199","0.11406604945659637","0.11406604945659637","0.11406604945659637","2101","2101","2101"
"210299","0.11342915147542953","0.11342915147542953","0.11342915147542953","2102","2102","2102"
"210399","0.117790088057518","0.117790088057518","0.117790088057518","2103","2103","2103"
"210499","0.12395373731851578","0.12395373731851578","0.12395373731851578","2104","2104","2104"
"210599","0.11971428990364075","0.11971428990364075","0.11971428990364075","2105","2105","2105"
"210699","0.1221747025847435","0.1221747025847435","0.1221747025847435","2106","2106","2106"
"210799","0.11816029995679855","0.11816029995679855","0.11816029995679855","2107","2107","2107"
"210899","0.12406077980995178","0.12406077980995178","0.12406077980995178","2108","2108","2108"
"210999","0.11459321528673172","0.11459321528673172","0.11459321528673172","2109","2109","2109"
"211099","0.12168000638484955","0.12168000638484955","0.12168000638484955","2110","2110","2110"
"211199","0.11929159611463547","0.11929159611463547","0.11929159611463547","2111","2111","2111"
"211299","0.1215861365199089","0.1215861365199089","0.1215861365199089","2112","2112","2112"
"211399","0.1194746196269989","0.1194746196269989","0.1194746196269989","2113","2113","2113"
"211499","0.12201797217130661","0.12201797217130661","0.12201797217130661","2114","2114","2114"
"211599","0.12389884889125824","0.12389884889125824","0.12389884889125824","2115","2115","2115"
"211699","0.12041309475898743","0.12041309475898743","0.12041309475898743","2116","2116","2116"
"211799","0.128129780292511","0.128129780292511","0.128129780292511","2117","2117","2117"
"211899","0.11360014975070953","0.11360014975070953","0.11360014975070953","2118","2118","2118"
"211999","0.1210312768816948","0.1210312768816948","0.1210312768816948","2119","2119","2119"
"212099","0.11552519351243973","0.11552519351243973","0.11552519351243973","2120","2120","2120"
"212199","0.11608793586492538","0.11608793586492538","0.11608793586492538","2121","2121","2121"
"212299","0.12003032118082047","0.12003032118082047","0.12003032118082047","2122","2122","2122"
"212399","0.1148357167840004","0.1148357167840004","0.1148357167840004","2123","2123","2123"
"212499","0.1255827099084854","0.1255827099084854","0.1255827099084854","2124","2124","2124"
"212599","0.12190474569797516","0.12190474569797516","0.12190474569797516","2125","2125","2125"
"212699","0.11667919903993607","0.11667919903993607","0.11667919903993607","2126","2126","2126"
"212799","0.11611276865005493","0.11611276865005493","0.11611276865005493","2127","2127","2127"
"212899","0.12592220306396484","0.12592220306396484","0.12592220306396484","2128","2128","2128"
"212999","0.11682968586683273","0.11682968586683273","0.11682968586683273","2129","2129","2129"
"213099","0.12086221575737","0.12086221575737","0.12086221575737","2130","2130","2130"
"213199","0.1215880736708641","0.1215880736708641","0.1215880736708641","2131","2131","2131"
"213299","0.11484232544898987","0.11484232544898987","0.11484232544898987","2132","2132","2132"
"213399","0.11907152086496353","0.11907152086496353","0.11907152086496353","2133","2133","2133"
"213499","0.12427660077810287","0.12427660077810287","0.12427660077810287","2134","2134","2134"
"213599","0.12098034471273422","0.12098034471273422","0.12098034471273422","2135","2135","2135"
"213699","0.11710138618946075","0.11710138618946075","0.11710138618946075","2136","2136","2136"
"213799","0.11776784062385559","0.11776784062385559","0.11776784062385559","2137","2137","2137"
"213899","0.12250034511089325","0.12250034511089325","0.12250034511089325","2138","2138","2138"
"213999","0.1243838220834732","0.1243838220834732","0.1243838220834732","2139","2139","2139"
"214099","0.12174614518880844","0.12174614518880844","0.12174614518880844","2140","2140","2140"
"214199","0.12522928416728973","0.12522928416728973","0.12522928416728973","2141","2141","2141"
"214299","0.1247023418545723","0.1247023418545723","0.1247023418545723","2142","2142","2142"
"214399","0.12096259742975235","0.12096259742975235","0.12096259742975235","2143","2143","2143"
"214499","0.12056242674589157","0.12056242674589157","0.12056242674589157","2144","2144","2144"
"214599","0.11690857261419296","0.11690857261419296","0.11690857261419296","2145","2145","2145"
"214699","0.11716410517692566","0.11716410517692566","0.11716410517692566","2146","2146","2146"
"214799","0.1270943582057953","0.1270943582057953","0.1270943582057953","2147","2147","2147"
"214899","0.11672811955213547","0.11672811955213547","0.11672811955213547","2148","2148","2148"
"214999","0.10906625539064407","0.10906625539064407","0.10906625539064407","2149","2149","2149"
"215099","0.12716256082057953","0.12716256082057953","0.12716256082057953","2150","2150","2150"
"215199","0.1284303069114685","0.1284303069114685","0.1284303069114685","2151","2151","2151"
"215299","0.12800173461437225","0.12800173461437225","0.12800173461437225","2152","2152","2152"
"215399","0.1108652800321579","0.1108652800321579","0.1108652800321579","2153","2153","2153"
"215499","0.12257499992847443","0.12257499992847443","0.12257499992847443","2154","2154","2154"
"215599","0.1278192400932312","0.1278192400932312","0.1278192400932312","2155","2155","2155"
"215699","0.12633055448532104","0.12633055448532104","0.12633055448532104","2156","2156","2156"
"215799","0.11882711201906204","0.11882711201906204","0.11882711201906204","2157","2157","2157"
"215899","0.11934604495763779","0.11934604495763779","0.11934604495763779","2158","2158","2158"
"215999","0.12467051297426224","0.12467051297426224","0.12467051297426224","2159","2159","2159"
"216099","0.12375091016292572","0.12375091016292572","0.12375091016292572","2160","2160","2160"
"216199","0.12099918723106384","0.12099918723106384","0.12099918723106384","2161","2161","2161"
"216299","0.11911831051111221","0.11911831051111221","0.11911831051111221","2162","2162","2162"
"216399","0.12159545719623566","0.12159545719623566","0.12159545719623566","2163","2163","2163"
"216499","0.12486907094717026","0.12486907094717026","0.12486907094717026","2164","2164","2164"
"216599","0.11656373739242554","0.11656373739242554","0.11656373739242554","2165","2165","2165"
"216699","0.11704224348068237","0.11704224348068237","0.11704224348068237","2166","2166","2166"
"216799","0.12136330455541611","0.12136330455541611","0.12136330455541611","2167","2167","2167"
"216899","0.12343235313892365","0.12343235313892365","0.12343235313892365","2168","2168","2168"
"216999","0.1172344759106636","0.1172344759106636","0.1172344759106636","2169","2169","2169"
"217099","0.12027765065431595","0.12027765065431595","0.12027765065431595","2170","2170","2170"
"217199","0.12557479739189148","0.12557479739189148","0.12557479739189148","2171","2171","2171"
"217299","0.12104925513267517","0.12104925513267517","0.12104925513267517","2172","2172","2172"
"217399","0.11882980167865753","0.11882980167865753","0.11882980167865753","2173","2173","2173"
"217499","0.11721722781658173","0.11721722781658173","0.11721722781658173","2174","2174","2174"
"217599","0.11947645246982574","0.11947645246982574","0.11947645246982574","2175","2175","2175"
"217699","0.11636000871658325","0.11636000871658325","0.11636000871658325","2176","2176","2176"
"217799","0.1196051687002182","0.1196051687002182","0.1196051687002182","2177","2177","2177"
"217899","0.1205773577094078","0.1205773577094078","0.1205773577094078","2178","2178","2178"
"217999","0.11678864061832428","0.11678864061832428","0.11678864061832428","2179","2179","2179"
"218099","0.11880897730588913","0.11880897730588913","0.11880897730588913","2180","2180","2180"
"218199","0.11641930788755417","0.11641930788755417","0.11641930788755417","2181","2181","2181"
"218299","0.12112723290920258","0.12112723290920258","0.12112723290920258","2182","2182","2182"
"218399","0.12676958739757538","0.12676958739757538","0.12676958739757538","2183","2183","2183"
"218499","0.1167764663696289","0.1167764663696289","0.1167764663696289","2184","2184","2184"
"218599","0.12006010115146637","0.12006010115146637","0.12006010115146637","2185","2185","2185"
"218699","0.11592047661542892","0.11592047661542892","0.11592047661542892","2186","2186","2186"
"218799","0.12158641964197159","0.12158641964197159","0.12158641964197159","2187","2187","2187"
"218899","0.1186404749751091","0.1186404749751091","0.1186404749751091","2188","2188","2188"
"218999","0.12622308731079102","0.12622308731079102","0.12622308731079102","2189","2189","2189"
"219099","0.11759448051452637","0.11759448051452637","0.11759448051452637","2190","2190","2190"
"219199","0.1193692609667778","0.1193692609667778","0.1193692609667778","2191","2191","2191"
"219299","0.1207544207572937","0.1207544207572937","0.1207544207572937","2192","2192","2192"
"219399","0.11650465428829193","0.11650465428829193","0.11650465428829193","2193","2193","2193"
"219499","0.1132035106420517","0.1132035106420517","0.1132035106420517","2194","2194","2194"
"219599","0.11375268548727036","0.11375268548727036","0.11375268548727036","2195","2195","2195"
"219699","0.1292002946138382","0.1292002946138382","0.1292002946138382","2196","2196","2196"
"219799","0.11931928992271423","0.11931928992271423","0.11931928992271423","2197","2197","2197"
"219899","0.11409123241901398","0.11409123241901398","0.11409123241901398","2198","2198","2198"
"219999","0.11931384354829788","0.11931384354829788","0.11931384354829788","2199","2199","2199"
"220099","0.12076111882925034","0.12076111882925034","0.12076111882925034","2200","2200","2200"
"220199","0.11336320638656616","0.11336320638656616","0.11336320638656616","2201","2201","2201"
"220299","0.11581095308065414","0.11581095308065414","0.11581095308065414","2202","2202","2202"
"220399","0.11819387227296829","0.11819387227296829","0.11819387227296829","2203","2203","2203"
"220499","0.12002766132354736","0.12002766132354736","0.12002766132354736","2204","2204","2204"
"220599","0.11727068573236465","0.11727068573236465","0.11727068573236465","2205","2205","2205"
"220699","0.12198291718959808","0.12198291718959808","0.12198291718959808","2206","2206","2206"
"220799","0.11986131221055984","0.11986131221055984","0.11986131221055984","2207","2207","2207"
"220899","0.1206892803311348","0.1206892803311348","0.1206892803311348","2208","2208","2208"
"220999","0.12692002952098846","0.12692002952098846","0.12692002952098846","2209","2209","2209"
"221099","0.11878225952386856","0.11878225952386856","0.11878225952386856","2210","2210","2210"
"221199","0.12270122766494751","0.12270122766494751","0.12270122766494751","2211","2211","2211"
"221299","0.12142690271139145","0.12142690271139145","0.12142690271139145","2212","2212","2212"
"221399","0.11903832852840424","0.11903832852840424","0.11903832852840424","2213","2213","2213"
"221499","0.11614205688238144","0.11614205688238144","0.11614205688238144","2214","2214","2214"
"221599","0.11894255876541138","0.11894255876541138","0.11894255876541138","2215","2215","2215"
"221699","0.11946438252925873","0.11946438252925873","0.11946438252925873","2216","2216","2216"
"221799","0.12191343307495117","0.12191343307495117","0.12191343307495117","2217","2217","2217"
"221899","0.12190459668636322","0.12190459668636322","0.12190459668636322","2218","2218","2218"
"221999","0.11993033438920975","0.11993033438920975","0.11993033438920975","2219","2219","2219"
"222099","0.11335304379463196","0.11335304379463196","0.11335304379463196","2220","2220","2220"
"222199","0.11153238266706467","0.11153238266706467","0.11153238266706467","2221","2221","2221"
"222299","0.11936327069997787","0.11936327069997787","0.11936327069997787","2222","2222","2222"
"222399","0.11584184318780899","0.11584184318780899","0.11584184318780899","2223","2223","2223"
"222499","0.11699941754341125","0.11699941754341125","0.11699941754341125","2224","2224","2224"
"222599","0.1200447753071785","0.1200447753071785","0.1200447753071785","2225","2225","2225"
"222699","0.12268143147230148","0.12268143147230148","0.12268143147230148","2226","2226","2226"
"222799","0.12552541494369507","0.12552541494369507","0.12552541494369507","2227","2227","2227"
"222899","0.11667734384536743","0.11667734384536743","0.11667734384536743","2228","2228","2228"
"222999","0.11926223337650299","0.11926223337650299","0.11926223337650299","2229","2229","2229"
"223099","0.12490144371986389","0.12490144371986389","0.12490144371986389","2230","2230","2230"
"223199","0.11456909775733948","0.11456909775733948","0.11456909775733948","2231","2231","2231"
"223299","0.11526177823543549","0.11526177823543549","0.11526177823543549","2232","2232","2232"
"223399","0.12261221557855606","0.12261221557855606","0.12261221557855606","2233","2233","2233"
"223499","0.11998696625232697","0.11998696625232697","0.11998696625232697","2234","2234","2234"
"223599","0.12413536012172699","0.12413536012172699","0.12413536012172699","2235","2235","2235"
"223699","0.1179623231291771","0.1179623231291771","0.1179623231291771","2236","2236","2236"
"223799","0.11217891424894333","0.11217891424894333","0.11217891424894333","2237","2237","2237"
"223899","0.11763405054807663","0.11763405054807663","0.11763405054807663","2238","2238","2238"
"223999","0.12598636746406555","0.12598636746406555","0.12598636746406555","2239","2239","2239"
"224099","0.1170727014541626","0.1170727014541626","0.1170727014541626","2240","2240","2240"
"224199","0.11772339046001434","0.11772339046001434","0.11772339046001434","2241","2241","2241"
"224299","0.12772199511528015","0.12772199511528015","0.12772199511528015","2242","2242","2242"
"224399","0.11585225909948349","0.11585225909948349","0.11585225909948349","2243","2243","2243"
"224499","0.12133753299713135","0.12133753299713135","0.12133753299713135","2244","2244","2244"
"224599","0.12157319486141205","0.12157319486141205","0.12157319486141205","2245","2245","2245"
"224699","0.11893955618143082","0.11893955618143082","0.11893955618143082","2246","2246","2246"
"224799","0.11636912077665329","0.11636912077665329","0.11636912077665329","2247","2247","2247"
"224899","0.12515906989574432","0.12515906989574432","0.12515906989574432","2248","2248","2248"
"224999","0.11547776311635971","0.11547776311635971","0.11547776311635971","2249","2249","2249"
"225099","0.12280850112438202","0.12280850112438202","0.12280850112438202","2250","2250","2250"
"225199","0.12009602040052414","0.12009602040052414","0.12009602040052414","2251","2251","2251"
"225299","0.11522898823022842","0.11522898823022842","0.11522898823022842","2252","2252","2252"
"225399","0.12399478256702423","0.12399478256702423","0.12399478256702423","2253","2253","2253"
"225499","0.11521266400814056","0.11521266400814056","0.11521266400814056","2254","2254","2254"
"225599","0.12092912942171097","0.12092912942171097","0.12092912942171097","2255","2255","2255"
"225699","0.1150374636054039","0.1150374636054039","0.1150374636054039","2256","2256","2256"
"225799","0.11965392529964447","0.11965392529964447","0.11965392529964447","2257","2257","2257"
"225899","0.11235931515693665","0.11235931515693665","0.11235931515693665","2258","2258","2258"
"225999","0.1284460872411728","0.1284460872411728","0.1284460872411728","2259","2259","2259"
"226099","0.12349509447813034","0.12349509447813034","0.12349509447813034","2260","2260","2260"
"226199","0.1240893229842186","0.1240893229842186","0.1240893229842186","2261","2261","2261"
"226299","0.11466926336288452","0.11466926336288452","0.11466926336288452","2262","2262","2262"
"226399","0.12623494863510132","0.12623494863510132","0.12623494863510132","2263","2263","2263"
"226499","0.12051629275083542","0.12051629275083542","0.12051629275083542","2264","2264","2264"
"226599","0.1184123307466507","0.1184123307466507","0.1184123307466507","2265","2265","2265"
"226699","0.12162865698337555","0.12162865698337555","0.12162865698337555","2266","2266","2266"
"226799","0.1226414367556572","0.1226414367556572","0.1226414367556572","2267","2267","2267"
"226899","0.11948014795780182","0.11948014795780182","0.11948014795780182","2268","2268","2268"
"226999","0.11570286005735397","0.11570286005735397","0.11570286005735397","2269","2269","2269"
"227099","0.12490535527467728","0.12490535527467728","0.12490535527467728","2270","2270","2270"
"227199","0.1204536035656929","0.1204536035656929","0.1204536035656929","2271","2271","2271"
"227299","0.11990714818239212","0.11990714818239212","0.11990714818239212","2272","2272","2272"
"227399","0.12383005023002625","0.12383005023002625","0.12383005023002625","2273","2273","2273"
"227499","0.11338089406490326","0.11338089406490326","0.11338089406490326","2274","2274","2274"
"227599","0.12458750605583191","0.12458750605583191","0.12458750605583191","2275","2275","2275"
"227699","0.11600761115550995","0.11600761115550995","0.11600761115550995","2276","2276","2276"
"227799","0.12826213240623474","0.12826213240623474","0.12826213240623474","2277","2277","2277"
"227899","0.12214788794517517","0.12214788794517517","0.12214788794517517","2278","2278","2278"
"227999","0.11672340333461761","0.11672340333461761","0.11672340333461761","2279","2279","2279"
"228099","0.12317796796560287","0.12317796796560287","0.12317796796560287","2280","2280","2280"
"228199","0.1225864589214325","0.1225864589214325","0.1225864589214325","2281","2281","2281"
"228299","0.12087253481149673","0.12087253481149673","0.12087253481149673","2282","2282","2282"
"228399","0.11984807997941971","0.11984807997941971","0.11984807997941971","2283","2283","2283"
"228499","0.11954491585493088","0.11954491585493088","0.11954491585493088","2284","2284","2284"
"228599","0.12092842161655426","0.12092842161655426","0.12092842161655426","2285","2285","2285"
"228699","0.11794518679380417","0.11794518679380417","0.11794518679380417","2286","2286","2286"
"228799","0.11096049100160599","0.11096049100160599","0.11096049100160599","2287","2287","2287"
"228899","0.11787091940641403","0.11787091940641403","0.11787091940641403","2288","2288","2288"
"228999","0.12306789308786392","0.12306789308786392","0.12306789308786392","2289","2289","2289"
"229099","0.1206522136926651","0.1206522136926651","0.1206522136926651","2290","2290","2290"
"229199","0.12056297063827515","0.12056297063827515","0.12056297063827515","2291","2291","2291"
"229299","0.12349342554807663","0.12349342554807663","0.12349342554807663","2292","2292","2292"
"229399","0.11802249401807785","0.11802249401807785","0.11802249401807785","2293","2293","2293"
"229499","0.11345963925123215","0.11345963925123215","0.11345963925123215","2294","2294","2294"
"229599","0.12278096377849579","0.12278096377849579","0.12278096377849579","2295","2295","2295"
"229699","0.11557334661483765","0.11557334661483765","0.11557334661483765","2296","2296","2296"
"229799","0.1250176578760147","0.1250176578760147","0.1250176578760147","2297","2297","2297"
"229899","0.1246381625533104","0.1246381625533104","0.1246381625533104","2298","2298","2298"
"229999","0.11978182196617126","0.11978182196617126","0.11978182196617126","2299","2299","2299"
"230099","0.119244784116745","0.119244784116745","0.119244784116745","2300","2300","2300"
"230199","0.11685781925916672","0.11685781925916672","0.11685781925916672","2301","2301","2301"
"230299","0.12315025180578232","0.12315025180578232","0.12315025180578232","2302","2302","2302"
"230399","0.11627431213855743","0.11627431213855743","0.11627431213855743","2303","2303","2303"
"230499","0.12122317403554916","0.12122317403554916","0.12122317403554916","2304","2304","2304"
"230599","0.12163905799388885","0.12163905799388885","0.12163905799388885","2305","2305","2305"
"230699","0.12171361595392227","0.12171361595392227","0.12171361595392227","2306","2306","2306"
"230799","0.1181013286113739","0.1181013286113739","0.1181013286113739","2307","2307","2307"
"230899","0.11470936983823776","0.11470936983823776","0.11470936983823776","2308","2308","2308"
"230999","0.12755745649337769","0.12755745649337769","0.12755745649337769","2309","2309","2309"
"231099","0.12485050410032272","0.12485050410032272","0.12485050410032272","2310","2310","2310"
"231199","0.12358555197715759","0.12358555197715759","0.12358555197715759","2311","2311","2311"
"231299","0.11354141682386398","0.11354141682386398","0.11354141682386398","2312","2312","2312"
"231399","0.1183706596493721","0.1183706596493721","0.1183706596493721","2313","2313","2313"
"231499","0.1281680315732956","0.1281680315732956","0.1281680315732956","2314","2314","2314"
"231599","0.119267538189888","0.119267538189888","0.119267538189888","2315","2315","2315"
"231699","0.12175629287958145","0.12175629287958145","0.12175629287958145","2316","2316","2316"
"231799","0.11175055801868439","0.11175055801868439","0.11175055801868439","2317","2317","2317"
"231899","0.11894316226243973","0.11894316226243973","0.11894316226243973","2318","2318","2318"
"231999","0.1163218766450882","0.1163218766450882","0.1163218766450882","2319","2319","2319"
"232099","0.12535618245601654","0.12535618245601654","0.12535618245601654","2320","2320","2320"
"232199","0.11554057896137238","0.11554057896137238","0.11554057896137238","2321","2321","2321"
"232299","0.12085748463869095","0.12085748463869095","0.12085748463869095","2322","2322","2322"
"232399","0.12051673233509064","0.12051673233509064","0.12051673233509064","2323","2323","2323"
"232499","0.11959262937307358","0.11959262937307358","0.11959262937307358","2324","2324","2324"
"232599","0.12480319291353226","0.12480319291353226","0.12480319291353226","2325","2325","2325"
"232699","0.11786673218011856","0.11786673218011856","0.11786673218011856","2326","2326","2326"
"232799","0.11763311177492142","0.11763311177492142","0.11763311177492142","2327","2327","2327"
"232899","0.11816694587469101","0.11816694587469101","0.11816694587469101","2328","2328","2328"
"232999","0.12609651684761047","0.12609651684761047","0.12609651684761047","2329","2329","2329"
"233099","0.121629998087883","0.121629998087883","0.121629998087883","2330","2330","2330"
"233199","0.11456166952848434","0.11456166952848434","0.11456166952848434","2331","2331","2331"
"233299","0.1240001916885376","0.1240001916885376","0.1240001916885376","2332","2332","2332"
"233399","0.12233113497495651","0.12233113497495651","0.12233113497495651","2333","2333","2333"
"233499","0.1215449795126915","0.1215449795126915","0.1215449795126915","2334","2334","2334"
"233599","0.12094546854496002","0.12094546854496002","0.12094546854496002","2335","2335","2335"
"233699","0.12070897221565247","0.12070897221565247","0.12070897221565247","2336","2336","2336"
"233799","0.11849813163280487","0.11849813163280487","0.11849813163280487","2337","2337","2337"
"233899","0.12002263963222504","0.12002263963222504","0.12002263963222504","2338","2338","2338"
"233999","0.1208251342177391","0.1208251342177391","0.1208251342177391","2339","2339","2339"
"234099","0.12432905286550522","0.12432905286550522","0.12432905286550522","2340","2340","2340"
"234199","0.12554721534252167","0.12554721534252167","0.12554721534252167","2341","2341","2341"
"234299","0.1158740371465683","0.1158740371465683","0.1158740371465683","2342","2342","2342"
"234399","0.12066871672868729","0.12066871672868729","0.12066871672868729","2343","2343","2343"
"234499","0.1235342025756836","0.1235342025756836","0.1235342025756836","2344","2344","2344"
"234599","0.12468691915273666","0.12468691915273666","0.12468691915273666","2345","2345","2345"
"234699","0.11876924335956573","0.11876924335956573","0.11876924335956573","2346","2346","2346"
"234799","0.12387575954198837","0.12387575954198837","0.12387575954198837","2347","2347","2347"
"234899","0.1186726912856102","0.1186726912856102","0.1186726912856102","2348","2348","2348"
"234999","0.12041578441858292","0.12041578441858292","0.12041578441858292","2349","2349","2349"
"235099","0.1194305419921875","0.1194305419921875","0.1194305419921875","2350","2350","2350"
"235199","0.12187828868627548","0.12187828868627548","0.12187828868627548","2351","2351","2351"
"235299","0.11599274724721909","0.11599274724721909","0.11599274724721909","2352","2352","2352"
"235399","0.11876074224710464","0.11876074224710464","0.11876074224710464","2353","2353","2353"
"235499","0.12203395366668701","0.12203395366668701","0.12203395366668701","2354","2354","2354"
"235599","0.11633073538541794","0.11633073538541794","0.11633073538541794","2355","2355","2355"
"235699","0.12225623428821564","0.12225623428821564","0.12225623428821564","2356","2356","2356"
"235799","0.11506947875022888","0.11506947875022888","0.11506947875022888","2357","2357","2357"
"235899","0.11729059368371964","0.11729059368371964","0.11729059368371964","2358","2358","2358"
"235999","0.12270759791135788","0.12270759791135788","0.12270759791135788","2359","2359","2359"
"236099","0.11367756873369217","0.11367756873369217","0.11367756873369217","2360","2360","2360"
"236199","0.12313804775476456","0.12313804775476456","0.12313804775476456","2361","2361","2361"
"236299","0.12248238176107407","0.12248238176107407","0.12248238176107407","2362","2362","2362"
"236399","0.10891212522983551","0.10891212522983551","0.10891212522983551","2363","2363","2363"
"236499","0.12755940854549408","0.12755940854549408","0.12755940854549408","2364","2364","2364"
"236599","0.12075027823448181","0.12075027823448181","0.12075027823448181","2365","2365","2365"
"236699","0.11239752918481827","0.11239752918481827","0.11239752918481827","2366","2366","2366"
"236799","0.125697523355484","0.125697523355484","0.125697523355484","2367","2367","2367"
"236899","0.11719954758882523","0.11719954758882523","0.11719954758882523","2368","2368","2368"
"236999","0.1218530684709549","0.1218530684709549","0.1218530684709549","2369","2369","2369"
"237099","0.12420763820409775","0.12420763820409775","0.12420763820409775","2370","2370","2370"
"237199","0.12006434053182602","0.12006434053182602","0.12006434053182602","2371","2371","2371"
"237299","0.12339287996292114","0.12339287996292114","0.12339287996292114","2372","2372","2372"
"237399","0.10985696315765381","0.10985696315765381","0.10985696315765381","2373","2373","2373"
"237499","0.12574531137943268","0.12574531137943268","0.12574531137943268","2374","2374","2374"
"237599","0.12241218239068985","0.12241218239068985","0.12241218239068985","2375","2375","2375"
"237699","0.12419218569993973","0.12419218569993973","0.12419218569993973","2376","2376","2376"
"237799","0.11980161815881729","0.11980161815881729","0.11980161815881729","2377","2377","2377"
"237899","0.12366914749145508","0.12366914749145508","0.12366914749145508","2378","2378","2378"
"237999","0.11624816805124283","0.11624816805124283","0.11624816805124283","2379","2379","2379"
"238099","0.12476460635662079","0.12476460635662079","0.12476460635662079","2380","2380","2380"
"238199","0.12024261802434921","0.12024261802434921","0.12024261802434921","2381","2381","2381"
"238299","0.12580013275146484","0.12580013275146484","0.12580013275146484","2382","2382","2382"
"238399","0.12303032726049423","0.12303032726049423","0.12303032726049423","2383","2383","2383"
"238499","0.11743738502264023","0.11743738502264023","0.11743738502264023","2384","2384","2384"
"238599","0.12870530784130096","0.12870530784130096","0.12870530784130096","2385","2385","2385"
"238699","0.11578109115362167","0.11578109115362167","0.11578109115362167","2386","2386","2386"
"238799","0.11735688149929047","0.11735688149929047","0.11735688149929047","2387","2387","2387"
"238899","0.11567994207143784","0.11567994207143784","0.11567994207143784","2388","2388","2388"
"238999","0.1198289692401886","0.1198289692401886","0.1198289692401886","2389","2389","2389"
"239099","0.1209825798869133","0.1209825798869133","0.1209825798869133","2390","2390","2390"
"239199","0.1204218864440918","0.1204218864440918","0.1204218864440918","2391","2391","2391"
"239299","0.12310782819986343","0.12310782819986343","0.12310782819986343","2392","2392","2392"
"239399","0.11942590773105621","0.11942590773105621","0.11942590773105621","2393","2393","2393"
"239499","0.12095636874437332","0.12095636874437332","0.12095636874437332","2394","2394","2394"
"239599","0.12779268622398376","0.12779268622398376","0.12779268622398376","2395","2395","2395"
"239699","0.11473312973976135","0.11473312973976135","0.11473312973976135","2396","2396","2396"
"239799","0.11398912221193314","0.11398912221193314","0.11398912221193314","2397","2397","2397"
"239899","0.12404465675354004","0.12404465675354004","0.12404465675354004","2398","2398","2398"
"239999","0.1154857873916626","0.1154857873916626","0.1154857873916626","2399","2399","2399"
"240099","0.12345336377620697","0.12345336377620697","0.12345336377620697","2400","2400","2400"
"240199","0.12634067237377167","0.12634067237377167","0.12634067237377167","2401","2401","2401"
"240299","0.11843564361333847","0.11843564361333847","0.11843564361333847","2402","2402","2402"
"240399","0.11424870789051056","0.11424870789051056","0.11424870789051056","2403","2403","2403"
"240499","0.12047199159860611","0.12047199159860611","0.12047199159860611","2404","2404","2404"
"240599","0.11794480681419373","0.11794480681419373","0.11794480681419373","2405","2405","2405"
"240699","0.1162964329123497","0.1162964329123497","0.1162964329123497","2406","2406","2406"
"240799","0.12253611534833908","0.12253611534833908","0.12253611534833908","2407","2407","2407"
"240899","0.12118155509233475","0.12118155509233475","0.12118155509233475","2408","2408","2408"
"240999","0.11739084124565125","0.11739084124565125","0.11739084124565125","2409","2409","2409"
"241099","0.1135970875620842","0.1135970875620842","0.1135970875620842","2410","2410","2410"
"241199","0.12533527612686157","0.12533527612686157","0.12533527612686157","2411","2411","2411"
"241299","0.11515893042087555","0.11515893042087555","0.11515893042087555","2412","2412","2412"
"241399","0.12037214636802673","0.12037214636802673","0.12037214636802673","2413","2413","2413"
"241499","0.12541340291500092","0.12541340291500092","0.12541340291500092","2414","2414","2414"
"241599","0.12098104506731033","0.12098104506731033","0.12098104506731033","2415","2415","2415"
"241699","0.12443989515304565","0.12443989515304565","0.12443989515304565","2416","2416","2416"
"241799","0.11487466096878052","0.11487466096878052","0.11487466096878052","2417","2417","2417"
"241899","0.11730051785707474","0.11730051785707474","0.11730051785707474","2418","2418","2418"
"241999","0.1153879165649414","0.1153879165649414","0.1153879165649414","2419","2419","2419"
"242099","0.12117034196853638","0.12117034196853638","0.12117034196853638","2420","2420","2420"
"242199","0.12455934286117554","0.12455934286117554","0.12455934286117554","2421","2421","2421"
"242299","0.12151744216680527","0.12151744216680527","0.12151744216680527","2422","2422","2422"
"242399","0.12123754620552063","0.12123754620552063","0.12123754620552063","2423","2423","2423"
"242499","0.11498884111642838","0.11498884111642838","0.11498884111642838","2424","2424","2424"
"242599","0.11867818236351013","0.11867818236351013","0.11867818236351013","2425","2425","2425"
"242699","0.12149477005004883","0.12149477005004883","0.12149477005004883","2426","2426","2426"
"242799","0.11993949860334396","0.11993949860334396","0.11993949860334396","2427","2427","2427"
"242899","0.1180524230003357","0.1180524230003357","0.1180524230003357","2428","2428","2428"
"242999","0.12473400682210922","0.12473400682210922","0.12473400682210922","2429","2429","2429"
"243099","0.11842433363199234","0.11842433363199234","0.11842433363199234","2430","2430","2430"
"243199","0.12096123397350311","0.12096123397350311","0.12096123397350311","2431","2431","2431"
"243299","0.12788134813308716","0.12788134813308716","0.12788134813308716","2432","2432","2432"
"243399","0.1164860725402832","0.1164860725402832","0.1164860725402832","2433","2433","2433"
"243499","0.11951222270727158","0.11951222270727158","0.11951222270727158","2434","2434","2434"
"243599","0.12538520991802216","0.12538520991802216","0.12538520991802216","2435","2435","2435"
"243699","0.12012213468551636","0.12012213468551636","0.12012213468551636","2436","2436","2436"
"243799","0.11990624666213989","0.11990624666213989","0.11990624666213989","2437","2437","2437"
"243899","0.11615093052387238","0.11615093052387238","0.11615093052387238","2438","2438","2438"
"243999","0.12231982499361038","0.12231982499361038","0.12231982499361038","2439","2439","2439"
"244099","0.11785268038511276","0.11785268038511276","0.11785268038511276","2440","2440","2440"
"244199","0.1247176006436348","0.1247176006436348","0.1247176006436348","2441","2441","2441"
"244299","0.11766333878040314","0.11766333878040314","0.11766333878040314","2442","2442","2442"
"244399","0.11664916574954987","0.11664916574954987","0.11664916574954987","2443","2443","2443"
"244499","0.11562128365039825","0.11562128365039825","0.11562128365039825","2444","2444","2444"
"244599","0.11735358089208603","0.11735358089208603","0.11735358089208603","2445","2445","2445"
"244699","0.110446035861969","0.110446035861969","0.110446035861969","2446","2446","2446"
"244799","0.11876270920038223","0.11876270920038223","0.11876270920038223","2447","2447","2447"
"244899","0.12483103573322296","0.12483103573322296","0.12483103573322296","2448","2448","2448"
"244999","0.1192982867360115","0.1192982867360115","0.1192982867360115","2449","2449","2449"
"245099","0.1260477900505066","0.1260477900505066","0.1260477900505066","2450","2450","2450"
"245199","0.12099021673202515","0.12099021673202515","0.12099021673202515","2451","2451","2451"
"245299","0.12208860367536545","0.12208860367536545","0.12208860367536545","2452","2452","2452"
"245399","0.12173619121313095","0.12173619121313095","0.12173619121313095","2453","2453","2453"
"245499","0.1201389953494072","0.1201389953494072","0.1201389953494072","2454","2454","2454"
"245599","0.12043257802724838","0.12043257802724838","0.12043257802724838","2455","2455","2455"
"245699","0.12226107716560364","0.12226107716560364","0.12226107716560364","2456","2456","2456"
"245799","0.10973407328128815","0.10973407328128815","0.10973407328128815","2457","2457","2457"
"245899","0.11835643649101257","0.11835643649101257","0.11835643649101257","2458","2458","2458"
"245999","0.11622727662324905","0.11622727662324905","0.11622727662324905","2459","2459","2459"
"246099","0.11979333311319351","0.11979333311319351","0.11979333311319351","2460","2460","2460"
"246199","0.12049969285726547","0.12049969285726547","0.12049969285726547","2461","2461","2461"
"246299","0.11828826367855072","0.11828826367855072","0.11828826367855072","2462","2462","2462"
"246399","0.11646167188882828","0.11646167188882828","0.11646167188882828","2463","2463","2463"
"246499","0.12059284746646881","0.12059284746646881","0.12059284746646881","2464","2464","2464"
"246599","0.11642244458198547","0.11642244458198547","0.11642244458198547","2465","2465","2465"
"246699","0.11878811568021774","0.11878811568021774","0.11878811568021774","2466","2466","2466"
"246799","0.1224169135093689","0.1224169135093689","0.1224169135093689","2467","2467","2467"
"246899","0.12106624245643616","0.12106624245643616","0.12106624245643616","2468","2468","2468"
"246999","0.11604299396276474","0.11604299396276474","0.11604299396276474","2469","2469","2469"
"247099","0.11658603698015213","0.11658603698015213","0.11658603698015213","2470","2470","2470"
"247199","0.12429835647344589","0.12429835647344589","0.12429835647344589","2471","2471","2471"
"247299","0.12267016619443893","0.12267016619443893","0.12267016619443893","2472","2472","2472"
"247399","0.12097635865211487","0.12097635865211487","0.12097635865211487","2473","2473","2473"
"247499","0.12821783125400543","0.12821783125400543","0.12821783125400543","2474","2474","2474"
"247599","0.11603264510631561","0.11603264510631561","0.11603264510631561","2475","2475","2475"
"247699","0.11684645712375641","0.11684645712375641","0.11684645712375641","2476","2476","2476"
"247799","0.11956792324781418","0.11956792324781418","0.11956792324781418","2477","2477","2477"
"247899","0.1108383983373642","0.1108383983373642","0.1108383983373642","2478","2478","2478"
"247999","0.12407679110765457","0.12407679110765457","0.12407679110765457","2479","2479","2479"
"248099","0.11901646107435226","0.11901646107435226","0.11901646107435226","2480","2480","2480"
"248199","0.12366122007369995","0.12366122007369995","0.12366122007369995","2481","2481","2481"
"248299","0.12040840089321136","0.12040840089321136","0.12040840089321136","2482","2482","2482"
"248399","0.11869896948337555","0.11869896948337555","0.11869896948337555","2483","2483","2483"
"248499","0.12423635274171829","0.12423635274171829","0.12423635274171829","2484","2484","2484"
"248599","0.11722944676876068","0.11722944676876068","0.11722944676876068","2485","2485","2485"
"248699","0.12185113877058029","0.12185113877058029","0.12185113877058029","2486","2486","2486"
"248799","0.11714234948158264","0.11714234948158264","0.11714234948158264","2487","2487","2487"
"248899","0.12831225991249084","0.12831225991249084","0.12831225991249084","2488","2488","2488"
"248999","0.11235959827899933","0.11235959827899933","0.11235959827899933","2489","2489","2489"
"249099","0.12229649722576141","0.12229649722576141","0.12229649722576141","2490","2490","2490"
"249199","0.12711971998214722","0.12711971998214722","0.12711971998214722","2491","2491","2491"
"249299","0.12201711535453796","0.12201711535453796","0.12201711535453796","2492","2492","2492"
"249399","0.11695210635662079","0.11695210635662079","0.11695210635662079","2493","2493","2493"
"249499","0.1159185841679573","0.1159185841679573","0.1159185841679573","2494","2494","2494"
"249599","0.12763233482837677","0.12763233482837677","0.12763233482837677","2495","2495","2495"
"249699","0.11926241964101791","0.11926241964101791","0.11926241964101791","2496","2496","2496"
"249799","0.11607611179351807","0.11607611179351807","0.11607611179351807","2497","2497","2497"
"249899","0.12233244627714157","0.12233244627714157","0.12233244627714157","2498","2498","2498"
"249999","0.11788740754127502","0.11788740754127502","0.11788740754127502","2499","2499","2499"
"250099","0.12001565098762512","0.12001565098762512","0.12001565098762512","2500","2500","2500"
"250199","0.11673888564109802","0.11673888564109802","0.11673888564109802","2501","2501","2501"
"250299","0.12590715289115906","0.12590715289115906","0.12590715289115906","2502","2502","2502"
"250399","0.11465076357126236","0.11465076357126236","0.11465076357126236","2503","2503","2503"
"250499","0.11902284622192383","0.11902284622192383","0.11902284622192383","2504","2504","2504"
"250599","0.11450058221817017","0.11450058221817017","0.11450058221817017","2505","2505","2505"
"250699","0.1254059374332428","0.1254059374332428","0.1254059374332428","2506","2506","2506"
"250799","0.11886272579431534","0.11886272579431534","0.11886272579431534","2507","2507","2507"
"250899","0.1188298687338829","0.1188298687338829","0.1188298687338829","2508","2508","2508"
"250999","0.1173187866806984","0.1173187866806984","0.1173187866806984","2509","2509","2509"
"251099","0.11752083152532578","0.11752083152532578","0.11752083152532578","2510","2510","2510"
"251199","0.11879593133926392","0.11879593133926392","0.11879593133926392","2511","2511","2511"
"251299","0.12337756156921387","0.12337756156921387","0.12337756156921387","2512","2512","2512"
"251399","0.12015566229820251","0.12015566229820251","0.12015566229820251","2513","2513","2513"
"251499","0.1166774109005928","0.1166774109005928","0.1166774109005928","2514","2514","2514"
"251599","0.12652777135372162","0.12652777135372162","0.12652777135372162","2515","2515","2515"
"251699","0.12312397360801697","0.12312397360801697","0.12312397360801697","2516","2516","2516"
"251799","0.12759238481521606","0.12759238481521606","0.12759238481521606","2517","2517","2517"
"251899","0.12483464181423187","0.12483464181423187","0.12483464181423187","2518","2518","2518"
"251999","0.11988562345504761","0.11988562345504761","0.11988562345504761","2519","2519","2519"
"252099","0.11975447833538055","0.11975447833538055","0.11975447833538055","2520","2520","2520"
"252199","0.11707732826471329","0.11707732826471329","0.11707732826471329","2521","2521","2521"
"252299","0.12109086662530899","0.12109086662530899","0.12109086662530899","2522","2522","2522"
"252399","0.12530896067619324","0.12530896067619324","0.12530896067619324","2523","2523","2523"
"252499","0.11045297235250473","0.11045297235250473","0.11045297235250473","2524","2524","2524"
"252599","0.11889735609292984","0.11889735609292984","0.11889735609292984","2525","2525","2525"
"252699","0.1206003949046135","0.1206003949046135","0.1206003949046135","2526","2526","2526"
"252799","0.11687280982732773","0.11687280982732773","0.11687280982732773","2527","2527","2527"
"252899","0.11926500499248505","0.11926500499248505","0.11926500499248505","2528","2528","2528"
"252999","0.13009025156497955","0.13009025156497955","0.13009025156497955","2529","2529","2529"
"253099","0.12485572695732117","0.12485572695732117","0.12485572695732117","2530","2530","2530"
"253199","0.11411753296852112","0.11411753296852112","0.11411753296852112","2531","2531","2531"
"253299","0.12024223804473877","0.12024223804473877","0.12024223804473877","2532","2532","2532"
"253399","0.12530626356601715","0.12530626356601715","0.12530626356601715","2533","2533","2533"
"253499","0.12183809280395508","0.12183809280395508","0.12183809280395508","2534","2534","2534"
"253599","0.11594732850790024","0.11594732850790024","0.11594732850790024","2535","2535","2535"
"253699","0.12171585857868195","0.12171585857868195","0.12171585857868195","2536","2536","2536"
"253799","0.11859368532896042","0.11859368532896042","0.11859368532896042","2537","2537","2537"
"253899","0.1234174594283104","0.1234174594283104","0.1234174594283104","2538","2538","2538"
"253999","0.11836188286542892","0.11836188286542892","0.11836188286542892","2539","2539","2539"
"254099","0.11841404438018799","0.11841404438018799","0.11841404438018799","2540","2540","2540"
"254199","0.1184283122420311","0.1184283122420311","0.1184283122420311","2541","2541","2541"
"254299","0.12089243531227112","0.12089243531227112","0.12089243531227112","2542","2542","2542"
"254399","0.12934216856956482","0.12934216856956482","0.12934216856956482","2543","2543","2543"
"254499","0.12398332357406616","0.12398332357406616","0.12398332357406616","2544","2544","2544"
"254599","0.11721257865428925","0.11721257865428925","0.11721257865428925","2545","2545","2545"
"254699","0.1193888708949089","0.1193888708949089","0.1193888708949089","2546","2546","2546"
"254799","0.11869212985038757","0.11869212985038757","0.11869212985038757","2547","2547","2547"
"254899","0.12919114530086517","0.12919114530086517","0.12919114530086517","2548","2548","2548"
"254999","0.12152859568595886","0.12152859568595886","0.12152859568595886","2549","2549","2549"
"255099","0.11988614499568939","0.11988614499568939","0.11988614499568939","2550","2550","2550"
"255199","0.11947407573461533","0.11947407573461533","0.11947407573461533","2551","2551","2551"
"255299","0.11720304936170578","0.11720304936170578","0.11720304936170578","2552","2552","2552"
"255399","0.12174812704324722","0.12174812704324722","0.12174812704324722","2553","2553","2553"
"255499","0.11850627511739731","0.11850627511739731","0.11850627511739731","2554","2554","2554"
"255599","0.1225290596485138","0.1225290596485138","0.1225290596485138","2555","2555","2555"
"255699","0.1243705078959465","0.1243705078959465","0.1243705078959465","2556","2556","2556"
"255799","0.12409956753253937","0.12409956753253937","0.12409956753253937","2557","2557","2557"
"255899","0.1201191395521164","0.1201191395521164","0.1201191395521164","2558","2558","2558"
"255999","0.11777031421661377","0.11777031421661377","0.11777031421661377","2559","2559","2559"
"256099","0.11880115419626236","0.11880115419626236","0.11880115419626236","2560","2560","2560"
"256199","0.1143794134259224","0.1143794134259224","0.1143794134259224","2561","2561","2561"
"256299","0.11835373193025589","0.11835373193025589","0.11835373193025589","2562","2562","2562"
"256399","0.11860813945531845","0.11860813945531845","0.11860813945531845","2563","2563","2563"
"256499","0.11506704986095428","0.11506704986095428","0.11506704986095428","2564","2564","2564"
"256599","0.1217355728149414","0.1217355728149414","0.1217355728149414","2565","2565","2565"
"256699","0.12035933136940002","0.12035933136940002","0.12035933136940002","2566","2566","2566"
"256799","0.12030157446861267","0.12030157446861267","0.12030157446861267","2567","2567","2567"
"256899","0.11925961822271347","0.11925961822271347","0.11925961822271347","2568","2568","2568"
"256999","0.12107758969068527","0.12107758969068527","0.12107758969068527","2569","2569","2569"
"257099","0.12554413080215454","0.12554413080215454","0.12554413080215454","2570","2570","2570"
"257199","0.12048055231571198","0.12048055231571198","0.12048055231571198","2571","2571","2571"
"257299","0.11394203454256058","0.11394203454256058","0.11394203454256058","2572","2572","2572"
"257399","0.11880788207054138","0.11880788207054138","0.11880788207054138","2573","2573","2573"
"257499","0.12219279259443283","0.12219279259443283","0.12219279259443283","2574","2574","2574"
"257599","0.12195886671543121","0.12195886671543121","0.12195886671543121","2575","2575","2575"
"257699","0.11824245005846024","0.11824245005846024","0.11824245005846024","2576","2576","2576"
"257799","0.11800224334001541","0.11800224334001541","0.11800224334001541","2577","2577","2577"
"257899","0.12710684537887573","0.12710684537887573","0.12710684537887573","2578","2578","2578"
"257999","0.12337738275527954","0.12337738275527954","0.12337738275527954","2579","2579","2579"
"258099","0.11937598884105682","0.11937598884105682","0.11937598884105682","2580","2580","2580"
"258199","0.12305554002523422","0.12305554002523422","0.12305554002523422","2581","2581","2581"
"258299","0.11816242337226868","0.11816242337226868","0.11816242337226868","2582","2582","2582"
"258399","0.11738388240337372","0.11738388240337372","0.11738388240337372","2583","2583","2583"
"258499","0.11807956546545029","0.11807956546545029","0.11807956546545029","2584","2584","2584"
"258599","0.11462654918432236","0.11462654918432236","0.11462654918432236","2585","2585","2585"
"258699","0.11829443275928497","0.11829443275928497","0.11829443275928497","2586","2586","2586"
"258799","0.12606671452522278","0.12606671452522278","0.12606671452522278","2587","2587","2587"
"258899","0.1163550615310669","0.1163550615310669","0.1163550615310669","2588","2588","2588"
"258999","0.11777879297733307","0.11777879297733307","0.11777879297733307","2589","2589","2589"
"259099","0.11626234650611877","0.11626234650611877","0.11626234650611877","2590","2590","2590"
"259199","0.11459801346063614","0.11459801346063614","0.11459801346063614","2591","2591","2591"
"259299","0.11853330582380295","0.11853330582380295","0.11853330582380295","2592","2592","2592"
"259399","0.12010663002729416","0.12010663002729416","0.12010663002729416","2593","2593","2593"
"259499","0.12448958307504654","0.12448958307504654","0.12448958307504654","2594","2594","2594"
"259599","0.12410979717969894","0.12410979717969894","0.12410979717969894","2595","2595","2595"
"259699","0.12238796055316925","0.12238796055316925","0.12238796055316925","2596","2596","2596"
"259799","0.12278472632169724","0.12278472632169724","0.12278472632169724","2597","2597","2597"
"259899","0.12068402022123337","0.12068402022123337","0.12068402022123337","2598","2598","2598"
"259999","0.11714579910039902","0.11714579910039902","0.11714579910039902","2599","2599","2599"
"260099","0.11671280860900879","0.11671280860900879","0.11671280860900879","2600","2600","2600"
"260199","0.12102122604846954","0.12102122604846954","0.12102122604846954","2601","2601","2601"
"260299","0.12339602410793304","0.12339602410793304","0.12339602410793304","2602","2602","2602"
"260399","0.1234809160232544","0.1234809160232544","0.1234809160232544","2603","2603","2603"
"260499","0.11458231508731842","0.11458231508731842","0.11458231508731842","2604","2604","2604"
"260599","0.12498509883880615","0.12498509883880615","0.12498509883880615","2605","2605","2605"
"260699","0.11968865245580673","0.11968865245580673","0.11968865245580673","2606","2606","2606"
"260799","0.12292636185884476","0.12292636185884476","0.12292636185884476","2607","2607","2607"
"260899","0.12515327334403992","0.12515327334403992","0.12515327334403992","2608","2608","2608"
"260999","0.11782136559486389","0.11782136559486389","0.11782136559486389","2609","2609","2609"
"261099","0.12609811127185822","0.12609811127185822","0.12609811127185822","2610","2610","2610"
"261199","0.1220998764038086","0.1220998764038086","0.1220998764038086","2611","2611","2611"
"261299","0.12283910065889359","0.12283910065889359","0.12283910065889359","2612","2612","2612"
"261399","0.11869582533836365","0.11869582533836365","0.11869582533836365","2613","2613","2613"
"261499","0.11797994375228882","0.11797994375228882","0.11797994375228882","2614","2614","2614"
"261599","0.11756733059883118","0.11756733059883118","0.11756733059883118","2615","2615","2615"
"261699","0.12139706313610077","0.12139706313610077","0.12139706313610077","2616","2616","2616"
"261799","0.1169469952583313","0.1169469952583313","0.1169469952583313","2617","2617","2617"
"261899","0.12194687128067017","0.12194687128067017","0.12194687128067017","2618","2618","2618"
"261999","0.11916976422071457","0.11916976422071457","0.11916976422071457","2619","2619","2619"
"262099","0.1180901750922203","0.1180901750922203","0.1180901750922203","2620","2620","2620"
"262199","0.11905981600284576","0.11905981600284576","0.11905981600284576","2621","2621","2621"
"262299","0.11632250994443893","0.11632250994443893","0.11632250994443893","2622","2622","2622"
"262399","0.1273268461227417","0.1273268461227417","0.1273268461227417","2623","2623","2623"
"262499","0.11782344430685043","0.11782344430685043","0.11782344430685043","2624","2624","2624"
"262599","0.12333857268095016","0.12333857268095016","0.12333857268095016","2625","2625","2625"
"262699","0.11497916281223297","0.11497916281223297","0.11497916281223297","2626","2626","2626"
"262799","0.11937027424573898","0.11937027424573898","0.11937027424573898","2627","2627","2627"
"262899","0.12378185242414474","0.12378185242414474","0.12378185242414474","2628","2628","2628"
"262999","0.12594757974147797","0.12594757974147797","0.12594757974147797","2629","2629","2629"
"263099","0.11664147675037384","0.11664147675037384","0.11664147675037384","2630","2630","2630"
"263199","0.1187388077378273","0.1187388077378273","0.1187388077378273","2631","2631","2631"
"263299","0.11730843782424927","0.11730843782424927","0.11730843782424927","2632","2632","2632"
"263399","0.11928897351026535","0.11928897351026535","0.11928897351026535","2633","2633","2633"
"263499","0.12048238515853882","0.12048238515853882","0.12048238515853882","2634","2634","2634"
"263599","0.11805358529090881","0.11805358529090881","0.11805358529090881","2635","2635","2635"
"263699","0.11844748258590698","0.11844748258590698","0.11844748258590698","2636","2636","2636"
"263799","0.11941821128129959","0.11941821128129959","0.11941821128129959","2637","2637","2637"
"263899","0.11768942326307297","0.11768942326307297","0.11768942326307297","2638","2638","2638"
"263999","0.11266575753688812","0.11266575753688812","0.11266575753688812","2639","2639","2639"
"264099","0.12383332848548889","0.12383332848548889","0.12383332848548889","2640","2640","2640"
"264199","0.12381290644407272","0.12381290644407272","0.12381290644407272","2641","2641","2641"
"264299","0.12330169230699539","0.12330169230699539","0.12330169230699539","2642","2642","2642"
"264399","0.11994393914937973","0.11994393914937973","0.11994393914937973","2643","2643","2643"
"264499","0.12377451360225677","0.12377451360225677","0.12377451360225677","2644","2644","2644"
"264599","0.11462756991386414","0.11462756991386414","0.11462756991386414","2645","2645","2645"
"264699","0.12263748794794083","0.12263748794794083","0.12263748794794083","2646","2646","2646"
"264799","0.11636459082365036","0.11636459082365036","0.11636459082365036","2647","2647","2647"
"264899","0.12063348293304443","0.12063348293304443","0.12063348293304443","2648","2648","2648"
"264999","0.11717741191387177","0.11717741191387177","0.11717741191387177","2649","2649","2649"
"265099","0.12471216171979904","0.12471216171979904","0.12471216171979904","2650","2650","2650"
"265199","0.11817847192287445","0.11817847192287445","0.11817847192287445","2651","2651","2651"
"265299","0.12082955241203308","0.12082955241203308","0.12082955241203308","2652","2652","2652"
"265399","0.12149989604949951","0.12149989604949951","0.12149989604949951","2653","2653","2653"
"265499","0.11726830899715424","0.11726830899715424","0.11726830899715424","2654","2654","2654"
"265599","0.12096375972032547","0.12096375972032547","0.12096375972032547","2655","2655","2655"
"265699","0.1227472797036171","0.1227472797036171","0.1227472797036171","2656","2656","2656"
"265799","0.11590669304132462","0.11590669304132462","0.11590669304132462","2657","2657","2657"
"265899","0.12367509305477142","0.12367509305477142","0.12367509305477142","2658","2658","2658"
"265999","0.11856742203235626","0.11856742203235626","0.11856742203235626","2659","2659","2659"
"266099","0.11710699647665024","0.11710699647665024","0.11710699647665024","2660","2660","2660"
"266199","0.11758390069007874","0.11758390069007874","0.11758390069007874","2661","2661","2661"
"266299","0.12402167171239853","0.12402167171239853","0.12402167171239853","2662","2662","2662"
"266399","0.1205998882651329","0.1205998882651329","0.1205998882651329","2663","2663","2663"
"266499","0.11711547523736954","0.11711547523736954","0.11711547523736954","2664","2664","2664"
"266599","0.12031076848506927","0.12031076848506927","0.12031076848506927","2665","2665","2665"
"266699","0.12529174983501434","0.12529174983501434","0.12529174983501434","2666","2666","2666"
"266799","0.11855517327785492","0.11855517327785492","0.11855517327785492","2667","2667","2667"
"266899","0.12261050939559937","0.12261050939559937","0.12261050939559937","2668","2668","2668"
"266999","0.11875612288713455","0.11875612288713455","0.11875612288713455","2669","2669","2669"
"267099","0.12401691824197769","0.12401691824197769","0.12401691824197769","2670","2670","2670"
"267199","0.12638795375823975","0.12638795375823975","0.12638795375823975","2671","2671","2671"
"267299","0.12299687415361404","0.12299687415361404","0.12299687415361404","2672","2672","2672"
"267399","0.12896059453487396","0.12896059453487396","0.12896059453487396","2673","2673","2673"
"267499","0.11609271913766861","0.11609271913766861","0.11609271913766861","2674","2674","2674"
"267599","0.12440494447946548","0.12440494447946548","0.12440494447946548","2675","2675","2675"
"267699","0.12194424867630005","0.12194424867630005","0.12194424867630005","2676","2676","2676"
"267799","0.11347685754299164","0.11347685754299164","0.11347685754299164","2677","2677","2677"
"267899","0.11981382966041565","0.11981382966041565","0.11981382966041565","2678","2678","2678"
"267999","0.11853867024183273","0.11853867024183273","0.11853867024183273","2679","2679","2679"
"268099","0.11302325874567032","0.11302325874567032","0.11302325874567032","2680","2680","2680"
"268199","0.12009621411561966","0.12009621411561966","0.12009621411561966","2681","2681","2681"
"268299","0.11593528091907501","0.11593528091907501","0.11593528091907501","2682","2682","2682"
"268399","0.12385866791009903","0.12385866791009903","0.12385866791009903","2683","2683","2683"
"268499","0.1214689165353775","0.1214689165353775","0.1214689165353775","2684","2684","2684"
"268599","0.12097187340259552","0.12097187340259552","0.12097187340259552","2685","2685","2685"
"268699","0.12058892101049423","0.12058892101049423","0.12058892101049423","2686","2686","2686"
"268799","0.11329030245542526","0.11329030245542526","0.11329030245542526","2687","2687","2687"
"268899","0.11511147022247314","0.11511147022247314","0.11511147022247314","2688","2688","2688"
"268999","0.11684488505125046","0.11684488505125046","0.11684488505125046","2689","2689","2689"
"269099","0.11663905531167984","0.11663905531167984","0.11663905531167984","2690","2690","2690"
"269199","0.11848720163106918","0.11848720163106918","0.11848720163106918","2691","2691","2691"
"269299","0.12057457864284515","0.12057457864284515","0.12057457864284515","2692","2692","2692"
"269399","0.1261419802904129","0.1261419802904129","0.1261419802904129","2693","2693","2693"
"269499","0.11766131222248077","0.11766131222248077","0.11766131222248077","2694","2694","2694"
"269599","0.12145643681287766","0.12145643681287766","0.12145643681287766","2695","2695","2695"
"269699","0.12730829417705536","0.12730829417705536","0.12730829417705536","2696","2696","2696"
"269799","0.12200883775949478","0.12200883775949478","0.12200883775949478","2697","2697","2697"
"269899","0.12126380950212479","0.12126380950212479","0.12126380950212479","2698","2698","2698"
"269999","0.12733349204063416","0.12733349204063416","0.12733349204063416","2699","2699","2699"
"270099","0.11554207652807236","0.11554207652807236","0.11554207652807236","2700","2700","2700"
"270199","0.11983054131269455","0.11983054131269455","0.11983054131269455","2701","2701","2701"
"270299","0.11928612738847733","0.11928612738847733","0.11928612738847733","2702","2702","2702"
"270399","0.12347037345170975","0.12347037345170975","0.12347037345170975","2703","2703","2703"
"270499","0.11551227420568466","0.11551227420568466","0.11551227420568466","2704","2704","2704"
"270599","0.12226030975580215","0.12226030975580215","0.12226030975580215","2705","2705","2705"
"270699","0.12176188081502914","0.12176188081502914","0.12176188081502914","2706","2706","2706"
"270799","0.12187241017818451","0.12187241017818451","0.12187241017818451","2707","2707","2707"
"270899","0.12148764729499817","0.12148764729499817","0.12148764729499817","2708","2708","2708"
"270999","0.12749505043029785","0.12749505043029785","0.12749505043029785","2709","2709","2709"
"271099","0.12083341926336288","0.12083341926336288","0.12083341926336288","2710","2710","2710"
"271199","0.11544594913721085","0.11544594913721085","0.11544594913721085","2711","2711","2711"
"271299","0.11997415870428085","0.11997415870428085","0.11997415870428085","2712","2712","2712"
"271399","0.12389598041772842","0.12389598041772842","0.12389598041772842","2713","2713","2713"
"271499","0.11542288213968277","0.11542288213968277","0.11542288213968277","2714","2714","2714"
"271599","0.12659892439842224","0.12659892439842224","0.12659892439842224","2715","2715","2715"
"271699","0.11642220616340637","0.11642220616340637","0.11642220616340637","2716","2716","2716"
"271799","0.11841189116239548","0.11841189116239548","0.11841189116239548","2717","2717","2717"
"271899","0.12074531614780426","0.12074531614780426","0.12074531614780426","2718","2718","2718"
"271999","0.1216118112206459","0.1216118112206459","0.1216118112206459","2719","2719","2719"
"272099","0.1232667863368988","0.1232667863368988","0.1232667863368988","2720","2720","2720"
"272199","0.12094376981258392","0.12094376981258392","0.12094376981258392","2721","2721","2721"
"272299","0.1261851191520691","0.1261851191520691","0.1261851191520691","2722","2722","2722"
"272399","0.11422310024499893","0.11422310024499893","0.11422310024499893","2723","2723","2723"
"272499","0.11986669152975082","0.11986669152975082","0.11986669152975082","2724","2724","2724"
"272599","0.1194867342710495","0.1194867342710495","0.1194867342710495","2725","2725","2725"
"272699","0.12239237129688263","0.12239237129688263","0.12239237129688263","2726","2726","2726"
"272799","0.12003424763679504","0.12003424763679504","0.12003424763679504","2727","2727","2727"
"272899","0.11678563058376312","0.11678563058376312","0.11678563058376312","2728","2728","2728"
"272999","0.1159263551235199","0.1159263551235199","0.1159263551235199","2729","2729","2729"
"273099","0.11738396435976028","0.11738396435976028","0.11738396435976028","2730","2730","2730"
"273199","0.12300407886505127","0.12300407886505127","0.12300407886505127","2731","2731","2731"
"273299","0.11648307740688324","0.11648307740688324","0.11648307740688324","2732","2732","2732"
"273399","0.11992699652910233","0.11992699652910233","0.11992699652910233","2733","2733","2733"
"273499","0.11744216829538345","0.11744216829538345","0.11744216829538345","2734","2734","2734"
"273599","0.12228851765394211","0.12228851765394211","0.12228851765394211","2735","2735","2735"
"273699","0.12095878273248672","0.12095878273248672","0.12095878273248672","2736","2736","2736"
"273799","0.12014114111661911","0.12014114111661911","0.12014114111661911","2737","2737","2737"
"273899","0.11866601556539536","0.11866601556539536","0.11866601556539536","2738","2738","2738"
"273999","0.12256959825754166","0.12256959825754166","0.12256959825754166","2739","2739","2739"
"274099","0.1134491041302681","0.1134491041302681","0.1134491041302681","2740","2740","2740"
"274199","0.11871083825826645","0.11871083825826645","0.11871083825826645","2741","2741","2741"
"274299","0.11917603760957718","0.11917603760957718","0.11917603760957718","2742","2742","2742"
"274399","0.12201548367738724","0.12201548367738724","0.12201548367738724","2743","2743","2743"
"274499","0.12020309269428253","0.12020309269428253","0.12020309269428253","2744","2744","2744"
"274599","0.1254243403673172","0.1254243403673172","0.1254243403673172","2745","2745","2745"
"274699","0.11415697634220123","0.11415697634220123","0.11415697634220123","2746","2746","2746"
"274799","0.1166335791349411","0.1166335791349411","0.1166335791349411","2747","2747","2747"
"274899","0.12933073937892914","0.12933073937892914","0.12933073937892914","2748","2748","2748"
"274999","0.1254684329032898","0.1254684329032898","0.1254684329032898","2749","2749","2749"
"275099","0.11899761110544205","0.11899761110544205","0.11899761110544205","2750","2750","2750"
"275199","0.12126941978931427","0.12126941978931427","0.12126941978931427","2751","2751","2751"
"275299","0.12023717910051346","0.12023717910051346","0.12023717910051346","2752","2752","2752"
"275399","0.11639900505542755","0.11639900505542755","0.11639900505542755","2753","2753","2753"
"275499","0.11695608496665955","0.11695608496665955","0.11695608496665955","2754","2754","2754"
"275599","0.11981318891048431","0.11981318891048431","0.11981318891048431","2755","2755","2755"
"275699","0.12164740264415741","0.12164740264415741","0.12164740264415741","2756","2756","2756"
"275799","0.12122924625873566","0.12122924625873566","0.12122924625873566","2757","2757","2757"
"275899","0.12034711986780167","0.12034711986780167","0.12034711986780167","2758","2758","2758"
"275999","0.11677097529172897","0.11677097529172897","0.11677097529172897","2759","2759","2759"
"276099","0.1170022040605545","0.1170022040605545","0.1170022040605545","2760","2760","2760"
"276199","0.11705085635185242","0.11705085635185242","0.11705085635185242","2761","2761","2761"
"276299","0.11937270313501358","0.11937270313501358","0.11937270313501358","2762","2762","2762"
"276399","0.11919337511062622","0.11919337511062622","0.11919337511062622","2763","2763","2763"
"276499","0.11406988650560379","0.11406988650560379","0.11406988650560379","2764","2764","2764"
"276599","0.12039852887392044","0.12039852887392044","0.12039852887392044","2765","2765","2765"
"276699","0.11978325992822647","0.11978325992822647","0.11978325992822647","2766","2766","2766"
"276799","0.11718431115150452","0.11718431115150452","0.11718431115150452","2767","2767","2767"
"276899","0.11216466873884201","0.11216466873884201","0.11216466873884201","2768","2768","2768"
"276999","0.11985816806554794","0.11985816806554794","0.11985816806554794","2769","2769","2769"
"277099","0.1135471984744072","0.1135471984744072","0.1135471984744072","2770","2770","2770"
"277199","0.11502936482429504","0.11502936482429504","0.11502936482429504","2771","2771","2771"
"277299","0.12363699078559875","0.12363699078559875","0.12363699078559875","2772","2772","2772"
"277399","0.12618829309940338","0.12618829309940338","0.12618829309940338","2773","2773","2773"
"277499","0.11842745542526245","0.11842745542526245","0.11842745542526245","2774","2774","2774"
"277599","0.11567794531583786","0.11567794531583786","0.11567794531583786","2775","2775","2775"
"277699","0.11997939646244049","0.11997939646244049","0.11997939646244049","2776","2776","2776"
"277799","0.11793351173400879","0.11793351173400879","0.11793351173400879","2777","2777","2777"
"277899","0.12162318825721741","0.12162318825721741","0.12162318825721741","2778","2778","2778"
"277999","0.11751564592123032","0.11751564592123032","0.11751564592123032","2779","2779","2779"
"278099","0.1275128275156021","0.1275128275156021","0.1275128275156021","2780","2780","2780"
"278199","0.11986939609050751","0.11986939609050751","0.11986939609050751","2781","2781","2781"
"278299","0.11707177013158798","0.11707177013158798","0.11707177013158798","2782","2782","2782"
"278399","0.12024667114019394","0.12024667114019394","0.12024667114019394","2783","2783","2783"
"278499","0.1166880652308464","0.1166880652308464","0.1166880652308464","2784","2784","2784"
"278599","0.1216086894273758","0.1216086894273758","0.1216086894273758","2785","2785","2785"
"278699","0.12478908151388168","0.12478908151388168","0.12478908151388168","2786","2786","2786"
"278799","0.1159326583147049","0.1159326583147049","0.1159326583147049","2787","2787","2787"
"278899","0.12635065615177155","0.12635065615177155","0.12635065615177155","2788","2788","2788"
"278999","0.11663789302110672","0.11663789302110672","0.11663789302110672","2789","2789","2789"
"279099","0.12640750408172607","0.12640750408172607","0.12640750408172607","2790","2790","2790"
"279199","0.11985163390636444","0.11985163390636444","0.11985163390636444","2791","2791","2791"
"279299","0.1251261681318283","0.1251261681318283","0.1251261681318283","2792","2792","2792"
"279399","0.11869975924491882","0.11869975924491882","0.11869975924491882","2793","2793","2793"
"279499","0.12843729555606842","0.12843729555606842","0.12843729555606842","2794","2794","2794"
"279599","0.11993617564439774","0.11993617564439774","0.11993617564439774","2795","2795","2795"
"279699","0.12302644550800323","0.12302644550800323","0.12302644550800323","2796","2796","2796"
"279799","0.1211727112531662","0.1211727112531662","0.1211727112531662","2797","2797","2797"
"279899","0.11891239881515503","0.11891239881515503","0.11891239881515503","2798","2798","2798"
"279999","0.11640594154596329","0.11640594154596329","0.11640594154596329","2799","2799","2799"
"280099","0.1067243292927742","0.1067243292927742","0.1067243292927742","2800","2800","2800"
"280199","0.12448866665363312","0.12448866665363312","0.12448866665363312","2801","2801","2801"
"280299","0.11890033632516861","0.11890033632516861","0.11890033632516861","2802","2802","2802"
"280399","0.11863426864147186","0.11863426864147186","0.11863426864147186","2803","2803","2803"
"280499","0.12150554358959198","0.12150554358959198","0.12150554358959198","2804","2804","2804"
"280599","0.1191301941871643","0.1191301941871643","0.1191301941871643","2805","2805","2805"
"280699","0.11720827966928482","0.11720827966928482","0.11720827966928482","2806","2806","2806"
"280799","0.11927617341279984","0.11927617341279984","0.11927617341279984","2807","2807","2807"
"280899","0.11856943368911743","0.11856943368911743","0.11856943368911743","2808","2808","2808"
"280999","0.1206669956445694","0.1206669956445694","0.1206669956445694","2809","2809","2809"
"281099","0.1114802435040474","0.1114802435040474","0.1114802435040474","2810","2810","2810"
"281199","0.12574686110019684","0.12574686110019684","0.12574686110019684","2811","2811","2811"
"281299","0.12118490785360336","0.12118490785360336","0.12118490785360336","2812","2812","2812"
"281399","0.13047417998313904","0.13047417998313904","0.13047417998313904","2813","2813","2813"
"281499","0.12182536721229553","0.12182536721229553","0.12182536721229553","2814","2814","2814"
"281599","0.11914597451686859","0.11914597451686859","0.11914597451686859","2815","2815","2815"
"281699","0.11825814098119736","0.11825814098119736","0.11825814098119736","2816","2816","2816"
"281799","0.1181613951921463","0.1181613951921463","0.1181613951921463","2817","2817","2817"
"281899","0.12328043580055237","0.12328043580055237","0.12328043580055237","2818","2818","2818"
"281999","0.12218473851680756","0.12218473851680756","0.12218473851680756","2819","2819","2819"
"282099","0.11800745129585266","0.11800745129585266","0.11800745129585266","2820","2820","2820"
"282199","0.12008807808160782","0.12008807808160782","0.12008807808160782","2821","2821","2821"
"282299","0.12309106439352036","0.12309106439352036","0.12309106439352036","2822","2822","2822"
"282399","0.12539751827716827","0.12539751827716827","0.12539751827716827","2823","2823","2823"
"282499","0.12047955393791199","0.12047955393791199","0.12047955393791199","2824","2824","2824"
"282599","0.12014354765415192","0.12014354765415192","0.12014354765415192","2825","2825","2825"
"282699","0.12256689369678497","0.12256689369678497","0.12256689369678497","2826","2826","2826"
"282799","0.11943291872739792","0.11943291872739792","0.11943291872739792","2827","2827","2827"
"282899","0.11991163343191147","0.11991163343191147","0.11991163343191147","2828","2828","2828"
"282999","0.1249208077788353","0.1249208077788353","0.1249208077788353","2829","2829","2829"
"283099","0.12792855501174927","0.12792855501174927","0.12792855501174927","2830","2830","2830"
"283199","0.1248943880200386","0.1248943880200386","0.1248943880200386","2831","2831","2831"
"283299","0.11970598995685577","0.11970598995685577","0.11970598995685577","2832","2832","2832"
"283399","0.12026605755090714","0.12026605755090714","0.12026605755090714","2833","2833","2833"
"283499","0.12068585306406021","0.12068585306406021","0.12068585306406021","2834","2834","2834"
"283599","0.12008246034383774","0.12008246034383774","0.12008246034383774","2835","2835","2835"
"283699","0.11606542021036148","0.11606542021036148","0.11606542021036148","2836","2836","2836"
"283799","0.12121409922838211","0.12121409922838211","0.12121409922838211","2837","2837","2837"
"283899","0.12010467797517776","0.12010467797517776","0.12010467797517776","2838","2838","2838"
"283999","0.11522161960601807","0.11522161960601807","0.11522161960601807","2839","2839","2839"
"284099","0.11701413244009018","0.11701413244009018","0.11701413244009018","2840","2840","2840"
"284199","0.12234923988580704","0.12234923988580704","0.12234923988580704","2841","2841","2841"
"284299","0.11888610571622849","0.11888610571622849","0.11888610571622849","2842","2842","2842"
"284399","0.11967804282903671","0.11967804282903671","0.11967804282903671","2843","2843","2843"
"284499","0.12232933193445206","0.12232933193445206","0.12232933193445206","2844","2844","2844"
"284599","0.11444051563739777","0.11444051563739777","0.11444051563739777","2845","2845","2845"
"284699","0.12420408427715302","0.12420408427715302","0.12420408427715302","2846","2846","2846"
"284799","0.1249847263097763","0.1249847263097763","0.1249847263097763","2847","2847","2847"
"284899","0.11831355839967728","0.11831355839967728","0.11831355839967728","2848","2848","2848"
"284999","0.12525665760040283","0.12525665760040283","0.12525665760040283","2849","2849","2849"
"285099","0.11811628937721252","0.11811628937721252","0.11811628937721252","2850","2850","2850"
"285199","0.1229734942317009","0.1229734942317009","0.1229734942317009","2851","2851","2851"
"285299","0.11711549758911133","0.11711549758911133","0.11711549758911133","2852","2852","2852"
"285399","0.1234002336859703","0.1234002336859703","0.1234002336859703","2853","2853","2853"
"285499","0.11720776557922363","0.11720776557922363","0.11720776557922363","2854","2854","2854"
"285599","0.11153385043144226","0.11153385043144226","0.11153385043144226","2855","2855","2855"
"285699","0.11736364662647247","0.11736364662647247","0.11736364662647247","2856","2856","2856"
"285799","0.11997049301862717","0.11997049301862717","0.11997049301862717","2857","2857","2857"
"285899","0.11575610190629959","0.11575610190629959","0.11575610190629959","2858","2858","2858"
"285999","0.11798278987407684","0.11798278987407684","0.11798278987407684","2859","2859","2859"
"286099","0.11990628391504288","0.11990628391504288","0.11990628391504288","2860","2860","2860"
"286199","0.12134946137666702","0.12134946137666702","0.12134946137666702","2861","2861","2861"
"286299","0.11757312715053558","0.11757312715053558","0.11757312715053558","2862","2862","2862"
"286399","0.12390845268964767","0.12390845268964767","0.12390845268964767","2863","2863","2863"
"286499","0.12331078946590424","0.12331078946590424","0.12331078946590424","2864","2864","2864"
"286599","0.12314985692501068","0.12314985692501068","0.12314985692501068","2865","2865","2865"
"286699","0.12202371656894684","0.12202371656894684","0.12202371656894684","2866","2866","2866"
"286799","0.11939185112714767","0.11939185112714767","0.11939185112714767","2867","2867","2867"
"286899","0.11775226891040802","0.11775226891040802","0.11775226891040802","2868","2868","2868"
"286999","0.12041972577571869","0.12041972577571869","0.12041972577571869","2869","2869","2869"
"287099","0.12253938615322113","0.12253938615322113","0.12253938615322113","2870","2870","2870"
"287199","0.1163138672709465","0.1163138672709465","0.1163138672709465","2871","2871","2871"
"287299","0.11595886945724487","0.11595886945724487","0.11595886945724487","2872","2872","2872"
"287399","0.11456668376922607","0.11456668376922607","0.11456668376922607","2873","2873","2873"
"287499","0.11970949172973633","0.11970949172973633","0.11970949172973633","2874","2874","2874"
"287599","0.11486759036779404","0.11486759036779404","0.11486759036779404","2875","2875","2875"
"287699","0.1266498565673828","0.1266498565673828","0.1266498565673828","2876","2876","2876"
"287799","0.11983583122491837","0.11983583122491837","0.11983583122491837","2877","2877","2877"
"287899","0.11526765674352646","0.11526765674352646","0.11526765674352646","2878","2878","2878"
"287999","0.11474856734275818","0.11474856734275818","0.11474856734275818","2879","2879","2879"
"288099","0.12310260534286499","0.12310260534286499","0.12310260534286499","2880","2880","2880"
"288199","0.1254909336566925","0.1254909336566925","0.1254909336566925","2881","2881","2881"
"288299","0.1140153557062149","0.1140153557062149","0.1140153557062149","2882","2882","2882"
"288399","0.11678102612495422","0.11678102612495422","0.11678102612495422","2883","2883","2883"
"288499","0.11773346364498138","0.11773346364498138","0.11773346364498138","2884","2884","2884"
"288599","0.11619068682193756","0.11619068682193756","0.11619068682193756","2885","2885","2885"
"288699","0.11929118633270264","0.11929118633270264","0.11929118633270264","2886","2886","2886"
"288799","0.1227695643901825","0.1227695643901825","0.1227695643901825","2887","2887","2887"
"288899","0.11719958484172821","0.11719958484172821","0.11719958484172821","2888","2888","2888"
"288999","0.11857207119464874","0.11857207119464874","0.11857207119464874","2889","2889","2889"
"289099","0.1198900118470192","0.1198900118470192","0.1198900118470192","2890","2890","2890"
"289199","0.1143496111035347","0.1143496111035347","0.1143496111035347","2891","2891","2891"
"289299","0.11441804468631744","0.11441804468631744","0.11441804468631744","2892","2892","2892"
"289399","0.11597242951393127","0.11597242951393127","0.11597242951393127","2893","2893","2893"
"289499","0.12068548053503036","0.12068548053503036","0.12068548053503036","2894","2894","2894"
"289599","0.11941790580749512","0.11941790580749512","0.11941790580749512","2895","2895","2895"
"289699","0.12135203182697296","0.12135203182697296","0.12135203182697296","2896","2896","2896"
"289799","0.11666768789291382","0.11666768789291382","0.11666768789291382","2897","2897","2897"
"289899","0.11584865301847458","0.11584865301847458","0.11584865301847458","2898","2898","2898"
"289999","0.11860314756631851","0.11860314756631851","0.11860314756631851","2899","2899","2899"
"290099","0.1169394999742508","0.1169394999742508","0.1169394999742508","2900","2900","2900"
"290199","0.11872300505638123","0.11872300505638123","0.11872300505638123","2901","2901","2901"
"290299","0.12002530694007874","0.12002530694007874","0.12002530694007874","2902","2902","2902"
"290399","0.11575829982757568","0.11575829982757568","0.11575829982757568","2903","2903","2903"
"290499","0.12132993340492249","0.12132993340492249","0.12132993340492249","2904","2904","2904"
"290599","0.1164756715297699","0.1164756715297699","0.1164756715297699","2905","2905","2905"
"290699","0.12330672889947891","0.12330672889947891","0.12330672889947891","2906","2906","2906"
"290799","0.1147768571972847","0.1147768571972847","0.1147768571972847","2907","2907","2907"
"290899","0.12213237583637238","0.12213237583637238","0.12213237583637238","2908","2908","2908"
"290999","0.12219607084989548","0.12219607084989548","0.12219607084989548","2909","2909","2909"
"291099","0.11708711087703705","0.11708711087703705","0.11708711087703705","2910","2910","2910"
"291199","0.12039690464735031","0.12039690464735031","0.12039690464735031","2911","2911","2911"
"291299","0.11782850325107574","0.11782850325107574","0.11782850325107574","2912","2912","2912"
"291399","0.12213635444641113","0.12213635444641113","0.12213635444641113","2913","2913","2913"
"291499","0.11769870668649673","0.11769870668649673","0.11769870668649673","2914","2914","2914"
"291599","0.12946991622447968","0.12946991622447968","0.12946991622447968","2915","2915","2915"
"291699","0.1153692975640297","0.1153692975640297","0.1153692975640297","2916","2916","2916"
"291799","0.1255885511636734","0.1255885511636734","0.1255885511636734","2917","2917","2917"
"291899","0.12354838103055954","0.12354838103055954","0.12354838103055954","2918","2918","2918"
"291999","0.12154442816972733","0.12154442816972733","0.12154442816972733","2919","2919","2919"
"292099","0.11526565998792648","0.11526565998792648","0.11526565998792648","2920","2920","2920"
"292199","0.11455877125263214","0.11455877125263214","0.11455877125263214","2921","2921","2921"
"292299","0.126170352101326","0.126170352101326","0.126170352101326","2922","2922","2922"
"292399","0.12275099754333496","0.12275099754333496","0.12275099754333496","2923","2923","2923"
"292499","0.11913816630840302","0.11913816630840302","0.11913816630840302","2924","2924","2924"
"292599","0.12185913324356079","0.12185913324356079","0.12185913324356079","2925","2925","2925"
"292699","0.11935985088348389","0.11935985088348389","0.11935985088348389","2926","2926","2926"
"292799","0.11732444912195206","0.11732444912195206","0.11732444912195206","2927","2927","2927"
"292899","0.12157692015171051","0.12157692015171051","0.12157692015171051","2928","2928","2928"
"292999","0.12771709263324738","0.12771709263324738","0.12771709263324738","2929","2929","2929"
"293099","0.12367106229066849","0.12367106229066849","0.12367106229066849","2930","2930","2930"
"293199","0.11281073093414307","0.11281073093414307","0.11281073093414307","2931","2931","2931"
"293299","0.12203987687826157","0.12203987687826157","0.12203987687826157","2932","2932","2932"
"293399","0.11836548894643784","0.11836548894643784","0.11836548894643784","2933","2933","2933"
"293499","0.12362483888864517","0.12362483888864517","0.12362483888864517","2934","2934","2934"
"293599","0.11468881368637085","0.11468881368637085","0.11468881368637085","2935","2935","2935"
"293699","0.11917240172624588","0.11917240172624588","0.11917240172624588","2936","2936","2936"
"293799","0.122637540102005","0.122637540102005","0.122637540102005","2937","2937","2937"
"293899","0.12262758612632751","0.12262758612632751","0.12262758612632751","2938","2938","2938"
"293999","0.11736398935317993","0.11736398935317993","0.11736398935317993","2939","2939","2939"
"294099","0.12193219363689423","0.12193219363689423","0.12193219363689423","2940","2940","2940"
"294199","0.12027183920145035","0.12027183920145035","0.12027183920145035","2941","2941","2941"
"294299","0.12272868305444717","0.12272868305444717","0.12272868305444717","2942","2942","2942"
"294399","0.11817576736211777","0.11817576736211777","0.11817576736211777","2943","2943","2943"
"294499","0.11817134916782379","0.11817134916782379","0.11817134916782379","2944","2944","2944"
"294599","0.12100157886743546","0.12100157886743546","0.12100157886743546","2945","2945","2945"
"294699","0.11686094105243683","0.11686094105243683","0.11686094105243683","2946","2946","2946"
"294799","0.12039024382829666","0.12039024382829666","0.12039024382829666","2947","2947","2947"
"294899","0.11921525001525879","0.11921525001525879","0.11921525001525879","2948","2948","2948"
"294999","0.11924710869789124","0.11924710869789124","0.11924710869789124","2949","2949","2949"
"295099","0.1171584203839302","0.1171584203839302","0.1171584203839302","2950","2950","2950"
"295199","0.11946234107017517","0.11946234107017517","0.11946234107017517","2951","2951","2951"
"295299","0.11911395937204361","0.11911395937204361","0.11911395937204361","2952","2952","2952"
"295399","0.1164906844496727","0.1164906844496727","0.1164906844496727","2953","2953","2953"
"295499","0.12424807995557785","0.12424807995557785","0.12424807995557785","2954","2954","2954"
"295599","0.1252102255821228","0.1252102255821228","0.1252102255821228","2955","2955","2955"
"295699","0.12328513711690903","0.12328513711690903","0.12328513711690903","2956","2956","2956"
"295799","0.12014773488044739","0.12014773488044739","0.12014773488044739","2957","2957","2957"
"295899","0.12839548289775848","0.12839548289775848","0.12839548289775848","2958","2958","2958"
"295999","0.12290611118078232","0.12290611118078232","0.12290611118078232","2959","2959","2959"
"296099","0.12129934877157211","0.12129934877157211","0.12129934877157211","2960","2960","2960"
"296199","0.11433862149715424","0.11433862149715424","0.11433862149715424","2961","2961","2961"
"296299","0.11901766806840897","0.11901766806840897","0.11901766806840897","2962","2962","2962"
"296399","0.11670234799385071","0.11670234799385071","0.11670234799385071","2963","2963","2963"
"296499","0.11538611352443695","0.11538611352443695","0.11538611352443695","2964","2964","2964"
"296599","0.12050975859165192","0.12050975859165192","0.12050975859165192","2965","2965","2965"
"296699","0.11480271071195602","0.11480271071195602","0.11480271071195602","2966","2966","2966"
"296799","0.11898944526910782","0.11898944526910782","0.11898944526910782","2967","2967","2967"
"296899","0.12100329250097275","0.12100329250097275","0.12100329250097275","2968","2968","2968"
"296999","0.12418997287750244","0.12418997287750244","0.12418997287750244","2969","2969","2969"
"297099","0.11733637005090714","0.11733637005090714","0.11733637005090714","2970","2970","2970"
"297199","0.11950688809156418","0.11950688809156418","0.11950688809156418","2971","2971","2971"
"297299","0.11903531849384308","0.11903531849384308","0.11903531849384308","2972","2972","2972"
"297399","0.12087558954954147","0.12087558954954147","0.12087558954954147","2973","2973","2973"
"297499","0.12016258388757706","0.12016258388757706","0.12016258388757706","2974","2974","2974"
"297599","0.11707396060228348","0.11707396060228348","0.11707396060228348","2975","2975","2975"
"297699","0.12232187390327454","0.12232187390327454","0.12232187390327454","2976","2976","2976"
"297799","0.12063729763031006","0.12063729763031006","0.12063729763031006","2977","2977","2977"
"297899","0.11734864860773087","0.11734864860773087","0.11734864860773087","2978","2978","2978"
"297999","0.11883790791034698","0.11883790791034698","0.11883790791034698","2979","2979","2979"
"298099","0.11556905508041382","0.11556905508041382","0.11556905508041382","2980","2980","2980"
"298199","0.1257987916469574","0.1257987916469574","0.1257987916469574","2981","2981","2981"
"298299","0.1266581267118454","0.1266581267118454","0.1266581267118454","2982","2982","2982"
"298399","0.11758475005626678","0.11758475005626678","0.11758475005626678","2983","2983","2983"
"298499","0.11784002184867859","0.11784002184867859","0.11784002184867859","2984","2984","2984"
"298599","0.12245071679353714","0.12245071679353714","0.12245071679353714","2985","2985","2985"
"298699","0.11871375888586044","0.11871375888586044","0.11871375888586044","2986","2986","2986"
"298799","0.12016923725605011","0.12016923725605011","0.12016923725605011","2987","2987","2987"
"298899","0.12295565009117126","0.12295565009117126","0.12295565009117126","2988","2988","2988"
"298999","0.12061421573162079","0.12061421573162079","0.12061421573162079","2989","2989","2989"
"299099","0.11809369176626205","0.11809369176626205","0.11809369176626205","2990","2990","2990"
"299199","0.12117764353752136","0.12117764353752136","0.12117764353752136","2991","2991","2991"
"299299","0.12216933071613312","0.12216933071613312","0.12216933071613312","2992","2992","2992"
"299399","0.12203370034694672","0.12203370034694672","0.12203370034694672","2993","2993","2993"
"299499","0.11574148386716843","0.11574148386716843","0.11574148386716843","2994","2994","2994"
"299599","0.12991300225257874","0.12991300225257874","0.12991300225257874","2995","2995","2995"
"299699","0.12319913506507874","0.12319913506507874","0.12319913506507874","2996","2996","2996"
"299799","0.12735338509082794","0.12735338509082794","0.12735338509082794","2997","2997","2997"
"299899","0.11977411061525345","0.11977411061525345","0.11977411061525345","2998","2998","2998"
"299999","0.11819644272327423","0.11819644272327423","0.11819644272327423","2999","2999","2999"
"300099","0.12675590813159943","0.12675590813159943","0.12675590813159943","3000","3000","3000"
"300199","0.11985446512699127","0.11985446512699127","0.11985446512699127","3001","3001","3001"
"300299","0.11769235134124756","0.11769235134124756","0.11769235134124756","3002","3002","3002"
"300399","0.12339440733194351","0.12339440733194351","0.12339440733194351","3003","3003","3003"
"300499","0.124099962413311","0.124099962413311","0.124099962413311","3004","3004","3004"
"300599","0.12258249521255493","0.12258249521255493","0.12258249521255493","3005","3005","3005"
"300699","0.12391985207796097","0.12391985207796097","0.12391985207796097","3006","3006","3006"
"300799","0.12922616302967072","0.12922616302967072","0.12922616302967072","3007","3007","3007"
"300899","0.11816781014204025","0.11816781014204025","0.11816781014204025","3008","3008","3008"
"300999","0.12429339438676834","0.12429339438676834","0.12429339438676834","3009","3009","3009"
"301099","0.11808659136295319","0.11808659136295319","0.11808659136295319","3010","3010","3010"
"301199","0.11722292751073837","0.11722292751073837","0.11722292751073837","3011","3011","3011"
"301299","0.11856456100940704","0.11856456100940704","0.11856456100940704","3012","3012","3012"
"301399","0.11319776624441147","0.11319776624441147","0.11319776624441147","3013","3013","3013"
"301499","0.12555618584156036","0.12555618584156036","0.12555618584156036","3014","3014","3014"
"301599","0.12182942777872086","0.12182942777872086","0.12182942777872086","3015","3015","3015"
"301699","0.1159023568034172","0.1159023568034172","0.1159023568034172","3016","3016","3016"
"301799","0.1196151077747345","0.1196151077747345","0.1196151077747345","3017","3017","3017"
"301899","0.11536798626184464","0.11536798626184464","0.11536798626184464","3018","3018","3018"
"301999","0.11744760721921921","0.11744760721921921","0.11744760721921921","3019","3019","3019"
"302099","0.11881297081708908","0.11881297081708908","0.11881297081708908","3020","3020","3020"
"302199","0.11897400766611099","0.11897400766611099","0.11897400766611099","3021","3021","3021"
"302299","0.1261231005191803","0.1261231005191803","0.1261231005191803","3022","3022","3022"
"302399","0.12022047489881516","0.12022047489881516","0.12022047489881516","3023","3023","3023"
"302499","0.11631567031145096","0.11631567031145096","0.11631567031145096","3024","3024","3024"
"302599","0.11465313285589218","0.11465313285589218","0.11465313285589218","3025","3025","3025"
"302699","0.12118320912122726","0.12118320912122726","0.12118320912122726","3026","3026","3026"
"302799","0.12425543367862701","0.12425543367862701","0.12425543367862701","3027","3027","3027"
"302899","0.11935107409954071","0.11935107409954071","0.11935107409954071","3028","3028","3028"
"302999","0.11935863643884659","0.11935863643884659","0.11935863643884659","3029","3029","3029"
"303099","0.1223444789648056","0.1223444789648056","0.1223444789648056","3030","3030","3030"
"303199","0.1208767369389534","0.1208767369389534","0.1208767369389534","3031","3031","3031"
"303299","0.12111128121614456","0.12111128121614456","0.12111128121614456","3032","3032","3032"
"303399","0.12194865196943283","0.12194865196943283","0.12194865196943283","3033","3033","3033"
"303499","0.11875568330287933","0.11875568330287933","0.11875568330287933","3034","3034","3034"
"303599","0.11937687546014786","0.11937687546014786","0.11937687546014786","3035","3035","3035"
"303699","0.11518722027540207","0.11518722027540207","0.11518722027540207","3036","3036","3036"
"303799","0.11799963563680649","0.11799963563680649","0.11799963563680649","3037","3037","3037"
"303899","0.11769184470176697","0.11769184470176697","0.11769184470176697","3038","3038","3038"
"303999","0.12281318008899689","0.12281318008899689","0.12281318008899689","3039","3039","3039"
"304099","0.11044033616781235","0.11044033616781235","0.11044033616781235","3040","3040","3040"
"304199","0.1214541643857956","0.1214541643857956","0.1214541643857956","3041","3041","3041"
"304299","0.1175435483455658","0.1175435483455658","0.1175435483455658","3042","3042","3042"
"304399","0.11491826176643372","0.11491826176643372","0.11491826176643372","3043","3043","3043"
"304499","0.12431050837039948","0.12431050837039948","0.12431050837039948","3044","3044","3044"
"304599","0.11795803904533386","0.11795803904533386","0.11795803904533386","3045","3045","3045"
"304699","0.12011343985795975","0.12011343985795975","0.12011343985795975","3046","3046","3046"
"304799","0.12149889022111893","0.12149889022111893","0.12149889022111893","3047","3047","3047"
"304899","0.11881411820650101","0.11881411820650101","0.11881411820650101","3048","3048","3048"
"304999","0.12444424629211426","0.12444424629211426","0.12444424629211426","3049","3049","3049"
"305099","0.11582429707050323","0.11582429707050323","0.11582429707050323","3050","3050","3050"
"305199","0.11970454454421997","0.11970454454421997","0.11970454454421997","3051","3051","3051"
"305299","0.12245208024978638","0.12245208024978638","0.12245208024978638","3052","3052","3052"
"305399","0.12366998195648193","0.12366998195648193","0.12366998195648193","3053","3053","3053"
"305499","0.12439071387052536","0.12439071387052536","0.12439071387052536","3054","3054","3054"
"305599","0.11909113079309464","0.11909113079309464","0.11909113079309464","3055","3055","3055"
"305699","0.12004269659519196","0.12004269659519196","0.12004269659519196","3056","3056","3056"
"305799","0.12103550136089325","0.12103550136089325","0.12103550136089325","3057","3057","3057"
"305899","0.12056689709424973","0.12056689709424973","0.12056689709424973","3058","3058","3058"
"305999","0.11797455698251724","0.11797455698251724","0.11797455698251724","3059","3059","3059"
"306099","0.1098550334572792","0.1098550334572792","0.1098550334572792","3060","3060","3060"
"306199","0.1239839643239975","0.1239839643239975","0.1239839643239975","3061","3061","3061"
"306299","0.11855843663215637","0.11855843663215637","0.11855843663215637","3062","3062","3062"
"306399","0.11672705411911011","0.11672705411911011","0.11672705411911011","3063","3063","3063"
"306499","0.12121989578008652","0.12121989578008652","0.12121989578008652","3064","3064","3064"
"306599","0.11873628199100494","0.11873628199100494","0.11873628199100494","3065","3065","3065"
"306699","0.11812496930360794","0.11812496930360794","0.11812496930360794","3066","3066","3066"
"306799","0.1192721575498581","0.1192721575498581","0.1192721575498581","3067","3067","3067"
"306899","0.12135609239339828","0.12135609239339828","0.12135609239339828","3068","3068","3068"
"306999","0.11786331981420517","0.11786331981420517","0.11786331981420517","3069","3069","3069"
"307099","0.11512275040149689","0.11512275040149689","0.11512275040149689","3070","3070","3070"
"307199","0.11414371430873871","0.11414371430873871","0.11414371430873871","3071","3071","3071"
"307299","0.12017245590686798","0.12017245590686798","0.12017245590686798","3072","3072","3072"
"307399","0.11939961463212967","0.11939961463212967","0.11939961463212967","3073","3073","3073"
"307499","0.1177297905087471","0.1177297905087471","0.1177297905087471","3074","3074","3074"
"307599","0.11908800154924393","0.11908800154924393","0.11908800154924393","3075","3075","3075"
"307699","0.12772682309150696","0.12772682309150696","0.12772682309150696","3076","3076","3076"
"307799","0.12036600708961487","0.12036600708961487","0.12036600708961487","3077","3077","3077"
"307899","0.11483853310346603","0.11483853310346603","0.11483853310346603","3078","3078","3078"
"307999","0.1166776567697525","0.1166776567697525","0.1166776567697525","3079","3079","3079"
"308099","0.11556738615036011","0.11556738615036011","0.11556738615036011","3080","3080","3080"
"308199","0.12244418263435364","0.12244418263435364","0.12244418263435364","3081","3081","3081"
"308299","0.11217869818210602","0.11217869818210602","0.11217869818210602","3082","3082","3082"
"308399","0.11256924271583557","0.11256924271583557","0.11256924271583557","3083","3083","3083"
"308499","0.11462024599313736","0.11462024599313736","0.11462024599313736","3084","3084","3084"
"308599","0.12230239063501358","0.12230239063501358","0.12230239063501358","3085","3085","3085"
"308699","0.11794639378786087","0.11794639378786087","0.11794639378786087","3086","3086","3086"
"308799","0.11980708688497543","0.11980708688497543","0.11980708688497543","3087","3087","3087"
"308899","0.13041435182094574","0.13041435182094574","0.13041435182094574","3088","3088","3088"
"308999","0.11651775240898132","0.11651775240898132","0.11651775240898132","3089","3089","3089"
"309099","0.12187960743904114","0.12187960743904114","0.12187960743904114","3090","3090","3090"
"309199","0.11920953541994095","0.11920953541994095","0.11920953541994095","3091","3091","3091"
"309299","0.11550304293632507","0.11550304293632507","0.11550304293632507","3092","3092","3092"
"309399","0.11921024322509766","0.11921024322509766","0.11921024322509766","3093","3093","3093"
"309499","0.12190967053174973","0.12190967053174973","0.12190967053174973","3094","3094","3094"
"309599","0.12089423835277557","0.12089423835277557","0.12089423835277557","3095","3095","3095"
"309699","0.12152047455310822","0.12152047455310822","0.12152047455310822","3096","3096","3096"
"309799","0.1188109740614891","0.1188109740614891","0.1188109740614891","3097","3097","3097"
"309899","0.12213099002838135","0.12213099002838135","0.12213099002838135","3098","3098","3098"
"309999","0.11682960391044617","0.11682960391044617","0.11682960391044617","3099","3099","3099"
"310099","0.12025009840726852","0.12025009840726852","0.12025009840726852","3100","3100","3100"
"310199","0.11894481629133224","0.11894481629133224","0.11894481629133224","3101","3101","3101"
"310299","0.11810024827718735","0.11810024827718735","0.11810024827718735","3102","3102","3102"
"310399","0.12359236180782318","0.12359236180782318","0.12359236180782318","3103","3103","3103"
"310499","0.12560173869132996","0.12560173869132996","0.12560173869132996","3104","3104","3104"
"310599","0.1162787675857544","0.1162787675857544","0.1162787675857544","3105","3105","3105"
"310699","0.11894114315509796","0.11894114315509796","0.11894114315509796","3106","3106","3106"
"310799","0.11351995915174484","0.11351995915174484","0.11351995915174484","3107","3107","3107"
"310899","0.11718599498271942","0.11718599498271942","0.11718599498271942","3108","3108","3108"
"310999","0.12090115249156952","0.12090115249156952","0.12090115249156952","3109","3109","3109"
"311099","0.1127392053604126","0.1127392053604126","0.1127392053604126","3110","3110","3110"
"311199","0.12181446701288223","0.12181446701288223","0.12181446701288223","3111","3111","3111"
"311299","0.12115935236215591","0.12115935236215591","0.12115935236215591","3112","3112","3112"
"311399","0.12388987839221954","0.12388987839221954","0.12388987839221954","3113","3113","3113"
"311499","0.12201572954654694","0.12201572954654694","0.12201572954654694","3114","3114","3114"
"311599","0.11775921285152435","0.11775921285152435","0.11775921285152435","3115","3115","3115"
"311699","0.11817018687725067","0.11817018687725067","0.11817018687725067","3116","3116","3116"
"311799","0.11257107555866241","0.11257107555866241","0.11257107555866241","3117","3117","3117"
"311899","0.11722753196954727","0.11722753196954727","0.11722753196954727","3118","3118","3118"
"311999","0.1189553290605545","0.1189553290605545","0.1189553290605545","3119","3119","3119"
"312099","0.11850260198116302","0.11850260198116302","0.11850260198116302","3120","3120","3120"
"312199","0.12008275836706161","0.12008275836706161","0.12008275836706161","3121","3121","3121"
"312299","0.12554682791233063","0.12554682791233063","0.12554682791233063","3122","3122","3122"
"312399","0.12112770974636078","0.12112770974636078","0.12112770974636078","3123","3123","3123"
"312499","0.12388203293085098","0.12388203293085098","0.12388203293085098","3124","3124","3124"
"312599","0.1189495325088501","0.1189495325088501","0.1189495325088501","3125","3125","3125"
"312699","0.11631473898887634","0.11631473898887634","0.11631473898887634","3126","3126","3126"
"312799","0.12019488960504532","0.12019488960504532","0.12019488960504532","3127","3127","3127"
"312899","0.11450537294149399","0.11450537294149399","0.11450537294149399","3128","3128","3128"
"312999","0.12312670797109604","0.12312670797109604","0.12312670797109604","3129","3129","3129"
"313099","0.12372452020645142","0.12372452020645142","0.12372452020645142","3130","3130","3130"
"313199","0.11842000484466553","0.11842000484466553","0.11842000484466553","3131","3131","3131"
"313299","0.12282863259315491","0.12282863259315491","0.12282863259315491","3132","3132","3132"
"313399","0.11600896716117859","0.11600896716117859","0.11600896716117859","3133","3133","3133"
"313499","0.11787918955087662","0.11787918955087662","0.11787918955087662","3134","3134","3134"
"313599","0.1261831521987915","0.1261831521987915","0.1261831521987915","3135","3135","3135"
"313699","0.11717887222766876","0.11717887222766876","0.11717887222766876","3136","3136","3136"
"313799","0.11506939679384232","0.11506939679384232","0.11506939679384232","3137","3137","3137"
"313899","0.11825259029865265","0.11825259029865265","0.11825259029865265","3138","3138","3138"
"313999","0.11561901867389679","0.11561901867389679","0.11561901867389679","3139","3139","3139"
"314099","0.1191488578915596","0.1191488578915596","0.1191488578915596","3140","3140","3140"
"314199","0.12129717320203781","0.12129717320203781","0.12129717320203781","3141","3141","3141"
"314299","0.1250923126935959","0.1250923126935959","0.1250923126935959","3142","3142","3142"
"314399","0.11877166479825974","0.11877166479825974","0.11877166479825974","3143","3143","3143"
"314499","0.12019644677639008","0.12019644677639008","0.12019644677639008","3144","3144","3144"
"314599","0.12747317552566528","0.12747317552566528","0.12747317552566528","3145","3145","3145"
"314699","0.12416387349367142","0.12416387349367142","0.12416387349367142","3146","3146","3146"
"314799","0.12127231806516647","0.12127231806516647","0.12127231806516647","3147","3147","3147"
"314899","0.12021391093730927","0.12021391093730927","0.12021391093730927","3148","3148","3148"
"314999","0.1180034875869751","0.1180034875869751","0.1180034875869751","3149","3149","3149"
"315099","0.12176880240440369","0.12176880240440369","0.12176880240440369","3150","3150","3150"
"315199","0.12060414254665375","0.12060414254665375","0.12060414254665375","3151","3151","3151"