"trainer/global_step","causalsinh - train_loss","causalsinh - train_loss__MIN","causalsinh - train_loss__MAX","causalsinh - _step","causalsinh - _step__MIN","causalsinh - _step__MAX"
"99","0.26021140813827515","0.26021140813827515","0.26021140813827515","0","0","0"
"199","0.233798086643219","0.233798086643219","0.233798086643219","1","1","1"
"299","0.22215569019317627","0.22215569019317627","0.22215569019317627","2","2","2"
"399","0.21419422328472137","0.21419422328472137","0.21419422328472137","3","3","3"
"499","0.2077655792236328","0.2077655792236328","0.2077655792236328","4","4","4"
"599","0.20525985956192017","0.20525985956192017","0.20525985956192017","5","5","5"
"699","0.20618999004364014","0.20618999004364014","0.20618999004364014","6","6","6"
"799","0.19960665702819824","0.19960665702819824","0.19960665702819824","7","7","7"
"899","0.19564805924892426","0.19564805924892426","0.19564805924892426","8","8","8"
"999","0.19725430011749268","0.19725430011749268","0.19725430011749268","9","9","9"
"1099","0.1958327293395996","0.1958327293395996","0.1958327293395996","10","10","10"
"1199","0.19135065376758575","0.19135065376758575","0.19135065376758575","11","11","11"
"1299","0.1890541911125183","0.1890541911125183","0.1890541911125183","12","12","12"
"1399","0.18395641446113586","0.18395641446113586","0.18395641446113586","13","13","13"
"1499","0.18323111534118652","0.18323111534118652","0.18323111534118652","14","14","14"
"1599","0.18630516529083252","0.18630516529083252","0.18630516529083252","15","15","15"
"1699","0.1867598444223404","0.1867598444223404","0.1867598444223404","16","16","16"
"1799","0.1884181797504425","0.1884181797504425","0.1884181797504425","17","17","17"
"1899","0.17635779082775116","0.17635779082775116","0.17635779082775116","18","18","18"
"1999","0.17760677635669708","0.17760677635669708","0.17760677635669708","19","19","19"
"2099","0.1771111637353897","0.1771111637353897","0.1771111637353897","20","20","20"
"2199","0.17604510486125946","0.17604510486125946","0.17604510486125946","21","21","21"
"2299","0.17860150337219238","0.17860150337219238","0.17860150337219238","22","22","22"
"2399","0.17268294095993042","0.17268294095993042","0.17268294095993042","23","23","23"
"2499","0.1668834388256073","0.1668834388256073","0.1668834388256073","24","24","24"
"2599","0.1742059886455536","0.1742059886455536","0.1742059886455536","25","25","25"
"2699","0.1724167764186859","0.1724167764186859","0.1724167764186859","26","26","26"
"2799","0.1736084520816803","0.1736084520816803","0.1736084520816803","27","27","27"
"2899","0.17149992287158966","0.17149992287158966","0.17149992287158966","28","28","28"
"2999","0.17002737522125244","0.17002737522125244","0.17002737522125244","29","29","29"
"3099","0.1591913104057312","0.1591913104057312","0.1591913104057312","30","30","30"
"3199","0.17246320843696594","0.17246320843696594","0.17246320843696594","31","31","31"
"3299","0.16807030141353607","0.16807030141353607","0.16807030141353607","32","32","32"
"3399","0.17038480937480927","0.17038480937480927","0.17038480937480927","33","33","33"
"3499","0.16522105038166046","0.16522105038166046","0.16522105038166046","34","34","34"
"3599","0.17300519347190857","0.17300519347190857","0.17300519347190857","35","35","35"
"3699","0.16676834225654602","0.16676834225654602","0.16676834225654602","36","36","36"
"3799","0.1610822230577469","0.1610822230577469","0.1610822230577469","37","37","37"
"3899","0.16789455711841583","0.16789455711841583","0.16789455711841583","38","38","38"
"3999","0.1611994355916977","0.1611994355916977","0.1611994355916977","39","39","39"
"4099","0.1662590205669403","0.1662590205669403","0.1662590205669403","40","40","40"
"4199","0.15813151001930237","0.15813151001930237","0.15813151001930237","41","41","41"
"4299","0.1637500524520874","0.1637500524520874","0.1637500524520874","42","42","42"
"4399","0.16574925184249878","0.16574925184249878","0.16574925184249878","43","43","43"
"4499","0.16284050047397614","0.16284050047397614","0.16284050047397614","44","44","44"
"4599","0.15804533660411835","0.15804533660411835","0.15804533660411835","45","45","45"
"4699","0.16096943616867065","0.16096943616867065","0.16096943616867065","46","46","46"
"4799","0.16934768855571747","0.16934768855571747","0.16934768855571747","47","47","47"
"4899","0.1569419503211975","0.1569419503211975","0.1569419503211975","48","48","48"
"4999","0.15892110764980316","0.15892110764980316","0.15892110764980316","49","49","49"
"5099","0.1647500991821289","0.1647500991821289","0.1647500991821289","50","50","50"
"5199","0.16848808526992798","0.16848808526992798","0.16848808526992798","51","51","51"
"5299","0.1620260328054428","0.1620260328054428","0.1620260328054428","52","52","52"
"5399","0.15860477089881897","0.15860477089881897","0.15860477089881897","53","53","53"
"5499","0.16099384427070618","0.16099384427070618","0.16099384427070618","54","54","54"
"5599","0.15689383447170258","0.15689383447170258","0.15689383447170258","55","55","55"
"5699","0.15976323187351227","0.15976323187351227","0.15976323187351227","56","56","56"
"5799","0.16207148134708405","0.16207148134708405","0.16207148134708405","57","57","57"
"5899","0.15923312306404114","0.15923312306404114","0.15923312306404114","58","58","58"
"5999","0.15613217651844025","0.15613217651844025","0.15613217651844025","59","59","59"
"6099","0.1624334454536438","0.1624334454536438","0.1624334454536438","60","60","60"
"6199","0.16166943311691284","0.16166943311691284","0.16166943311691284","61","61","61"
"6299","0.15511105954647064","0.15511105954647064","0.15511105954647064","62","62","62"
"6399","0.15730059146881104","0.15730059146881104","0.15730059146881104","63","63","63"
"6499","0.15689434111118317","0.15689434111118317","0.15689434111118317","64","64","64"
"6599","0.15225359797477722","0.15225359797477722","0.15225359797477722","65","65","65"
"6699","0.1590730994939804","0.1590730994939804","0.1590730994939804","66","66","66"
"6799","0.16160067915916443","0.16160067915916443","0.16160067915916443","67","67","67"
"6899","0.15638910233974457","0.15638910233974457","0.15638910233974457","68","68","68"
"6999","0.15793058276176453","0.15793058276176453","0.15793058276176453","69","69","69"
"7099","0.1506091207265854","0.1506091207265854","0.1506091207265854","70","70","70"
"7199","0.15784074366092682","0.15784074366092682","0.15784074366092682","71","71","71"
"7299","0.1464037150144577","0.1464037150144577","0.1464037150144577","72","72","72"
"7399","0.1573909968137741","0.1573909968137741","0.1573909968137741","73","73","73"
"7499","0.1522076576948166","0.1522076576948166","0.1522076576948166","74","74","74"
"7599","0.15370167791843414","0.15370167791843414","0.15370167791843414","75","75","75"
"7699","0.15219174325466156","0.15219174325466156","0.15219174325466156","76","76","76"
"7799","0.15089142322540283","0.15089142322540283","0.15089142322540283","77","77","77"
"7899","0.15768058598041534","0.15768058598041534","0.15768058598041534","78","78","78"
"7999","0.14908960461616516","0.14908960461616516","0.14908960461616516","79","79","79"
"8099","0.14831222593784332","0.14831222593784332","0.14831222593784332","80","80","80"
"8199","0.15323396027088165","0.15323396027088165","0.15323396027088165","81","81","81"
"8299","0.1542692631483078","0.1542692631483078","0.1542692631483078","82","82","82"
"8399","0.1533365547657013","0.1533365547657013","0.1533365547657013","83","83","83"
"8499","0.15084034204483032","0.15084034204483032","0.15084034204483032","84","84","84"
"8599","0.15008118748664856","0.15008118748664856","0.15008118748664856","85","85","85"
"8699","0.14961810410022736","0.14961810410022736","0.14961810410022736","86","86","86"
"8799","0.15301010012626648","0.15301010012626648","0.15301010012626648","87","87","87"
"8899","0.15297508239746094","0.15297508239746094","0.15297508239746094","88","88","88"
"8999","0.15265898406505585","0.15265898406505585","0.15265898406505585","89","89","89"
"9099","0.151319220662117","0.151319220662117","0.151319220662117","90","90","90"
"9199","0.14831386506557465","0.14831386506557465","0.14831386506557465","91","91","91"
"9299","0.14644072949886322","0.14644072949886322","0.14644072949886322","92","92","92"
"9399","0.15080778300762177","0.15080778300762177","0.15080778300762177","93","93","93"
"9499","0.15315905213356018","0.15315905213356018","0.15315905213356018","94","94","94"
"9599","0.15033313632011414","0.15033313632011414","0.15033313632011414","95","95","95"
"9699","0.1534189134836197","0.1534189134836197","0.1534189134836197","96","96","96"
"9799","0.1477794647216797","0.1477794647216797","0.1477794647216797","97","97","97"
"9899","0.1458471417427063","0.1458471417427063","0.1458471417427063","98","98","98"
"9999","0.14482371509075165","0.14482371509075165","0.14482371509075165","99","99","99"
"10099","0.1482163369655609","0.1482163369655609","0.1482163369655609","100","100","100"
"10199","0.1502326875925064","0.1502326875925064","0.1502326875925064","101","101","101"
"10299","0.1428644061088562","0.1428644061088562","0.1428644061088562","102","102","102"
"10399","0.14485026895999908","0.14485026895999908","0.14485026895999908","103","103","103"
"10499","0.14632713794708252","0.14632713794708252","0.14632713794708252","104","104","104"
"10599","0.1520289182662964","0.1520289182662964","0.1520289182662964","105","105","105"
"10699","0.15188609063625336","0.15188609063625336","0.15188609063625336","106","106","106"
"10799","0.14351730048656464","0.14351730048656464","0.14351730048656464","107","107","107"
"10899","0.15003734827041626","0.15003734827041626","0.15003734827041626","108","108","108"
"10999","0.13835667073726654","0.13835667073726654","0.13835667073726654","109","109","109"
"11099","0.14480581879615784","0.14480581879615784","0.14480581879615784","110","110","110"
"11199","0.14895997941493988","0.14895997941493988","0.14895997941493988","111","111","111"
"11299","0.1481502503156662","0.1481502503156662","0.1481502503156662","112","112","112"
"11399","0.1416706144809723","0.1416706144809723","0.1416706144809723","113","113","113"
"11499","0.14236874878406525","0.14236874878406525","0.14236874878406525","114","114","114"
"11599","0.14387156069278717","0.14387156069278717","0.14387156069278717","115","115","115"
"11699","0.15188251435756683","0.15188251435756683","0.15188251435756683","116","116","116"
"11799","0.14969991147518158","0.14969991147518158","0.14969991147518158","117","117","117"
"11899","0.14369167387485504","0.14369167387485504","0.14369167387485504","118","118","118"
"11999","0.14266511797904968","0.14266511797904968","0.14266511797904968","119","119","119"
"12099","0.14408090710639954","0.14408090710639954","0.14408090710639954","120","120","120"
"12199","0.1485283523797989","0.1485283523797989","0.1485283523797989","121","121","121"
"12299","0.14128103852272034","0.14128103852272034","0.14128103852272034","122","122","122"
"12399","0.13926491141319275","0.13926491141319275","0.13926491141319275","123","123","123"
"12499","0.1460869014263153","0.1460869014263153","0.1460869014263153","124","124","124"
"12599","0.14792510867118835","0.14792510867118835","0.14792510867118835","125","125","125"
"12699","0.14992547035217285","0.14992547035217285","0.14992547035217285","126","126","126"
"12799","0.1442641168832779","0.1442641168832779","0.1442641168832779","127","127","127"
"12899","0.14300455152988434","0.14300455152988434","0.14300455152988434","128","128","128"
"12999","0.14886252582073212","0.14886252582073212","0.14886252582073212","129","129","129"
"13099","0.14173723757266998","0.14173723757266998","0.14173723757266998","130","130","130"
"13199","0.1434258669614792","0.1434258669614792","0.1434258669614792","131","131","131"
"13299","0.14114750921726227","0.14114750921726227","0.14114750921726227","132","132","132"
"13399","0.14140726625919342","0.14140726625919342","0.14140726625919342","133","133","133"
"13499","0.14309673011302948","0.14309673011302948","0.14309673011302948","134","134","134"
"13599","0.14391779899597168","0.14391779899597168","0.14391779899597168","135","135","135"
"13699","0.14023946225643158","0.14023946225643158","0.14023946225643158","136","136","136"
"13799","0.1442258059978485","0.1442258059978485","0.1442258059978485","137","137","137"
"13899","0.13671354949474335","0.13671354949474335","0.13671354949474335","138","138","138"
"13999","0.14084550738334656","0.14084550738334656","0.14084550738334656","139","139","139"
"14099","0.1406816840171814","0.1406816840171814","0.1406816840171814","140","140","140"
"14199","0.1447012573480606","0.1447012573480606","0.1447012573480606","141","141","141"
"14299","0.13916265964508057","0.13916265964508057","0.13916265964508057","142","142","142"
"14399","0.14267171919345856","0.14267171919345856","0.14267171919345856","143","143","143"
"14499","0.13933248817920685","0.13933248817920685","0.13933248817920685","144","144","144"
"14599","0.13874486088752747","0.13874486088752747","0.13874486088752747","145","145","145"
"14699","0.1406281292438507","0.1406281292438507","0.1406281292438507","146","146","146"
"14799","0.14410772919654846","0.14410772919654846","0.14410772919654846","147","147","147"
"14899","0.14407692849636078","0.14407692849636078","0.14407692849636078","148","148","148"
"14999","0.1387353390455246","0.1387353390455246","0.1387353390455246","149","149","149"
"15099","0.1375468224287033","0.1375468224287033","0.1375468224287033","150","150","150"
"15199","0.14455407857894897","0.14455407857894897","0.14455407857894897","151","151","151"
"15299","0.1350678950548172","0.1350678950548172","0.1350678950548172","152","152","152"
"15399","0.13829617202281952","0.13829617202281952","0.13829617202281952","153","153","153"
"15499","0.1396409422159195","0.1396409422159195","0.1396409422159195","154","154","154"
"15599","0.13956137001514435","0.13956137001514435","0.13956137001514435","155","155","155"
"15699","0.14814415574073792","0.14814415574073792","0.14814415574073792","156","156","156"
"15799","0.14424195885658264","0.14424195885658264","0.14424195885658264","157","157","157"
"15899","0.14245037734508514","0.14245037734508514","0.14245037734508514","158","158","158"
"15999","0.13695478439331055","0.13695478439331055","0.13695478439331055","159","159","159"
"16099","0.13749559223651886","0.13749559223651886","0.13749559223651886","160","160","160"
"16199","0.1404600292444229","0.1404600292444229","0.1404600292444229","161","161","161"
"16299","0.1368740051984787","0.1368740051984787","0.1368740051984787","162","162","162"
"16399","0.1400637924671173","0.1400637924671173","0.1400637924671173","163","163","163"
"16499","0.1373475342988968","0.1373475342988968","0.1373475342988968","164","164","164"
"16599","0.14449474215507507","0.14449474215507507","0.14449474215507507","165","165","165"
"16699","0.13905906677246094","0.13905906677246094","0.13905906677246094","166","166","166"
"16799","0.13155187666416168","0.13155187666416168","0.13155187666416168","167","167","167"
"16899","0.1396636813879013","0.1396636813879013","0.1396636813879013","168","168","168"
"16999","0.13777965307235718","0.13777965307235718","0.13777965307235718","169","169","169"
"17099","0.1402050256729126","0.1402050256729126","0.1402050256729126","170","170","170"
"17199","0.13894902169704437","0.13894902169704437","0.13894902169704437","171","171","171"
"17299","0.14176787436008453","0.14176787436008453","0.14176787436008453","172","172","172"
"17399","0.13645322620868683","0.13645322620868683","0.13645322620868683","173","173","173"
"17499","0.13231396675109863","0.13231396675109863","0.13231396675109863","174","174","174"
"17599","0.13693194091320038","0.13693194091320038","0.13693194091320038","175","175","175"
"17699","0.13981305062770844","0.13981305062770844","0.13981305062770844","176","176","176"
"17799","0.14073465764522552","0.14073465764522552","0.14073465764522552","177","177","177"
"17899","0.13646246492862701","0.13646246492862701","0.13646246492862701","178","178","178"
"17999","0.13640260696411133","0.13640260696411133","0.13640260696411133","179","179","179"
"18099","0.13660410046577454","0.13660410046577454","0.13660410046577454","180","180","180"
"18199","0.1367727667093277","0.1367727667093277","0.1367727667093277","181","181","181"
"18299","0.14131584763526917","0.14131584763526917","0.14131584763526917","182","182","182"
"18399","0.1338353455066681","0.1338353455066681","0.1338353455066681","183","183","183"
"18499","0.13518664240837097","0.13518664240837097","0.13518664240837097","184","184","184"
"18599","0.13973475992679596","0.13973475992679596","0.13973475992679596","185","185","185"
"18699","0.14160336554050446","0.14160336554050446","0.14160336554050446","186","186","186"
"18799","0.13437685370445251","0.13437685370445251","0.13437685370445251","187","187","187"
"18899","0.14116720855236053","0.14116720855236053","0.14116720855236053","188","188","188"
"18999","0.13614578545093536","0.13614578545093536","0.13614578545093536","189","189","189"
"19099","0.1341024935245514","0.1341024935245514","0.1341024935245514","190","190","190"
"19199","0.13805876672267914","0.13805876672267914","0.13805876672267914","191","191","191"
"19299","0.1346379518508911","0.1346379518508911","0.1346379518508911","192","192","192"
"19399","0.13592763245105743","0.13592763245105743","0.13592763245105743","193","193","193"
"19499","0.13544170558452606","0.13544170558452606","0.13544170558452606","194","194","194"
"19599","0.14081993699073792","0.14081993699073792","0.14081993699073792","195","195","195"
"19699","0.13521425426006317","0.13521425426006317","0.13521425426006317","196","196","196"
"19799","0.13788428902626038","0.13788428902626038","0.13788428902626038","197","197","197"
"19899","0.1404941827058792","0.1404941827058792","0.1404941827058792","198","198","198"
"19999","0.13558854162693024","0.13558854162693024","0.13558854162693024","199","199","199"
"20099","0.13585911691188812","0.13585911691188812","0.13585911691188812","200","200","200"
"20199","0.13885240256786346","0.13885240256786346","0.13885240256786346","201","201","201"
"20299","0.13562169671058655","0.13562169671058655","0.13562169671058655","202","202","202"
"20399","0.1329033374786377","0.1329033374786377","0.1329033374786377","203","203","203"
"20499","0.13815510272979736","0.13815510272979736","0.13815510272979736","204","204","204"
"20599","0.14168474078178406","0.14168474078178406","0.14168474078178406","205","205","205"
"20699","0.142147034406662","0.142147034406662","0.142147034406662","206","206","206"
"20799","0.13731679320335388","0.13731679320335388","0.13731679320335388","207","207","207"
"20899","0.13282209634780884","0.13282209634780884","0.13282209634780884","208","208","208"
"20999","0.13734044134616852","0.13734044134616852","0.13734044134616852","209","209","209"
"21099","0.13987067341804504","0.13987067341804504","0.13987067341804504","210","210","210"
"21199","0.1331150233745575","0.1331150233745575","0.1331150233745575","211","211","211"
"21299","0.1395193636417389","0.1395193636417389","0.1395193636417389","212","212","212"
"21399","0.1367558389902115","0.1367558389902115","0.1367558389902115","213","213","213"
"21499","0.13497306406497955","0.13497306406497955","0.13497306406497955","214","214","214"
"21599","0.13527770340442657","0.13527770340442657","0.13527770340442657","215","215","215"
"21699","0.13789178431034088","0.13789178431034088","0.13789178431034088","216","216","216"
"21799","0.1424141824245453","0.1424141824245453","0.1424141824245453","217","217","217"
"21899","0.1388138085603714","0.1388138085603714","0.1388138085603714","218","218","218"
"21999","0.13737638294696808","0.13737638294696808","0.13737638294696808","219","219","219"
"22099","0.13408483564853668","0.13408483564853668","0.13408483564853668","220","220","220"
"22199","0.12791703641414642","0.12791703641414642","0.12791703641414642","221","221","221"
"22299","0.1379038691520691","0.1379038691520691","0.1379038691520691","222","222","222"
"22399","0.13352088630199432","0.13352088630199432","0.13352088630199432","223","223","223"
"22499","0.13591645658016205","0.13591645658016205","0.13591645658016205","224","224","224"
"22599","0.14022420346736908","0.14022420346736908","0.14022420346736908","225","225","225"
"22699","0.13678516447544098","0.13678516447544098","0.13678516447544098","226","226","226"
"22799","0.13555867969989777","0.13555867969989777","0.13555867969989777","227","227","227"
"22899","0.13471516966819763","0.13471516966819763","0.13471516966819763","228","228","228"
"22999","0.13427047431468964","0.13427047431468964","0.13427047431468964","229","229","229"
"23099","0.1327233612537384","0.1327233612537384","0.1327233612537384","230","230","230"
"23199","0.1335218846797943","0.1335218846797943","0.1335218846797943","231","231","231"
"23299","0.143006831407547","0.143006831407547","0.143006831407547","232","232","232"
"23399","0.14139534533023834","0.14139534533023834","0.14139534533023834","233","233","233"
"23499","0.13745398819446564","0.13745398819446564","0.13745398819446564","234","234","234"
"23599","0.1325129270553589","0.1325129270553589","0.1325129270553589","235","235","235"
"23699","0.13485988974571228","0.13485988974571228","0.13485988974571228","236","236","236"
"23799","0.13742130994796753","0.13742130994796753","0.13742130994796753","237","237","237"
"23899","0.13693100214004517","0.13693100214004517","0.13693100214004517","238","238","238"
"23999","0.14089657366275787","0.14089657366275787","0.14089657366275787","239","239","239"
"24099","0.13678498566150665","0.13678498566150665","0.13678498566150665","240","240","240"
"24199","0.12922346591949463","0.12922346591949463","0.12922346591949463","241","241","241"
"24299","0.13482198119163513","0.13482198119163513","0.13482198119163513","242","242","242"
"24399","0.12958863377571106","0.12958863377571106","0.12958863377571106","243","243","243"
"24499","0.13245311379432678","0.13245311379432678","0.13245311379432678","244","244","244"
"24599","0.12835317850112915","0.12835317850112915","0.12835317850112915","245","245","245"
"24699","0.1296691745519638","0.1296691745519638","0.1296691745519638","246","246","246"
"24799","0.13681751489639282","0.13681751489639282","0.13681751489639282","247","247","247"
"24899","0.13680464029312134","0.13680464029312134","0.13680464029312134","248","248","248"
"24999","0.13742320239543915","0.13742320239543915","0.13742320239543915","249","249","249"
"25099","0.1375596672296524","0.1375596672296524","0.1375596672296524","250","250","250"
"25199","0.13243670761585236","0.13243670761585236","0.13243670761585236","251","251","251"
"25299","0.13527953624725342","0.13527953624725342","0.13527953624725342","252","252","252"
"25399","0.1364164650440216","0.1364164650440216","0.1364164650440216","253","253","253"
"25499","0.1322624534368515","0.1322624534368515","0.1322624534368515","254","254","254"
"25599","0.12804870307445526","0.12804870307445526","0.12804870307445526","255","255","255"
"25699","0.14469917118549347","0.14469917118549347","0.14469917118549347","256","256","256"
"25799","0.12861286103725433","0.12861286103725433","0.12861286103725433","257","257","257"
"25899","0.1351594775915146","0.1351594775915146","0.1351594775915146","258","258","258"
"25999","0.13641668856143951","0.13641668856143951","0.13641668856143951","259","259","259"
"26099","0.1382763534784317","0.1382763534784317","0.1382763534784317","260","260","260"
"26199","0.13524964451789856","0.13524964451789856","0.13524964451789856","261","261","261"
"26299","0.13461029529571533","0.13461029529571533","0.13461029529571533","262","262","262"
"26399","0.1306368112564087","0.1306368112564087","0.1306368112564087","263","263","263"
"26499","0.1333608627319336","0.1333608627319336","0.1333608627319336","264","264","264"
"26599","0.13393712043762207","0.13393712043762207","0.13393712043762207","265","265","265"
"26699","0.13895905017852783","0.13895905017852783","0.13895905017852783","266","266","266"
"26799","0.13515381515026093","0.13515381515026093","0.13515381515026093","267","267","267"
"26899","0.13770513236522675","0.13770513236522675","0.13770513236522675","268","268","268"
"26999","0.13180024921894073","0.13180024921894073","0.13180024921894073","269","269","269"
"27099","0.13642029464244843","0.13642029464244843","0.13642029464244843","270","270","270"
"27199","0.13940151035785675","0.13940151035785675","0.13940151035785675","271","271","271"
"27299","0.13351042568683624","0.13351042568683624","0.13351042568683624","272","272","272"
"27399","0.1288977563381195","0.1288977563381195","0.1288977563381195","273","273","273"
"27499","0.13241460919380188","0.13241460919380188","0.13241460919380188","274","274","274"
"27599","0.1367368996143341","0.1367368996143341","0.1367368996143341","275","275","275"
"27699","0.13357621431350708","0.13357621431350708","0.13357621431350708","276","276","276"
"27799","0.13373591005802155","0.13373591005802155","0.13373591005802155","277","277","277"
"27899","0.13432547450065613","0.13432547450065613","0.13432547450065613","278","278","278"
"27999","0.13267342746257782","0.13267342746257782","0.13267342746257782","279","279","279"
"28099","0.13449999690055847","0.13449999690055847","0.13449999690055847","280","280","280"
"28199","0.1337423324584961","0.1337423324584961","0.1337423324584961","281","281","281"
"28299","0.13373251259326935","0.13373251259326935","0.13373251259326935","282","282","282"
"28399","0.13059140741825104","0.13059140741825104","0.13059140741825104","283","283","283"
"28499","0.13355864584445953","0.13355864584445953","0.13355864584445953","284","284","284"
"28599","0.125737264752388","0.125737264752388","0.125737264752388","285","285","285"
"28699","0.1370447725057602","0.1370447725057602","0.1370447725057602","286","286","286"
"28799","0.13262072205543518","0.13262072205543518","0.13262072205543518","287","287","287"
"28899","0.13324692845344543","0.13324692845344543","0.13324692845344543","288","288","288"
"28999","0.1323891580104828","0.1323891580104828","0.1323891580104828","289","289","289"
"29099","0.1347235143184662","0.1347235143184662","0.1347235143184662","290","290","290"
"29199","0.1375955194234848","0.1375955194234848","0.1375955194234848","291","291","291"
"29299","0.1359797716140747","0.1359797716140747","0.1359797716140747","292","292","292"
"29399","0.13211014866828918","0.13211014866828918","0.13211014866828918","293","293","293"
"29499","0.13471628725528717","0.13471628725528717","0.13471628725528717","294","294","294"
"29599","0.12657012045383453","0.12657012045383453","0.12657012045383453","295","295","295"
"29699","0.13413116335868835","0.13413116335868835","0.13413116335868835","296","296","296"
"29799","0.13349802792072296","0.13349802792072296","0.13349802792072296","297","297","297"
"29899","0.13485175371170044","0.13485175371170044","0.13485175371170044","298","298","298"
"29999","0.13672900199890137","0.13672900199890137","0.13672900199890137","299","299","299"
"30099","0.13143587112426758","0.13143587112426758","0.13143587112426758","300","300","300"
"30199","0.13222137093544006","0.13222137093544006","0.13222137093544006","301","301","301"
"30299","0.1318942904472351","0.1318942904472351","0.1318942904472351","302","302","302"
"30399","0.13640958070755005","0.13640958070755005","0.13640958070755005","303","303","303"
"30499","0.13206760585308075","0.13206760585308075","0.13206760585308075","304","304","304"
"30599","0.1292399764060974","0.1292399764060974","0.1292399764060974","305","305","305"
"30699","0.13646984100341797","0.13646984100341797","0.13646984100341797","306","306","306"
"30799","0.13218817114830017","0.13218817114830017","0.13218817114830017","307","307","307"
"30899","0.12874369323253632","0.12874369323253632","0.12874369323253632","308","308","308"
"30999","0.13442285358905792","0.13442285358905792","0.13442285358905792","309","309","309"
"31099","0.1287432760000229","0.1287432760000229","0.1287432760000229","310","310","310"
"31199","0.13138346374034882","0.13138346374034882","0.13138346374034882","311","311","311"
"31299","0.13146089017391205","0.13146089017391205","0.13146089017391205","312","312","312"
"31399","0.1365814208984375","0.1365814208984375","0.1365814208984375","313","313","313"
"31499","0.12709401547908783","0.12709401547908783","0.12709401547908783","314","314","314"
"31599","0.1332469880580902","0.1332469880580902","0.1332469880580902","315","315","315"
"31699","0.1370660960674286","0.1370660960674286","0.1370660960674286","316","316","316"
"31799","0.13291746377944946","0.13291746377944946","0.13291746377944946","317","317","317"
"31899","0.13909493386745453","0.13909493386745453","0.13909493386745453","318","318","318"
"31999","0.13018757104873657","0.13018757104873657","0.13018757104873657","319","319","319"
"32099","0.13194359838962555","0.13194359838962555","0.13194359838962555","320","320","320"
"32199","0.13783429563045502","0.13783429563045502","0.13783429563045502","321","321","321"
"32299","0.1314467340707779","0.1314467340707779","0.1314467340707779","322","322","322"
"32399","0.13655169308185577","0.13655169308185577","0.13655169308185577","323","323","323"
"32499","0.13080069422721863","0.13080069422721863","0.13080069422721863","324","324","324"
"32599","0.12732981145381927","0.12732981145381927","0.12732981145381927","325","325","325"
"32699","0.1372738629579544","0.1372738629579544","0.1372738629579544","326","326","326"
"32799","0.1318095177412033","0.1318095177412033","0.1318095177412033","327","327","327"
"32899","0.13591156899929047","0.13591156899929047","0.13591156899929047","328","328","328"
"32999","0.12533938884735107","0.12533938884735107","0.12533938884735107","329","329","329"
"33099","0.1326245814561844","0.1326245814561844","0.1326245814561844","330","330","330"
"33199","0.1305301934480667","0.1305301934480667","0.1305301934480667","331","331","331"
"33299","0.12857291102409363","0.12857291102409363","0.12857291102409363","332","332","332"
"33399","0.12639442086219788","0.12639442086219788","0.12639442086219788","333","333","333"
"33499","0.13139137625694275","0.13139137625694275","0.13139137625694275","334","334","334"
"33599","0.1304178237915039","0.1304178237915039","0.1304178237915039","335","335","335"
"33699","0.1356562077999115","0.1356562077999115","0.1356562077999115","336","336","336"
"33799","0.12966041266918182","0.12966041266918182","0.12966041266918182","337","337","337"
"33899","0.12985999882221222","0.12985999882221222","0.12985999882221222","338","338","338"
"33999","0.13176287710666656","0.13176287710666656","0.13176287710666656","339","339","339"
"34099","0.133958637714386","0.133958637714386","0.133958637714386","340","340","340"
"34199","0.13365601003170013","0.13365601003170013","0.13365601003170013","341","341","341"
"34299","0.1309433877468109","0.1309433877468109","0.1309433877468109","342","342","342"
"34399","0.1306777149438858","0.1306777149438858","0.1306777149438858","343","343","343"
"34499","0.1293262541294098","0.1293262541294098","0.1293262541294098","344","344","344"
"34599","0.13247324526309967","0.13247324526309967","0.13247324526309967","345","345","345"
"34699","0.1339266300201416","0.1339266300201416","0.1339266300201416","346","346","346"
"34799","0.12521132826805115","0.12521132826805115","0.12521132826805115","347","347","347"
"34899","0.12833601236343384","0.12833601236343384","0.12833601236343384","348","348","348"
"34999","0.12951576709747314","0.12951576709747314","0.12951576709747314","349","349","349"
"35099","0.129169300198555","0.129169300198555","0.129169300198555","350","350","350"
"35199","0.1298368126153946","0.1298368126153946","0.1298368126153946","351","351","351"
"35299","0.1362021565437317","0.1362021565437317","0.1362021565437317","352","352","352"
"35399","0.1288621723651886","0.1288621723651886","0.1288621723651886","353","353","353"
"35499","0.1296423226594925","0.1296423226594925","0.1296423226594925","354","354","354"
"35599","0.13383594155311584","0.13383594155311584","0.13383594155311584","355","355","355"
"35699","0.1320185512304306","0.1320185512304306","0.1320185512304306","356","356","356"
"35799","0.12874285876750946","0.12874285876750946","0.12874285876750946","357","357","357"
"35899","0.12439186125993729","0.12439186125993729","0.12439186125993729","358","358","358"
"35999","0.13067400455474854","0.13067400455474854","0.13067400455474854","359","359","359"
"36099","0.13039718568325043","0.13039718568325043","0.13039718568325043","360","360","360"
"36199","0.13053393363952637","0.13053393363952637","0.13053393363952637","361","361","361"
"36299","0.13701963424682617","0.13701963424682617","0.13701963424682617","362","362","362"
"36399","0.12664242088794708","0.12664242088794708","0.12664242088794708","363","363","363"
"36499","0.1305624544620514","0.1305624544620514","0.1305624544620514","364","364","364"
"36599","0.12418004870414734","0.12418004870414734","0.12418004870414734","365","365","365"
"36699","0.13029666244983673","0.13029666244983673","0.13029666244983673","366","366","366"
"36799","0.13044323027133942","0.13044323027133942","0.13044323027133942","367","367","367"
"36899","0.1238386332988739","0.1238386332988739","0.1238386332988739","368","368","368"
"36999","0.13200649619102478","0.13200649619102478","0.13200649619102478","369","369","369"
"37099","0.12569472193717957","0.12569472193717957","0.12569472193717957","370","370","370"
"37199","0.13166488707065582","0.13166488707065582","0.13166488707065582","371","371","371"
"37299","0.13351862132549286","0.13351862132549286","0.13351862132549286","372","372","372"
"37399","0.13275234401226044","0.13275234401226044","0.13275234401226044","373","373","373"
"37499","0.13355399668216705","0.13355399668216705","0.13355399668216705","374","374","374"
"37599","0.13079297542572021","0.13079297542572021","0.13079297542572021","375","375","375"
"37699","0.12950018048286438","0.12950018048286438","0.12950018048286438","376","376","376"
"37799","0.12338253855705261","0.12338253855705261","0.12338253855705261","377","377","377"
"37899","0.12884409725666046","0.12884409725666046","0.12884409725666046","378","378","378"
"37999","0.13078400492668152","0.13078400492668152","0.13078400492668152","379","379","379"
"38099","0.12959323823451996","0.12959323823451996","0.12959323823451996","380","380","380"
"38199","0.1301695853471756","0.1301695853471756","0.1301695853471756","381","381","381"
"38299","0.13040979206562042","0.13040979206562042","0.13040979206562042","382","382","382"
"38399","0.12579181790351868","0.12579181790351868","0.12579181790351868","383","383","383"
"38499","0.13651835918426514","0.13651835918426514","0.13651835918426514","384","384","384"
"38599","0.13339534401893616","0.13339534401893616","0.13339534401893616","385","385","385"
"38699","0.12658874690532684","0.12658874690532684","0.12658874690532684","386","386","386"
"38799","0.12935547530651093","0.12935547530651093","0.12935547530651093","387","387","387"
"38899","0.13783787190914154","0.13783787190914154","0.13783787190914154","388","388","388"
"38999","0.1320885568857193","0.1320885568857193","0.1320885568857193","389","389","389"
"39099","0.1295897662639618","0.1295897662639618","0.1295897662639618","390","390","390"
"39199","0.1359381526708603","0.1359381526708603","0.1359381526708603","391","391","391"
"39299","0.12730921804904938","0.12730921804904938","0.12730921804904938","392","392","392"
"39399","0.12657879292964935","0.12657879292964935","0.12657879292964935","393","393","393"
"39499","0.1287143975496292","0.1287143975496292","0.1287143975496292","394","394","394"
"39599","0.1302676796913147","0.1302676796913147","0.1302676796913147","395","395","395"
"39699","0.1343342363834381","0.1343342363834381","0.1343342363834381","396","396","396"
"39799","0.12628944218158722","0.12628944218158722","0.12628944218158722","397","397","397"
"39899","0.13002942502498627","0.13002942502498627","0.13002942502498627","398","398","398"
"39999","0.13374975323677063","0.13374975323677063","0.13374975323677063","399","399","399"
"40099","0.13430257141590118","0.13430257141590118","0.13430257141590118","400","400","400"
"40199","0.13276407122612","0.13276407122612","0.13276407122612","401","401","401"
"40299","0.12402484565973282","0.12402484565973282","0.12402484565973282","402","402","402"
"40399","0.12316090613603592","0.12316090613603592","0.12316090613603592","403","403","403"
"40499","0.1292552649974823","0.1292552649974823","0.1292552649974823","404","404","404"
"40599","0.12488744407892227","0.12488744407892227","0.12488744407892227","405","405","405"
"40699","0.13353481888771057","0.13353481888771057","0.13353481888771057","406","406","406"
"40799","0.13601012527942657","0.13601012527942657","0.13601012527942657","407","407","407"
"40899","0.13498921692371368","0.13498921692371368","0.13498921692371368","408","408","408"
"40999","0.13309220969676971","0.13309220969676971","0.13309220969676971","409","409","409"
"41099","0.126490518450737","0.126490518450737","0.126490518450737","410","410","410"
"41199","0.13254064321517944","0.13254064321517944","0.13254064321517944","411","411","411"
"41299","0.1289481520652771","0.1289481520652771","0.1289481520652771","412","412","412"
"41399","0.12415425479412079","0.12415425479412079","0.12415425479412079","413","413","413"
"41499","0.12301306426525116","0.12301306426525116","0.12301306426525116","414","414","414"
"41599","0.12905269861221313","0.12905269861221313","0.12905269861221313","415","415","415"
"41699","0.13107874989509583","0.13107874989509583","0.13107874989509583","416","416","416"
"41799","0.12543296813964844","0.12543296813964844","0.12543296813964844","417","417","417"
"41899","0.12616966664791107","0.12616966664791107","0.12616966664791107","418","418","418"
"41999","0.13141334056854248","0.13141334056854248","0.13141334056854248","419","419","419"
"42099","0.13383848965168","0.13383848965168","0.13383848965168","420","420","420"
"42199","0.13086920976638794","0.13086920976638794","0.13086920976638794","421","421","421"
"42299","0.12914010882377625","0.12914010882377625","0.12914010882377625","422","422","422"
"42399","0.1299293488264084","0.1299293488264084","0.1299293488264084","423","423","423"
"42499","0.1371854841709137","0.1371854841709137","0.1371854841709137","424","424","424"
"42599","0.12831659615039825","0.12831659615039825","0.12831659615039825","425","425","425"
"42699","0.1245005875825882","0.1245005875825882","0.1245005875825882","426","426","426"
"42799","0.1309797763824463","0.1309797763824463","0.1309797763824463","427","427","427"
"42899","0.12855401635169983","0.12855401635169983","0.12855401635169983","428","428","428"
"42999","0.13009518384933472","0.13009518384933472","0.13009518384933472","429","429","429"
"43099","0.12891046702861786","0.12891046702861786","0.12891046702861786","430","430","430"
"43199","0.1283385008573532","0.1283385008573532","0.1283385008573532","431","431","431"
"43299","0.12261674553155899","0.12261674553155899","0.12261674553155899","432","432","432"
"43399","0.12638604640960693","0.12638604640960693","0.12638604640960693","433","433","433"
"43499","0.1350565105676651","0.1350565105676651","0.1350565105676651","434","434","434"
"43599","0.13141164183616638","0.13141164183616638","0.13141164183616638","435","435","435"
"43699","0.12521925568580627","0.12521925568580627","0.12521925568580627","436","436","436"
"43799","0.13278637826442719","0.13278637826442719","0.13278637826442719","437","437","437"
"43899","0.14277441799640656","0.14277441799640656","0.14277441799640656","438","438","438"
"43999","0.12752637267112732","0.12752637267112732","0.12752637267112732","439","439","439"
"44099","0.12533409893512726","0.12533409893512726","0.12533409893512726","440","440","440"
"44199","0.13389363884925842","0.13389363884925842","0.13389363884925842","441","441","441"
"44299","0.12392915040254593","0.12392915040254593","0.12392915040254593","442","442","442"
"44399","0.1285867691040039","0.1285867691040039","0.1285867691040039","443","443","443"
"44499","0.13248500227928162","0.13248500227928162","0.13248500227928162","444","444","444"
"44599","0.12602773308753967","0.12602773308753967","0.12602773308753967","445","445","445"
"44699","0.13585206866264343","0.13585206866264343","0.13585206866264343","446","446","446"
"44799","0.12681476771831512","0.12681476771831512","0.12681476771831512","447","447","447"
"44899","0.1253322958946228","0.1253322958946228","0.1253322958946228","448","448","448"
"44999","0.13089606165885925","0.13089606165885925","0.13089606165885925","449","449","449"
"45099","0.12957684695720673","0.12957684695720673","0.12957684695720673","450","450","450"
"45199","0.12791654467582703","0.12791654467582703","0.12791654467582703","451","451","451"
"45299","0.12939491868019104","0.12939491868019104","0.12939491868019104","452","452","452"
"45399","0.13398750126361847","0.13398750126361847","0.13398750126361847","453","453","453"
"45499","0.13160812854766846","0.13160812854766846","0.13160812854766846","454","454","454"
"45599","0.12995688617229462","0.12995688617229462","0.12995688617229462","455","455","455"
"45699","0.12828494608402252","0.12828494608402252","0.12828494608402252","456","456","456"
"45799","0.12851904332637787","0.12851904332637787","0.12851904332637787","457","457","457"
"45899","0.1298203021287918","0.1298203021287918","0.1298203021287918","458","458","458"
"45999","0.13358832895755768","0.13358832895755768","0.13358832895755768","459","459","459"
"46099","0.1288585662841797","0.1288585662841797","0.1288585662841797","460","460","460"
"46199","0.12837845087051392","0.12837845087051392","0.12837845087051392","461","461","461"
"46299","0.1275338977575302","0.1275338977575302","0.1275338977575302","462","462","462"
"46399","0.12477444112300873","0.12477444112300873","0.12477444112300873","463","463","463"
"46499","0.1287258267402649","0.1287258267402649","0.1287258267402649","464","464","464"
"46599","0.133509561419487","0.133509561419487","0.133509561419487","465","465","465"
"46699","0.13503922522068024","0.13503922522068024","0.13503922522068024","466","466","466"
"46799","0.13156455755233765","0.13156455755233765","0.13156455755233765","467","467","467"
"46899","0.12585124373435974","0.12585124373435974","0.12585124373435974","468","468","468"
"46999","0.12119045853614807","0.12119045853614807","0.12119045853614807","469","469","469"
"47099","0.13031858205795288","0.13031858205795288","0.13031858205795288","470","470","470"
"47199","0.12970608472824097","0.12970608472824097","0.12970608472824097","471","471","471"
"47299","0.12893293797969818","0.12893293797969818","0.12893293797969818","472","472","472"
"47399","0.1266784369945526","0.1266784369945526","0.1266784369945526","473","473","473"
"47499","0.13200564682483673","0.13200564682483673","0.13200564682483673","474","474","474"
"47599","0.12243334949016571","0.12243334949016571","0.12243334949016571","475","475","475"
"47699","0.12711907923221588","0.12711907923221588","0.12711907923221588","476","476","476"
"47799","0.12546274065971375","0.12546274065971375","0.12546274065971375","477","477","477"
"47899","0.12162783741950989","0.12162783741950989","0.12162783741950989","478","478","478"
"47999","0.12752863764762878","0.12752863764762878","0.12752863764762878","479","479","479"
"48099","0.13488581776618958","0.13488581776618958","0.13488581776618958","480","480","480"
"48199","0.12555113434791565","0.12555113434791565","0.12555113434791565","481","481","481"
"48299","0.1325199455022812","0.1325199455022812","0.1325199455022812","482","482","482"
"48399","0.13080604374408722","0.13080604374408722","0.13080604374408722","483","483","483"
"48499","0.12831348180770874","0.12831348180770874","0.12831348180770874","484","484","484"
"48599","0.12576650083065033","0.12576650083065033","0.12576650083065033","485","485","485"
"48699","0.12836021184921265","0.12836021184921265","0.12836021184921265","486","486","486"
"48799","0.1335259974002838","0.1335259974002838","0.1335259974002838","487","487","487"
"48899","0.12638616561889648","0.12638616561889648","0.12638616561889648","488","488","488"
"48999","0.13010472059249878","0.13010472059249878","0.13010472059249878","489","489","489"
"49099","0.12945342063903809","0.12945342063903809","0.12945342063903809","490","490","490"
"49199","0.12845677137374878","0.12845677137374878","0.12845677137374878","491","491","491"
"49299","0.13109034299850464","0.13109034299850464","0.13109034299850464","492","492","492"
"49399","0.12460630387067795","0.12460630387067795","0.12460630387067795","493","493","493"
"49499","0.13219144940376282","0.13219144940376282","0.13219144940376282","494","494","494"
"49599","0.13020898401737213","0.13020898401737213","0.13020898401737213","495","495","495"
"49699","0.1354866921901703","0.1354866921901703","0.1354866921901703","496","496","496"
"49799","0.12544316053390503","0.12544316053390503","0.12544316053390503","497","497","497"
"49899","0.12684692442417145","0.12684692442417145","0.12684692442417145","498","498","498"
"49999","0.12504051625728607","0.12504051625728607","0.12504051625728607","499","499","499"
"50099","0.12433725595474243","0.12433725595474243","0.12433725595474243","500","500","500"
"50199","0.1296122670173645","0.1296122670173645","0.1296122670173645","501","501","501"
"50299","0.12553811073303223","0.12553811073303223","0.12553811073303223","502","502","502"
"50399","0.13000799715518951","0.13000799715518951","0.13000799715518951","503","503","503"
"50499","0.1305188238620758","0.1305188238620758","0.1305188238620758","504","504","504"
"50599","0.12846270203590393","0.12846270203590393","0.12846270203590393","505","505","505"
"50699","0.13226772844791412","0.13226772844791412","0.13226772844791412","506","506","506"
"50799","0.13177093863487244","0.13177093863487244","0.13177093863487244","507","507","507"
"50899","0.1341937780380249","0.1341937780380249","0.1341937780380249","508","508","508"
"50999","0.12999801337718964","0.12999801337718964","0.12999801337718964","509","509","509"
"51099","0.12419084459543228","0.12419084459543228","0.12419084459543228","510","510","510"
"51199","0.12825831770896912","0.12825831770896912","0.12825831770896912","511","511","511"
"51299","0.13293230533599854","0.13293230533599854","0.13293230533599854","512","512","512"
"51399","0.1289423406124115","0.1289423406124115","0.1289423406124115","513","513","513"
"51499","0.12322580814361572","0.12322580814361572","0.12322580814361572","514","514","514"
"51599","0.13740067183971405","0.13740067183971405","0.13740067183971405","515","515","515"
"51699","0.12446150183677673","0.12446150183677673","0.12446150183677673","516","516","516"
"51799","0.12136181443929672","0.12136181443929672","0.12136181443929672","517","517","517"
"51899","0.1276208758354187","0.1276208758354187","0.1276208758354187","518","518","518"
"51999","0.12303022295236588","0.12303022295236588","0.12303022295236588","519","519","519"
"52099","0.1283784806728363","0.1283784806728363","0.1283784806728363","520","520","520"
"52199","0.13145853579044342","0.13145853579044342","0.13145853579044342","521","521","521"
"52299","0.12818610668182373","0.12818610668182373","0.12818610668182373","522","522","522"
"52399","0.13031946122646332","0.13031946122646332","0.13031946122646332","523","523","523"
"52499","0.12842582166194916","0.12842582166194916","0.12842582166194916","524","524","524"
"52599","0.12765759229660034","0.12765759229660034","0.12765759229660034","525","525","525"
"52699","0.12135560810565948","0.12135560810565948","0.12135560810565948","526","526","526"
"52799","0.12889525294303894","0.12889525294303894","0.12889525294303894","527","527","527"
"52899","0.12591134011745453","0.12591134011745453","0.12591134011745453","528","528","528"
"52999","0.1267019361257553","0.1267019361257553","0.1267019361257553","529","529","529"
"53099","0.1242108941078186","0.1242108941078186","0.1242108941078186","530","530","530"
"53199","0.12736091017723083","0.12736091017723083","0.12736091017723083","531","531","531"
"53299","0.12886662781238556","0.12886662781238556","0.12886662781238556","532","532","532"
"53399","0.1328486055135727","0.1328486055135727","0.1328486055135727","533","533","533"
"53499","0.12550939619541168","0.12550939619541168","0.12550939619541168","534","534","534"
"53599","0.12121855467557907","0.12121855467557907","0.12121855467557907","535","535","535"
"53699","0.12289150804281235","0.12289150804281235","0.12289150804281235","536","536","536"
"53799","0.127869114279747","0.127869114279747","0.127869114279747","537","537","537"
"53899","0.12983395159244537","0.12983395159244537","0.12983395159244537","538","538","538"
"53999","0.1320236325263977","0.1320236325263977","0.1320236325263977","539","539","539"
"54099","0.12858423590660095","0.12858423590660095","0.12858423590660095","540","540","540"
"54199","0.12783598899841309","0.12783598899841309","0.12783598899841309","541","541","541"
"54299","0.12415026873350143","0.12415026873350143","0.12415026873350143","542","542","542"
"54399","0.13031715154647827","0.13031715154647827","0.13031715154647827","543","543","543"
"54499","0.12576600909233093","0.12576600909233093","0.12576600909233093","544","544","544"
"54599","0.1309323012828827","0.1309323012828827","0.1309323012828827","545","545","545"
"54699","0.12221571058034897","0.12221571058034897","0.12221571058034897","546","546","546"
"54799","0.13195978105068207","0.13195978105068207","0.13195978105068207","547","547","547"
"54899","0.12747150659561157","0.12747150659561157","0.12747150659561157","548","548","548"
"54999","0.12633824348449707","0.12633824348449707","0.12633824348449707","549","549","549"
"55099","0.12509095668792725","0.12509095668792725","0.12509095668792725","550","550","550"
"55199","0.12507936358451843","0.12507936358451843","0.12507936358451843","551","551","551"
"55299","0.12666946649551392","0.12666946649551392","0.12666946649551392","552","552","552"
"55399","0.12370665371417999","0.12370665371417999","0.12370665371417999","553","553","553"
"55499","0.12952649593353271","0.12952649593353271","0.12952649593353271","554","554","554"
"55599","0.13313208520412445","0.13313208520412445","0.13313208520412445","555","555","555"
"55699","0.12932193279266357","0.12932193279266357","0.12932193279266357","556","556","556"
"55799","0.13497252762317657","0.13497252762317657","0.13497252762317657","557","557","557"
"55899","0.12702737748622894","0.12702737748622894","0.12702737748622894","558","558","558"
"55999","0.12344945222139359","0.12344945222139359","0.12344945222139359","559","559","559"
"56099","0.13035397231578827","0.13035397231578827","0.13035397231578827","560","560","560"
"56199","0.12625575065612793","0.12625575065612793","0.12625575065612793","561","561","561"
"56299","0.12997318804264069","0.12997318804264069","0.12997318804264069","562","562","562"
"56399","0.1228593960404396","0.1228593960404396","0.1228593960404396","563","563","563"
"56499","0.12448624521493912","0.12448624521493912","0.12448624521493912","564","564","564"
"56599","0.12815964221954346","0.12815964221954346","0.12815964221954346","565","565","565"
"56699","0.12489669024944305","0.12489669024944305","0.12489669024944305","566","566","566"
"56799","0.1289643794298172","0.1289643794298172","0.1289643794298172","567","567","567"
"56899","0.1259593367576599","0.1259593367576599","0.1259593367576599","568","568","568"
"56999","0.1356649398803711","0.1356649398803711","0.1356649398803711","569","569","569"
"57099","0.12812907993793488","0.12812907993793488","0.12812907993793488","570","570","570"
"57199","0.1238805279135704","0.1238805279135704","0.1238805279135704","571","571","571"
"57299","0.1261105239391327","0.1261105239391327","0.1261105239391327","572","572","572"
"57399","0.12692561745643616","0.12692561745643616","0.12692561745643616","573","573","573"
"57499","0.12926225364208221","0.12926225364208221","0.12926225364208221","574","574","574"
"57599","0.12860959768295288","0.12860959768295288","0.12860959768295288","575","575","575"
"57699","0.12487266212701797","0.12487266212701797","0.12487266212701797","576","576","576"
"57799","0.13260440528392792","0.13260440528392792","0.13260440528392792","577","577","577"
"57899","0.12311359494924545","0.12311359494924545","0.12311359494924545","578","578","578"
"57999","0.1272640824317932","0.1272640824317932","0.1272640824317932","579","579","579"
"58099","0.12108983844518661","0.12108983844518661","0.12108983844518661","580","580","580"
"58199","0.12970097362995148","0.12970097362995148","0.12970097362995148","581","581","581"
"58299","0.13006970286369324","0.13006970286369324","0.13006970286369324","582","582","582"
"58399","0.12231563031673431","0.12231563031673431","0.12231563031673431","583","583","583"
"58499","0.13000084459781647","0.13000084459781647","0.13000084459781647","584","584","584"
"58599","0.1262717843055725","0.1262717843055725","0.1262717843055725","585","585","585"
"58699","0.13302940130233765","0.13302940130233765","0.13302940130233765","586","586","586"
"58799","0.12408559024333954","0.12408559024333954","0.12408559024333954","587","587","587"
"58899","0.12744736671447754","0.12744736671447754","0.12744736671447754","588","588","588"
"58999","0.12708164751529694","0.12708164751529694","0.12708164751529694","589","589","589"
"59099","0.12699204683303833","0.12699204683303833","0.12699204683303833","590","590","590"
"59199","0.13081267476081848","0.13081267476081848","0.13081267476081848","591","591","591"
"59299","0.12110873311758041","0.12110873311758041","0.12110873311758041","592","592","592"
"59399","0.12935121357440948","0.12935121357440948","0.12935121357440948","593","593","593"
"59499","0.12541460990905762","0.12541460990905762","0.12541460990905762","594","594","594"
"59599","0.12853410840034485","0.12853410840034485","0.12853410840034485","595","595","595"
"59699","0.1225300282239914","0.1225300282239914","0.1225300282239914","596","596","596"
"59799","0.12626971304416656","0.12626971304416656","0.12626971304416656","597","597","597"
"59899","0.12193134427070618","0.12193134427070618","0.12193134427070618","598","598","598"
"59999","0.1243927925825119","0.1243927925825119","0.1243927925825119","599","599","599"
"60099","0.1219516173005104","0.1219516173005104","0.1219516173005104","600","600","600"
"60199","0.12726406753063202","0.12726406753063202","0.12726406753063202","601","601","601"
"60299","0.12850269675254822","0.12850269675254822","0.12850269675254822","602","602","602"
"60399","0.12201061844825745","0.12201061844825745","0.12201061844825745","603","603","603"
"60499","0.12767690420150757","0.12767690420150757","0.12767690420150757","604","604","604"
"60599","0.11938454955816269","0.11938454955816269","0.11938454955816269","605","605","605"
"60699","0.12206240743398666","0.12206240743398666","0.12206240743398666","606","606","606"
"60799","0.12257596105337143","0.12257596105337143","0.12257596105337143","607","607","607"
"60899","0.1254338175058365","0.1254338175058365","0.1254338175058365","608","608","608"
"60999","0.1227446123957634","0.1227446123957634","0.1227446123957634","609","609","609"
"61099","0.127019464969635","0.127019464969635","0.127019464969635","610","610","610"
"61199","0.12289456278085709","0.12289456278085709","0.12289456278085709","611","611","611"
"61299","0.1310533583164215","0.1310533583164215","0.1310533583164215","612","612","612"
"61399","0.12376286089420319","0.12376286089420319","0.12376286089420319","613","613","613"
"61499","0.12514419853687286","0.12514419853687286","0.12514419853687286","614","614","614"
"61599","0.12750203907489777","0.12750203907489777","0.12750203907489777","615","615","615"
"61699","0.13032452762126923","0.13032452762126923","0.13032452762126923","616","616","616"
"61799","0.13377593457698822","0.13377593457698822","0.13377593457698822","617","617","617"
"61899","0.1274075210094452","0.1274075210094452","0.1274075210094452","618","618","618"
"61999","0.13019391894340515","0.13019391894340515","0.13019391894340515","619","619","619"
"62099","0.12730948626995087","0.12730948626995087","0.12730948626995087","620","620","620"
"62199","0.12596353888511658","0.12596353888511658","0.12596353888511658","621","621","621"
"62299","0.12301478534936905","0.12301478534936905","0.12301478534936905","622","622","622"
"62399","0.12399793416261673","0.12399793416261673","0.12399793416261673","623","623","623"
"62499","0.1281759887933731","0.1281759887933731","0.1281759887933731","624","624","624"
"62599","0.12087718397378922","0.12087718397378922","0.12087718397378922","625","625","625"
"62699","0.1273583322763443","0.1273583322763443","0.1273583322763443","626","626","626"
"62799","0.12292832136154175","0.12292832136154175","0.12292832136154175","627","627","627"
"62899","0.12090209871530533","0.12090209871530533","0.12090209871530533","628","628","628"
"62999","0.12388025969266891","0.12388025969266891","0.12388025969266891","629","629","629"
"63099","0.12882526218891144","0.12882526218891144","0.12882526218891144","630","630","630"
"63199","0.13448576629161835","0.13448576629161835","0.13448576629161835","631","631","631"
"63299","0.12878675758838654","0.12878675758838654","0.12878675758838654","632","632","632"
"63399","0.12592115998268127","0.12592115998268127","0.12592115998268127","633","633","633"
"63499","0.12416855990886688","0.12416855990886688","0.12416855990886688","634","634","634"
"63599","0.12184770405292511","0.12184770405292511","0.12184770405292511","635","635","635"
"63699","0.13345587253570557","0.13345587253570557","0.13345587253570557","636","636","636"
"63799","0.13064703345298767","0.13064703345298767","0.13064703345298767","637","637","637"
"63899","0.12018732726573944","0.12018732726573944","0.12018732726573944","638","638","638"
"63999","0.12519994378089905","0.12519994378089905","0.12519994378089905","639","639","639"
"64099","0.12545469403266907","0.12545469403266907","0.12545469403266907","640","640","640"
"64199","0.12332519888877869","0.12332519888877869","0.12332519888877869","641","641","641"
"64299","0.1325417309999466","0.1325417309999466","0.1325417309999466","642","642","642"
"64399","0.12647093832492828","0.12647093832492828","0.12647093832492828","643","643","643"
"64499","0.1220075786113739","0.1220075786113739","0.1220075786113739","644","644","644"
"64599","0.1286221146583557","0.1286221146583557","0.1286221146583557","645","645","645"
"64699","0.13137978315353394","0.13137978315353394","0.13137978315353394","646","646","646"
"64799","0.12135320156812668","0.12135320156812668","0.12135320156812668","647","647","647"
"64899","0.13430625200271606","0.13430625200271606","0.13430625200271606","648","648","648"
"64999","0.12200212478637695","0.12200212478637695","0.12200212478637695","649","649","649"
"65099","0.12830811738967896","0.12830811738967896","0.12830811738967896","650","650","650"
"65199","0.12676121294498444","0.12676121294498444","0.12676121294498444","651","651","651"
"65299","0.12775453925132751","0.12775453925132751","0.12775453925132751","652","652","652"
"65399","0.13285411894321442","0.13285411894321442","0.13285411894321442","653","653","653"
"65499","0.12736976146697998","0.12736976146697998","0.12736976146697998","654","654","654"
"65599","0.1305692195892334","0.1305692195892334","0.1305692195892334","655","655","655"
"65699","0.12373890727758408","0.12373890727758408","0.12373890727758408","656","656","656"
"65799","0.12371737509965897","0.12371737509965897","0.12371737509965897","657","657","657"
"65899","0.1315041184425354","0.1315041184425354","0.1315041184425354","658","658","658"
"65999","0.1268751174211502","0.1268751174211502","0.1268751174211502","659","659","659"
"66099","0.12724000215530396","0.12724000215530396","0.12724000215530396","660","660","660"
"66199","0.12653334438800812","0.12653334438800812","0.12653334438800812","661","661","661"
"66299","0.12127827852964401","0.12127827852964401","0.12127827852964401","662","662","662"
"66399","0.125361829996109","0.125361829996109","0.125361829996109","663","663","663"
"66499","0.12561355531215668","0.12561355531215668","0.12561355531215668","664","664","664"
"66599","0.12624256312847137","0.12624256312847137","0.12624256312847137","665","665","665"
"66699","0.13412988185882568","0.13412988185882568","0.13412988185882568","666","666","666"
"66799","0.12341974675655365","0.12341974675655365","0.12341974675655365","667","667","667"
"66899","0.12780489027500153","0.12780489027500153","0.12780489027500153","668","668","668"
"66999","0.12449938803911209","0.12449938803911209","0.12449938803911209","669","669","669"
"67099","0.13028667867183685","0.13028667867183685","0.13028667867183685","670","670","670"
"67199","0.1290498524904251","0.1290498524904251","0.1290498524904251","671","671","671"
"67299","0.12780074775218964","0.12780074775218964","0.12780074775218964","672","672","672"
"67399","0.12183433771133423","0.12183433771133423","0.12183433771133423","673","673","673"
"67499","0.12771931290626526","0.12771931290626526","0.12771931290626526","674","674","674"
"67599","0.12434731423854828","0.12434731423854828","0.12434731423854828","675","675","675"
"67699","0.12447384744882584","0.12447384744882584","0.12447384744882584","676","676","676"
"67799","0.13403186202049255","0.13403186202049255","0.13403186202049255","677","677","677"
"67899","0.12943412363529205","0.12943412363529205","0.12943412363529205","678","678","678"
"67999","0.12268580496311188","0.12268580496311188","0.12268580496311188","679","679","679"
"68099","0.128639355301857","0.128639355301857","0.128639355301857","680","680","680"
"68199","0.12443453818559647","0.12443453818559647","0.12443453818559647","681","681","681"
"68299","0.11998233199119568","0.11998233199119568","0.11998233199119568","682","682","682"
"68399","0.1329946517944336","0.1329946517944336","0.1329946517944336","683","683","683"
"68499","0.12480505555868149","0.12480505555868149","0.12480505555868149","684","684","684"
"68599","0.12792959809303284","0.12792959809303284","0.12792959809303284","685","685","685"
"68699","0.12145859003067017","0.12145859003067017","0.12145859003067017","686","686","686"
"68799","0.12396245449781418","0.12396245449781418","0.12396245449781418","687","687","687"
"68899","0.12951870262622833","0.12951870262622833","0.12951870262622833","688","688","688"
"68999","0.12518107891082764","0.12518107891082764","0.12518107891082764","689","689","689"
"69099","0.11977550387382507","0.11977550387382507","0.11977550387382507","690","690","690"
"69199","0.12497981637716293","0.12497981637716293","0.12497981637716293","691","691","691"
"69299","0.12525494396686554","0.12525494396686554","0.12525494396686554","692","692","692"
"69399","0.12141790241003036","0.12141790241003036","0.12141790241003036","693","693","693"
"69499","0.11881909519433975","0.11881909519433975","0.11881909519433975","694","694","694"
"69599","0.12827631831169128","0.12827631831169128","0.12827631831169128","695","695","695"
"69699","0.1199544295668602","0.1199544295668602","0.1199544295668602","696","696","696"
"69799","0.13074427843093872","0.13074427843093872","0.13074427843093872","697","697","697"
"69899","0.12821520864963531","0.12821520864963531","0.12821520864963531","698","698","698"
"69999","0.12261011451482773","0.12261011451482773","0.12261011451482773","699","699","699"
"70099","0.12537720799446106","0.12537720799446106","0.12537720799446106","700","700","700"
"70199","0.12539272010326385","0.12539272010326385","0.12539272010326385","701","701","701"
"70299","0.12064307183027267","0.12064307183027267","0.12064307183027267","702","702","702"
"70399","0.12851141393184662","0.12851141393184662","0.12851141393184662","703","703","703"
"70499","0.12382698804140091","0.12382698804140091","0.12382698804140091","704","704","704"
"70599","0.12074387818574905","0.12074387818574905","0.12074387818574905","705","705","705"
"70699","0.12547291815280914","0.12547291815280914","0.12547291815280914","706","706","706"
"70799","0.1225089505314827","0.1225089505314827","0.1225089505314827","707","707","707"
"70899","0.12741971015930176","0.12741971015930176","0.12741971015930176","708","708","708"
"70999","0.12187029421329498","0.12187029421329498","0.12187029421329498","709","709","709"
"71099","0.12695229053497314","0.12695229053497314","0.12695229053497314","710","710","710"
"71199","0.1244329884648323","0.1244329884648323","0.1244329884648323","711","711","711"
"71299","0.12727926671504974","0.12727926671504974","0.12727926671504974","712","712","712"
"71399","0.12545889616012573","0.12545889616012573","0.12545889616012573","713","713","713"
"71499","0.12300465255975723","0.12300465255975723","0.12300465255975723","714","714","714"
"71599","0.12889671325683594","0.12889671325683594","0.12889671325683594","715","715","715"
"71699","0.1306905299425125","0.1306905299425125","0.1306905299425125","716","716","716"
"71799","0.12229588627815247","0.12229588627815247","0.12229588627815247","717","717","717"
"71899","0.1293979436159134","0.1293979436159134","0.1293979436159134","718","718","718"
"71999","0.12018508464097977","0.12018508464097977","0.12018508464097977","719","719","719"
"72099","0.12567463517189026","0.12567463517189026","0.12567463517189026","720","720","720"
"72199","0.13188070058822632","0.13188070058822632","0.13188070058822632","721","721","721"
"72299","0.13119421899318695","0.13119421899318695","0.13119421899318695","722","722","722"
"72399","0.1337038278579712","0.1337038278579712","0.1337038278579712","723","723","723"
"72499","0.12459462881088257","0.12459462881088257","0.12459462881088257","724","724","724"
"72599","0.12374373525381088","0.12374373525381088","0.12374373525381088","725","725","725"
"72699","0.1297389268875122","0.1297389268875122","0.1297389268875122","726","726","726"
"72799","0.1213725358247757","0.1213725358247757","0.1213725358247757","727","727","727"
"72899","0.12441297620534897","0.12441297620534897","0.12441297620534897","728","728","728"
"72999","0.13039834797382355","0.13039834797382355","0.13039834797382355","729","729","729"
"73099","0.12582099437713623","0.12582099437713623","0.12582099437713623","730","730","730"
"73199","0.12663774192333221","0.12663774192333221","0.12663774192333221","731","731","731"
"73299","0.13188037276268005","0.13188037276268005","0.13188037276268005","732","732","732"
"73399","0.12532399594783783","0.12532399594783783","0.12532399594783783","733","733","733"
"73499","0.12752442061901093","0.12752442061901093","0.12752442061901093","734","734","734"
"73599","0.12212992459535599","0.12212992459535599","0.12212992459535599","735","735","735"
"73699","0.12189434468746185","0.12189434468746185","0.12189434468746185","736","736","736"
"73799","0.11874764412641525","0.11874764412641525","0.11874764412641525","737","737","737"
"73899","0.12346501648426056","0.12346501648426056","0.12346501648426056","738","738","738"
"73999","0.12592357397079468","0.12592357397079468","0.12592357397079468","739","739","739"
"74099","0.1282387524843216","0.1282387524843216","0.1282387524843216","740","740","740"
"74199","0.12183371931314468","0.12183371931314468","0.12183371931314468","741","741","741"
"74299","0.130172461271286","0.130172461271286","0.130172461271286","742","742","742"
"74399","0.12768682837486267","0.12768682837486267","0.12768682837486267","743","743","743"
"74499","0.12354899197816849","0.12354899197816849","0.12354899197816849","744","744","744"
"74599","0.12338415533304214","0.12338415533304214","0.12338415533304214","745","745","745"
"74699","0.12327472120523453","0.12327472120523453","0.12327472120523453","746","746","746"
"74799","0.12074047327041626","0.12074047327041626","0.12074047327041626","747","747","747"
"74899","0.12291064113378525","0.12291064113378525","0.12291064113378525","748","748","748"
"74999","0.12655387818813324","0.12655387818813324","0.12655387818813324","749","749","749"
"75099","0.1222410574555397","0.1222410574555397","0.1222410574555397","750","750","750"
"75199","0.1211339607834816","0.1211339607834816","0.1211339607834816","751","751","751"
"75299","0.12458626180887222","0.12458626180887222","0.12458626180887222","752","752","752"
"75399","0.12396781891584396","0.12396781891584396","0.12396781891584396","753","753","753"
"75499","0.1282934695482254","0.1282934695482254","0.1282934695482254","754","754","754"
"75599","0.11979494988918304","0.11979494988918304","0.11979494988918304","755","755","755"
"75699","0.12640580534934998","0.12640580534934998","0.12640580534934998","756","756","756"
"75799","0.11354251950979233","0.11354251950979233","0.11354251950979233","757","757","757"
"75899","0.12476592510938644","0.12476592510938644","0.12476592510938644","758","758","758"
"75999","0.1250741183757782","0.1250741183757782","0.1250741183757782","759","759","759"
"76099","0.12577767670154572","0.12577767670154572","0.12577767670154572","760","760","760"
"76199","0.1225266233086586","0.1225266233086586","0.1225266233086586","761","761","761"
"76299","0.13117247819900513","0.13117247819900513","0.13117247819900513","762","762","762"
"76399","0.1259121298789978","0.1259121298789978","0.1259121298789978","763","763","763"
"76499","0.11991161853075027","0.11991161853075027","0.11991161853075027","764","764","764"
"76599","0.12053302675485611","0.12053302675485611","0.12053302675485611","765","765","765"
"76699","0.12877728044986725","0.12877728044986725","0.12877728044986725","766","766","766"
"76799","0.12690666317939758","0.12690666317939758","0.12690666317939758","767","767","767"
"76899","0.1220296248793602","0.1220296248793602","0.1220296248793602","768","768","768"
"76999","0.12568488717079163","0.12568488717079163","0.12568488717079163","769","769","769"
"77099","0.1258610337972641","0.1258610337972641","0.1258610337972641","770","770","770"
"77199","0.12617667019367218","0.12617667019367218","0.12617667019367218","771","771","771"
"77299","0.12116405367851257","0.12116405367851257","0.12116405367851257","772","772","772"
"77399","0.12233301997184753","0.12233301997184753","0.12233301997184753","773","773","773"
"77499","0.128159299492836","0.128159299492836","0.128159299492836","774","774","774"
"77599","0.13043825328350067","0.13043825328350067","0.13043825328350067","775","775","775"
"77699","0.1232413724064827","0.1232413724064827","0.1232413724064827","776","776","776"
"77799","0.1265963464975357","0.1265963464975357","0.1265963464975357","777","777","777"
"77899","0.12991559505462646","0.12991559505462646","0.12991559505462646","778","778","778"
"77999","0.12428603321313858","0.12428603321313858","0.12428603321313858","779","779","779"
"78099","0.1274385005235672","0.1274385005235672","0.1274385005235672","780","780","780"
"78199","0.12669728696346283","0.12669728696346283","0.12669728696346283","781","781","781"
"78299","0.1298249214887619","0.1298249214887619","0.1298249214887619","782","782","782"
"78399","0.12234685570001602","0.12234685570001602","0.12234685570001602","783","783","783"
"78499","0.12960466742515564","0.12960466742515564","0.12960466742515564","784","784","784"
"78599","0.12108289450407028","0.12108289450407028","0.12108289450407028","785","785","785"
"78699","0.1254047006368637","0.1254047006368637","0.1254047006368637","786","786","786"
"78799","0.12048075348138809","0.12048075348138809","0.12048075348138809","787","787","787"
"78899","0.12398184835910797","0.12398184835910797","0.12398184835910797","788","788","788"
"78999","0.120901919901371","0.120901919901371","0.120901919901371","789","789","789"
"79099","0.1247262954711914","0.1247262954711914","0.1247262954711914","790","790","790"
"79199","0.12273379415273666","0.12273379415273666","0.12273379415273666","791","791","791"
"79299","0.12786518037319183","0.12786518037319183","0.12786518037319183","792","792","792"
"79399","0.12837590277194977","0.12837590277194977","0.12837590277194977","793","793","793"
"79499","0.11990029364824295","0.11990029364824295","0.11990029364824295","794","794","794"
"79599","0.12510724365711212","0.12510724365711212","0.12510724365711212","795","795","795"
"79699","0.11816045641899109","0.11816045641899109","0.11816045641899109","796","796","796"
"79799","0.12635810673236847","0.12635810673236847","0.12635810673236847","797","797","797"
"79899","0.12646028399467468","0.12646028399467468","0.12646028399467468","798","798","798"
"79999","0.12333700805902481","0.12333700805902481","0.12333700805902481","799","799","799"
"80099","0.11753036826848984","0.11753036826848984","0.11753036826848984","800","800","800"
"80199","0.1214957982301712","0.1214957982301712","0.1214957982301712","801","801","801"
"80299","0.12832269072532654","0.12832269072532654","0.12832269072532654","802","802","802"
"80399","0.12254195660352707","0.12254195660352707","0.12254195660352707","803","803","803"
"80499","0.12738217413425446","0.12738217413425446","0.12738217413425446","804","804","804"
"80599","0.12357957661151886","0.12357957661151886","0.12357957661151886","805","805","805"
"80699","0.12173046171665192","0.12173046171665192","0.12173046171665192","806","806","806"
"80799","0.12084974348545074","0.12084974348545074","0.12084974348545074","807","807","807"
"80899","0.12071442604064941","0.12071442604064941","0.12071442604064941","808","808","808"
"80999","0.12762907147407532","0.12762907147407532","0.12762907147407532","809","809","809"
"81099","0.12619276344776154","0.12619276344776154","0.12619276344776154","810","810","810"
"81199","0.12347282469272614","0.12347282469272614","0.12347282469272614","811","811","811"
"81299","0.1267966628074646","0.1267966628074646","0.1267966628074646","812","812","812"
"81399","0.12005478143692017","0.12005478143692017","0.12005478143692017","813","813","813"
"81499","0.12586748600006104","0.12586748600006104","0.12586748600006104","814","814","814"
"81599","0.11855846643447876","0.11855846643447876","0.11855846643447876","815","815","815"
"81699","0.12784692645072937","0.12784692645072937","0.12784692645072937","816","816","816"
"81799","0.11831127852201462","0.11831127852201462","0.11831127852201462","817","817","817"
"81899","0.12086372077465057","0.12086372077465057","0.12086372077465057","818","818","818"
"81999","0.12272432446479797","0.12272432446479797","0.12272432446479797","819","819","819"
"82099","0.11324794590473175","0.11324794590473175","0.11324794590473175","820","820","820"
"82199","0.12617096304893494","0.12617096304893494","0.12617096304893494","821","821","821"
"82299","0.1228584498167038","0.1228584498167038","0.1228584498167038","822","822","822"
"82399","0.1281694769859314","0.1281694769859314","0.1281694769859314","823","823","823"
"82499","0.11930164694786072","0.11930164694786072","0.11930164694786072","824","824","824"
"82599","0.12655144929885864","0.12655144929885864","0.12655144929885864","825","825","825"
"82699","0.12332664430141449","0.12332664430141449","0.12332664430141449","826","826","826"
"82799","0.12266092002391815","0.12266092002391815","0.12266092002391815","827","827","827"
"82899","0.12716105580329895","0.12716105580329895","0.12716105580329895","828","828","828"
"82999","0.12940937280654907","0.12940937280654907","0.12940937280654907","829","829","829"
"83099","0.1214757114648819","0.1214757114648819","0.1214757114648819","830","830","830"
"83199","0.12699653208255768","0.12699653208255768","0.12699653208255768","831","831","831"
"83299","0.11883315443992615","0.11883315443992615","0.11883315443992615","832","832","832"
"83399","0.12263146787881851","0.12263146787881851","0.12263146787881851","833","833","833"
"83499","0.12962406873703003","0.12962406873703003","0.12962406873703003","834","834","834"
"83599","0.12264981865882874","0.12264981865882874","0.12264981865882874","835","835","835"
"83699","0.1284027099609375","0.1284027099609375","0.1284027099609375","836","836","836"
"83799","0.12620247900485992","0.12620247900485992","0.12620247900485992","837","837","837"
"83899","0.1310122162103653","0.1310122162103653","0.1310122162103653","838","838","838"
"83999","0.1228063702583313","0.1228063702583313","0.1228063702583313","839","839","839"
"84099","0.12535469233989716","0.12535469233989716","0.12535469233989716","840","840","840"
"84199","0.1251411736011505","0.1251411736011505","0.1251411736011505","841","841","841"
"84299","0.12429583817720413","0.12429583817720413","0.12429583817720413","842","842","842"
"84399","0.12038128823041916","0.12038128823041916","0.12038128823041916","843","843","843"
"84499","0.12740354239940643","0.12740354239940643","0.12740354239940643","844","844","844"
"84599","0.126640185713768","0.126640185713768","0.126640185713768","845","845","845"
"84699","0.1229262575507164","0.1229262575507164","0.1229262575507164","846","846","846"
"84799","0.1265772581100464","0.1265772581100464","0.1265772581100464","847","847","847"
"84899","0.12656688690185547","0.12656688690185547","0.12656688690185547","848","848","848"
"84999","0.12557725608348846","0.12557725608348846","0.12557725608348846","849","849","849"
"85099","0.12469859421253204","0.12469859421253204","0.12469859421253204","850","850","850"
"85199","0.1256071776151657","0.1256071776151657","0.1256071776151657","851","851","851"
"85299","0.12193642556667328","0.12193642556667328","0.12193642556667328","852","852","852"
"85399","0.12771666049957275","0.12771666049957275","0.12771666049957275","853","853","853"
"85499","0.1257404386997223","0.1257404386997223","0.1257404386997223","854","854","854"
"85599","0.1243823990225792","0.1243823990225792","0.1243823990225792","855","855","855"
"85699","0.11561684310436249","0.11561684310436249","0.11561684310436249","856","856","856"
"85799","0.1235443726181984","0.1235443726181984","0.1235443726181984","857","857","857"
"85899","0.12467429786920547","0.12467429786920547","0.12467429786920547","858","858","858"
"85999","0.1253998875617981","0.1253998875617981","0.1253998875617981","859","859","859"
"86099","0.12054318934679031","0.12054318934679031","0.12054318934679031","860","860","860"
"86199","0.12190372496843338","0.12190372496843338","0.12190372496843338","861","861","861"
"86299","0.12240690737962723","0.12240690737962723","0.12240690737962723","862","862","862"
"86399","0.12233389914035797","0.12233389914035797","0.12233389914035797","863","863","863"
"86499","0.12712647020816803","0.12712647020816803","0.12712647020816803","864","864","864"
"86599","0.13077962398529053","0.13077962398529053","0.13077962398529053","865","865","865"
"86699","0.12347996979951859","0.12347996979951859","0.12347996979951859","866","866","866"
"86799","0.11805929988622665","0.11805929988622665","0.11805929988622665","867","867","867"
"86899","0.12560413777828217","0.12560413777828217","0.12560413777828217","868","868","868"
"86999","0.12500740587711334","0.12500740587711334","0.12500740587711334","869","869","869"
"87099","0.1251857876777649","0.1251857876777649","0.1251857876777649","870","870","870"
"87199","0.12621094286441803","0.12621094286441803","0.12621094286441803","871","871","871"
"87299","0.12632599472999573","0.12632599472999573","0.12632599472999573","872","872","872"
"87399","0.1280287355184555","0.1280287355184555","0.1280287355184555","873","873","873"
"87499","0.12717017531394958","0.12717017531394958","0.12717017531394958","874","874","874"
"87599","0.12924395501613617","0.12924395501613617","0.12924395501613617","875","875","875"
"87699","0.12707620859146118","0.12707620859146118","0.12707620859146118","876","876","876"
"87799","0.12662862241268158","0.12662862241268158","0.12662862241268158","877","877","877"
"87899","0.12322936207056046","0.12322936207056046","0.12322936207056046","878","878","878"
"87999","0.1302136927843094","0.1302136927843094","0.1302136927843094","879","879","879"
"88099","0.1250009536743164","0.1250009536743164","0.1250009536743164","880","880","880"
"88199","0.12451045960187912","0.12451045960187912","0.12451045960187912","881","881","881"
"88299","0.11924722045660019","0.11924722045660019","0.11924722045660019","882","882","882"
"88399","0.11801368743181229","0.11801368743181229","0.11801368743181229","883","883","883"
"88499","0.1255207359790802","0.1255207359790802","0.1255207359790802","884","884","884"
"88599","0.12307115644216537","0.12307115644216537","0.12307115644216537","885","885","885"
"88699","0.13108175992965698","0.13108175992965698","0.13108175992965698","886","886","886"
"88799","0.1240810677409172","0.1240810677409172","0.1240810677409172","887","887","887"
"88899","0.1208922266960144","0.1208922266960144","0.1208922266960144","888","888","888"
"88999","0.13071121275424957","0.13071121275424957","0.13071121275424957","889","889","889"
"89099","0.12596401572227478","0.12596401572227478","0.12596401572227478","890","890","890"
"89199","0.12913420796394348","0.12913420796394348","0.12913420796394348","891","891","891"
"89299","0.1259240359067917","0.1259240359067917","0.1259240359067917","892","892","892"
"89399","0.12066565454006195","0.12066565454006195","0.12066565454006195","893","893","893"
"89499","0.12062757462263107","0.12062757462263107","0.12062757462263107","894","894","894"
"89599","0.12334923446178436","0.12334923446178436","0.12334923446178436","895","895","895"
"89699","0.12610682845115662","0.12610682845115662","0.12610682845115662","896","896","896"
"89799","0.1273123025894165","0.1273123025894165","0.1273123025894165","897","897","897"
"89899","0.1277410238981247","0.1277410238981247","0.1277410238981247","898","898","898"
"89999","0.12389674782752991","0.12389674782752991","0.12389674782752991","899","899","899"
"90099","0.12347056716680527","0.12347056716680527","0.12347056716680527","900","900","900"
"90199","0.12320610880851746","0.12320610880851746","0.12320610880851746","901","901","901"
"90299","0.12374188750982285","0.12374188750982285","0.12374188750982285","902","902","902"
"90399","0.12492091953754425","0.12492091953754425","0.12492091953754425","903","903","903"
"90499","0.11690101772546768","0.11690101772546768","0.11690101772546768","904","904","904"
"90599","0.1177496537566185","0.1177496537566185","0.1177496537566185","905","905","905"
"90699","0.11620417982339859","0.11620417982339859","0.11620417982339859","906","906","906"
"90799","0.12188534438610077","0.12188534438610077","0.12188534438610077","907","907","907"
"90899","0.12714092433452606","0.12714092433452606","0.12714092433452606","908","908","908"
"90999","0.11974382400512695","0.11974382400512695","0.11974382400512695","909","909","909"
"91099","0.12208324670791626","0.12208324670791626","0.12208324670791626","910","910","910"
"91199","0.12348366528749466","0.12348366528749466","0.12348366528749466","911","911","911"
"91299","0.12624119222164154","0.12624119222164154","0.12624119222164154","912","912","912"
"91399","0.12770335376262665","0.12770335376262665","0.12770335376262665","913","913","913"
"91499","0.12252786010503769","0.12252786010503769","0.12252786010503769","914","914","914"
"91599","0.12818269431591034","0.12818269431591034","0.12818269431591034","915","915","915"
"91699","0.12787336111068726","0.12787336111068726","0.12787336111068726","916","916","916"
"91799","0.12714603543281555","0.12714603543281555","0.12714603543281555","917","917","917"
"91899","0.12772071361541748","0.12772071361541748","0.12772071361541748","918","918","918"
"91999","0.11932237446308136","0.11932237446308136","0.11932237446308136","919","919","919"
"92099","0.12639617919921875","0.12639617919921875","0.12639617919921875","920","920","920"
"92199","0.12407129257917404","0.12407129257917404","0.12407129257917404","921","921","921"
"92299","0.13041768968105316","0.13041768968105316","0.13041768968105316","922","922","922"
"92399","0.12186767905950546","0.12186767905950546","0.12186767905950546","923","923","923"
"92499","0.12358150631189346","0.12358150631189346","0.12358150631189346","924","924","924"
"92599","0.129191055893898","0.129191055893898","0.129191055893898","925","925","925"
"92699","0.13119454681873322","0.13119454681873322","0.13119454681873322","926","926","926"
"92799","0.12357281148433685","0.12357281148433685","0.12357281148433685","927","927","927"
"92899","0.12499279528856277","0.12499279528856277","0.12499279528856277","928","928","928"
"92999","0.12535052001476288","0.12535052001476288","0.12535052001476288","929","929","929"
"93099","0.12236008048057556","0.12236008048057556","0.12236008048057556","930","930","930"
"93199","0.12660567462444305","0.12660567462444305","0.12660567462444305","931","931","931"
"93299","0.12606340646743774","0.12606340646743774","0.12606340646743774","932","932","932"
"93399","0.1248452216386795","0.1248452216386795","0.1248452216386795","933","933","933"
"93499","0.12253622710704803","0.12253622710704803","0.12253622710704803","934","934","934"
"93599","0.11957284808158875","0.11957284808158875","0.11957284808158875","935","935","935"
"93699","0.11799824237823486","0.11799824237823486","0.11799824237823486","936","936","936"
"93799","0.12078557908535004","0.12078557908535004","0.12078557908535004","937","937","937"
"93899","0.12666265666484833","0.12666265666484833","0.12666265666484833","938","938","938"
"93999","0.12871329486370087","0.12871329486370087","0.12871329486370087","939","939","939"
"94099","0.12082426249980927","0.12082426249980927","0.12082426249980927","940","940","940"
"94199","0.11653555929660797","0.11653555929660797","0.11653555929660797","941","941","941"
"94299","0.12523537874221802","0.12523537874221802","0.12523537874221802","942","942","942"
"94399","0.12178218364715576","0.12178218364715576","0.12178218364715576","943","943","943"
"94499","0.1260201334953308","0.1260201334953308","0.1260201334953308","944","944","944"
"94599","0.12207017838954926","0.12207017838954926","0.12207017838954926","945","945","945"
"94699","0.12465150654315948","0.12465150654315948","0.12465150654315948","946","946","946"
"94799","0.12570536136627197","0.12570536136627197","0.12570536136627197","947","947","947"
"94899","0.11831066012382507","0.11831066012382507","0.11831066012382507","948","948","948"
"94999","0.12992680072784424","0.12992680072784424","0.12992680072784424","949","949","949"
"95099","0.12491030991077423","0.12491030991077423","0.12491030991077423","950","950","950"
"95199","0.1185322180390358","0.1185322180390358","0.1185322180390358","951","951","951"
"95299","0.11692386120557785","0.11692386120557785","0.11692386120557785","952","952","952"
"95399","0.12281753122806549","0.12281753122806549","0.12281753122806549","953","953","953"
"95499","0.1198132261633873","0.1198132261633873","0.1198132261633873","954","954","954"
"95599","0.12542828917503357","0.12542828917503357","0.12542828917503357","955","955","955"
"95699","0.12714362144470215","0.12714362144470215","0.12714362144470215","956","956","956"
"95799","0.1253594607114792","0.1253594607114792","0.1253594607114792","957","957","957"
"95899","0.12337823212146759","0.12337823212146759","0.12337823212146759","958","958","958"
"95999","0.12723694741725922","0.12723694741725922","0.12723694741725922","959","959","959"
"96099","0.12287778407335281","0.12287778407335281","0.12287778407335281","960","960","960"
"96199","0.11953366547822952","0.11953366547822952","0.11953366547822952","961","961","961"
"96299","0.11990638077259064","0.11990638077259064","0.11990638077259064","962","962","962"
"96399","0.12031227350234985","0.12031227350234985","0.12031227350234985","963","963","963"
"96499","0.11820237338542938","0.11820237338542938","0.11820237338542938","964","964","964"
"96599","0.12206380069255829","0.12206380069255829","0.12206380069255829","965","965","965"
"96699","0.12136788666248322","0.12136788666248322","0.12136788666248322","966","966","966"
"96799","0.1274859756231308","0.1274859756231308","0.1274859756231308","967","967","967"
"96899","0.12325292080640793","0.12325292080640793","0.12325292080640793","968","968","968"
"96999","0.12048285454511642","0.12048285454511642","0.12048285454511642","969","969","969"
"97099","0.12098868936300278","0.12098868936300278","0.12098868936300278","970","970","970"
"97199","0.12295491248369217","0.12295491248369217","0.12295491248369217","971","971","971"
"97299","0.12699954211711884","0.12699954211711884","0.12699954211711884","972","972","972"
"97399","0.1275942623615265","0.1275942623615265","0.1275942623615265","973","973","973"
"97499","0.12406021356582642","0.12406021356582642","0.12406021356582642","974","974","974"
"97599","0.12408509105443954","0.12408509105443954","0.12408509105443954","975","975","975"
"97699","0.12372849881649017","0.12372849881649017","0.12372849881649017","976","976","976"
"97799","0.1250726282596588","0.1250726282596588","0.1250726282596588","977","977","977"
"97899","0.12940484285354614","0.12940484285354614","0.12940484285354614","978","978","978"
"97999","0.11843202263116837","0.11843202263116837","0.11843202263116837","979","979","979"
"98099","0.1227019801735878","0.1227019801735878","0.1227019801735878","980","980","980"
"98199","0.12377381324768066","0.12377381324768066","0.12377381324768066","981","981","981"
"98299","0.11755865812301636","0.11755865812301636","0.11755865812301636","982","982","982"
"98399","0.12251797318458557","0.12251797318458557","0.12251797318458557","983","983","983"
"98499","0.1240069642663002","0.1240069642663002","0.1240069642663002","984","984","984"
"98599","0.1275143027305603","0.1275143027305603","0.1275143027305603","985","985","985"
"98699","0.12727731466293335","0.12727731466293335","0.12727731466293335","986","986","986"
"98799","0.11976990103721619","0.11976990103721619","0.11976990103721619","987","987","987"
"98899","0.12078718096017838","0.12078718096017838","0.12078718096017838","988","988","988"
"98999","0.12385397404432297","0.12385397404432297","0.12385397404432297","989","989","989"
"99099","0.12356497347354889","0.12356497347354889","0.12356497347354889","990","990","990"
"99199","0.1178571805357933","0.1178571805357933","0.1178571805357933","991","991","991"
"99299","0.1250724196434021","0.1250724196434021","0.1250724196434021","992","992","992"
"99399","0.12450042366981506","0.12450042366981506","0.12450042366981506","993","993","993"
"99499","0.11861056089401245","0.11861056089401245","0.11861056089401245","994","994","994"
"99599","0.11953748762607574","0.11953748762607574","0.11953748762607574","995","995","995"
"99699","0.12544424831867218","0.12544424831867218","0.12544424831867218","996","996","996"
"99799","0.12341881543397903","0.12341881543397903","0.12341881543397903","997","997","997"
"99899","0.12705199420452118","0.12705199420452118","0.12705199420452118","998","998","998"
"99999","0.12257716059684753","0.12257716059684753","0.12257716059684753","999","999","999"
"100099","0.12323777377605438","0.12323777377605438","0.12323777377605438","1000","1000","1000"
"100199","0.12332076579332352","0.12332076579332352","0.12332076579332352","1001","1001","1001"
"100299","0.1220511719584465","0.1220511719584465","0.1220511719584465","1002","1002","1002"
"100399","0.11864721775054932","0.11864721775054932","0.11864721775054932","1003","1003","1003"
"100499","0.11902585625648499","0.11902585625648499","0.11902585625648499","1004","1004","1004"
"100599","0.12377087771892548","0.12377087771892548","0.12377087771892548","1005","1005","1005"
"100699","0.12078281491994858","0.12078281491994858","0.12078281491994858","1006","1006","1006"
"100799","0.12560634315013885","0.12560634315013885","0.12560634315013885","1007","1007","1007"
"100899","0.1248571053147316","0.1248571053147316","0.1248571053147316","1008","1008","1008"
"100999","0.12594199180603027","0.12594199180603027","0.12594199180603027","1009","1009","1009"
"101099","0.12127719819545746","0.12127719819545746","0.12127719819545746","1010","1010","1010"
"101199","0.12416209280490875","0.12416209280490875","0.12416209280490875","1011","1011","1011"
"101299","0.13170921802520752","0.13170921802520752","0.13170921802520752","1012","1012","1012"
"101399","0.11875535547733307","0.11875535547733307","0.11875535547733307","1013","1013","1013"
"101499","0.11909974366426468","0.11909974366426468","0.11909974366426468","1014","1014","1014"
"101599","0.12494107335805893","0.12494107335805893","0.12494107335805893","1015","1015","1015"
"101699","0.12071794271469116","0.12071794271469116","0.12071794271469116","1016","1016","1016"
"101799","0.1354873776435852","0.1354873776435852","0.1354873776435852","1017","1017","1017"
"101899","0.11890257149934769","0.11890257149934769","0.11890257149934769","1018","1018","1018"
"101999","0.12116260826587677","0.12116260826587677","0.12116260826587677","1019","1019","1019"
"102099","0.12204448133707047","0.12204448133707047","0.12204448133707047","1020","1020","1020"
"102199","0.1251387596130371","0.1251387596130371","0.1251387596130371","1021","1021","1021"
"102299","0.12412833422422409","0.12412833422422409","0.12412833422422409","1022","1022","1022"
"102399","0.12721866369247437","0.12721866369247437","0.12721866369247437","1023","1023","1023"
"102499","0.12077416479587555","0.12077416479587555","0.12077416479587555","1024","1024","1024"
"102599","0.12292493879795074","0.12292493879795074","0.12292493879795074","1025","1025","1025"
"102699","0.1226968914270401","0.1226968914270401","0.1226968914270401","1026","1026","1026"
"102799","0.1208154559135437","0.1208154559135437","0.1208154559135437","1027","1027","1027"
"102899","0.11947743594646454","0.11947743594646454","0.11947743594646454","1028","1028","1028"
"102999","0.11325233429670334","0.11325233429670334","0.11325233429670334","1029","1029","1029"
"103099","0.1293618232011795","0.1293618232011795","0.1293618232011795","1030","1030","1030"
"103199","0.12177666276693344","0.12177666276693344","0.12177666276693344","1031","1031","1031"
"103299","0.12931282818317413","0.12931282818317413","0.12931282818317413","1032","1032","1032"
"103399","0.12963278591632843","0.12963278591632843","0.12963278591632843","1033","1033","1033"
"103499","0.1227223351597786","0.1227223351597786","0.1227223351597786","1034","1034","1034"
"103599","0.12455366551876068","0.12455366551876068","0.12455366551876068","1035","1035","1035"
"103699","0.11731790751218796","0.11731790751218796","0.11731790751218796","1036","1036","1036"
"103799","0.12522101402282715","0.12522101402282715","0.12522101402282715","1037","1037","1037"
"103899","0.12168172001838684","0.12168172001838684","0.12168172001838684","1038","1038","1038"
"103999","0.1279907077550888","0.1279907077550888","0.1279907077550888","1039","1039","1039"
"104099","0.12536218762397766","0.12536218762397766","0.12536218762397766","1040","1040","1040"
"104199","0.11920038610696793","0.11920038610696793","0.11920038610696793","1041","1041","1041"
"104299","0.12725885212421417","0.12725885212421417","0.12725885212421417","1042","1042","1042"
"104399","0.12240466475486755","0.12240466475486755","0.12240466475486755","1043","1043","1043"
"104499","0.11525986343622208","0.11525986343622208","0.11525986343622208","1044","1044","1044"
"104599","0.12532292306423187","0.12532292306423187","0.12532292306423187","1045","1045","1045"
"104699","0.12016042321920395","0.12016042321920395","0.12016042321920395","1046","1046","1046"
"104799","0.12791278958320618","0.12791278958320618","0.12791278958320618","1047","1047","1047"
"104899","0.11976245790719986","0.11976245790719986","0.11976245790719986","1048","1048","1048"
"104999","0.11843420565128326","0.11843420565128326","0.11843420565128326","1049","1049","1049"
"105099","0.12281039357185364","0.12281039357185364","0.12281039357185364","1050","1050","1050"
"105199","0.12775883078575134","0.12775883078575134","0.12775883078575134","1051","1051","1051"
"105299","0.11769481003284454","0.11769481003284454","0.11769481003284454","1052","1052","1052"
"105399","0.12709921598434448","0.12709921598434448","0.12709921598434448","1053","1053","1053"
"105499","0.12324269860982895","0.12324269860982895","0.12324269860982895","1054","1054","1054"
"105599","0.12636494636535645","0.12636494636535645","0.12636494636535645","1055","1055","1055"
"105699","0.11949542909860611","0.11949542909860611","0.11949542909860611","1056","1056","1056"
"105799","0.11598033457994461","0.11598033457994461","0.11598033457994461","1057","1057","1057"
"105899","0.11623363196849823","0.11623363196849823","0.11623363196849823","1058","1058","1058"
"105999","0.13562966883182526","0.13562966883182526","0.13562966883182526","1059","1059","1059"
"106099","0.11840139329433441","0.11840139329433441","0.11840139329433441","1060","1060","1060"
"106199","0.11938075721263885","0.11938075721263885","0.11938075721263885","1061","1061","1061"
"106299","0.12468335032463074","0.12468335032463074","0.12468335032463074","1062","1062","1062"
"106399","0.11788903176784515","0.11788903176784515","0.11788903176784515","1063","1063","1063"
"106499","0.12884333729743958","0.12884333729743958","0.12884333729743958","1064","1064","1064"
"106599","0.11871176213026047","0.11871176213026047","0.11871176213026047","1065","1065","1065"
"106699","0.12752874195575714","0.12752874195575714","0.12752874195575714","1066","1066","1066"
"106799","0.12105118483304977","0.12105118483304977","0.12105118483304977","1067","1067","1067"
"106899","0.11897946149110794","0.11897946149110794","0.11897946149110794","1068","1068","1068"
"106999","0.12239443510770798","0.12239443510770798","0.12239443510770798","1069","1069","1069"
"107099","0.12548218667507172","0.12548218667507172","0.12548218667507172","1070","1070","1070"
"107199","0.12688542902469635","0.12688542902469635","0.12688542902469635","1071","1071","1071"
"107299","0.12797904014587402","0.12797904014587402","0.12797904014587402","1072","1072","1072"
"107399","0.12061531096696854","0.12061531096696854","0.12061531096696854","1073","1073","1073"
"107499","0.12035093456506729","0.12035093456506729","0.12035093456506729","1074","1074","1074"
"107599","0.12212499976158142","0.12212499976158142","0.12212499976158142","1075","1075","1075"
"107699","0.12093618512153625","0.12093618512153625","0.12093618512153625","1076","1076","1076"
"107799","0.11905281990766525","0.11905281990766525","0.11905281990766525","1077","1077","1077"
"107899","0.12522614002227783","0.12522614002227783","0.12522614002227783","1078","1078","1078"
"107999","0.123766228556633","0.123766228556633","0.123766228556633","1079","1079","1079"
"108099","0.1205945611000061","0.1205945611000061","0.1205945611000061","1080","1080","1080"
"108199","0.12405125796794891","0.12405125796794891","0.12405125796794891","1081","1081","1081"
"108299","0.11995404213666916","0.11995404213666916","0.11995404213666916","1082","1082","1082"
"108399","0.12267650663852692","0.12267650663852692","0.12267650663852692","1083","1083","1083"
"108499","0.11843128502368927","0.11843128502368927","0.11843128502368927","1084","1084","1084"
"108599","0.12305835634469986","0.12305835634469986","0.12305835634469986","1085","1085","1085"
"108699","0.11973845213651657","0.11973845213651657","0.11973845213651657","1086","1086","1086"
"108799","0.12549377977848053","0.12549377977848053","0.12549377977848053","1087","1087","1087"
"108899","0.12331858277320862","0.12331858277320862","0.12331858277320862","1088","1088","1088"
"108999","0.121071957051754","0.121071957051754","0.121071957051754","1089","1089","1089"
"109099","0.12129709124565125","0.12129709124565125","0.12129709124565125","1090","1090","1090"
"109199","0.12619821727275848","0.12619821727275848","0.12619821727275848","1091","1091","1091"
"109299","0.12389375269412994","0.12389375269412994","0.12389375269412994","1092","1092","1092"
"109399","0.12270551919937134","0.12270551919937134","0.12270551919937134","1093","1093","1093"
"109499","0.12454621493816376","0.12454621493816376","0.12454621493816376","1094","1094","1094"
"109599","0.12800182402133942","0.12800182402133942","0.12800182402133942","1095","1095","1095"
"109699","0.12012887746095657","0.12012887746095657","0.12012887746095657","1096","1096","1096"
"109799","0.11781628429889679","0.11781628429889679","0.11781628429889679","1097","1097","1097"
"109899","0.11565009504556656","0.11565009504556656","0.11565009504556656","1098","1098","1098"
"109999","0.1266498565673828","0.1266498565673828","0.1266498565673828","1099","1099","1099"
"110099","0.1153474748134613","0.1153474748134613","0.1153474748134613","1100","1100","1100"
"110199","0.1212841048836708","0.1212841048836708","0.1212841048836708","1101","1101","1101"
"110299","0.12275820225477219","0.12275820225477219","0.12275820225477219","1102","1102","1102"
"110399","0.1238296702504158","0.1238296702504158","0.1238296702504158","1103","1103","1103"
"110499","0.12205781787633896","0.12205781787633896","0.12205781787633896","1104","1104","1104"
"110599","0.12499956041574478","0.12499956041574478","0.12499956041574478","1105","1105","1105"
"110699","0.1276637762784958","0.1276637762784958","0.1276637762784958","1106","1106","1106"
"110799","0.12265963852405548","0.12265963852405548","0.12265963852405548","1107","1107","1107"
"110899","0.12020581215620041","0.12020581215620041","0.12020581215620041","1108","1108","1108"
"110999","0.12374678254127502","0.12374678254127502","0.12374678254127502","1109","1109","1109"
"111099","0.11955507099628448","0.11955507099628448","0.11955507099628448","1110","1110","1110"
"111199","0.11594527214765549","0.11594527214765549","0.11594527214765549","1111","1111","1111"
"111299","0.12382934242486954","0.12382934242486954","0.12382934242486954","1112","1112","1112"
"111399","0.12253521382808685","0.12253521382808685","0.12253521382808685","1113","1113","1113"
"111499","0.12859903275966644","0.12859903275966644","0.12859903275966644","1114","1114","1114"
"111599","0.12348762899637222","0.12348762899637222","0.12348762899637222","1115","1115","1115"
"111699","0.12205185741186142","0.12205185741186142","0.12205185741186142","1116","1116","1116"
"111799","0.12547457218170166","0.12547457218170166","0.12547457218170166","1117","1117","1117"
"111899","0.12093178182840347","0.12093178182840347","0.12093178182840347","1118","1118","1118"
"111999","0.11896650493144989","0.11896650493144989","0.11896650493144989","1119","1119","1119"
"112099","0.1289699375629425","0.1289699375629425","0.1289699375629425","1120","1120","1120"
"112199","0.11548976600170135","0.11548976600170135","0.11548976600170135","1121","1121","1121"
"112299","0.12382641434669495","0.12382641434669495","0.12382641434669495","1122","1122","1122"
"112399","0.12030409276485443","0.12030409276485443","0.12030409276485443","1123","1123","1123"
"112499","0.12359606474637985","0.12359606474637985","0.12359606474637985","1124","1124","1124"
"112599","0.12281247228384018","0.12281247228384018","0.12281247228384018","1125","1125","1125"
"112699","0.1256086826324463","0.1256086826324463","0.1256086826324463","1126","1126","1126"
"112799","0.11824306100606918","0.11824306100606918","0.11824306100606918","1127","1127","1127"
"112899","0.11999814957380295","0.11999814957380295","0.11999814957380295","1128","1128","1128"
"112999","0.12064623832702637","0.12064623832702637","0.12064623832702637","1129","1129","1129"
"113099","0.1235559806227684","0.1235559806227684","0.1235559806227684","1130","1130","1130"
"113199","0.12193668633699417","0.12193668633699417","0.12193668633699417","1131","1131","1131"
"113299","0.1256721317768097","0.1256721317768097","0.1256721317768097","1132","1132","1132"
"113399","0.1257392317056656","0.1257392317056656","0.1257392317056656","1133","1133","1133"
"113499","0.11654625087976456","0.11654625087976456","0.11654625087976456","1134","1134","1134"
"113599","0.12100104987621307","0.12100104987621307","0.12100104987621307","1135","1135","1135"
"113699","0.11709024757146835","0.11709024757146835","0.11709024757146835","1136","1136","1136"
"113799","0.12791025638580322","0.12791025638580322","0.12791025638580322","1137","1137","1137"
"113899","0.12449987977743149","0.12449987977743149","0.12449987977743149","1138","1138","1138"
"113999","0.13184207677841187","0.13184207677841187","0.13184207677841187","1139","1139","1139"
"114099","0.11986469477415085","0.11986469477415085","0.11986469477415085","1140","1140","1140"
"114199","0.11880345642566681","0.11880345642566681","0.11880345642566681","1141","1141","1141"
"114299","0.12232299894094467","0.12232299894094467","0.12232299894094467","1142","1142","1142"
"114399","0.11540146917104721","0.11540146917104721","0.11540146917104721","1143","1143","1143"
"114499","0.12484970688819885","0.12484970688819885","0.12484970688819885","1144","1144","1144"
"114599","0.11853738129138947","0.11853738129138947","0.11853738129138947","1145","1145","1145"
"114699","0.12641854584217072","0.12641854584217072","0.12641854584217072","1146","1146","1146"
"114799","0.11921717971563339","0.11921717971563339","0.11921717971563339","1147","1147","1147"
"114899","0.1202671080827713","0.1202671080827713","0.1202671080827713","1148","1148","1148"
"114999","0.11977329105138779","0.11977329105138779","0.11977329105138779","1149","1149","1149"
"115099","0.12311814725399017","0.12311814725399017","0.12311814725399017","1150","1150","1150"
"115199","0.12688609957695007","0.12688609957695007","0.12688609957695007","1151","1151","1151"
"115299","0.1283697634935379","0.1283697634935379","0.1283697634935379","1152","1152","1152"
"115399","0.1262313574552536","0.1262313574552536","0.1262313574552536","1153","1153","1153"
"115499","0.12490998953580856","0.12490998953580856","0.12490998953580856","1154","1154","1154"
"115599","0.12441904842853546","0.12441904842853546","0.12441904842853546","1155","1155","1155"
"115699","0.12133091688156128","0.12133091688156128","0.12133091688156128","1156","1156","1156"
"115799","0.11979490518569946","0.11979490518569946","0.11979490518569946","1157","1157","1157"
"115899","0.11794547736644745","0.11794547736644745","0.11794547736644745","1158","1158","1158"
"115999","0.11832154542207718","0.11832154542207718","0.11832154542207718","1159","1159","1159"
"116099","0.12251321226358414","0.12251321226358414","0.12251321226358414","1160","1160","1160"
"116199","0.12503133714199066","0.12503133714199066","0.12503133714199066","1161","1161","1161"
"116299","0.12249378114938736","0.12249378114938736","0.12249378114938736","1162","1162","1162"
"116399","0.12445048987865448","0.12445048987865448","0.12445048987865448","1163","1163","1163"
"116499","0.12289628386497498","0.12289628386497498","0.12289628386497498","1164","1164","1164"
"116599","0.12688137590885162","0.12688137590885162","0.12688137590885162","1165","1165","1165"
"116699","0.1224857047200203","0.1224857047200203","0.1224857047200203","1166","1166","1166"
"116799","0.11977802217006683","0.11977802217006683","0.11977802217006683","1167","1167","1167"
"116899","0.12155526131391525","0.12155526131391525","0.12155526131391525","1168","1168","1168"
"116999","0.1162380650639534","0.1162380650639534","0.1162380650639534","1169","1169","1169"
"117099","0.1266797035932541","0.1266797035932541","0.1266797035932541","1170","1170","1170"
"117199","0.13022391498088837","0.13022391498088837","0.13022391498088837","1171","1171","1171"
"117299","0.12709634006023407","0.12709634006023407","0.12709634006023407","1172","1172","1172"
"117399","0.12809477746486664","0.12809477746486664","0.12809477746486664","1173","1173","1173"
"117499","0.11907387524843216","0.11907387524843216","0.11907387524843216","1174","1174","1174"
"117599","0.12219426780939102","0.12219426780939102","0.12219426780939102","1175","1175","1175"
"117699","0.12235620617866516","0.12235620617866516","0.12235620617866516","1176","1176","1176"
"117799","0.11903239041566849","0.11903239041566849","0.11903239041566849","1177","1177","1177"
"117899","0.12159478664398193","0.12159478664398193","0.12159478664398193","1178","1178","1178"
"117999","0.12001647055149078","0.12001647055149078","0.12001647055149078","1179","1179","1179"
"118099","0.11557432264089584","0.11557432264089584","0.11557432264089584","1180","1180","1180"
"118199","0.11991733312606812","0.11991733312606812","0.11991733312606812","1181","1181","1181"
"118299","0.12701192498207092","0.12701192498207092","0.12701192498207092","1182","1182","1182"
"118399","0.12117525190114975","0.12117525190114975","0.12117525190114975","1183","1183","1183"
"118499","0.11944577097892761","0.11944577097892761","0.11944577097892761","1184","1184","1184"
"118599","0.1252535730600357","0.1252535730600357","0.1252535730600357","1185","1185","1185"
"118699","0.1179412230849266","0.1179412230849266","0.1179412230849266","1186","1186","1186"
"118799","0.11649245768785477","0.11649245768785477","0.11649245768785477","1187","1187","1187"
"118899","0.12325497716665268","0.12325497716665268","0.12325497716665268","1188","1188","1188"
"118999","0.12788763642311096","0.12788763642311096","0.12788763642311096","1189","1189","1189"
"119099","0.12023957073688507","0.12023957073688507","0.12023957073688507","1190","1190","1190"
"119199","0.12359044700860977","0.12359044700860977","0.12359044700860977","1191","1191","1191"
"119299","0.1212148666381836","0.1212148666381836","0.1212148666381836","1192","1192","1192"
"119399","0.12361195683479309","0.12361195683479309","0.12361195683479309","1193","1193","1193"
"119499","0.12342388927936554","0.12342388927936554","0.12342388927936554","1194","1194","1194"
"119599","0.12331360578536987","0.12331360578536987","0.12331360578536987","1195","1195","1195"
"119699","0.11394035816192627","0.11394035816192627","0.11394035816192627","1196","1196","1196"
"119799","0.12347576022148132","0.12347576022148132","0.12347576022148132","1197","1197","1197"
"119899","0.1158212199807167","0.1158212199807167","0.1158212199807167","1198","1198","1198"
"119999","0.12545521557331085","0.12545521557331085","0.12545521557331085","1199","1199","1199"
"120099","0.1217922642827034","0.1217922642827034","0.1217922642827034","1200","1200","1200"
"120199","0.12611792981624603","0.12611792981624603","0.12611792981624603","1201","1201","1201"
"120299","0.11897207051515579","0.11897207051515579","0.11897207051515579","1202","1202","1202"
"120399","0.12735214829444885","0.12735214829444885","0.12735214829444885","1203","1203","1203"
"120499","0.11922263354063034","0.11922263354063034","0.11922263354063034","1204","1204","1204"
"120599","0.12255450338125229","0.12255450338125229","0.12255450338125229","1205","1205","1205"
"120699","0.11602763831615448","0.11602763831615448","0.11602763831615448","1206","1206","1206"
"120799","0.12625102698802948","0.12625102698802948","0.12625102698802948","1207","1207","1207"
"120899","0.11911628395318985","0.11911628395318985","0.11911628395318985","1208","1208","1208"
"120999","0.1235227957367897","0.1235227957367897","0.1235227957367897","1209","1209","1209"
"121099","0.11620568484067917","0.11620568484067917","0.11620568484067917","1210","1210","1210"
"121199","0.1200895830988884","0.1200895830988884","0.1200895830988884","1211","1211","1211"
"121299","0.12883853912353516","0.12883853912353516","0.12883853912353516","1212","1212","1212"
"121399","0.11492705345153809","0.11492705345153809","0.11492705345153809","1213","1213","1213"
"121499","0.11994228512048721","0.11994228512048721","0.11994228512048721","1214","1214","1214"
"121599","0.11997313052415848","0.11997313052415848","0.11997313052415848","1215","1215","1215"
"121699","0.1300458014011383","0.1300458014011383","0.1300458014011383","1216","1216","1216"
"121799","0.1182807981967926","0.1182807981967926","0.1182807981967926","1217","1217","1217"
"121899","0.11821848154067993","0.11821848154067993","0.11821848154067993","1218","1218","1218"
"121999","0.12018796801567078","0.12018796801567078","0.12018796801567078","1219","1219","1219"
"122099","0.12043401598930359","0.12043401598930359","0.12043401598930359","1220","1220","1220"
"122199","0.12873172760009766","0.12873172760009766","0.12873172760009766","1221","1221","1221"
"122299","0.12121406942605972","0.12121406942605972","0.12121406942605972","1222","1222","1222"
"122399","0.12116807699203491","0.12116807699203491","0.12116807699203491","1223","1223","1223"
"122499","0.12052708119153976","0.12052708119153976","0.12052708119153976","1224","1224","1224"
"122599","0.1271767020225525","0.1271767020225525","0.1271767020225525","1225","1225","1225"
"122699","0.1259603500366211","0.1259603500366211","0.1259603500366211","1226","1226","1226"
"122799","0.11981522291898727","0.11981522291898727","0.11981522291898727","1227","1227","1227"
"122899","0.1250208616256714","0.1250208616256714","0.1250208616256714","1228","1228","1228"
"122999","0.12777601182460785","0.12777601182460785","0.12777601182460785","1229","1229","1229"
"123099","0.12344111502170563","0.12344111502170563","0.12344111502170563","1230","1230","1230"
"123199","0.12366990000009537","0.12366990000009537","0.12366990000009537","1231","1231","1231"
"123299","0.11392489075660706","0.11392489075660706","0.11392489075660706","1232","1232","1232"
"123399","0.12289147078990936","0.12289147078990936","0.12289147078990936","1233","1233","1233"
"123499","0.12539426982402802","0.12539426982402802","0.12539426982402802","1234","1234","1234"
"123599","0.12944470345973969","0.12944470345973969","0.12944470345973969","1235","1235","1235"
"123699","0.12033574283123016","0.12033574283123016","0.12033574283123016","1236","1236","1236"
"123799","0.1287524253129959","0.1287524253129959","0.1287524253129959","1237","1237","1237"
"123899","0.12527036666870117","0.12527036666870117","0.12527036666870117","1238","1238","1238"
"123999","0.1203673705458641","0.1203673705458641","0.1203673705458641","1239","1239","1239"
"124099","0.11633747816085815","0.11633747816085815","0.11633747816085815","1240","1240","1240"
"124199","0.11647213995456696","0.11647213995456696","0.11647213995456696","1241","1241","1241"
"124299","0.12395133823156357","0.12395133823156357","0.12395133823156357","1242","1242","1242"
"124399","0.11717448383569717","0.11717448383569717","0.11717448383569717","1243","1243","1243"
"124499","0.13017010688781738","0.13017010688781738","0.13017010688781738","1244","1244","1244"
"124599","0.11880077421665192","0.11880077421665192","0.11880077421665192","1245","1245","1245"
"124699","0.11769861727952957","0.11769861727952957","0.11769861727952957","1246","1246","1246"
"124799","0.12140833586454391","0.12140833586454391","0.12140833586454391","1247","1247","1247"
"124899","0.12099800258874893","0.12099800258874893","0.12099800258874893","1248","1248","1248"
"124999","0.11960664391517639","0.11960664391517639","0.11960664391517639","1249","1249","1249"
"125099","0.11938545107841492","0.11938545107841492","0.11938545107841492","1250","1250","1250"
"125199","0.12113627046346664","0.12113627046346664","0.12113627046346664","1251","1251","1251"
"125299","0.1278420239686966","0.1278420239686966","0.1278420239686966","1252","1252","1252"
"125399","0.1202661395072937","0.1202661395072937","0.1202661395072937","1253","1253","1253"
"125499","0.12150444835424423","0.12150444835424423","0.12150444835424423","1254","1254","1254"
"125599","0.12281463295221329","0.12281463295221329","0.12281463295221329","1255","1255","1255"
"125699","0.12016109377145767","0.12016109377145767","0.12016109377145767","1256","1256","1256"
"125799","0.11704318225383759","0.11704318225383759","0.11704318225383759","1257","1257","1257"
"125899","0.12012451887130737","0.12012451887130737","0.12012451887130737","1258","1258","1258"
"125999","0.12725777924060822","0.12725777924060822","0.12725777924060822","1259","1259","1259"
"126099","0.12039526551961899","0.12039526551961899","0.12039526551961899","1260","1260","1260"
"126199","0.11933879554271698","0.11933879554271698","0.11933879554271698","1261","1261","1261"
"126299","0.124840646982193","0.124840646982193","0.124840646982193","1262","1262","1262"
"126399","0.12074238806962967","0.12074238806962967","0.12074238806962967","1263","1263","1263"
"126499","0.12378215789794922","0.12378215789794922","0.12378215789794922","1264","1264","1264"
"126599","0.11573182046413422","0.11573182046413422","0.11573182046413422","1265","1265","1265"
"126699","0.1239699199795723","0.1239699199795723","0.1239699199795723","1266","1266","1266"
"126799","0.12321822345256805","0.12321822345256805","0.12321822345256805","1267","1267","1267"
"126899","0.12333747744560242","0.12333747744560242","0.12333747744560242","1268","1268","1268"
"126999","0.11989349871873856","0.11989349871873856","0.11989349871873856","1269","1269","1269"
"127099","0.12583860754966736","0.12583860754966736","0.12583860754966736","1270","1270","1270"
"127199","0.1281278431415558","0.1281278431415558","0.1281278431415558","1271","1271","1271"
"127299","0.12391713261604309","0.12391713261604309","0.12391713261604309","1272","1272","1272"
"127399","0.1177615076303482","0.1177615076303482","0.1177615076303482","1273","1273","1273"
"127499","0.12899424135684967","0.12899424135684967","0.12899424135684967","1274","1274","1274"
"127599","0.1227700263261795","0.1227700263261795","0.1227700263261795","1275","1275","1275"
"127699","0.12423347681760788","0.12423347681760788","0.12423347681760788","1276","1276","1276"
"127799","0.12196587771177292","0.12196587771177292","0.12196587771177292","1277","1277","1277"
"127899","0.12186800688505173","0.12186800688505173","0.12186800688505173","1278","1278","1278"
"127999","0.12293051928281784","0.12293051928281784","0.12293051928281784","1279","1279","1279"
"128099","0.12207566946744919","0.12207566946744919","0.12207566946744919","1280","1280","1280"
"128199","0.1257449835538864","0.1257449835538864","0.1257449835538864","1281","1281","1281"
"128299","0.12742145359516144","0.12742145359516144","0.12742145359516144","1282","1282","1282"
"128399","0.12638923525810242","0.12638923525810242","0.12638923525810242","1283","1283","1283"
"128499","0.12293563038110733","0.12293563038110733","0.12293563038110733","1284","1284","1284"
"128599","0.12052731215953827","0.12052731215953827","0.12052731215953827","1285","1285","1285"
"128699","0.12255747616291046","0.12255747616291046","0.12255747616291046","1286","1286","1286"
"128799","0.11922279745340347","0.11922279745340347","0.11922279745340347","1287","1287","1287"
"128899","0.11716745793819427","0.11716745793819427","0.11716745793819427","1288","1288","1288"
"128999","0.12232421338558197","0.12232421338558197","0.12232421338558197","1289","1289","1289"
"129099","0.12923182547092438","0.12923182547092438","0.12923182547092438","1290","1290","1290"
"129199","0.1245005875825882","0.1245005875825882","0.1245005875825882","1291","1291","1291"
"129299","0.12462180852890015","0.12462180852890015","0.12462180852890015","1292","1292","1292"
"129399","0.1269666999578476","0.1269666999578476","0.1269666999578476","1293","1293","1293"
"129499","0.12593011558055878","0.12593011558055878","0.12593011558055878","1294","1294","1294"
"129599","0.12420164793729782","0.12420164793729782","0.12420164793729782","1295","1295","1295"
"129699","0.12334047257900238","0.12334047257900238","0.12334047257900238","1296","1296","1296"
"129799","0.1224585771560669","0.1224585771560669","0.1224585771560669","1297","1297","1297"
"129899","0.12258342653512955","0.12258342653512955","0.12258342653512955","1298","1298","1298"
"129999","0.12214100360870361","0.12214100360870361","0.12214100360870361","1299","1299","1299"
"130099","0.11782459169626236","0.11782459169626236","0.11782459169626236","1300","1300","1300"
"130199","0.11897534877061844","0.11897534877061844","0.11897534877061844","1301","1301","1301"
"130299","0.11946143954992294","0.11946143954992294","0.11946143954992294","1302","1302","1302"
"130399","0.11829934269189835","0.11829934269189835","0.11829934269189835","1303","1303","1303"
"130499","0.11625534296035767","0.11625534296035767","0.11625534296035767","1304","1304","1304"
"130599","0.11609857529401779","0.11609857529401779","0.11609857529401779","1305","1305","1305"
"130699","0.11840224266052246","0.11840224266052246","0.11840224266052246","1306","1306","1306"
"130799","0.11656740307807922","0.11656740307807922","0.11656740307807922","1307","1307","1307"
"130899","0.12508700788021088","0.12508700788021088","0.12508700788021088","1308","1308","1308"
"130999","0.1261688619852066","0.1261688619852066","0.1261688619852066","1309","1309","1309"
"131099","0.12223231047391891","0.12223231047391891","0.12223231047391891","1310","1310","1310"
"131199","0.12185133993625641","0.12185133993625641","0.12185133993625641","1311","1311","1311"
"131299","0.12401117384433746","0.12401117384433746","0.12401117384433746","1312","1312","1312"
"131399","0.1215115338563919","0.1215115338563919","0.1215115338563919","1313","1313","1313"
"131499","0.1258438527584076","0.1258438527584076","0.1258438527584076","1314","1314","1314"
"131599","0.1276502013206482","0.1276502013206482","0.1276502013206482","1315","1315","1315"
"131699","0.11823824048042297","0.11823824048042297","0.11823824048042297","1316","1316","1316"
"131799","0.1221553161740303","0.1221553161740303","0.1221553161740303","1317","1317","1317"
"131899","0.1181282103061676","0.1181282103061676","0.1181282103061676","1318","1318","1318"
"131999","0.12213598191738129","0.12213598191738129","0.12213598191738129","1319","1319","1319"
"132099","0.11539960652589798","0.11539960652589798","0.11539960652589798","1320","1320","1320"
"132199","0.12459352612495422","0.12459352612495422","0.12459352612495422","1321","1321","1321"
"132299","0.12027104943990707","0.12027104943990707","0.12027104943990707","1322","1322","1322"
"132399","0.1286211758852005","0.1286211758852005","0.1286211758852005","1323","1323","1323"
"132499","0.11826175451278687","0.11826175451278687","0.11826175451278687","1324","1324","1324"
"132599","0.12208095192909241","0.12208095192909241","0.12208095192909241","1325","1325","1325"
"132699","0.1223474070429802","0.1223474070429802","0.1223474070429802","1326","1326","1326"
"132799","0.12557734549045563","0.12557734549045563","0.12557734549045563","1327","1327","1327"
"132899","0.12032827734947205","0.12032827734947205","0.12032827734947205","1328","1328","1328"
"132999","0.12204091250896454","0.12204091250896454","0.12204091250896454","1329","1329","1329"
"133099","0.11870473623275757","0.11870473623275757","0.11870473623275757","1330","1330","1330"
"133199","0.1206965297460556","0.1206965297460556","0.1206965297460556","1331","1331","1331"
"133299","0.12165092676877975","0.12165092676877975","0.12165092676877975","1332","1332","1332"
"133399","0.12515343725681305","0.12515343725681305","0.12515343725681305","1333","1333","1333"
"133499","0.11622937023639679","0.11622937023639679","0.11622937023639679","1334","1334","1334"
"133599","0.11873137205839157","0.11873137205839157","0.11873137205839157","1335","1335","1335"
"133699","0.11705145239830017","0.11705145239830017","0.11705145239830017","1336","1336","1336"
"133799","0.12042344361543655","0.12042344361543655","0.12042344361543655","1337","1337","1337"
"133899","0.1257190704345703","0.1257190704345703","0.1257190704345703","1338","1338","1338"
"133999","0.12458232790231705","0.12458232790231705","0.12458232790231705","1339","1339","1339"
"134099","0.12830036878585815","0.12830036878585815","0.12830036878585815","1340","1340","1340"
"134199","0.11997758597135544","0.11997758597135544","0.11997758597135544","1341","1341","1341"
"134299","0.1175336092710495","0.1175336092710495","0.1175336092710495","1342","1342","1342"
"134399","0.12031940370798111","0.12031940370798111","0.12031940370798111","1343","1343","1343"
"134499","0.12418416142463684","0.12418416142463684","0.12418416142463684","1344","1344","1344"
"134599","0.12054931372404099","0.12054931372404099","0.12054931372404099","1345","1345","1345"
"134699","0.11660845577716827","0.11660845577716827","0.11660845577716827","1346","1346","1346"
"134799","0.12028128653764725","0.12028128653764725","0.12028128653764725","1347","1347","1347"
"134899","0.11393463611602783","0.11393463611602783","0.11393463611602783","1348","1348","1348"
"134999","0.1273009032011032","0.1273009032011032","0.1273009032011032","1349","1349","1349"
"135099","0.12172381579875946","0.12172381579875946","0.12172381579875946","1350","1350","1350"
"135199","0.12062611430883408","0.12062611430883408","0.12062611430883408","1351","1351","1351"
"135299","0.12251938134431839","0.12251938134431839","0.12251938134431839","1352","1352","1352"
"135399","0.1258372664451599","0.1258372664451599","0.1258372664451599","1353","1353","1353"
"135499","0.1261221468448639","0.1261221468448639","0.1261221468448639","1354","1354","1354"
"135599","0.11890161037445068","0.11890161037445068","0.11890161037445068","1355","1355","1355"
"135699","0.12738463282585144","0.12738463282585144","0.12738463282585144","1356","1356","1356"
"135799","0.12006805092096329","0.12006805092096329","0.12006805092096329","1357","1357","1357"
"135899","0.12461530417203903","0.12461530417203903","0.12461530417203903","1358","1358","1358"
"135999","0.1233629584312439","0.1233629584312439","0.1233629584312439","1359","1359","1359"
"136099","0.12045574933290482","0.12045574933290482","0.12045574933290482","1360","1360","1360"
"136199","0.12247580289840698","0.12247580289840698","0.12247580289840698","1361","1361","1361"
"136299","0.1227324828505516","0.1227324828505516","0.1227324828505516","1362","1362","1362"
"136399","0.12333982437849045","0.12333982437849045","0.12333982437849045","1363","1363","1363"
"136499","0.11922821402549744","0.11922821402549744","0.11922821402549744","1364","1364","1364"
"136599","0.11709920316934586","0.11709920316934586","0.11709920316934586","1365","1365","1365"
"136699","0.12087405472993851","0.12087405472993851","0.12087405472993851","1366","1366","1366"
"136799","0.12456345558166504","0.12456345558166504","0.12456345558166504","1367","1367","1367"
"136899","0.1208924874663353","0.1208924874663353","0.1208924874663353","1368","1368","1368"
"136999","0.12158720195293427","0.12158720195293427","0.12158720195293427","1369","1369","1369"
"137099","0.12273518741130829","0.12273518741130829","0.12273518741130829","1370","1370","1370"
"137199","0.12072122097015381","0.12072122097015381","0.12072122097015381","1371","1371","1371"
"137299","0.11534678190946579","0.11534678190946579","0.11534678190946579","1372","1372","1372"
"137399","0.1194169819355011","0.1194169819355011","0.1194169819355011","1373","1373","1373"
"137499","0.11921294033527374","0.11921294033527374","0.11921294033527374","1374","1374","1374"
"137599","0.12513858079910278","0.12513858079910278","0.12513858079910278","1375","1375","1375"
"137699","0.12781576812267303","0.12781576812267303","0.12781576812267303","1376","1376","1376"
"137799","0.12206670641899109","0.12206670641899109","0.12206670641899109","1377","1377","1377"
"137899","0.1224355697631836","0.1224355697631836","0.1224355697631836","1378","1378","1378"
"137999","0.12328843027353287","0.12328843027353287","0.12328843027353287","1379","1379","1379"
"138099","0.12487228214740753","0.12487228214740753","0.12487228214740753","1380","1380","1380"
"138199","0.12302300333976746","0.12302300333976746","0.12302300333976746","1381","1381","1381"
"138299","0.12284582853317261","0.12284582853317261","0.12284582853317261","1382","1382","1382"
"138399","0.12052609771490097","0.12052609771490097","0.12052609771490097","1383","1383","1383"
"138499","0.12192420661449432","0.12192420661449432","0.12192420661449432","1384","1384","1384"
"138599","0.12195130437612534","0.12195130437612534","0.12195130437612534","1385","1385","1385"
"138699","0.1179439052939415","0.1179439052939415","0.1179439052939415","1386","1386","1386"
"138799","0.11870946735143661","0.11870946735143661","0.11870946735143661","1387","1387","1387"
"138899","0.12726473808288574","0.12726473808288574","0.12726473808288574","1388","1388","1388"
"138999","0.12071419507265091","0.12071419507265091","0.12071419507265091","1389","1389","1389"
"139099","0.12696802616119385","0.12696802616119385","0.12696802616119385","1390","1390","1390"
"139199","0.11778967827558517","0.11778967827558517","0.11778967827558517","1391","1391","1391"
"139299","0.11274570226669312","0.11274570226669312","0.11274570226669312","1392","1392","1392"
"139399","0.11667758971452713","0.11667758971452713","0.11667758971452713","1393","1393","1393"
"139499","0.11739666759967804","0.11739666759967804","0.11739666759967804","1394","1394","1394"
"139599","0.11908106505870819","0.11908106505870819","0.11908106505870819","1395","1395","1395"
"139699","0.12280675768852234","0.12280675768852234","0.12280675768852234","1396","1396","1396"
"139799","0.12732335925102234","0.12732335925102234","0.12732335925102234","1397","1397","1397"
"139899","0.12352867424488068","0.12352867424488068","0.12352867424488068","1398","1398","1398"
"139999","0.12147592753171921","0.12147592753171921","0.12147592753171921","1399","1399","1399"
"140099","0.118427574634552","0.118427574634552","0.118427574634552","1400","1400","1400"
"140199","0.12676085531711578","0.12676085531711578","0.12676085531711578","1401","1401","1401"
"140299","0.11688128858804703","0.11688128858804703","0.11688128858804703","1402","1402","1402"
"140399","0.12277773767709732","0.12277773767709732","0.12277773767709732","1403","1403","1403"
"140499","0.1222148910164833","0.1222148910164833","0.1222148910164833","1404","1404","1404"
"140599","0.12123578041791916","0.12123578041791916","0.12123578041791916","1405","1405","1405"
"140699","0.11931734532117844","0.11931734532117844","0.11931734532117844","1406","1406","1406"
"140799","0.12613798677921295","0.12613798677921295","0.12613798677921295","1407","1407","1407"
"140899","0.11491525173187256","0.11491525173187256","0.11491525173187256","1408","1408","1408"
"140999","0.121817447245121","0.121817447245121","0.121817447245121","1409","1409","1409"
"141099","0.1173139214515686","0.1173139214515686","0.1173139214515686","1410","1410","1410"
"141199","0.11698611080646515","0.11698611080646515","0.11698611080646515","1411","1411","1411"
"141299","0.12332458049058914","0.12332458049058914","0.12332458049058914","1412","1412","1412"
"141399","0.1238412857055664","0.1238412857055664","0.1238412857055664","1413","1413","1413"
"141499","0.11343245953321457","0.11343245953321457","0.11343245953321457","1414","1414","1414"
"141599","0.12012414634227753","0.12012414634227753","0.12012414634227753","1415","1415","1415"
"141699","0.11806993931531906","0.11806993931531906","0.11806993931531906","1416","1416","1416"
"141799","0.12184575200080872","0.12184575200080872","0.12184575200080872","1417","1417","1417"
"141899","0.11755543202161789","0.11755543202161789","0.11755543202161789","1418","1418","1418"
"141999","0.1252160221338272","0.1252160221338272","0.1252160221338272","1419","1419","1419"
"142099","0.11876965314149857","0.11876965314149857","0.11876965314149857","1420","1420","1420"
"142199","0.12201958894729614","0.12201958894729614","0.12201958894729614","1421","1421","1421"
"142299","0.12090122699737549","0.12090122699737549","0.12090122699737549","1422","1422","1422"
"142399","0.12567079067230225","0.12567079067230225","0.12567079067230225","1423","1423","1423"
"142499","0.11977296322584152","0.11977296322584152","0.11977296322584152","1424","1424","1424"
"142599","0.12241437286138535","0.12241437286138535","0.12241437286138535","1425","1425","1425"
"142699","0.1148725152015686","0.1148725152015686","0.1148725152015686","1426","1426","1426"
"142799","0.12924334406852722","0.12924334406852722","0.12924334406852722","1427","1427","1427"
"142899","0.1259355992078781","0.1259355992078781","0.1259355992078781","1428","1428","1428"
"142999","0.1257447451353073","0.1257447451353073","0.1257447451353073","1429","1429","1429"
"143099","0.1269833892583847","0.1269833892583847","0.1269833892583847","1430","1430","1430"
"143199","0.11443384736776352","0.11443384736776352","0.11443384736776352","1431","1431","1431"
"143299","0.12073355168104172","0.12073355168104172","0.12073355168104172","1432","1432","1432"
"143399","0.11981920152902603","0.11981920152902603","0.11981920152902603","1433","1433","1433"
"143499","0.12057454138994217","0.12057454138994217","0.12057454138994217","1434","1434","1434"
"143599","0.12335822731256485","0.12335822731256485","0.12335822731256485","1435","1435","1435"
"143699","0.11902569234371185","0.11902569234371185","0.11902569234371185","1436","1436","1436"
"143799","0.11882197111845016","0.11882197111845016","0.11882197111845016","1437","1437","1437"
"143899","0.12017602473497391","0.12017602473497391","0.12017602473497391","1438","1438","1438"
"143999","0.11734206974506378","0.11734206974506378","0.11734206974506378","1439","1439","1439"
"144099","0.12332530319690704","0.12332530319690704","0.12332530319690704","1440","1440","1440"
"144199","0.12050405889749527","0.12050405889749527","0.12050405889749527","1441","1441","1441"
"144299","0.12317885458469391","0.12317885458469391","0.12317885458469391","1442","1442","1442"
"144399","0.12450622022151947","0.12450622022151947","0.12450622022151947","1443","1443","1443"
"144499","0.11858826130628586","0.11858826130628586","0.11858826130628586","1444","1444","1444"
"144599","0.11377221345901489","0.11377221345901489","0.11377221345901489","1445","1445","1445"
"144699","0.11929650604724884","0.11929650604724884","0.11929650604724884","1446","1446","1446"
"144799","0.12196869403123856","0.12196869403123856","0.12196869403123856","1447","1447","1447"
"144899","0.12488153576850891","0.12488153576850891","0.12488153576850891","1448","1448","1448"
"144999","0.12384454160928726","0.12384454160928726","0.12384454160928726","1449","1449","1449"
"145099","0.12501214444637299","0.12501214444637299","0.12501214444637299","1450","1450","1450"
"145199","0.1219857856631279","0.1219857856631279","0.1219857856631279","1451","1451","1451"
"145299","0.12161900103092194","0.12161900103092194","0.12161900103092194","1452","1452","1452"
"145399","0.12265805155038834","0.12265805155038834","0.12265805155038834","1453","1453","1453"
"145499","0.12793497741222382","0.12793497741222382","0.12793497741222382","1454","1454","1454"
"145599","0.124068982899189","0.124068982899189","0.124068982899189","1455","1455","1455"
"145699","0.11953172087669373","0.11953172087669373","0.11953172087669373","1456","1456","1456"
"145799","0.10944002121686935","0.10944002121686935","0.10944002121686935","1457","1457","1457"
"145899","0.11441568285226822","0.11441568285226822","0.11441568285226822","1458","1458","1458"
"145999","0.11774750798940659","0.11774750798940659","0.11774750798940659","1459","1459","1459"
"146099","0.1245606392621994","0.1245606392621994","0.1245606392621994","1460","1460","1460"
"146199","0.12030744552612305","0.12030744552612305","0.12030744552612305","1461","1461","1461"
"146299","0.12042170763015747","0.12042170763015747","0.12042170763015747","1462","1462","1462"
"146399","0.1197524294257164","0.1197524294257164","0.1197524294257164","1463","1463","1463"
"146499","0.12280534207820892","0.12280534207820892","0.12280534207820892","1464","1464","1464"
"146599","0.11884278059005737","0.11884278059005737","0.11884278059005737","1465","1465","1465"
"146699","0.11744306981563568","0.11744306981563568","0.11744306981563568","1466","1466","1466"
"146799","0.12124889343976974","0.12124889343976974","0.12124889343976974","1467","1467","1467"
"146899","0.11607333272695541","0.11607333272695541","0.11607333272695541","1468","1468","1468"
"146999","0.12607954442501068","0.12607954442501068","0.12607954442501068","1469","1469","1469"
"147099","0.12395328283309937","0.12395328283309937","0.12395328283309937","1470","1470","1470"
"147199","0.11840812116861343","0.11840812116861343","0.11840812116861343","1471","1471","1471"
"147299","0.12353942543268204","0.12353942543268204","0.12353942543268204","1472","1472","1472"
"147399","0.12002240866422653","0.12002240866422653","0.12002240866422653","1473","1473","1473"
"147499","0.12104535102844238","0.12104535102844238","0.12104535102844238","1474","1474","1474"
"147599","0.11505207419395447","0.11505207419395447","0.11505207419395447","1475","1475","1475"
"147699","0.12145503610372543","0.12145503610372543","0.12145503610372543","1476","1476","1476"
"147799","0.11638306081295013","0.11638306081295013","0.11638306081295013","1477","1477","1477"
"147899","0.11846722662448883","0.11846722662448883","0.11846722662448883","1478","1478","1478"
"147999","0.1233740895986557","0.1233740895986557","0.1233740895986557","1479","1479","1479"
"148099","0.11890695989131927","0.11890695989131927","0.11890695989131927","1480","1480","1480"
"148199","0.11798495054244995","0.11798495054244995","0.11798495054244995","1481","1481","1481"
"148299","0.11838230490684509","0.11838230490684509","0.11838230490684509","1482","1482","1482"
"148399","0.12557627260684967","0.12557627260684967","0.12557627260684967","1483","1483","1483"
"148499","0.12241217494010925","0.12241217494010925","0.12241217494010925","1484","1484","1484"
"148599","0.12378134578466415","0.12378134578466415","0.12378134578466415","1485","1485","1485"
"148699","0.11919739097356796","0.11919739097356796","0.11919739097356796","1486","1486","1486"
"148799","0.12066064029932022","0.12066064029932022","0.12066064029932022","1487","1487","1487"
"148899","0.12376457452774048","0.12376457452774048","0.12376457452774048","1488","1488","1488"
"148999","0.12321937084197998","0.12321937084197998","0.12321937084197998","1489","1489","1489"
"149099","0.11801303178071976","0.11801303178071976","0.11801303178071976","1490","1490","1490"
"149199","0.12242879718542099","0.12242879718542099","0.12242879718542099","1491","1491","1491"
"149299","0.11796829849481583","0.11796829849481583","0.11796829849481583","1492","1492","1492"
"149399","0.12151935696601868","0.12151935696601868","0.12151935696601868","1493","1493","1493"
"149499","0.12122353166341782","0.12122353166341782","0.12122353166341782","1494","1494","1494"
"149599","0.11892902851104736","0.11892902851104736","0.11892902851104736","1495","1495","1495"
"149699","0.1187482476234436","0.1187482476234436","0.1187482476234436","1496","1496","1496"
"149799","0.11845306307077408","0.11845306307077408","0.11845306307077408","1497","1497","1497"
"149899","0.12143777310848236","0.12143777310848236","0.12143777310848236","1498","1498","1498"
"149999","0.12589672207832336","0.12589672207832336","0.12589672207832336","1499","1499","1499"
"150099","0.12372563034296036","0.12372563034296036","0.12372563034296036","1500","1500","1500"
"150199","0.1158435195684433","0.1158435195684433","0.1158435195684433","1501","1501","1501"
"150299","0.12280140817165375","0.12280140817165375","0.12280140817165375","1502","1502","1502"
"150399","0.116106316447258","0.116106316447258","0.116106316447258","1503","1503","1503"
"150499","0.1245952844619751","0.1245952844619751","0.1245952844619751","1504","1504","1504"
"150599","0.116799496114254","0.116799496114254","0.116799496114254","1505","1505","1505"
"150699","0.11830859631299973","0.11830859631299973","0.11830859631299973","1506","1506","1506"
"150799","0.12144136428833008","0.12144136428833008","0.12144136428833008","1507","1507","1507"
"150899","0.1200798898935318","0.1200798898935318","0.1200798898935318","1508","1508","1508"
"150999","0.1274164915084839","0.1274164915084839","0.1274164915084839","1509","1509","1509"
"151099","0.12163355201482773","0.12163355201482773","0.12163355201482773","1510","1510","1510"
"151199","0.12241705507040024","0.12241705507040024","0.12241705507040024","1511","1511","1511"
"151299","0.12319113314151764","0.12319113314151764","0.12319113314151764","1512","1512","1512"
"151399","0.12230835855007172","0.12230835855007172","0.12230835855007172","1513","1513","1513"
"151499","0.1113252118229866","0.1113252118229866","0.1113252118229866","1514","1514","1514"
"151599","0.12757255136966705","0.12757255136966705","0.12757255136966705","1515","1515","1515"
"151699","0.11966630071401596","0.11966630071401596","0.11966630071401596","1516","1516","1516"
"151799","0.11619573086500168","0.11619573086500168","0.11619573086500168","1517","1517","1517"
"151899","0.1187780350446701","0.1187780350446701","0.1187780350446701","1518","1518","1518"
"151999","0.12444956600666046","0.12444956600666046","0.12444956600666046","1519","1519","1519"
"152099","0.11810029298067093","0.11810029298067093","0.11810029298067093","1520","1520","1520"
"152199","0.12168024480342865","0.12168024480342865","0.12168024480342865","1521","1521","1521"
"152299","0.12039630115032196","0.12039630115032196","0.12039630115032196","1522","1522","1522"
"152399","0.12145493924617767","0.12145493924617767","0.12145493924617767","1523","1523","1523"
"152499","0.11934579908847809","0.11934579908847809","0.11934579908847809","1524","1524","1524"
"152599","0.1184980720281601","0.1184980720281601","0.1184980720281601","1525","1525","1525"
"152699","0.11627324670553207","0.11627324670553207","0.11627324670553207","1526","1526","1526"
"152799","0.1262654960155487","0.1262654960155487","0.1262654960155487","1527","1527","1527"
"152899","0.12218379974365234","0.12218379974365234","0.12218379974365234","1528","1528","1528"
"152999","0.11940238624811172","0.11940238624811172","0.11940238624811172","1529","1529","1529"
"153099","0.12114641815423965","0.12114641815423965","0.12114641815423965","1530","1530","1530"
"153199","0.11924449354410172","0.11924449354410172","0.11924449354410172","1531","1531","1531"
"153299","0.12124810367822647","0.12124810367822647","0.12124810367822647","1532","1532","1532"
"153399","0.12235993146896362","0.12235993146896362","0.12235993146896362","1533","1533","1533"
"153499","0.12009837478399277","0.12009837478399277","0.12009837478399277","1534","1534","1534"
"153599","0.12148991972208023","0.12148991972208023","0.12148991972208023","1535","1535","1535"
"153699","0.12562930583953857","0.12562930583953857","0.12562930583953857","1536","1536","1536"
"153799","0.12021597474813461","0.12021597474813461","0.12021597474813461","1537","1537","1537"
"153899","0.12231394648551941","0.12231394648551941","0.12231394648551941","1538","1538","1538"
"153999","0.11751192808151245","0.11751192808151245","0.11751192808151245","1539","1539","1539"
"154099","0.12281927466392517","0.12281927466392517","0.12281927466392517","1540","1540","1540"
"154199","0.1250506490468979","0.1250506490468979","0.1250506490468979","1541","1541","1541"
"154299","0.1180960014462471","0.1180960014462471","0.1180960014462471","1542","1542","1542"
"154399","0.12090900540351868","0.12090900540351868","0.12090900540351868","1543","1543","1543"
"154499","0.1255115568637848","0.1255115568637848","0.1255115568637848","1544","1544","1544"
"154599","0.1244695782661438","0.1244695782661438","0.1244695782661438","1545","1545","1545"
"154699","0.12641853094100952","0.12641853094100952","0.12641853094100952","1546","1546","1546"
"154799","0.1231396272778511","0.1231396272778511","0.1231396272778511","1547","1547","1547"
"154899","0.11689139157533646","0.11689139157533646","0.11689139157533646","1548","1548","1548"
"154999","0.12441232055425644","0.12441232055425644","0.12441232055425644","1549","1549","1549"
"155099","0.11822514981031418","0.11822514981031418","0.11822514981031418","1550","1550","1550"
"155199","0.12732405960559845","0.12732405960559845","0.12732405960559845","1551","1551","1551"
"155299","0.11802265793085098","0.11802265793085098","0.11802265793085098","1552","1552","1552"
"155399","0.12726259231567383","0.12726259231567383","0.12726259231567383","1553","1553","1553"
"155499","0.11895111948251724","0.11895111948251724","0.11895111948251724","1554","1554","1554"
"155599","0.11969991028308868","0.11969991028308868","0.11969991028308868","1555","1555","1555"
"155699","0.12161695212125778","0.12161695212125778","0.12161695212125778","1556","1556","1556"
"155799","0.1210930272936821","0.1210930272936821","0.1210930272936821","1557","1557","1557"
"155899","0.12252090871334076","0.12252090871334076","0.12252090871334076","1558","1558","1558"
"155999","0.12519119679927826","0.12519119679927826","0.12519119679927826","1559","1559","1559"
"156099","0.12322117388248444","0.12322117388248444","0.12322117388248444","1560","1560","1560"
"156199","0.11971764266490936","0.11971764266490936","0.11971764266490936","1561","1561","1561"
"156299","0.12549851834774017","0.12549851834774017","0.12549851834774017","1562","1562","1562"
"156399","0.12066078931093216","0.12066078931093216","0.12066078931093216","1563","1563","1563"
"156499","0.12424863874912262","0.12424863874912262","0.12424863874912262","1564","1564","1564"
"156599","0.12138864398002625","0.12138864398002625","0.12138864398002625","1565","1565","1565"
"156699","0.1256493777036667","0.1256493777036667","0.1256493777036667","1566","1566","1566"
"156799","0.11525507271289825","0.11525507271289825","0.11525507271289825","1567","1567","1567"
"156899","0.1231844499707222","0.1231844499707222","0.1231844499707222","1568","1568","1568"
"156999","0.11973604559898376","0.11973604559898376","0.11973604559898376","1569","1569","1569"
"157099","0.11793334782123566","0.11793334782123566","0.11793334782123566","1570","1570","1570"
"157199","0.11442703008651733","0.11442703008651733","0.11442703008651733","1571","1571","1571"
"157299","0.12697552144527435","0.12697552144527435","0.12697552144527435","1572","1572","1572"
"157399","0.12249840795993805","0.12249840795993805","0.12249840795993805","1573","1573","1573"
"157499","0.12008486688137054","0.12008486688137054","0.12008486688137054","1574","1574","1574"
"157599","0.11529843509197235","0.11529843509197235","0.11529843509197235","1575","1575","1575"
"157699","0.12468946725130081","0.12468946725130081","0.12468946725130081","1576","1576","1576"
"157799","0.12287334352731705","0.12287334352731705","0.12287334352731705","1577","1577","1577"
"157899","0.1253717541694641","0.1253717541694641","0.1253717541694641","1578","1578","1578"
"157999","0.12755155563354492","0.12755155563354492","0.12755155563354492","1579","1579","1579"
"158099","0.12521255016326904","0.12521255016326904","0.12521255016326904","1580","1580","1580"
"158199","0.11925719678401947","0.11925719678401947","0.11925719678401947","1581","1581","1581"
"158299","0.12010268121957779","0.12010268121957779","0.12010268121957779","1582","1582","1582"
"158399","0.12055985629558563","0.12055985629558563","0.12055985629558563","1583","1583","1583"
"158499","0.12470461428165436","0.12470461428165436","0.12470461428165436","1584","1584","1584"
"158599","0.12502612173557281","0.12502612173557281","0.12502612173557281","1585","1585","1585"
"158699","0.12310422211885452","0.12310422211885452","0.12310422211885452","1586","1586","1586"
"158799","0.11571622639894485","0.11571622639894485","0.11571622639894485","1587","1587","1587"
"158899","0.1163065955042839","0.1163065955042839","0.1163065955042839","1588","1588","1588"
"158999","0.12251001596450806","0.12251001596450806","0.12251001596450806","1589","1589","1589"
"159099","0.12634289264678955","0.12634289264678955","0.12634289264678955","1590","1590","1590"
"159199","0.125239759683609","0.125239759683609","0.125239759683609","1591","1591","1591"
"159299","0.12058643251657486","0.12058643251657486","0.12058643251657486","1592","1592","1592"
"159399","0.11692707240581512","0.11692707240581512","0.11692707240581512","1593","1593","1593"
"159499","0.1208421140909195","0.1208421140909195","0.1208421140909195","1594","1594","1594"
"159599","0.12254094332456589","0.12254094332456589","0.12254094332456589","1595","1595","1595"
"159699","0.12291170656681061","0.12291170656681061","0.12291170656681061","1596","1596","1596"
"159799","0.12732058763504028","0.12732058763504028","0.12732058763504028","1597","1597","1597"
"159899","0.1257108747959137","0.1257108747959137","0.1257108747959137","1598","1598","1598"
"159999","0.11589960753917694","0.11589960753917694","0.11589960753917694","1599","1599","1599"
"160099","0.12184568494558334","0.12184568494558334","0.12184568494558334","1600","1600","1600"
"160199","0.12282350659370422","0.12282350659370422","0.12282350659370422","1601","1601","1601"
"160299","0.12540383636951447","0.12540383636951447","0.12540383636951447","1602","1602","1602"
"160399","0.11930627375841141","0.11930627375841141","0.11930627375841141","1603","1603","1603"
"160499","0.12121642380952835","0.12121642380952835","0.12121642380952835","1604","1604","1604"
"160599","0.11804795265197754","0.11804795265197754","0.11804795265197754","1605","1605","1605"
"160699","0.12187466770410538","0.12187466770410538","0.12187466770410538","1606","1606","1606"
"160799","0.12421479821205139","0.12421479821205139","0.12421479821205139","1607","1607","1607"
"160899","0.11974029988050461","0.11974029988050461","0.11974029988050461","1608","1608","1608"
"160999","0.11842642724514008","0.11842642724514008","0.11842642724514008","1609","1609","1609"
"161099","0.12127614766359329","0.12127614766359329","0.12127614766359329","1610","1610","1610"
"161199","0.1225050538778305","0.1225050538778305","0.1225050538778305","1611","1611","1611"
"161299","0.1251422017812729","0.1251422017812729","0.1251422017812729","1612","1612","1612"
"161399","0.11777804046869278","0.11777804046869278","0.11777804046869278","1613","1613","1613"
"161499","0.11950521171092987","0.11950521171092987","0.11950521171092987","1614","1614","1614"
"161599","0.11871059238910675","0.11871059238910675","0.11871059238910675","1615","1615","1615"
"161699","0.11604716628789902","0.11604716628789902","0.11604716628789902","1616","1616","1616"
"161799","0.11336251348257065","0.11336251348257065","0.11336251348257065","1617","1617","1617"
"161899","0.11488201469182968","0.11488201469182968","0.11488201469182968","1618","1618","1618"
"161999","0.12260289490222931","0.12260289490222931","0.12260289490222931","1619","1619","1619"
"162099","0.12353171408176422","0.12353171408176422","0.12353171408176422","1620","1620","1620"
"162199","0.1281195878982544","0.1281195878982544","0.1281195878982544","1621","1621","1621"
"162299","0.12191502749919891","0.12191502749919891","0.12191502749919891","1622","1622","1622"
"162399","0.11965208500623703","0.11965208500623703","0.11965208500623703","1623","1623","1623"
"162499","0.11479359120130539","0.11479359120130539","0.11479359120130539","1624","1624","1624"
"162599","0.12139899283647537","0.12139899283647537","0.12139899283647537","1625","1625","1625"
"162699","0.1251349300146103","0.1251349300146103","0.1251349300146103","1626","1626","1626"
"162799","0.12443655729293823","0.12443655729293823","0.12443655729293823","1627","1627","1627"
"162899","0.11966274678707123","0.11966274678707123","0.11966274678707123","1628","1628","1628"
"162999","0.11708008497953415","0.11708008497953415","0.11708008497953415","1629","1629","1629"
"163099","0.1274312287569046","0.1274312287569046","0.1274312287569046","1630","1630","1630"
"163199","0.12139604240655899","0.12139604240655899","0.12139604240655899","1631","1631","1631"
"163299","0.12249012291431427","0.12249012291431427","0.12249012291431427","1632","1632","1632"
"163399","0.11927103251218796","0.11927103251218796","0.11927103251218796","1633","1633","1633"
"163499","0.12141630053520203","0.12141630053520203","0.12141630053520203","1634","1634","1634"
"163599","0.12131717801094055","0.12131717801094055","0.12131717801094055","1635","1635","1635"
"163699","0.12386567890644073","0.12386567890644073","0.12386567890644073","1636","1636","1636"
"163799","0.12671218812465668","0.12671218812465668","0.12671218812465668","1637","1637","1637"
"163899","0.12570513784885406","0.12570513784885406","0.12570513784885406","1638","1638","1638"
"163999","0.1152418702840805","0.1152418702840805","0.1152418702840805","1639","1639","1639"
"164099","0.1182621493935585","0.1182621493935585","0.1182621493935585","1640","1640","1640"
"164199","0.12013714760541916","0.12013714760541916","0.12013714760541916","1641","1641","1641"
"164299","0.12261582911014557","0.12261582911014557","0.12261582911014557","1642","1642","1642"
"164399","0.11474437266588211","0.11474437266588211","0.11474437266588211","1643","1643","1643"
"164499","0.12858639657497406","0.12858639657497406","0.12858639657497406","1644","1644","1644"
"164599","0.11961708217859268","0.11961708217859268","0.11961708217859268","1645","1645","1645"
"164699","0.11476635932922363","0.11476635932922363","0.11476635932922363","1646","1646","1646"
"164799","0.12369915843009949","0.12369915843009949","0.12369915843009949","1647","1647","1647"
"164899","0.12181148678064346","0.12181148678064346","0.12181148678064346","1648","1648","1648"
"164999","0.12462935596704483","0.12462935596704483","0.12462935596704483","1649","1649","1649"
"165099","0.12249954044818878","0.12249954044818878","0.12249954044818878","1650","1650","1650"
"165199","0.1203538328409195","0.1203538328409195","0.1203538328409195","1651","1651","1651"
"165299","0.11918448656797409","0.11918448656797409","0.11918448656797409","1652","1652","1652"
"165399","0.1239532008767128","0.1239532008767128","0.1239532008767128","1653","1653","1653"
"165499","0.12259693443775177","0.12259693443775177","0.12259693443775177","1654","1654","1654"
"165599","0.11678409576416016","0.11678409576416016","0.11678409576416016","1655","1655","1655"
"165699","0.12566395103931427","0.12566395103931427","0.12566395103931427","1656","1656","1656"
"165799","0.12107176333665848","0.12107176333665848","0.12107176333665848","1657","1657","1657"
"165899","0.11846078932285309","0.11846078932285309","0.11846078932285309","1658","1658","1658"
"165999","0.11567670106887817","0.11567670106887817","0.11567670106887817","1659","1659","1659"
"166099","0.12423599511384964","0.12423599511384964","0.12423599511384964","1660","1660","1660"
"166199","0.12439287453889847","0.12439287453889847","0.12439287453889847","1661","1661","1661"
"166299","0.12231718748807907","0.12231718748807907","0.12231718748807907","1662","1662","1662"
"166399","0.12404129654169083","0.12404129654169083","0.12404129654169083","1663","1663","1663"
"166499","0.11814060062170029","0.11814060062170029","0.11814060062170029","1664","1664","1664"
"166599","0.11775808036327362","0.11775808036327362","0.11775808036327362","1665","1665","1665"
"166699","0.12009251862764359","0.12009251862764359","0.12009251862764359","1666","1666","1666"
"166799","0.12769727408885956","0.12769727408885956","0.12769727408885956","1667","1667","1667"
"166899","0.12715594470500946","0.12715594470500946","0.12715594470500946","1668","1668","1668"
"166999","0.12034974992275238","0.12034974992275238","0.12034974992275238","1669","1669","1669"
"167099","0.1282283514738083","0.1282283514738083","0.1282283514738083","1670","1670","1670"
"167199","0.12386614829301834","0.12386614829301834","0.12386614829301834","1671","1671","1671"
"167299","0.1210613027215004","0.1210613027215004","0.1210613027215004","1672","1672","1672"
"167399","0.12148167192935944","0.12148167192935944","0.12148167192935944","1673","1673","1673"
"167499","0.12418296933174133","0.12418296933174133","0.12418296933174133","1674","1674","1674"
"167599","0.12125953286886215","0.12125953286886215","0.12125953286886215","1675","1675","1675"
"167699","0.12058471143245697","0.12058471143245697","0.12058471143245697","1676","1676","1676"
"167799","0.12765267491340637","0.12765267491340637","0.12765267491340637","1677","1677","1677"
"167899","0.11907466500997543","0.11907466500997543","0.11907466500997543","1678","1678","1678"
"167999","0.1190866157412529","0.1190866157412529","0.1190866157412529","1679","1679","1679"
"168099","0.12077359110116959","0.12077359110116959","0.12077359110116959","1680","1680","1680"
"168199","0.12186896800994873","0.12186896800994873","0.12186896800994873","1681","1681","1681"
"168299","0.12140598148107529","0.12140598148107529","0.12140598148107529","1682","1682","1682"
"168399","0.12509573996067047","0.12509573996067047","0.12509573996067047","1683","1683","1683"
"168499","0.11650066077709198","0.11650066077709198","0.11650066077709198","1684","1684","1684"
"168599","0.12168266624212265","0.12168266624212265","0.12168266624212265","1685","1685","1685"
"168699","0.12294430285692215","0.12294430285692215","0.12294430285692215","1686","1686","1686"
"168799","0.11711423099040985","0.11711423099040985","0.11711423099040985","1687","1687","1687"
"168899","0.12080264091491699","0.12080264091491699","0.12080264091491699","1688","1688","1688"
"168999","0.12064569443464279","0.12064569443464279","0.12064569443464279","1689","1689","1689"
"169099","0.11830391734838486","0.11830391734838486","0.11830391734838486","1690","1690","1690"
"169199","0.11544497311115265","0.11544497311115265","0.11544497311115265","1691","1691","1691"
"169299","0.12335668504238129","0.12335668504238129","0.12335668504238129","1692","1692","1692"
"169399","0.1273406445980072","0.1273406445980072","0.1273406445980072","1693","1693","1693"
"169499","0.1186671108007431","0.1186671108007431","0.1186671108007431","1694","1694","1694"
"169599","0.11888083070516586","0.11888083070516586","0.11888083070516586","1695","1695","1695"
"169699","0.12675727903842926","0.12675727903842926","0.12675727903842926","1696","1696","1696"
"169799","0.12959778308868408","0.12959778308868408","0.12959778308868408","1697","1697","1697"
"169899","0.127401202917099","0.127401202917099","0.127401202917099","1698","1698","1698"
"169999","0.12137007713317871","0.12137007713317871","0.12137007713317871","1699","1699","1699"
"170099","0.12094519287347794","0.12094519287347794","0.12094519287347794","1700","1700","1700"
"170199","0.12325896322727203","0.12325896322727203","0.12325896322727203","1701","1701","1701"
"170299","0.12598344683647156","0.12598344683647156","0.12598344683647156","1702","1702","1702"
"170399","0.12234573811292648","0.12234573811292648","0.12234573811292648","1703","1703","1703"
"170499","0.12647078931331635","0.12647078931331635","0.12647078931331635","1704","1704","1704"
"170599","0.11894404143095016","0.11894404143095016","0.11894404143095016","1705","1705","1705"
"170699","0.11494817584753036","0.11494817584753036","0.11494817584753036","1706","1706","1706"
"170799","0.12564563751220703","0.12564563751220703","0.12564563751220703","1707","1707","1707"
"170899","0.11077743768692017","0.11077743768692017","0.11077743768692017","1708","1708","1708"
"170999","0.12476050853729248","0.12476050853729248","0.12476050853729248","1709","1709","1709"
"171099","0.12123895436525345","0.12123895436525345","0.12123895436525345","1710","1710","1710"
"171199","0.11807437241077423","0.11807437241077423","0.11807437241077423","1711","1711","1711"
"171299","0.12039600312709808","0.12039600312709808","0.12039600312709808","1712","1712","1712"
"171399","0.12657888233661652","0.12657888233661652","0.12657888233661652","1713","1713","1713"
"171499","0.12162002921104431","0.12162002921104431","0.12162002921104431","1714","1714","1714"
"171599","0.12390629947185516","0.12390629947185516","0.12390629947185516","1715","1715","1715"
"171699","0.1261691004037857","0.1261691004037857","0.1261691004037857","1716","1716","1716"
"171799","0.11838271468877792","0.11838271468877792","0.11838271468877792","1717","1717","1717"
"171899","0.11925499886274338","0.11925499886274338","0.11925499886274338","1718","1718","1718"
"171999","0.1212465837597847","0.1212465837597847","0.1212465837597847","1719","1719","1719"
"172099","0.1206502914428711","0.1206502914428711","0.1206502914428711","1720","1720","1720"
"172199","0.12837086617946625","0.12837086617946625","0.12837086617946625","1721","1721","1721"
"172299","0.12651117146015167","0.12651117146015167","0.12651117146015167","1722","1722","1722"
"172399","0.12052056193351746","0.12052056193351746","0.12052056193351746","1723","1723","1723"
"172499","0.12196667492389679","0.12196667492389679","0.12196667492389679","1724","1724","1724"
"172599","0.11439435184001923","0.11439435184001923","0.11439435184001923","1725","1725","1725"
"172699","0.1281404346227646","0.1281404346227646","0.1281404346227646","1726","1726","1726"
"172799","0.12201952934265137","0.12201952934265137","0.12201952934265137","1727","1727","1727"
"172899","0.12129329144954681","0.12129329144954681","0.12129329144954681","1728","1728","1728"
"172999","0.1195220947265625","0.1195220947265625","0.1195220947265625","1729","1729","1729"
"173099","0.12146912515163422","0.12146912515163422","0.12146912515163422","1730","1730","1730"
"173199","0.12076631188392639","0.12076631188392639","0.12076631188392639","1731","1731","1731"
"173299","0.12195219099521637","0.12195219099521637","0.12195219099521637","1732","1732","1732"
"173399","0.12126654386520386","0.12126654386520386","0.12126654386520386","1733","1733","1733"
"173499","0.11592531204223633","0.11592531204223633","0.11592531204223633","1734","1734","1734"
"173599","0.11915090680122375","0.11915090680122375","0.11915090680122375","1735","1735","1735"
"173699","0.13094434142112732","0.13094434142112732","0.13094434142112732","1736","1736","1736"
"173799","0.12458773702383041","0.12458773702383041","0.12458773702383041","1737","1737","1737"
"173899","0.11988922208547592","0.11988922208547592","0.11988922208547592","1738","1738","1738"
"173999","0.11578106880187988","0.11578106880187988","0.11578106880187988","1739","1739","1739"
"174099","0.11769207566976547","0.11769207566976547","0.11769207566976547","1740","1740","1740"
"174199","0.11697811633348465","0.11697811633348465","0.11697811633348465","1741","1741","1741"
"174299","0.12234369665384293","0.12234369665384293","0.12234369665384293","1742","1742","1742"
"174399","0.12308797240257263","0.12308797240257263","0.12308797240257263","1743","1743","1743"
"174499","0.11805211007595062","0.11805211007595062","0.11805211007595062","1744","1744","1744"
"174599","0.11751072108745575","0.11751072108745575","0.11751072108745575","1745","1745","1745"
"174699","0.11988972872495651","0.11988972872495651","0.11988972872495651","1746","1746","1746"
"174799","0.12166228890419006","0.12166228890419006","0.12166228890419006","1747","1747","1747"
"174899","0.12148036062717438","0.12148036062717438","0.12148036062717438","1748","1748","1748"
"174999","0.12492460757493973","0.12492460757493973","0.12492460757493973","1749","1749","1749"
"175099","0.11632536351680756","0.11632536351680756","0.11632536351680756","1750","1750","1750"
"175199","0.12075086683034897","0.12075086683034897","0.12075086683034897","1751","1751","1751"
"175299","0.12455708533525467","0.12455708533525467","0.12455708533525467","1752","1752","1752"
"175399","0.11461880803108215","0.11461880803108215","0.11461880803108215","1753","1753","1753"
"175499","0.12123966217041016","0.12123966217041016","0.12123966217041016","1754","1754","1754"
"175599","0.12474367767572403","0.12474367767572403","0.12474367767572403","1755","1755","1755"
"175699","0.12154921889305115","0.12154921889305115","0.12154921889305115","1756","1756","1756"
"175799","0.12387682497501373","0.12387682497501373","0.12387682497501373","1757","1757","1757"
"175899","0.12410123646259308","0.12410123646259308","0.12410123646259308","1758","1758","1758"
"175999","0.12042239308357239","0.12042239308357239","0.12042239308357239","1759","1759","1759"
"176099","0.12361199408769608","0.12361199408769608","0.12361199408769608","1760","1760","1760"
"176199","0.11980176717042923","0.11980176717042923","0.11980176717042923","1761","1761","1761"
"176299","0.12405838817358017","0.12405838817358017","0.12405838817358017","1762","1762","1762"
"176399","0.11792702972888947","0.11792702972888947","0.11792702972888947","1763","1763","1763"
"176499","0.11437361687421799","0.11437361687421799","0.11437361687421799","1764","1764","1764"
"176599","0.12199915945529938","0.12199915945529938","0.12199915945529938","1765","1765","1765"
"176699","0.11963802576065063","0.11963802576065063","0.11963802576065063","1766","1766","1766"
"176799","0.12118081748485565","0.12118081748485565","0.12118081748485565","1767","1767","1767"
"176899","0.12527965009212494","0.12527965009212494","0.12527965009212494","1768","1768","1768"
"176999","0.12247055768966675","0.12247055768966675","0.12247055768966675","1769","1769","1769"
"177099","0.12496747076511383","0.12496747076511383","0.12496747076511383","1770","1770","1770"
"177199","0.1222536638379097","0.1222536638379097","0.1222536638379097","1771","1771","1771"
"177299","0.11721693724393845","0.11721693724393845","0.11721693724393845","1772","1772","1772"
"177399","0.1269606202840805","0.1269606202840805","0.1269606202840805","1773","1773","1773"
"177499","0.1211811974644661","0.1211811974644661","0.1211811974644661","1774","1774","1774"
"177599","0.12172354757785797","0.12172354757785797","0.12172354757785797","1775","1775","1775"
"177699","0.12362577766180038","0.12362577766180038","0.12362577766180038","1776","1776","1776"
"177799","0.11401084065437317","0.11401084065437317","0.11401084065437317","1777","1777","1777"
"177899","0.12374981492757797","0.12374981492757797","0.12374981492757797","1778","1778","1778"
"177999","0.12224554270505905","0.12224554270505905","0.12224554270505905","1779","1779","1779"
"178099","0.12345399707555771","0.12345399707555771","0.12345399707555771","1780","1780","1780"
"178199","0.11475763469934464","0.11475763469934464","0.11475763469934464","1781","1781","1781"
"178299","0.12183545529842377","0.12183545529842377","0.12183545529842377","1782","1782","1782"
"178399","0.12139155715703964","0.12139155715703964","0.12139155715703964","1783","1783","1783"
"178499","0.11600468307733536","0.11600468307733536","0.11600468307733536","1784","1784","1784"
"178599","0.12271042913198471","0.12271042913198471","0.12271042913198471","1785","1785","1785"
"178699","0.12121964991092682","0.12121964991092682","0.12121964991092682","1786","1786","1786"
"178799","0.11458227038383484","0.11458227038383484","0.11458227038383484","1787","1787","1787"
"178899","0.12585456669330597","0.12585456669330597","0.12585456669330597","1788","1788","1788"
"178999","0.12371580302715302","0.12371580302715302","0.12371580302715302","1789","1789","1789"
"179099","0.1240781843662262","0.1240781843662262","0.1240781843662262","1790","1790","1790"
"179199","0.12074542045593262","0.12074542045593262","0.12074542045593262","1791","1791","1791"
"179299","0.11887338757514954","0.11887338757514954","0.11887338757514954","1792","1792","1792"
"179399","0.11754267662763596","0.11754267662763596","0.11754267662763596","1793","1793","1793"
"179499","0.12313544750213623","0.12313544750213623","0.12313544750213623","1794","1794","1794"
"179599","0.11979243159294128","0.11979243159294128","0.11979243159294128","1795","1795","1795"
"179699","0.12540842592716217","0.12540842592716217","0.12540842592716217","1796","1796","1796"
"179799","0.12616732716560364","0.12616732716560364","0.12616732716560364","1797","1797","1797"
"179899","0.13072733581066132","0.13072733581066132","0.13072733581066132","1798","1798","1798"
"179999","0.12478408217430115","0.12478408217430115","0.12478408217430115","1799","1799","1799"
"180099","0.11903510987758636","0.11903510987758636","0.11903510987758636","1800","1800","1800"
"180199","0.12272664904594421","0.12272664904594421","0.12272664904594421","1801","1801","1801"
"180299","0.11604870855808258","0.11604870855808258","0.11604870855808258","1802","1802","1802"
"180399","0.12150505185127258","0.12150505185127258","0.12150505185127258","1803","1803","1803"
"180499","0.12028855085372925","0.12028855085372925","0.12028855085372925","1804","1804","1804"
"180599","0.1203879863023758","0.1203879863023758","0.1203879863023758","1805","1805","1805"
"180699","0.12485598772764206","0.12485598772764206","0.12485598772764206","1806","1806","1806"
"180799","0.12399660050868988","0.12399660050868988","0.12399660050868988","1807","1807","1807"
"180899","0.12148968875408173","0.12148968875408173","0.12148968875408173","1808","1808","1808"
"180999","0.12226063758134842","0.12226063758134842","0.12226063758134842","1809","1809","1809"
"181099","0.13207025825977325","0.13207025825977325","0.13207025825977325","1810","1810","1810"
"181199","0.12220875918865204","0.12220875918865204","0.12220875918865204","1811","1811","1811"
"181299","0.12393420934677124","0.12393420934677124","0.12393420934677124","1812","1812","1812"
"181399","0.11667238175868988","0.11667238175868988","0.11667238175868988","1813","1813","1813"
"181499","0.1265987753868103","0.1265987753868103","0.1265987753868103","1814","1814","1814"
"181599","0.12218036502599716","0.12218036502599716","0.12218036502599716","1815","1815","1815"
"181699","0.11565572768449783","0.11565572768449783","0.11565572768449783","1816","1816","1816"
"181799","0.11815376579761505","0.11815376579761505","0.11815376579761505","1817","1817","1817"
"181899","0.11671174317598343","0.11671174317598343","0.11671174317598343","1818","1818","1818"
"181999","0.11869358271360397","0.11869358271360397","0.11869358271360397","1819","1819","1819"
"182099","0.12338007986545563","0.12338007986545563","0.12338007986545563","1820","1820","1820"
"182199","0.12664061784744263","0.12664061784744263","0.12664061784744263","1821","1821","1821"
"182299","0.11534121632575989","0.11534121632575989","0.11534121632575989","1822","1822","1822"
"182399","0.12459840625524521","0.12459840625524521","0.12459840625524521","1823","1823","1823"
"182499","0.11955645680427551","0.11955645680427551","0.11955645680427551","1824","1824","1824"
"182599","0.12487251311540604","0.12487251311540604","0.12487251311540604","1825","1825","1825"
"182699","0.12344402819871902","0.12344402819871902","0.12344402819871902","1826","1826","1826"
"182799","0.11984331160783768","0.11984331160783768","0.11984331160783768","1827","1827","1827"
"182899","0.12397541850805283","0.12397541850805283","0.12397541850805283","1828","1828","1828"
"182999","0.12118818610906601","0.12118818610906601","0.12118818610906601","1829","1829","1829"
"183099","0.11517073959112167","0.11517073959112167","0.11517073959112167","1830","1830","1830"
"183199","0.1174333393573761","0.1174333393573761","0.1174333393573761","1831","1831","1831"
"183299","0.11797016859054565","0.11797016859054565","0.11797016859054565","1832","1832","1832"
"183399","0.12333040684461594","0.12333040684461594","0.12333040684461594","1833","1833","1833"
"183499","0.11999867111444473","0.11999867111444473","0.11999867111444473","1834","1834","1834"
"183599","0.12208511680364609","0.12208511680364609","0.12208511680364609","1835","1835","1835"
"183699","0.11921776831150055","0.11921776831150055","0.11921776831150055","1836","1836","1836"
"183799","0.11523401737213135","0.11523401737213135","0.11523401737213135","1837","1837","1837"
"183899","0.12102937698364258","0.12102937698364258","0.12102937698364258","1838","1838","1838"
"183999","0.12096172571182251","0.12096172571182251","0.12096172571182251","1839","1839","1839"
"184099","0.11913253366947174","0.11913253366947174","0.11913253366947174","1840","1840","1840"
"184199","0.11696139723062515","0.11696139723062515","0.11696139723062515","1841","1841","1841"
"184299","0.12106655538082123","0.12106655538082123","0.12106655538082123","1842","1842","1842"
"184399","0.1196642518043518","0.1196642518043518","0.1196642518043518","1843","1843","1843"
"184499","0.11924879997968674","0.11924879997968674","0.11924879997968674","1844","1844","1844"
"184599","0.10904283821582794","0.10904283821582794","0.10904283821582794","1845","1845","1845"
"184699","0.12303987145423889","0.12303987145423889","0.12303987145423889","1846","1846","1846"
"184799","0.12394203245639801","0.12394203245639801","0.12394203245639801","1847","1847","1847"
"184899","0.1163281574845314","0.1163281574845314","0.1163281574845314","1848","1848","1848"
"184999","0.11716156452894211","0.11716156452894211","0.11716156452894211","1849","1849","1849"
"185099","0.11605345457792282","0.11605345457792282","0.11605345457792282","1850","1850","1850"
"185199","0.1201590821146965","0.1201590821146965","0.1201590821146965","1851","1851","1851"
"185299","0.12230659276247025","0.12230659276247025","0.12230659276247025","1852","1852","1852"
"185399","0.11729346215724945","0.11729346215724945","0.11729346215724945","1853","1853","1853"
"185499","0.12547996640205383","0.12547996640205383","0.12547996640205383","1854","1854","1854"
"185599","0.12002992630004883","0.12002992630004883","0.12002992630004883","1855","1855","1855"
"185699","0.12231866270303726","0.12231866270303726","0.12231866270303726","1856","1856","1856"
"185799","0.12623603641986847","0.12623603641986847","0.12623603641986847","1857","1857","1857"
"185899","0.12281006574630737","0.12281006574630737","0.12281006574630737","1858","1858","1858"
"185999","0.12030646950006485","0.12030646950006485","0.12030646950006485","1859","1859","1859"
"186099","0.12259983271360397","0.12259983271360397","0.12259983271360397","1860","1860","1860"
"186199","0.1313037872314453","0.1313037872314453","0.1313037872314453","1861","1861","1861"
"186299","0.11571275442838669","0.11571275442838669","0.11571275442838669","1862","1862","1862"
"186399","0.11178713291883469","0.11178713291883469","0.11178713291883469","1863","1863","1863"
"186499","0.11933509260416031","0.11933509260416031","0.11933509260416031","1864","1864","1864"
"186599","0.11993467062711716","0.11993467062711716","0.11993467062711716","1865","1865","1865"
"186699","0.11721117794513702","0.11721117794513702","0.11721117794513702","1866","1866","1866"
"186799","0.12246136367321014","0.12246136367321014","0.12246136367321014","1867","1867","1867"
"186899","0.11983908712863922","0.11983908712863922","0.11983908712863922","1868","1868","1868"
"186999","0.12170358002185822","0.12170358002185822","0.12170358002185822","1869","1869","1869"
"187099","0.1236359104514122","0.1236359104514122","0.1236359104514122","1870","1870","1870"
"187199","0.1279638409614563","0.1279638409614563","0.1279638409614563","1871","1871","1871"
"187299","0.11450325697660446","0.11450325697660446","0.11450325697660446","1872","1872","1872"
"187399","0.11984821408987045","0.11984821408987045","0.11984821408987045","1873","1873","1873"
"187499","0.11969459056854248","0.11969459056854248","0.11969459056854248","1874","1874","1874"
"187599","0.12003611028194427","0.12003611028194427","0.12003611028194427","1875","1875","1875"
"187699","0.11939123272895813","0.11939123272895813","0.11939123272895813","1876","1876","1876"
"187799","0.11343478411436081","0.11343478411436081","0.11343478411436081","1877","1877","1877"
"187899","0.12122824788093567","0.12122824788093567","0.12122824788093567","1878","1878","1878"
"187999","0.12145788222551346","0.12145788222551346","0.12145788222551346","1879","1879","1879"
"188099","0.1160392314195633","0.1160392314195633","0.1160392314195633","1880","1880","1880"
"188199","0.12077826261520386","0.12077826261520386","0.12077826261520386","1881","1881","1881"
"188299","0.11945714801549911","0.11945714801549911","0.11945714801549911","1882","1882","1882"
"188399","0.11601485311985016","0.11601485311985016","0.11601485311985016","1883","1883","1883"
"188499","0.1206892803311348","0.1206892803311348","0.1206892803311348","1884","1884","1884"
"188599","0.1247534230351448","0.1247534230351448","0.1247534230351448","1885","1885","1885"
"188699","0.12033026665449142","0.12033026665449142","0.12033026665449142","1886","1886","1886"
"188799","0.12324414402246475","0.12324414402246475","0.12324414402246475","1887","1887","1887"
"188899","0.12464798241853714","0.12464798241853714","0.12464798241853714","1888","1888","1888"
"188999","0.12591060996055603","0.12591060996055603","0.12591060996055603","1889","1889","1889"
"189099","0.1198061853647232","0.1198061853647232","0.1198061853647232","1890","1890","1890"
"189199","0.11970403790473938","0.11970403790473938","0.11970403790473938","1891","1891","1891"
"189299","0.11705334484577179","0.11705334484577179","0.11705334484577179","1892","1892","1892"
"189399","0.12426181137561798","0.12426181137561798","0.12426181137561798","1893","1893","1893"
"189499","0.11936800181865692","0.11936800181865692","0.11936800181865692","1894","1894","1894"
"189599","0.11994008719921112","0.11994008719921112","0.11994008719921112","1895","1895","1895"
"189699","0.12255886942148209","0.12255886942148209","0.12255886942148209","1896","1896","1896"
"189799","0.11960678547620773","0.11960678547620773","0.11960678547620773","1897","1897","1897"
"189899","0.11835990846157074","0.11835990846157074","0.11835990846157074","1898","1898","1898"
"189999","0.1256069540977478","0.1256069540977478","0.1256069540977478","1899","1899","1899"
"190099","0.11892881989479065","0.11892881989479065","0.11892881989479065","1900","1900","1900"
"190199","0.11827851831912994","0.11827851831912994","0.11827851831912994","1901","1901","1901"
"190299","0.11894863098859787","0.11894863098859787","0.11894863098859787","1902","1902","1902"
"190399","0.11971528828144073","0.11971528828144073","0.11971528828144073","1903","1903","1903"
"190499","0.11838483810424805","0.11838483810424805","0.11838483810424805","1904","1904","1904"
"190599","0.12290090322494507","0.12290090322494507","0.12290090322494507","1905","1905","1905"
"190699","0.12381938844919205","0.12381938844919205","0.12381938844919205","1906","1906","1906"
"190799","0.11706660687923431","0.11706660687923431","0.11706660687923431","1907","1907","1907"
"190899","0.11984816193580627","0.11984816193580627","0.11984816193580627","1908","1908","1908"
"190999","0.12003709375858307","0.12003709375858307","0.12003709375858307","1909","1909","1909"
"191099","0.1308915615081787","0.1308915615081787","0.1308915615081787","1910","1910","1910"
"191199","0.12009385973215103","0.12009385973215103","0.12009385973215103","1911","1911","1911"
"191299","0.1239754855632782","0.1239754855632782","0.1239754855632782","1912","1912","1912"
"191399","0.12310591340065002","0.12310591340065002","0.12310591340065002","1913","1913","1913"
"191499","0.12402186542749405","0.12402186542749405","0.12402186542749405","1914","1914","1914"
"191599","0.12686613202095032","0.12686613202095032","0.12686613202095032","1915","1915","1915"
"191699","0.11536846309900284","0.11536846309900284","0.11536846309900284","1916","1916","1916"
"191799","0.12464582175016403","0.12464582175016403","0.12464582175016403","1917","1917","1917"
"191899","0.11732617020606995","0.11732617020606995","0.11732617020606995","1918","1918","1918"
"191999","0.120384082198143","0.120384082198143","0.120384082198143","1919","1919","1919"
"192099","0.12183686345815659","0.12183686345815659","0.12183686345815659","1920","1920","1920"
"192199","0.12114337831735611","0.12114337831735611","0.12114337831735611","1921","1921","1921"
"192299","0.12737227976322174","0.12737227976322174","0.12737227976322174","1922","1922","1922"
"192399","0.1266373246908188","0.1266373246908188","0.1266373246908188","1923","1923","1923"
"192499","0.12106399983167648","0.12106399983167648","0.12106399983167648","1924","1924","1924"
"192599","0.12705263495445251","0.12705263495445251","0.12705263495445251","1925","1925","1925"
"192699","0.11865105479955673","0.11865105479955673","0.11865105479955673","1926","1926","1926"
"192799","0.12221934646368027","0.12221934646368027","0.12221934646368027","1927","1927","1927"
"192899","0.11469332128763199","0.11469332128763199","0.11469332128763199","1928","1928","1928"
"192999","0.1225353479385376","0.1225353479385376","0.1225353479385376","1929","1929","1929"
"193099","0.1247243583202362","0.1247243583202362","0.1247243583202362","1930","1930","1930"
"193199","0.12001137435436249","0.12001137435436249","0.12001137435436249","1931","1931","1931"
"193299","0.11780279874801636","0.11780279874801636","0.11780279874801636","1932","1932","1932"
"193399","0.12344168871641159","0.12344168871641159","0.12344168871641159","1933","1933","1933"
"193499","0.12383987009525299","0.12383987009525299","0.12383987009525299","1934","1934","1934"
"193599","0.11569090932607651","0.11569090932607651","0.11569090932607651","1935","1935","1935"
"193699","0.12295471876859665","0.12295471876859665","0.12295471876859665","1936","1936","1936"
"193799","0.11473682522773743","0.11473682522773743","0.11473682522773743","1937","1937","1937"
"193899","0.11804718524217606","0.11804718524217606","0.11804718524217606","1938","1938","1938"
"193999","0.12151706963777542","0.12151706963777542","0.12151706963777542","1939","1939","1939"
"194099","0.1166786253452301","0.1166786253452301","0.1166786253452301","1940","1940","1940"
"194199","0.12124275416135788","0.12124275416135788","0.12124275416135788","1941","1941","1941"
"194299","0.12274756282567978","0.12274756282567978","0.12274756282567978","1942","1942","1942"
"194399","0.11904188245534897","0.11904188245534897","0.11904188245534897","1943","1943","1943"
"194499","0.11829818040132523","0.11829818040132523","0.11829818040132523","1944","1944","1944"
"194599","0.12250570952892303","0.12250570952892303","0.12250570952892303","1945","1945","1945"
"194699","0.11763861775398254","0.11763861775398254","0.11763861775398254","1946","1946","1946"
"194799","0.1264696568250656","0.1264696568250656","0.1264696568250656","1947","1947","1947"
"194899","0.11744676530361176","0.11744676530361176","0.11744676530361176","1948","1948","1948"
"194999","0.12016329169273376","0.12016329169273376","0.12016329169273376","1949","1949","1949"
"195099","0.11683370172977448","0.11683370172977448","0.11683370172977448","1950","1950","1950"
"195199","0.11814836412668228","0.11814836412668228","0.11814836412668228","1951","1951","1951"
"195299","0.11351589113473892","0.11351589113473892","0.11351589113473892","1952","1952","1952"
"195399","0.12225379049777985","0.12225379049777985","0.12225379049777985","1953","1953","1953"
"195499","0.11773719638586044","0.11773719638586044","0.11773719638586044","1954","1954","1954"
"195599","0.11550017446279526","0.11550017446279526","0.11550017446279526","1955","1955","1955"
"195699","0.11816977709531784","0.11816977709531784","0.11816977709531784","1956","1956","1956"
"195799","0.12291077524423599","0.12291077524423599","0.12291077524423599","1957","1957","1957"
"195899","0.11895296722650528","0.11895296722650528","0.11895296722650528","1958","1958","1958"
"195999","0.12041841447353363","0.12041841447353363","0.12041841447353363","1959","1959","1959"
"196099","0.12103208899497986","0.12103208899497986","0.12103208899497986","1960","1960","1960"
"196199","0.12138813734054565","0.12138813734054565","0.12138813734054565","1961","1961","1961"
"196299","0.11769063025712967","0.11769063025712967","0.11769063025712967","1962","1962","1962"
"196399","0.1293303519487381","0.1293303519487381","0.1293303519487381","1963","1963","1963"
"196499","0.12135078758001328","0.12135078758001328","0.12135078758001328","1964","1964","1964"
"196599","0.12336408346891403","0.12336408346891403","0.12336408346891403","1965","1965","1965"
"196699","0.1240583062171936","0.1240583062171936","0.1240583062171936","1966","1966","1966"
"196799","0.1287970393896103","0.1287970393896103","0.1287970393896103","1967","1967","1967"
"196899","0.11250258982181549","0.11250258982181549","0.11250258982181549","1968","1968","1968"
"196999","0.12444120645523071","0.12444120645523071","0.12444120645523071","1969","1969","1969"
"197099","0.12116071581840515","0.12116071581840515","0.12116071581840515","1970","1970","1970"
"197199","0.12058393657207489","0.12058393657207489","0.12058393657207489","1971","1971","1971"
"197299","0.11951576173305511","0.11951576173305511","0.11951576173305511","1972","1972","1972"
"197399","0.11802544444799423","0.11802544444799423","0.11802544444799423","1973","1973","1973"
"197499","0.12787669897079468","0.12787669897079468","0.12787669897079468","1974","1974","1974"
"197599","0.11837717890739441","0.11837717890739441","0.11837717890739441","1975","1975","1975"
"197699","0.11977524310350418","0.11977524310350418","0.11977524310350418","1976","1976","1976"
"197799","0.1239580288529396","0.1239580288529396","0.1239580288529396","1977","1977","1977"
"197899","0.1207347884774208","0.1207347884774208","0.1207347884774208","1978","1978","1978"
"197999","0.12080897390842438","0.12080897390842438","0.12080897390842438","1979","1979","1979"
"198099","0.12047963589429855","0.12047963589429855","0.12047963589429855","1980","1980","1980"
"198199","0.12663356959819794","0.12663356959819794","0.12663356959819794","1981","1981","1981"
"198299","0.12627503275871277","0.12627503275871277","0.12627503275871277","1982","1982","1982"
"198399","0.11891996115446091","0.11891996115446091","0.11891996115446091","1983","1983","1983"
"198499","0.11948273330926895","0.11948273330926895","0.11948273330926895","1984","1984","1984"
"198599","0.11776430159807205","0.11776430159807205","0.11776430159807205","1985","1985","1985"
"198699","0.12088257074356079","0.12088257074356079","0.12088257074356079","1986","1986","1986"
"198799","0.11809634417295456","0.11809634417295456","0.11809634417295456","1987","1987","1987"
"198899","0.11834463477134705","0.11834463477134705","0.11834463477134705","1988","1988","1988"
"198999","0.12301275134086609","0.12301275134086609","0.12301275134086609","1989","1989","1989"
"199099","0.11883438378572464","0.11883438378572464","0.11883438378572464","1990","1990","1990"
"199199","0.120887890458107","0.120887890458107","0.120887890458107","1991","1991","1991"
"199299","0.1284126341342926","0.1284126341342926","0.1284126341342926","1992","1992","1992"
"199399","0.11834350228309631","0.11834350228309631","0.11834350228309631","1993","1993","1993"
"199499","0.11761165410280228","0.11761165410280228","0.11761165410280228","1994","1994","1994"
"199599","0.12370244413614273","0.12370244413614273","0.12370244413614273","1995","1995","1995"
"199699","0.11948391795158386","0.11948391795158386","0.11948391795158386","1996","1996","1996"
"199799","0.12204955518245697","0.12204955518245697","0.12204955518245697","1997","1997","1997"
"199899","0.12332212179899216","0.12332212179899216","0.12332212179899216","1998","1998","1998"
"199999","0.11601106822490692","0.11601106822490692","0.11601106822490692","1999","1999","1999"
"200099","0.11773300170898438","0.11773300170898438","0.11773300170898438","2000","2000","2000"
"200199","0.11827290058135986","0.11827290058135986","0.11827290058135986","2001","2001","2001"
"200299","0.12162436544895172","0.12162436544895172","0.12162436544895172","2002","2002","2002"
"200399","0.11662263423204422","0.11662263423204422","0.11662263423204422","2003","2003","2003"
"200499","0.11962819844484329","0.11962819844484329","0.11962819844484329","2004","2004","2004"
"200599","0.11918597668409348","0.11918597668409348","0.11918597668409348","2005","2005","2005"
"200699","0.12848824262619019","0.12848824262619019","0.12848824262619019","2006","2006","2006"
"200799","0.1260993480682373","0.1260993480682373","0.1260993480682373","2007","2007","2007"
"200899","0.1282883882522583","0.1282883882522583","0.1282883882522583","2008","2008","2008"
"200999","0.1223950982093811","0.1223950982093811","0.1223950982093811","2009","2009","2009"
"201099","0.11637655645608902","0.11637655645608902","0.11637655645608902","2010","2010","2010"
"201199","0.12005147337913513","0.12005147337913513","0.12005147337913513","2011","2011","2011"
"201299","0.11825550347566605","0.11825550347566605","0.11825550347566605","2012","2012","2012"
"201399","0.12117461115121841","0.12117461115121841","0.12117461115121841","2013","2013","2013"
"201499","0.13006696105003357","0.13006696105003357","0.13006696105003357","2014","2014","2014"
"201599","0.1263335645198822","0.1263335645198822","0.1263335645198822","2015","2015","2015"
"201699","0.11992739886045456","0.11992739886045456","0.11992739886045456","2016","2016","2016"
"201799","0.12119702249765396","0.12119702249765396","0.12119702249765396","2017","2017","2017"
"201899","0.11706526577472687","0.11706526577472687","0.11706526577472687","2018","2018","2018"
"201999","0.11899872869253159","0.11899872869253159","0.11899872869253159","2019","2019","2019"
"202099","0.1187998428940773","0.1187998428940773","0.1187998428940773","2020","2020","2020"
"202199","0.12212193757295609","0.12212193757295609","0.12212193757295609","2021","2021","2021"
"202299","0.1247667446732521","0.1247667446732521","0.1247667446732521","2022","2022","2022"
"202399","0.12132669240236282","0.12132669240236282","0.12132669240236282","2023","2023","2023"
"202499","0.12467439472675323","0.12467439472675323","0.12467439472675323","2024","2024","2024"
"202599","0.1210947334766388","0.1210947334766388","0.1210947334766388","2025","2025","2025"
"202699","0.1246543824672699","0.1246543824672699","0.1246543824672699","2026","2026","2026"
"202799","0.11459878087043762","0.11459878087043762","0.11459878087043762","2027","2027","2027"
"202899","0.12080785632133484","0.12080785632133484","0.12080785632133484","2028","2028","2028"
"202999","0.12736627459526062","0.12736627459526062","0.12736627459526062","2029","2029","2029"
"203099","0.117116279900074","0.117116279900074","0.117116279900074","2030","2030","2030"
"203199","0.11698392778635025","0.11698392778635025","0.11698392778635025","2031","2031","2031"
"203299","0.11991699039936066","0.11991699039936066","0.11991699039936066","2032","2032","2032"
"203399","0.1228259801864624","0.1228259801864624","0.1228259801864624","2033","2033","2033"
"203499","0.12252367287874222","0.12252367287874222","0.12252367287874222","2034","2034","2034"
"203599","0.11971195787191391","0.11971195787191391","0.11971195787191391","2035","2035","2035"
"203699","0.12125817686319351","0.12125817686319351","0.12125817686319351","2036","2036","2036"
"203799","0.12485332041978836","0.12485332041978836","0.12485332041978836","2037","2037","2037"
"203899","0.1217423751950264","0.1217423751950264","0.1217423751950264","2038","2038","2038"
"203999","0.11872636526823044","0.11872636526823044","0.11872636526823044","2039","2039","2039"
"204099","0.12617981433868408","0.12617981433868408","0.12617981433868408","2040","2040","2040"
"204199","0.12090782821178436","0.12090782821178436","0.12090782821178436","2041","2041","2041"
"204299","0.11644144356250763","0.11644144356250763","0.11644144356250763","2042","2042","2042"
"204399","0.11891067773103714","0.11891067773103714","0.11891067773103714","2043","2043","2043"
"204499","0.11631058156490326","0.11631058156490326","0.11631058156490326","2044","2044","2044"
"204599","0.1279025375843048","0.1279025375843048","0.1279025375843048","2045","2045","2045"
"204699","0.12189368903636932","0.12189368903636932","0.12189368903636932","2046","2046","2046"
"204799","0.12427453696727753","0.12427453696727753","0.12427453696727753","2047","2047","2047"
"204899","0.12411433458328247","0.12411433458328247","0.12411433458328247","2048","2048","2048"
"204999","0.11997564882040024","0.11997564882040024","0.11997564882040024","2049","2049","2049"
"205099","0.11778108775615692","0.11778108775615692","0.11778108775615692","2050","2050","2050"
"205199","0.11985672265291214","0.11985672265291214","0.11985672265291214","2051","2051","2051"
"205299","0.12411952763795853","0.12411952763795853","0.12411952763795853","2052","2052","2052"
"205399","0.12258842587471008","0.12258842587471008","0.12258842587471008","2053","2053","2053"
"205499","0.12310656905174255","0.12310656905174255","0.12310656905174255","2054","2054","2054"
"205599","0.12551115453243256","0.12551115453243256","0.12551115453243256","2055","2055","2055"
"205699","0.12402520328760147","0.12402520328760147","0.12402520328760147","2056","2056","2056"
"205799","0.12303745746612549","0.12303745746612549","0.12303745746612549","2057","2057","2057"
"205899","0.12332615256309509","0.12332615256309509","0.12332615256309509","2058","2058","2058"
"205999","0.1236470565199852","0.1236470565199852","0.1236470565199852","2059","2059","2059"
"206099","0.12126917392015457","0.12126917392015457","0.12126917392015457","2060","2060","2060"
"206199","0.12389611452817917","0.12389611452817917","0.12389611452817917","2061","2061","2061"
"206299","0.11828934401273727","0.11828934401273727","0.11828934401273727","2062","2062","2062"
"206399","0.12328032404184341","0.12328032404184341","0.12328032404184341","2063","2063","2063"
"206499","0.12085811048746109","0.12085811048746109","0.12085811048746109","2064","2064","2064"
"206599","0.11926945298910141","0.11926945298910141","0.11926945298910141","2065","2065","2065"
"206699","0.12839891016483307","0.12839891016483307","0.12839891016483307","2066","2066","2066"
"206799","0.11957114189863205","0.11957114189863205","0.11957114189863205","2067","2067","2067"
"206899","0.12139169126749039","0.12139169126749039","0.12139169126749039","2068","2068","2068"
"206999","0.11777444183826447","0.11777444183826447","0.11777444183826447","2069","2069","2069"
"207099","0.12710577249526978","0.12710577249526978","0.12710577249526978","2070","2070","2070"
"207199","0.1195032000541687","0.1195032000541687","0.1195032000541687","2071","2071","2071"
"207299","0.12360986322164536","0.12360986322164536","0.12360986322164536","2072","2072","2072"
"207399","0.12119168788194656","0.12119168788194656","0.12119168788194656","2073","2073","2073"
"207499","0.12443219870328903","0.12443219870328903","0.12443219870328903","2074","2074","2074"
"207599","0.12144947052001953","0.12144947052001953","0.12144947052001953","2075","2075","2075"
"207699","0.1219475045800209","0.1219475045800209","0.1219475045800209","2076","2076","2076"
"207799","0.11801360547542572","0.11801360547542572","0.11801360547542572","2077","2077","2077"
"207899","0.12228943407535553","0.12228943407535553","0.12228943407535553","2078","2078","2078"
"207999","0.12318401038646698","0.12318401038646698","0.12318401038646698","2079","2079","2079"
"208099","0.11870191991329193","0.11870191991329193","0.11870191991329193","2080","2080","2080"
"208199","0.12283705174922943","0.12283705174922943","0.12283705174922943","2081","2081","2081"
"208299","0.12093284726142883","0.12093284726142883","0.12093284726142883","2082","2082","2082"
"208399","0.12098127603530884","0.12098127603530884","0.12098127603530884","2083","2083","2083"
"208499","0.12427564710378647","0.12427564710378647","0.12427564710378647","2084","2084","2084"
"208599","0.12166508287191391","0.12166508287191391","0.12166508287191391","2085","2085","2085"
"208699","0.11851540952920914","0.11851540952920914","0.11851540952920914","2086","2086","2086"
"208799","0.12263505160808563","0.12263505160808563","0.12263505160808563","2087","2087","2087"
"208899","0.11509981006383896","0.11509981006383896","0.11509981006383896","2088","2088","2088"
"208999","0.11860924959182739","0.11860924959182739","0.11860924959182739","2089","2089","2089"
"209099","0.11664265394210815","0.11664265394210815","0.11664265394210815","2090","2090","2090"
"209199","0.1267627477645874","0.1267627477645874","0.1267627477645874","2091","2091","2091"
"209299","0.11599395424127579","0.11599395424127579","0.11599395424127579","2092","2092","2092"
"209399","0.12121111899614334","0.12121111899614334","0.12121111899614334","2093","2093","2093"
"209499","0.11922027915716171","0.11922027915716171","0.11922027915716171","2094","2094","2094"
"209599","0.11061660945415497","0.11061660945415497","0.11061660945415497","2095","2095","2095"
"209699","0.12445797026157379","0.12445797026157379","0.12445797026157379","2096","2096","2096"
"209799","0.11918888986110687","0.11918888986110687","0.11918888986110687","2097","2097","2097"
"209899","0.11832474172115326","0.11832474172115326","0.11832474172115326","2098","2098","2098"
"209999","0.11598068475723267","0.11598068475723267","0.11598068475723267","2099","2099","2099"
"210099","0.1255349963903427","0.1255349963903427","0.1255349963903427","2100","2100","2100"
"210199","0.11494049429893494","0.11494049429893494","0.11494049429893494","2101","2101","2101"
"210299","0.11412175744771957","0.11412175744771957","0.11412175744771957","2102","2102","2102"
"210399","0.11876984685659409","0.11876984685659409","0.11876984685659409","2103","2103","2103"
"210499","0.12475060671567917","0.12475060671567917","0.12475060671567917","2104","2104","2104"
"210599","0.12065991014242172","0.12065991014242172","0.12065991014242172","2105","2105","2105"
"210699","0.12282942235469818","0.12282942235469818","0.12282942235469818","2106","2106","2106"
"210799","0.1188102513551712","0.1188102513551712","0.1188102513551712","2107","2107","2107"
"210899","0.12494752556085587","0.12494752556085587","0.12494752556085587","2108","2108","2108"
"210999","0.11563190817832947","0.11563190817832947","0.11563190817832947","2109","2109","2109"
"211099","0.12253384292125702","0.12253384292125702","0.12253384292125702","2110","2110","2110"
"211199","0.12003015726804733","0.12003015726804733","0.12003015726804733","2111","2111","2111"
"211299","0.12254511564970016","0.12254511564970016","0.12254511564970016","2112","2112","2112"
"211399","0.12032588571310043","0.12032588571310043","0.12032588571310043","2113","2113","2113"
"211499","0.1230430081486702","0.1230430081486702","0.1230430081486702","2114","2114","2114"
"211599","0.12459307163953781","0.12459307163953781","0.12459307163953781","2115","2115","2115"
"211699","0.1211140975356102","0.1211140975356102","0.1211140975356102","2116","2116","2116"
"211799","0.1289651244878769","0.1289651244878769","0.1289651244878769","2117","2117","2117"
"211899","0.11419390887022018","0.11419390887022018","0.11419390887022018","2118","2118","2118"
"211999","0.12170170992612839","0.12170170992612839","0.12170170992612839","2119","2119","2119"
"212099","0.1164223849773407","0.1164223849773407","0.1164223849773407","2120","2120","2120"
"212199","0.11715364456176758","0.11715364456176758","0.11715364456176758","2121","2121","2121"
"212299","0.12102122604846954","0.12102122604846954","0.12102122604846954","2122","2122","2122"
"212399","0.11588609963655472","0.11588609963655472","0.11588609963655472","2123","2123","2123"
"212499","0.12637606263160706","0.12637606263160706","0.12637606263160706","2124","2124","2124"
"212599","0.12273133546113968","0.12273133546113968","0.12273133546113968","2125","2125","2125"
"212699","0.1178242415189743","0.1178242415189743","0.1178242415189743","2126","2126","2126"
"212799","0.1169462576508522","0.1169462576508522","0.1169462576508522","2127","2127","2127"
"212899","0.12699052691459656","0.12699052691459656","0.12699052691459656","2128","2128","2128"
"212999","0.11790458112955093","0.11790458112955093","0.11790458112955093","2129","2129","2129"
"213099","0.12188529223203659","0.12188529223203659","0.12188529223203659","2130","2130","2130"
"213199","0.12249965220689774","0.12249965220689774","0.12249965220689774","2131","2131","2131"
"213299","0.11583709716796875","0.11583709716796875","0.11583709716796875","2132","2132","2132"
"213399","0.1198694109916687","0.1198694109916687","0.1198694109916687","2133","2133","2133"
"213499","0.12541545927524567","0.12541545927524567","0.12541545927524567","2134","2134","2134"
"213599","0.1218300387263298","0.1218300387263298","0.1218300387263298","2135","2135","2135"
"213699","0.11790993064641953","0.11790993064641953","0.11790993064641953","2136","2136","2136"
"213799","0.1187606081366539","0.1187606081366539","0.1187606081366539","2137","2137","2137"
"213899","0.12313924729824066","0.12313924729824066","0.12313924729824066","2138","2138","2138"
"213999","0.12544859945774078","0.12544859945774078","0.12544859945774078","2139","2139","2139"
"214099","0.12257251143455505","0.12257251143455505","0.12257251143455505","2140","2140","2140"
"214199","0.12619207799434662","0.12619207799434662","0.12619207799434662","2141","2141","2141"
"214299","0.1258147805929184","0.1258147805929184","0.1258147805929184","2142","2142","2142"
"214399","0.12168821692466736","0.12168821692466736","0.12168821692466736","2143","2143","2143"
"214499","0.12168383598327637","0.12168383598327637","0.12168383598327637","2144","2144","2144"
"214599","0.1176118478178978","0.1176118478178978","0.1176118478178978","2145","2145","2145"
"214699","0.11807234585285187","0.11807234585285187","0.11807234585285187","2146","2146","2146"
"214799","0.12807880342006683","0.12807880342006683","0.12807880342006683","2147","2147","2147"
"214899","0.11788059771060944","0.11788059771060944","0.11788059771060944","2148","2148","2148"
"214999","0.1097692996263504","0.1097692996263504","0.1097692996263504","2149","2149","2149"
"215099","0.12839540839195251","0.12839540839195251","0.12839540839195251","2150","2150","2150"
"215199","0.1291942298412323","0.1291942298412323","0.1291942298412323","2151","2151","2151"
"215299","0.128513902425766","0.128513902425766","0.128513902425766","2152","2152","2152"
"215399","0.11151301115751266","0.11151301115751266","0.11151301115751266","2153","2153","2153"
"215499","0.12337444722652435","0.12337444722652435","0.12337444722652435","2154","2154","2154"
"215599","0.12818019092082977","0.12818019092082977","0.12818019092082977","2155","2155","2155"
"215699","0.12741278111934662","0.12741278111934662","0.12741278111934662","2156","2156","2156"
"215799","0.11987389624118805","0.11987389624118805","0.11987389624118805","2157","2157","2157"
"215899","0.120104119181633","0.120104119181633","0.120104119181633","2158","2158","2158"
"215999","0.1254555732011795","0.1254555732011795","0.1254555732011795","2159","2159","2159"
"216099","0.12460823357105255","0.12460823357105255","0.12460823357105255","2160","2160","2160"
"216199","0.1217869445681572","0.1217869445681572","0.1217869445681572","2161","2161","2161"
"216299","0.1201045960187912","0.1201045960187912","0.1201045960187912","2162","2162","2162"
"216399","0.12238876521587372","0.12238876521587372","0.12238876521587372","2163","2163","2163"
"216499","0.12581759691238403","0.12581759691238403","0.12581759691238403","2164","2164","2164"
"216599","0.11737771332263947","0.11737771332263947","0.11737771332263947","2165","2165","2165"
"216699","0.11779522895812988","0.11779522895812988","0.11779522895812988","2166","2166","2166"
"216799","0.12237632274627686","0.12237632274627686","0.12237632274627686","2167","2167","2167"
"216899","0.12423624098300934","0.12423624098300934","0.12423624098300934","2168","2168","2168"
"216999","0.11821796000003815","0.11821796000003815","0.11821796000003815","2169","2169","2169"
"217099","0.12118155509233475","0.12118155509233475","0.12118155509233475","2170","2170","2170"
"217199","0.1260886937379837","0.1260886937379837","0.1260886937379837","2171","2171","2171"
"217299","0.12176559120416641","0.12176559120416641","0.12176559120416641","2172","2172","2172"
"217399","0.11999218910932541","0.11999218910932541","0.11999218910932541","2173","2173","2173"
"217499","0.11787586659193039","0.11787586659193039","0.11787586659193039","2174","2174","2174"
"217599","0.12003761529922485","0.12003761529922485","0.12003761529922485","2175","2175","2175"
"217699","0.11726215481758118","0.11726215481758118","0.11726215481758118","2176","2176","2176"
"217799","0.12032252550125122","0.12032252550125122","0.12032252550125122","2177","2177","2177"
"217899","0.12130948156118393","0.12130948156118393","0.12130948156118393","2178","2178","2178"
"217999","0.1176140233874321","0.1176140233874321","0.1176140233874321","2179","2179","2179"
"218099","0.11977273225784302","0.11977273225784302","0.11977273225784302","2180","2180","2180"
"218199","0.11744093894958496","0.11744093894958496","0.11744093894958496","2181","2181","2181"
"218299","0.12185189127922058","0.12185189127922058","0.12185189127922058","2182","2182","2182"
"218399","0.1279330998659134","0.1279330998659134","0.1279330998659134","2183","2183","2183"
"218499","0.11787876486778259","0.11787876486778259","0.11787876486778259","2184","2184","2184"
"218599","0.12132377922534943","0.12132377922534943","0.12132377922534943","2185","2185","2185"
"218699","0.11694516241550446","0.11694516241550446","0.11694516241550446","2186","2186","2186"
"218799","0.12220099568367004","0.12220099568367004","0.12220099568367004","2187","2187","2187"
"218899","0.11958448588848114","0.11958448588848114","0.11958448588848114","2188","2188","2188"
"218999","0.12680792808532715","0.12680792808532715","0.12680792808532715","2189","2189","2189"
"219099","0.11849838495254517","0.11849838495254517","0.11849838495254517","2190","2190","2190"
"219199","0.12028681486845016","0.12028681486845016","0.12028681486845016","2191","2191","2191"
"219299","0.12170103937387466","0.12170103937387466","0.12170103937387466","2192","2192","2192"
"219399","0.1177281066775322","0.1177281066775322","0.1177281066775322","2193","2193","2193"
"219499","0.11436590552330017","0.11436590552330017","0.11436590552330017","2194","2194","2194"
"219599","0.11486802995204926","0.11486802995204926","0.11486802995204926","2195","2195","2195"
"219699","0.13020579516887665","0.13020579516887665","0.13020579516887665","2196","2196","2196"
"219799","0.1201692521572113","0.1201692521572113","0.1201692521572113","2197","2197","2197"
"219899","0.11490032076835632","0.11490032076835632","0.11490032076835632","2198","2198","2198"
"219999","0.12006291002035141","0.12006291002035141","0.12006291002035141","2199","2199","2199"
"220099","0.12154190242290497","0.12154190242290497","0.12154190242290497","2200","2200","2200"
"220199","0.11436786502599716","0.11436786502599716","0.11436786502599716","2201","2201","2201"
"220299","0.11664941906929016","0.11664941906929016","0.11664941906929016","2202","2202","2202"
"220399","0.1188414916396141","0.1188414916396141","0.1188414916396141","2203","2203","2203"
"220499","0.12084196507930756","0.12084196507930756","0.12084196507930756","2204","2204","2204"
"220599","0.1184416338801384","0.1184416338801384","0.1184416338801384","2205","2205","2205"
"220699","0.1230335608124733","0.1230335608124733","0.1230335608124733","2206","2206","2206"
"220799","0.12086869776248932","0.12086869776248932","0.12086869776248932","2207","2207","2207"
"220899","0.12130130082368851","0.12130130082368851","0.12130130082368851","2208","2208","2208"
"220999","0.127675861120224","0.127675861120224","0.127675861120224","2209","2209","2209"
"221099","0.11974275857210159","0.11974275857210159","0.11974275857210159","2210","2210","2210"
"221199","0.12340619415044785","0.12340619415044785","0.12340619415044785","2211","2211","2211"
"221299","0.12242384999990463","0.12242384999990463","0.12242384999990463","2212","2212","2212"
"221399","0.1196807250380516","0.1196807250380516","0.1196807250380516","2213","2213","2213"
"221499","0.11723628640174866","0.11723628640174866","0.11723628640174866","2214","2214","2214"
"221599","0.119484081864357","0.119484081864357","0.119484081864357","2215","2215","2215"
"221699","0.12026011943817139","0.12026011943817139","0.12026011943817139","2216","2216","2216"
"221799","0.12289687246084213","0.12289687246084213","0.12289687246084213","2217","2217","2217"
"221899","0.12297040224075317","0.12297040224075317","0.12297040224075317","2218","2218","2218"
"221999","0.1207265853881836","0.1207265853881836","0.1207265853881836","2219","2219","2219"
"222099","0.11384754627943039","0.11384754627943039","0.11384754627943039","2220","2220","2220"
"222199","0.11250124126672745","0.11250124126672745","0.11250124126672745","2221","2221","2221"
"222299","0.12025213986635208","0.12025213986635208","0.12025213986635208","2222","2222","2222"
"222399","0.1167033463716507","0.1167033463716507","0.1167033463716507","2223","2223","2223"
"222499","0.11809293925762177","0.11809293925762177","0.11809293925762177","2224","2224","2224"
"222599","0.12113494426012039","0.12113494426012039","0.12113494426012039","2225","2225","2225"
"222699","0.12305840104818344","0.12305840104818344","0.12305840104818344","2226","2226","2226"
"222799","0.12632602453231812","0.12632602453231812","0.12632602453231812","2227","2227","2227"
"222899","0.11753210425376892","0.11753210425376892","0.11753210425376892","2228","2228","2228"
"222999","0.12013688683509827","0.12013688683509827","0.12013688683509827","2229","2229","2229"
"223099","0.1260264664888382","0.1260264664888382","0.1260264664888382","2230","2230","2230"
"223199","0.11537791043519974","0.11537791043519974","0.11537791043519974","2231","2231","2231"
"223299","0.11620420962572098","0.11620420962572098","0.11620420962572098","2232","2232","2232"
"223399","0.12328197807073593","0.12328197807073593","0.12328197807073593","2233","2233","2233"
"223499","0.1208907887339592","0.1208907887339592","0.1208907887339592","2234","2234","2234"
"223599","0.12479806691408157","0.12479806691408157","0.12479806691408157","2235","2235","2235"
"223699","0.11899720877408981","0.11899720877408981","0.11899720877408981","2236","2236","2236"
"223799","0.11294485628604889","0.11294485628604889","0.11294485628604889","2237","2237","2237"
"223899","0.11853782087564468","0.11853782087564468","0.11853782087564468","2238","2238","2238"
"223999","0.1272907704114914","0.1272907704114914","0.1272907704114914","2239","2239","2239"
"224099","0.11780166625976562","0.11780166625976562","0.11780166625976562","2240","2240","2240"
"224199","0.11866992712020874","0.11866992712020874","0.11866992712020874","2241","2241","2241"
"224299","0.12848947942256927","0.12848947942256927","0.12848947942256927","2242","2242","2242"
"224399","0.11640610545873642","0.11640610545873642","0.11640610545873642","2243","2243","2243"
"224499","0.12213580310344696","0.12213580310344696","0.12213580310344696","2244","2244","2244"
"224599","0.12252946943044662","0.12252946943044662","0.12252946943044662","2245","2245","2245"
"224699","0.11974978446960449","0.11974978446960449","0.11974978446960449","2246","2246","2246"
"224799","0.11716938018798828","0.11716938018798828","0.11716938018798828","2247","2247","2247"
"224899","0.12597164511680603","0.12597164511680603","0.12597164511680603","2248","2248","2248"
"224999","0.11640432476997375","0.11640432476997375","0.11640432476997375","2249","2249","2249"
"225099","0.1237754374742508","0.1237754374742508","0.1237754374742508","2250","2250","2250"
"225199","0.12090276926755905","0.12090276926755905","0.12090276926755905","2251","2251","2251"
"225299","0.11620686203241348","0.11620686203241348","0.11620686203241348","2252","2252","2252"
"225399","0.12494086474180222","0.12494086474180222","0.12494086474180222","2253","2253","2253"
"225499","0.11605126410722733","0.11605126410722733","0.11605126410722733","2254","2254","2254"
"225599","0.12191566079854965","0.12191566079854965","0.12191566079854965","2255","2255","2255"
"225699","0.1158282607793808","0.1158282607793808","0.1158282607793808","2256","2256","2256"
"225799","0.12073620408773422","0.12073620408773422","0.12073620408773422","2257","2257","2257"
"225899","0.11342093348503113","0.11342093348503113","0.11342093348503113","2258","2258","2258"
"225999","0.129360169172287","0.129360169172287","0.129360169172287","2259","2259","2259"
"226099","0.12435241788625717","0.12435241788625717","0.12435241788625717","2260","2260","2260"
"226199","0.12519429624080658","0.12519429624080658","0.12519429624080658","2261","2261","2261"
"226299","0.11529935151338577","0.11529935151338577","0.11529935151338577","2262","2262","2262"
"226399","0.12706013023853302","0.12706013023853302","0.12706013023853302","2263","2263","2263"
"226499","0.12137492001056671","0.12137492001056671","0.12137492001056671","2264","2264","2264"
"226599","0.1193821132183075","0.1193821132183075","0.1193821132183075","2265","2265","2265"
"226699","0.12252755463123322","0.12252755463123322","0.12252755463123322","2266","2266","2266"
"226799","0.12314014881849289","0.12314014881849289","0.12314014881849289","2267","2267","2267"
"226899","0.12040217220783234","0.12040217220783234","0.12040217220783234","2268","2268","2268"
"226999","0.1163606271147728","0.1163606271147728","0.1163606271147728","2269","2269","2269"
"227099","0.12567155063152313","0.12567155063152313","0.12567155063152313","2270","2270","2270"
"227199","0.12154519557952881","0.12154519557952881","0.12154519557952881","2271","2271","2271"
"227299","0.12055016309022903","0.12055016309022903","0.12055016309022903","2272","2272","2272"
"227399","0.1244722306728363","0.1244722306728363","0.1244722306728363","2273","2273","2273"
"227499","0.11435509473085403","0.11435509473085403","0.11435509473085403","2274","2274","2274"
"227599","0.1255660206079483","0.1255660206079483","0.1255660206079483","2275","2275","2275"
"227699","0.11695290356874466","0.11695290356874466","0.11695290356874466","2276","2276","2276"
"227799","0.1290265917778015","0.1290265917778015","0.1290265917778015","2277","2277","2277"
"227899","0.12328251451253891","0.12328251451253891","0.12328251451253891","2278","2278","2278"
"227999","0.1178647130727768","0.1178647130727768","0.1178647130727768","2279","2279","2279"
"228099","0.12375575304031372","0.12375575304031372","0.12375575304031372","2280","2280","2280"
"228199","0.12339761108160019","0.12339761108160019","0.12339761108160019","2281","2281","2281"
"228299","0.1215626448392868","0.1215626448392868","0.1215626448392868","2282","2282","2282"
"228399","0.12048698216676712","0.12048698216676712","0.12048698216676712","2283","2283","2283"
"228499","0.12073839455842972","0.12073839455842972","0.12073839455842972","2284","2284","2284"
"228599","0.12183309346437454","0.12183309346437454","0.12183309346437454","2285","2285","2285"
"228699","0.11900704354047775","0.11900704354047775","0.11900704354047775","2286","2286","2286"
"228799","0.11197032779455185","0.11197032779455185","0.11197032779455185","2287","2287","2287"
"228899","0.11877444386482239","0.11877444386482239","0.11877444386482239","2288","2288","2288"
"228999","0.12391851097345352","0.12391851097345352","0.12391851097345352","2289","2289","2289"
"229099","0.12135078758001328","0.12135078758001328","0.12135078758001328","2290","2290","2290"
"229199","0.12143291532993317","0.12143291532993317","0.12143291532993317","2291","2291","2291"
"229299","0.12434914708137512","0.12434914708137512","0.12434914708137512","2292","2292","2292"
"229399","0.11888319253921509","0.11888319253921509","0.11888319253921509","2293","2293","2293"
"229499","0.11445842683315277","0.11445842683315277","0.11445842683315277","2294","2294","2294"
"229599","0.12384895980358124","0.12384895980358124","0.12384895980358124","2295","2295","2295"
"229699","0.11631122976541519","0.11631122976541519","0.11631122976541519","2296","2296","2296"
"229799","0.12607653439044952","0.12607653439044952","0.12607653439044952","2297","2297","2297"
"229899","0.1253524273633957","0.1253524273633957","0.1253524273633957","2298","2298","2298"
"229999","0.12062446027994156","0.12062446027994156","0.12062446027994156","2299","2299","2299"
"230099","0.12023241817951202","0.12023241817951202","0.12023241817951202","2300","2300","2300"
"230199","0.11758682876825333","0.11758682876825333","0.11758682876825333","2301","2301","2301"
"230299","0.12431953102350235","0.12431953102350235","0.12431953102350235","2302","2302","2302"
"230399","0.11710256338119507","0.11710256338119507","0.11710256338119507","2303","2303","2303"
"230499","0.12217512726783752","0.12217512726783752","0.12217512726783752","2304","2304","2304"
"230599","0.12260713428258896","0.12260713428258896","0.12260713428258896","2305","2305","2305"
"230699","0.12218372523784637","0.12218372523784637","0.12218372523784637","2306","2306","2306"
"230799","0.11866820603609085","0.11866820603609085","0.11866820603609085","2307","2307","2307"
"230899","0.11560829728841782","0.11560829728841782","0.11560829728841782","2308","2308","2308"
"230999","0.12836723029613495","0.12836723029613495","0.12836723029613495","2309","2309","2309"
"231099","0.12575042247772217","0.12575042247772217","0.12575042247772217","2310","2310","2310"
"231199","0.12431461364030838","0.12431461364030838","0.12431461364030838","2311","2311","2311"
"231299","0.11422810703516006","0.11422810703516006","0.11422810703516006","2312","2312","2312"
"231399","0.11920037120580673","0.11920037120580673","0.11920037120580673","2313","2313","2313"
"231499","0.12876713275909424","0.12876713275909424","0.12876713275909424","2314","2314","2314"
"231599","0.11990484595298767","0.11990484595298767","0.11990484595298767","2315","2315","2315"
"231699","0.12273576855659485","0.12273576855659485","0.12273576855659485","2316","2316","2316"
"231799","0.11283871531486511","0.11283871531486511","0.11283871531486511","2317","2317","2317"
"231899","0.11976906657218933","0.11976906657218933","0.11976906657218933","2318","2318","2318"
"231999","0.11734848469495773","0.11734848469495773","0.11734848469495773","2319","2319","2319"
"232099","0.1264459788799286","0.1264459788799286","0.1264459788799286","2320","2320","2320"
"232199","0.11671179533004761","0.11671179533004761","0.11671179533004761","2321","2321","2321"
"232299","0.12180647999048233","0.12180647999048233","0.12180647999048233","2322","2322","2322"
"232399","0.12120720744132996","0.12120720744132996","0.12120720744132996","2323","2323","2323"
"232499","0.1207333356142044","0.1207333356142044","0.1207333356142044","2324","2324","2324"
"232599","0.1258312463760376","0.1258312463760376","0.1258312463760376","2325","2325","2325"
"232699","0.11843377351760864","0.11843377351760864","0.11843377351760864","2326","2326","2326"
"232799","0.11842433363199234","0.11842433363199234","0.11842433363199234","2327","2327","2327"
"232899","0.11909304559230804","0.11909304559230804","0.11909304559230804","2328","2328","2328"
"232999","0.1269804984331131","0.1269804984331131","0.1269804984331131","2329","2329","2329"
"233099","0.12268728017807007","0.12268728017807007","0.12268728017807007","2330","2330","2330"
"233199","0.11512019485235214","0.11512019485235214","0.11512019485235214","2331","2331","2331"
"233299","0.1247299462556839","0.1247299462556839","0.1247299462556839","2332","2332","2332"
"233399","0.12293858826160431","0.12293858826160431","0.12293858826160431","2333","2333","2333"
"233499","0.12242487072944641","0.12242487072944641","0.12242487072944641","2334","2334","2334"
"233599","0.12179423123598099","0.12179423123598099","0.12179423123598099","2335","2335","2335"
"233699","0.12163484841585159","0.12163484841585159","0.12163484841585159","2336","2336","2336"
"233799","0.11924650520086288","0.11924650520086288","0.11924650520086288","2337","2337","2337"
"233899","0.1207689419388771","0.1207689419388771","0.1207689419388771","2338","2338","2338"
"233999","0.12148603796958923","0.12148603796958923","0.12148603796958923","2339","2339","2339"
"234099","0.12506113946437836","0.12506113946437836","0.12506113946437836","2340","2340","2340"
"234199","0.12637244164943695","0.12637244164943695","0.12637244164943695","2341","2341","2341"
"234299","0.11671341210603714","0.11671341210603714","0.11671341210603714","2342","2342","2342"
"234399","0.1215801015496254","0.1215801015496254","0.1215801015496254","2343","2343","2343"
"234499","0.124118871986866","0.124118871986866","0.124118871986866","2344","2344","2344"
"234599","0.1257203370332718","0.1257203370332718","0.1257203370332718","2345","2345","2345"
"234699","0.11963068693876266","0.11963068693876266","0.11963068693876266","2346","2346","2346"
"234799","0.12442027777433395","0.12442027777433395","0.12442027777433395","2347","2347","2347"
"234899","0.11952540278434753","0.11952540278434753","0.11952540278434753","2348","2348","2348"
"234999","0.12142117321491241","0.12142117321491241","0.12142117321491241","2349","2349","2349"
"235099","0.12021806836128235","0.12021806836128235","0.12021806836128235","2350","2350","2350"
"235199","0.12278053164482117","0.12278053164482117","0.12278053164482117","2351","2351","2351"
"235299","0.11692643165588379","0.11692643165588379","0.11692643165588379","2352","2352","2352"
"235399","0.11939302086830139","0.11939302086830139","0.11939302086830139","2353","2353","2353"
"235499","0.12272597849369049","0.12272597849369049","0.12272597849369049","2354","2354","2354"
"235599","0.11722864210605621","0.11722864210605621","0.11722864210605621","2355","2355","2355"
"235699","0.12307035177946091","0.12307035177946091","0.12307035177946091","2356","2356","2356"
"235799","0.11578290164470673","0.11578290164470673","0.11578290164470673","2357","2357","2357"
"235899","0.11822307109832764","0.11822307109832764","0.11822307109832764","2358","2358","2358"
"235999","0.12346982955932617","0.12346982955932617","0.12346982955932617","2359","2359","2359"
"236099","0.11431440711021423","0.11431440711021423","0.11431440711021423","2360","2360","2360"
"236199","0.12366939336061478","0.12366939336061478","0.12366939336061478","2361","2361","2361"
"236299","0.12327727675437927","0.12327727675437927","0.12327727675437927","2362","2362","2362"
"236399","0.10965248197317123","0.10965248197317123","0.10965248197317123","2363","2363","2363"
"236499","0.12820293009281158","0.12820293009281158","0.12820293009281158","2364","2364","2364"
"236599","0.12163387984037399","0.12163387984037399","0.12163387984037399","2365","2365","2365"
"236699","0.11303699761629105","0.11303699761629105","0.11303699761629105","2366","2366","2366"
"236799","0.12631481885910034","0.12631481885910034","0.12631481885910034","2367","2367","2367"
"236899","0.11802052706480026","0.11802052706480026","0.11802052706480026","2368","2368","2368"
"236999","0.12273736298084259","0.12273736298084259","0.12273736298084259","2369","2369","2369"
"237099","0.1250799000263214","0.1250799000263214","0.1250799000263214","2370","2370","2370"
"237199","0.12091086059808731","0.12091086059808731","0.12091086059808731","2371","2371","2371"
"237299","0.12445032596588135","0.12445032596588135","0.12445032596588135","2372","2372","2372"
"237399","0.11070483922958374","0.11070483922958374","0.11070483922958374","2373","2373","2373"
"237499","0.1260783076286316","0.1260783076286316","0.1260783076286316","2374","2374","2374"
"237599","0.1228150948882103","0.1228150948882103","0.1228150948882103","2375","2375","2375"
"237699","0.1247338056564331","0.1247338056564331","0.1247338056564331","2376","2376","2376"
"237799","0.12072434276342392","0.12072434276342392","0.12072434276342392","2377","2377","2377"
"237899","0.12473857402801514","0.12473857402801514","0.12473857402801514","2378","2378","2378"
"237999","0.11725474148988724","0.11725474148988724","0.11725474148988724","2379","2379","2379"
"238099","0.12552905082702637","0.12552905082702637","0.12552905082702637","2380","2380","2380"
"238199","0.1210823729634285","0.1210823729634285","0.1210823729634285","2381","2381","2381"
"238299","0.12670989334583282","0.12670989334583282","0.12670989334583282","2382","2382","2382"
"238399","0.12353270500898361","0.12353270500898361","0.12353270500898361","2383","2383","2383"
"238499","0.11818168312311172","0.11818168312311172","0.11818168312311172","2384","2384","2384"
"238599","0.1297486424446106","0.1297486424446106","0.1297486424446106","2385","2385","2385"
"238699","0.11677026003599167","0.11677026003599167","0.11677026003599167","2386","2386","2386"
"238799","0.11842159181833267","0.11842159181833267","0.11842159181833267","2387","2387","2387"
"238899","0.11640176922082901","0.11640176922082901","0.11640176922082901","2388","2388","2388"
"238999","0.120753213763237","0.120753213763237","0.120753213763237","2389","2389","2389"
"239099","0.12172669172286987","0.12172669172286987","0.12172669172286987","2390","2390","2390"
"239199","0.12104378640651703","0.12104378640651703","0.12104378640651703","2391","2391","2391"
"239299","0.12424307316541672","0.12424307316541672","0.12424307316541672","2392","2392","2392"
"239399","0.12040502578020096","0.12040502578020096","0.12040502578020096","2393","2393","2393"
"239499","0.12205829471349716","0.12205829471349716","0.12205829471349716","2394","2394","2394"
"239599","0.12869925796985626","0.12869925796985626","0.12869925796985626","2395","2395","2395"
"239699","0.11561509221792221","0.11561509221792221","0.11561509221792221","2396","2396","2396"
"239799","0.11478675901889801","0.11478675901889801","0.11478675901889801","2397","2397","2397"
"239899","0.12473688274621964","0.12473688274621964","0.12473688274621964","2398","2398","2398"
"239999","0.11639437079429626","0.11639437079429626","0.11639437079429626","2399","2399","2399"
"240099","0.12423066049814224","0.12423066049814224","0.12423066049814224","2400","2400","2400"
"240199","0.1273590326309204","0.1273590326309204","0.1273590326309204","2401","2401","2401"
"240299","0.1193445697426796","0.1193445697426796","0.1193445697426796","2402","2402","2402"
"240399","0.1150941327214241","0.1150941327214241","0.1150941327214241","2403","2403","2403"
"240499","0.1214374303817749","0.1214374303817749","0.1214374303817749","2404","2404","2404"
"240599","0.11882348358631134","0.11882348358631134","0.11882348358631134","2405","2405","2405"
"240699","0.11728435754776001","0.11728435754776001","0.11728435754776001","2406","2406","2406"
"240799","0.12344422936439514","0.12344422936439514","0.12344422936439514","2407","2407","2407"
"240899","0.12210898101329803","0.12210898101329803","0.12210898101329803","2408","2408","2408"
"240999","0.11819281429052353","0.11819281429052353","0.11819281429052353","2409","2409","2409"
"241099","0.11447359621524811","0.11447359621524811","0.11447359621524811","2410","2410","2410"
"241199","0.1261075884103775","0.1261075884103775","0.1261075884103775","2411","2411","2411"
"241299","0.11606214940547943","0.11606214940547943","0.11606214940547943","2412","2412","2412"
"241399","0.12118924409151077","0.12118924409151077","0.12118924409151077","2413","2413","2413"
"241499","0.12628372013568878","0.12628372013568878","0.12628372013568878","2414","2414","2414"
"241599","0.12169177085161209","0.12169177085161209","0.12169177085161209","2415","2415","2415"
"241699","0.12546777725219727","0.12546777725219727","0.12546777725219727","2416","2416","2416"
"241799","0.11592108756303787","0.11592108756303787","0.11592108756303787","2417","2417","2417"
"241899","0.11821188777685165","0.11821188777685165","0.11821188777685165","2418","2418","2418"
"241999","0.11627000570297241","0.11627000570297241","0.11627000570297241","2419","2419","2419"
"242099","0.12182611972093582","0.12182611972093582","0.12182611972093582","2420","2420","2420"
"242199","0.12541405856609344","0.12541405856609344","0.12541405856609344","2421","2421","2421"
"242299","0.12242447584867477","0.12242447584867477","0.12242447584867477","2422","2422","2422"
"242399","0.1222587525844574","0.1222587525844574","0.1222587525844574","2423","2423","2423"
"242499","0.11587439477443695","0.11587439477443695","0.11587439477443695","2424","2424","2424"
"242599","0.11946423351764679","0.11946423351764679","0.11946423351764679","2425","2425","2425"
"242699","0.12228162586688995","0.12228162586688995","0.12228162586688995","2426","2426","2426"
"242799","0.12056838721036911","0.12056838721036911","0.12056838721036911","2427","2427","2427"
"242899","0.11895067989826202","0.11895067989826202","0.11895067989826202","2428","2428","2428"
"242999","0.12563170492649078","0.12563170492649078","0.12563170492649078","2429","2429","2429"
"243099","0.11943885684013367","0.11943885684013367","0.11943885684013367","2430","2430","2430"
"243199","0.12156660854816437","0.12156660854816437","0.12156660854816437","2431","2431","2431"
"243299","0.12894614040851593","0.12894614040851593","0.12894614040851593","2432","2432","2432"
"243399","0.11743982881307602","0.11743982881307602","0.11743982881307602","2433","2433","2433"
"243499","0.12051517516374588","0.12051517516374588","0.12051517516374588","2434","2434","2434"
"243599","0.12626846134662628","0.12626846134662628","0.12626846134662628","2435","2435","2435"
"243699","0.1211971715092659","0.1211971715092659","0.1211971715092659","2436","2436","2436"
"243799","0.12089073657989502","0.12089073657989502","0.12089073657989502","2437","2437","2437"
"243899","0.11695881187915802","0.11695881187915802","0.11695881187915802","2438","2438","2438"
"243999","0.1228235587477684","0.1228235587477684","0.1228235587477684","2439","2439","2439"
"244099","0.1185436025261879","0.1185436025261879","0.1185436025261879","2440","2440","2440"
"244199","0.12531925737857819","0.12531925737857819","0.12531925737857819","2441","2441","2441"
"244299","0.11808227002620697","0.11808227002620697","0.11808227002620697","2442","2442","2442"
"244399","0.11708179861307144","0.11708179861307144","0.11708179861307144","2443","2443","2443"
"244499","0.1168781965970993","0.1168781965970993","0.1168781965970993","2444","2444","2444"
"244599","0.11812911182641983","0.11812911182641983","0.11812911182641983","2445","2445","2445"
"244699","0.11133125424385071","0.11133125424385071","0.11133125424385071","2446","2446","2446"
"244799","0.1191847026348114","0.1191847026348114","0.1191847026348114","2447","2447","2447"
"244899","0.1254976987838745","0.1254976987838745","0.1254976987838745","2448","2448","2448"
"244999","0.12031535804271698","0.12031535804271698","0.12031535804271698","2449","2449","2449"
"245099","0.12672960758209229","0.12672960758209229","0.12672960758209229","2450","2450","2450"
"245199","0.12194868177175522","0.12194868177175522","0.12194868177175522","2451","2451","2451"
"245299","0.12290112674236298","0.12290112674236298","0.12290112674236298","2452","2452","2452"
"245399","0.12261530756950378","0.12261530756950378","0.12261530756950378","2453","2453","2453"
"245499","0.12131819874048233","0.12131819874048233","0.12131819874048233","2454","2454","2454"
"245599","0.12151294201612473","0.12151294201612473","0.12151294201612473","2455","2455","2455"
"245699","0.12300535291433334","0.12300535291433334","0.12300535291433334","2456","2456","2456"
"245799","0.11085501313209534","0.11085501313209534","0.11085501313209534","2457","2457","2457"
"245899","0.11930464208126068","0.11930464208126068","0.11930464208126068","2458","2458","2458"
"245999","0.11730113625526428","0.11730113625526428","0.11730113625526428","2459","2459","2459"
"246099","0.12037073820829391","0.12037073820829391","0.12037073820829391","2460","2460","2460"
"246199","0.12098341435194016","0.12098341435194016","0.12098341435194016","2461","2461","2461"
"246299","0.1192089319229126","0.1192089319229126","0.1192089319229126","2462","2462","2462"
"246399","0.1173272654414177","0.1173272654414177","0.1173272654414177","2463","2463","2463"
"246499","0.12134519219398499","0.12134519219398499","0.12134519219398499","2464","2464","2464"
"246599","0.11729130148887634","0.11729130148887634","0.11729130148887634","2465","2465","2465"
"246699","0.11962073296308517","0.11962073296308517","0.11962073296308517","2466","2466","2466"
"246799","0.12322032451629639","0.12322032451629639","0.12322032451629639","2467","2467","2467"
"246899","0.1218351274728775","0.1218351274728775","0.1218351274728775","2468","2468","2468"
"246999","0.11717504262924194","0.11717504262924194","0.11717504262924194","2469","2469","2469"
"247099","0.11731398850679398","0.11731398850679398","0.11731398850679398","2470","2470","2470"
"247199","0.12529468536376953","0.12529468536376953","0.12529468536376953","2471","2471","2471"
"247299","0.12312519550323486","0.12312519550323486","0.12312519550323486","2472","2472","2472"
"247399","0.12171152234077454","0.12171152234077454","0.12171152234077454","2473","2473","2473"
"247499","0.12911631166934967","0.12911631166934967","0.12911631166934967","2474","2474","2474"
"247599","0.11692654341459274","0.11692654341459274","0.11692654341459274","2475","2475","2475"
"247699","0.1176443099975586","0.1176443099975586","0.1176443099975586","2476","2476","2476"
"247799","0.12032197415828705","0.12032197415828705","0.12032197415828705","2477","2477","2477"
"247899","0.11162736266851425","0.11162736266851425","0.11162736266851425","2478","2478","2478"
"247999","0.12491003423929214","0.12491003423929214","0.12491003423929214","2479","2479","2479"
"248099","0.11985518783330917","0.11985518783330917","0.11985518783330917","2480","2480","2480"
"248199","0.12463948875665665","0.12463948875665665","0.12463948875665665","2481","2481","2481"
"248299","0.12104099988937378","0.12104099988937378","0.12104099988937378","2482","2482","2482"
"248399","0.11913342028856277","0.11913342028856277","0.11913342028856277","2483","2483","2483"
"248499","0.12471776455640793","0.12471776455640793","0.12471776455640793","2484","2484","2484"
"248599","0.11818508803844452","0.11818508803844452","0.11818508803844452","2485","2485","2485"
"248699","0.12274183332920074","0.12274183332920074","0.12274183332920074","2486","2486","2486"
"248799","0.11790958791971207","0.11790958791971207","0.11790958791971207","2487","2487","2487"
"248899","0.1291191130876541","0.1291191130876541","0.1291191130876541","2488","2488","2488"
"248999","0.11330635100603104","0.11330635100603104","0.11330635100603104","2489","2489","2489"
"249099","0.12313763797283173","0.12313763797283173","0.12313763797283173","2490","2490","2490"
"249199","0.12810571491718292","0.12810571491718292","0.12810571491718292","2491","2491","2491"
"249299","0.12275427579879761","0.12275427579879761","0.12275427579879761","2492","2492","2492"
"249399","0.11738579720258713","0.11738579720258713","0.11738579720258713","2493","2493","2493"
"249499","0.11663667857646942","0.11663667857646942","0.11663667857646942","2494","2494","2494"
"249599","0.12841874361038208","0.12841874361038208","0.12841874361038208","2495","2495","2495"
"249699","0.11997344344854355","0.11997344344854355","0.11997344344854355","2496","2496","2496"
"249799","0.1167391985654831","0.1167391985654831","0.1167391985654831","2497","2497","2497"
"249899","0.12297018617391586","0.12297018617391586","0.12297018617391586","2498","2498","2498"
"249999","0.11876917630434036","0.11876917630434036","0.11876917630434036","2499","2499","2499"
"250099","0.12103980034589767","0.12103980034589767","0.12103980034589767","2500","2500","2500"
"250199","0.11741463094949722","0.11741463094949722","0.11741463094949722","2501","2501","2501"
"250299","0.12661196291446686","0.12661196291446686","0.12661196291446686","2502","2502","2502"
"250399","0.11572352796792984","0.11572352796792984","0.11572352796792984","2503","2503","2503"
"250499","0.11960947513580322","0.11960947513580322","0.11960947513580322","2504","2504","2504"
"250599","0.11552318185567856","0.11552318185567856","0.11552318185567856","2505","2505","2505"
"250699","0.1261800080537796","0.1261800080537796","0.1261800080537796","2506","2506","2506"
"250799","0.11980811506509781","0.11980811506509781","0.11980811506509781","2507","2507","2507"
"250899","0.11997649818658829","0.11997649818658829","0.11997649818658829","2508","2508","2508"
"250999","0.11798594892024994","0.11798594892024994","0.11798594892024994","2509","2509","2509"
"251099","0.11860514432191849","0.11860514432191849","0.11860514432191849","2510","2510","2510"
"251199","0.11974557489156723","0.11974557489156723","0.11974557489156723","2511","2511","2511"
"251299","0.12430985271930695","0.12430985271930695","0.12430985271930695","2512","2512","2512"
"251399","0.12103427201509476","0.12103427201509476","0.12103427201509476","2513","2513","2513"
"251499","0.11782244592905045","0.11782244592905045","0.11782244592905045","2514","2514","2514"
"251599","0.1271376609802246","0.1271376609802246","0.1271376609802246","2515","2515","2515"
"251699","0.12370532751083374","0.12370532751083374","0.12370532751083374","2516","2516","2516"
"251799","0.12861928343772888","0.12861928343772888","0.12861928343772888","2517","2517","2517"
"251899","0.1255263388156891","0.1255263388156891","0.1255263388156891","2518","2518","2518"
"251999","0.1206258162856102","0.1206258162856102","0.1206258162856102","2519","2519","2519"
"252099","0.12084438651800156","0.12084438651800156","0.12084438651800156","2520","2520","2520"
"252199","0.11786166578531265","0.11786166578531265","0.11786166578531265","2521","2521","2521"
"252299","0.12187779694795609","0.12187779694795609","0.12187779694795609","2522","2522","2522"
"252399","0.12619008123874664","0.12619008123874664","0.12619008123874664","2523","2523","2523"
"252499","0.11149267107248306","0.11149267107248306","0.11149267107248306","2524","2524","2524"
"252599","0.1199776828289032","0.1199776828289032","0.1199776828289032","2525","2525","2525"
"252699","0.12145520001649857","0.12145520001649857","0.12145520001649857","2526","2526","2526"
"252799","0.11800964176654816","0.11800964176654816","0.11800964176654816","2527","2527","2527"
"252899","0.12027221918106079","0.12027221918106079","0.12027221918106079","2528","2528","2528"
"252999","0.13102439045906067","0.13102439045906067","0.13102439045906067","2529","2529","2529"
"253099","0.12578536570072174","0.12578536570072174","0.12578536570072174","2530","2530","2530"
"253199","0.11485587060451508","0.11485587060451508","0.11485587060451508","2531","2531","2531"
"253299","0.12101201713085175","0.12101201713085175","0.12101201713085175","2532","2532","2532"
"253399","0.1259361356496811","0.1259361356496811","0.1259361356496811","2533","2533","2533"
"253499","0.12239181250333786","0.12239181250333786","0.12239181250333786","2534","2534","2534"
"253599","0.11686963587999344","0.11686963587999344","0.11686963587999344","2535","2535","2535"
"253699","0.12240809947252274","0.12240809947252274","0.12240809947252274","2536","2536","2536"
"253799","0.1196456179022789","0.1196456179022789","0.1196456179022789","2537","2537","2537"
"253899","0.12403304874897003","0.12403304874897003","0.12403304874897003","2538","2538","2538"
"253999","0.1195443794131279","0.1195443794131279","0.1195443794131279","2539","2539","2539"
"254099","0.11910593509674072","0.11910593509674072","0.11910593509674072","2540","2540","2540"
"254199","0.1196603775024414","0.1196603775024414","0.1196603775024414","2541","2541","2541"
"254299","0.121573306620121","0.121573306620121","0.121573306620121","2542","2542","2542"
"254399","0.13018611073493958","0.13018611073493958","0.13018611073493958","2543","2543","2543"
"254499","0.12467879801988602","0.12467879801988602","0.12467879801988602","2544","2544","2544"
"254599","0.1183270663022995","0.1183270663022995","0.1183270663022995","2545","2545","2545"
"254699","0.12009283900260925","0.12009283900260925","0.12009283900260925","2546","2546","2546"
"254799","0.11967399716377258","0.11967399716377258","0.11967399716377258","2547","2547","2547"
"254899","0.1300436109304428","0.1300436109304428","0.1300436109304428","2548","2548","2548"
"254999","0.12250664085149765","0.12250664085149765","0.12250664085149765","2549","2549","2549"
"255099","0.12087926268577576","0.12087926268577576","0.12087926268577576","2550","2550","2550"
"255199","0.11997777968645096","0.11997777968645096","0.11997777968645096","2551","2551","2551"
"255299","0.11793997883796692","0.11793997883796692","0.11793997883796692","2552","2552","2552"
"255399","0.12249460816383362","0.12249460816383362","0.12249460816383362","2553","2553","2553"
"255499","0.11925211548805237","0.11925211548805237","0.11925211548805237","2554","2554","2554"
"255599","0.12325746566057205","0.12325746566057205","0.12325746566057205","2555","2555","2555"
"255699","0.12492696195840836","0.12492696195840836","0.12492696195840836","2556","2556","2556"
"255799","0.12504394352436066","0.12504394352436066","0.12504394352436066","2557","2557","2557"
"255899","0.12129370123147964","0.12129370123147964","0.12129370123147964","2558","2558","2558"
"255999","0.11867218464612961","0.11867218464612961","0.11867218464612961","2559","2559","2559"
"256099","0.11998788267374039","0.11998788267374039","0.11998788267374039","2560","2560","2560"
"256199","0.11534091085195541","0.11534091085195541","0.11534091085195541","2561","2561","2561"
"256299","0.11920882761478424","0.11920882761478424","0.11920882761478424","2562","2562","2562"
"256399","0.11969680339097977","0.11969680339097977","0.11969680339097977","2563","2563","2563"
"256499","0.11594869196414948","0.11594869196414948","0.11594869196414948","2564","2564","2564"
"256599","0.12299725413322449","0.12299725413322449","0.12299725413322449","2565","2565","2565"
"256699","0.12126493453979492","0.12126493453979492","0.12126493453979492","2566","2566","2566"
"256799","0.12114138901233673","0.12114138901233673","0.12114138901233673","2567","2567","2567"
"256899","0.12017212808132172","0.12017212808132172","0.12017212808132172","2568","2568","2568"
"256999","0.12165907770395279","0.12165907770395279","0.12165907770395279","2569","2569","2569"
"257099","0.12636986374855042","0.12636986374855042","0.12636986374855042","2570","2570","2570"
"257199","0.12137674540281296","0.12137674540281296","0.12137674540281296","2571","2571","2571"
"257299","0.11477160453796387","0.11477160453796387","0.11477160453796387","2572","2572","2572"
"257399","0.11987242102622986","0.11987242102622986","0.11987242102622986","2573","2573","2573"
"257499","0.1229785680770874","0.1229785680770874","0.1229785680770874","2574","2574","2574"
"257599","0.12250564992427826","0.12250564992427826","0.12250564992427826","2575","2575","2575"
"257699","0.11888253688812256","0.11888253688812256","0.11888253688812256","2576","2576","2576"
"257799","0.11907439678907394","0.11907439678907394","0.11907439678907394","2577","2577","2577"
"257899","0.12779752910137177","0.12779752910137177","0.12779752910137177","2578","2578","2578"
"257999","0.12405768781900406","0.12405768781900406","0.12405768781900406","2579","2579","2579"
"258099","0.12031103670597076","0.12031103670597076","0.12031103670597076","2580","2580","2580"
"258199","0.12394596636295319","0.12394596636295319","0.12394596636295319","2581","2581","2581"
"258299","0.11905065923929214","0.11905065923929214","0.11905065923929214","2582","2582","2582"
"258399","0.11809001117944717","0.11809001117944717","0.11809001117944717","2583","2583","2583"
"258499","0.118791863322258","0.118791863322258","0.118791863322258","2584","2584","2584"
"258599","0.11569710075855255","0.11569710075855255","0.11569710075855255","2585","2585","2585"
"258699","0.1189040020108223","0.1189040020108223","0.1189040020108223","2586","2586","2586"
"258799","0.12694254517555237","0.12694254517555237","0.12694254517555237","2587","2587","2587"
"258899","0.11692515015602112","0.11692515015602112","0.11692515015602112","2588","2588","2588"
"258999","0.11875879764556885","0.11875879764556885","0.11875879764556885","2589","2589","2589"
"259099","0.11710477620363235","0.11710477620363235","0.11710477620363235","2590","2590","2590"
"259199","0.11558996140956879","0.11558996140956879","0.11558996140956879","2591","2591","2591"
"259299","0.11983319371938705","0.11983319371938705","0.11983319371938705","2592","2592","2592"
"259399","0.12100116163492203","0.12100116163492203","0.12100116163492203","2593","2593","2593"
"259499","0.12540526688098907","0.12540526688098907","0.12540526688098907","2594","2594","2594"
"259599","0.12481612712144852","0.12481612712144852","0.12481612712144852","2595","2595","2595"
"259699","0.12335152924060822","0.12335152924060822","0.12335152924060822","2596","2596","2596"
"259799","0.12346359342336655","0.12346359342336655","0.12346359342336655","2597","2597","2597"
"259899","0.12190169841051102","0.12190169841051102","0.12190169841051102","2598","2598","2598"
"259999","0.1182393878698349","0.1182393878698349","0.1182393878698349","2599","2599","2599"
"260099","0.11771305650472641","0.11771305650472641","0.11771305650472641","2600","2600","2600"
"260199","0.12192980945110321","0.12192980945110321","0.12192980945110321","2601","2601","2601"
"260299","0.12461633235216141","0.12461633235216141","0.12461633235216141","2602","2602","2602"
"260399","0.12403887510299683","0.12403887510299683","0.12403887510299683","2603","2603","2603"
"260499","0.11534223705530167","0.11534223705530167","0.11534223705530167","2604","2604","2604"
"260599","0.1259056180715561","0.1259056180715561","0.1259056180715561","2605","2605","2605"
"260699","0.12016353756189346","0.12016353756189346","0.12016353756189346","2606","2606","2606"
"260799","0.1241878792643547","0.1241878792643547","0.1241878792643547","2607","2607","2607"
"260899","0.12615279853343964","0.12615279853343964","0.12615279853343964","2608","2608","2608"
"260999","0.11875177174806595","0.11875177174806595","0.11875177174806595","2609","2609","2609"
"261099","0.12697196006774902","0.12697196006774902","0.12697196006774902","2610","2610","2610"
"261199","0.12308602035045624","0.12308602035045624","0.12308602035045624","2611","2611","2611"
"261299","0.12372875958681107","0.12372875958681107","0.12372875958681107","2612","2612","2612"
"261399","0.11967654526233673","0.11967654526233673","0.11967654526233673","2613","2613","2613"
"261499","0.1196894645690918","0.1196894645690918","0.1196894645690918","2614","2614","2614"
"261599","0.11859256774187088","0.11859256774187088","0.11859256774187088","2615","2615","2615"
"261699","0.12215534597635269","0.12215534597635269","0.12215534597635269","2616","2616","2616"
"261799","0.11812951415777206","0.11812951415777206","0.11812951415777206","2617","2617","2617"
"261899","0.12257689982652664","0.12257689982652664","0.12257689982652664","2618","2618","2618"
"261999","0.11997352540493011","0.11997352540493011","0.11997352540493011","2619","2619","2619"
"262099","0.1188599243760109","0.1188599243760109","0.1188599243760109","2620","2620","2620"
"262199","0.1197190061211586","0.1197190061211586","0.1197190061211586","2621","2621","2621"
"262299","0.11725269258022308","0.11725269258022308","0.11725269258022308","2622","2622","2622"
"262399","0.12819398939609528","0.12819398939609528","0.12819398939609528","2623","2623","2623"
"262499","0.1187455803155899","0.1187455803155899","0.1187455803155899","2624","2624","2624"
"262599","0.1240328997373581","0.1240328997373581","0.1240328997373581","2625","2625","2625"
"262699","0.11575094610452652","0.11575094610452652","0.11575094610452652","2626","2626","2626"
"262799","0.12018229812383652","0.12018229812383652","0.12018229812383652","2627","2627","2627"
"262899","0.12466239184141159","0.12466239184141159","0.12466239184141159","2628","2628","2628"
"262999","0.1267273873090744","0.1267273873090744","0.1267273873090744","2629","2629","2629"
"263099","0.1176067441701889","0.1176067441701889","0.1176067441701889","2630","2630","2630"
"263199","0.11991985887289047","0.11991985887289047","0.11991985887289047","2631","2631","2631"
"263299","0.11806080490350723","0.11806080490350723","0.11806080490350723","2632","2632","2632"
"263399","0.12023308128118515","0.12023308128118515","0.12023308128118515","2633","2633","2633"
"263499","0.1213981881737709","0.1213981881737709","0.1213981881737709","2634","2634","2634"
"263599","0.11890526115894318","0.11890526115894318","0.11890526115894318","2635","2635","2635"
"263699","0.11929051578044891","0.11929051578044891","0.11929051578044891","2636","2636","2636"
"263799","0.12001993507146835","0.12001993507146835","0.12001993507146835","2637","2637","2637"
"263899","0.11850771307945251","0.11850771307945251","0.11850771307945251","2638","2638","2638"
"263999","0.11371158063411713","0.11371158063411713","0.11371158063411713","2639","2639","2639"
"264099","0.1243610829114914","0.1243610829114914","0.1243610829114914","2640","2640","2640"
"264199","0.12478688359260559","0.12478688359260559","0.12478688359260559","2641","2641","2641"
"264299","0.12467270344495773","0.12467270344495773","0.12467270344495773","2642","2642","2642"
"264399","0.12042506784200668","0.12042506784200668","0.12042506784200668","2643","2643","2643"
"264499","0.12438374012708664","0.12438374012708664","0.12438374012708664","2644","2644","2644"
"264599","0.11559034138917923","0.11559034138917923","0.11559034138917923","2645","2645","2645"
"264699","0.1233733519911766","0.1233733519911766","0.1233733519911766","2646","2646","2646"
"264799","0.11722107976675034","0.11722107976675034","0.11722107976675034","2647","2647","2647"
"264899","0.12148395925760269","0.12148395925760269","0.12148395925760269","2648","2648","2648"
"264999","0.11787812411785126","0.11787812411785126","0.11787812411785126","2649","2649","2649"
"265099","0.1257496476173401","0.1257496476173401","0.1257496476173401","2650","2650","2650"
"265199","0.11920390278100967","0.11920390278100967","0.11920390278100967","2651","2651","2651"
"265299","0.12170904874801636","0.12170904874801636","0.12170904874801636","2652","2652","2652"
"265399","0.12231795489788055","0.12231795489788055","0.12231795489788055","2653","2653","2653"
"265499","0.11825717240571976","0.11825717240571976","0.11825717240571976","2654","2654","2654"
"265599","0.12196459621191025","0.12196459621191025","0.12196459621191025","2655","2655","2655"
"265699","0.1236359253525734","0.1236359253525734","0.1236359253525734","2656","2656","2656"
"265799","0.11687297374010086","0.11687297374010086","0.11687297374010086","2657","2657","2657"
"265899","0.124338798224926","0.124338798224926","0.124338798224926","2658","2658","2658"
"265999","0.11905787885189056","0.11905787885189056","0.11905787885189056","2659","2659","2659"
"266099","0.11825134605169296","0.11825134605169296","0.11825134605169296","2660","2660","2660"
"266199","0.11855533719062805","0.11855533719062805","0.11855533719062805","2661","2661","2661"
"266299","0.12480819970369339","0.12480819970369339","0.12480819970369339","2662","2662","2662"
"266399","0.12151098996400833","0.12151098996400833","0.12151098996400833","2663","2663","2663"
"266499","0.1180766373872757","0.1180766373872757","0.1180766373872757","2664","2664","2664"
"266599","0.1207725778222084","0.1207725778222084","0.1207725778222084","2665","2665","2665"
"266699","0.1265820413827896","0.1265820413827896","0.1265820413827896","2666","2666","2666"
"266799","0.11930517852306366","0.11930517852306366","0.11930517852306366","2667","2667","2667"
"266899","0.12319265305995941","0.12319265305995941","0.12319265305995941","2668","2668","2668"
"266999","0.11998333036899567","0.11998333036899567","0.11998333036899567","2669","2669","2669"
"267099","0.12490880489349365","0.12490880489349365","0.12490880489349365","2670","2670","2670"
"267199","0.1271761804819107","0.1271761804819107","0.1271761804819107","2671","2671","2671"
"267299","0.12366045266389847","0.12366045266389847","0.12366045266389847","2672","2672","2672"
"267399","0.1297214776277542","0.1297214776277542","0.1297214776277542","2673","2673","2673"
"267499","0.11659980565309525","0.11659980565309525","0.11659980565309525","2674","2674","2674"
"267599","0.12512217462062836","0.12512217462062836","0.12512217462062836","2675","2675","2675"
"267699","0.12258896231651306","0.12258896231651306","0.12258896231651306","2676","2676","2676"
"267799","0.11428745836019516","0.11428745836019516","0.11428745836019516","2677","2677","2677"
"267899","0.12063754349946976","0.12063754349946976","0.12063754349946976","2678","2678","2678"
"267999","0.11969100683927536","0.11969100683927536","0.11969100683927536","2679","2679","2679"
"268099","0.11398128420114517","0.11398128420114517","0.11398128420114517","2680","2680","2680"
"268199","0.12086956948041916","0.12086956948041916","0.12086956948041916","2681","2681","2681"
"268299","0.11643057316541672","0.11643057316541672","0.11643057316541672","2682","2682","2682"
"268399","0.1250983476638794","0.1250983476638794","0.1250983476638794","2683","2683","2683"
"268499","0.12223371863365173","0.12223371863365173","0.12223371863365173","2684","2684","2684"
"268599","0.12167525291442871","0.12167525291442871","0.12167525291442871","2685","2685","2685"
"268699","0.12162920087575912","0.12162920087575912","0.12162920087575912","2686","2686","2686"
"268799","0.11440443992614746","0.11440443992614746","0.11440443992614746","2687","2687","2687"
"268899","0.11580272018909454","0.11580272018909454","0.11580272018909454","2688","2688","2688"
"268999","0.11791002005338669","0.11791002005338669","0.11791002005338669","2689","2689","2689"
"269099","0.11773230135440826","0.11773230135440826","0.11773230135440826","2690","2690","2690"
"269199","0.11924632638692856","0.11924632638692856","0.11924632638692856","2691","2691","2691"
"269299","0.12135085463523865","0.12135085463523865","0.12135085463523865","2692","2692","2692"
"269399","0.12705545127391815","0.12705545127391815","0.12705545127391815","2693","2693","2693"
"269499","0.11867228150367737","0.11867228150367737","0.11867228150367737","2694","2694","2694"
"269599","0.12228333204984665","0.12228333204984665","0.12228333204984665","2695","2695","2695"
"269699","0.12827003002166748","0.12827003002166748","0.12827003002166748","2696","2696","2696"
"269799","0.12270098179578781","0.12270098179578781","0.12270098179578781","2697","2697","2697"
"269899","0.12213025242090225","0.12213025242090225","0.12213025242090225","2698","2698","2698"
"269999","0.12807783484458923","0.12807783484458923","0.12807783484458923","2699","2699","2699"
"270099","0.11603216826915741","0.11603216826915741","0.11603216826915741","2700","2700","2700"
"270199","0.12075687944889069","0.12075687944889069","0.12075687944889069","2701","2701","2701"
"270299","0.12017840147018433","0.12017840147018433","0.12017840147018433","2702","2702","2702"
"270399","0.12459993362426758","0.12459993362426758","0.12459993362426758","2703","2703","2703"
"270499","0.11635938286781311","0.11635938286781311","0.11635938286781311","2704","2704","2704"
"270599","0.12307015806436539","0.12307015806436539","0.12307015806436539","2705","2705","2705"
"270699","0.12279056757688522","0.12279056757688522","0.12279056757688522","2706","2706","2706"
"270799","0.1225818395614624","0.1225818395614624","0.1225818395614624","2707","2707","2707"
"270899","0.122207410633564","0.122207410633564","0.122207410633564","2708","2708","2708"
"270999","0.1283729076385498","0.1283729076385498","0.1283729076385498","2709","2709","2709"
"271099","0.12194059789180756","0.12194059789180756","0.12194059789180756","2710","2710","2710"
"271199","0.11620152741670609","0.11620152741670609","0.11620152741670609","2711","2711","2711"
"271299","0.12093711644411087","0.12093711644411087","0.12093711644411087","2712","2712","2712"
"271399","0.12495914846658707","0.12495914846658707","0.12495914846658707","2713","2713","2713"
"271499","0.11637840420007706","0.11637840420007706","0.11637840420007706","2714","2714","2714"
"271599","0.12732425332069397","0.12732425332069397","0.12732425332069397","2715","2715","2715"
"271699","0.11744959652423859","0.11744959652423859","0.11744959652423859","2716","2716","2716"
"271799","0.11951294541358948","0.11951294541358948","0.11951294541358948","2717","2717","2717"
"271899","0.12173417955636978","0.12173417955636978","0.12173417955636978","2718","2718","2718"
"271999","0.1224367693066597","0.1224367693066597","0.1224367693066597","2719","2719","2719"
"272099","0.12387528270483017","0.12387528270483017","0.12387528270483017","2720","2720","2720"
"272199","0.12191030383110046","0.12191030383110046","0.12191030383110046","2721","2721","2721"
"272299","0.1269715279340744","0.1269715279340744","0.1269715279340744","2722","2722","2722"
"272399","0.11522994190454483","0.11522994190454483","0.11522994190454483","2723","2723","2723"
"272499","0.12064096331596375","0.12064096331596375","0.12064096331596375","2724","2724","2724"
"272599","0.12043493986129761","0.12043493986129761","0.12043493986129761","2725","2725","2725"
"272699","0.12327590584754944","0.12327590584754944","0.12327590584754944","2726","2726","2726"
"272799","0.12106642127037048","0.12106642127037048","0.12106642127037048","2727","2727","2727"
"272899","0.11793169379234314","0.11793169379234314","0.11793169379234314","2728","2728","2728"
"272999","0.11664712429046631","0.11664712429046631","0.11664712429046631","2729","2729","2729"
"273099","0.1182636022567749","0.1182636022567749","0.1182636022567749","2730","2730","2730"
"273199","0.12352295964956284","0.12352295964956284","0.12352295964956284","2731","2731","2731"
"273299","0.1171187087893486","0.1171187087893486","0.1171187087893486","2732","2732","2732"
"273399","0.12061747163534164","0.12061747163534164","0.12061747163534164","2733","2733","2733"
"273499","0.11849772930145264","0.11849772930145264","0.11849772930145264","2734","2734","2734"
"273599","0.1231723204255104","0.1231723204255104","0.1231723204255104","2735","2735","2735"
"273699","0.1217174157500267","0.1217174157500267","0.1217174157500267","2736","2736","2736"
"273799","0.12091381847858429","0.12091381847858429","0.12091381847858429","2737","2737","2737"
"273899","0.11983013898134232","0.11983013898134232","0.11983013898134232","2738","2738","2738"
"273999","0.12352319061756134","0.12352319061756134","0.12352319061756134","2739","2739","2739"
"274099","0.11434617638587952","0.11434617638587952","0.11434617638587952","2740","2740","2740"
"274199","0.11978113651275635","0.11978113651275635","0.11978113651275635","2741","2741","2741"
"274299","0.11997997015714645","0.11997997015714645","0.11997997015714645","2742","2742","2742"
"274399","0.12308931350708008","0.12308931350708008","0.12308931350708008","2743","2743","2743"
"274499","0.12133430689573288","0.12133430689573288","0.12133430689573288","2744","2744","2744"
"274599","0.12630799412727356","0.12630799412727356","0.12630799412727356","2745","2745","2745"
"274699","0.11535053700208664","0.11535053700208664","0.11535053700208664","2746","2746","2746"
"274799","0.11754881590604782","0.11754881590604782","0.11754881590604782","2747","2747","2747"
"274899","0.1299126297235489","0.1299126297235489","0.1299126297235489","2748","2748","2748"
"274999","0.12657392024993896","0.12657392024993896","0.12657392024993896","2749","2749","2749"
"275099","0.11990822851657867","0.11990822851657867","0.11990822851657867","2750","2750","2750"
"275199","0.12247080355882645","0.12247080355882645","0.12247080355882645","2751","2751","2751"
"275299","0.12107633054256439","0.12107633054256439","0.12107633054256439","2752","2752","2752"
"275399","0.11735354363918304","0.11735354363918304","0.11735354363918304","2753","2753","2753"
"275499","0.11782095581293106","0.11782095581293106","0.11782095581293106","2754","2754","2754"
"275599","0.1205904558300972","0.1205904558300972","0.1205904558300972","2755","2755","2755"
"275699","0.1225610300898552","0.1225610300898552","0.1225610300898552","2756","2756","2756"
"275799","0.12213072180747986","0.12213072180747986","0.12213072180747986","2757","2757","2757"
"275899","0.1215147078037262","0.1215147078037262","0.1215147078037262","2758","2758","2758"
"275999","0.11754557490348816","0.11754557490348816","0.11754557490348816","2759","2759","2759"
"276099","0.11782170832157135","0.11782170832157135","0.11782170832157135","2760","2760","2760"
"276199","0.11812810599803925","0.11812810599803925","0.11812810599803925","2761","2761","2761"
"276299","0.12032728642225266","0.12032728642225266","0.12032728642225266","2762","2762","2762"
"276399","0.12016966193914413","0.12016966193914413","0.12016966193914413","2763","2763","2763"
"276499","0.11501596868038177","0.11501596868038177","0.11501596868038177","2764","2764","2764"
"276599","0.1211576983332634","0.1211576983332634","0.1211576983332634","2765","2765","2765"
"276699","0.12055321037769318","0.12055321037769318","0.12055321037769318","2766","2766","2766"
"276799","0.11839207261800766","0.11839207261800766","0.11839207261800766","2767","2767","2767"
"276899","0.11264368891716003","0.11264368891716003","0.11264368891716003","2768","2768","2768"
"276999","0.12060381472110748","0.12060381472110748","0.12060381472110748","2769","2769","2769"
"277099","0.11452677845954895","0.11452677845954895","0.11452677845954895","2770","2770","2770"
"277199","0.11584842950105667","0.11584842950105667","0.11584842950105667","2771","2771","2771"
"277299","0.12431707233190536","0.12431707233190536","0.12431707233190536","2772","2772","2772"
"277399","0.12687568366527557","0.12687568366527557","0.12687568366527557","2773","2773","2773"
"277499","0.11897747963666916","0.11897747963666916","0.11897747963666916","2774","2774","2774"
"277599","0.11666331440210342","0.11666331440210342","0.11666331440210342","2775","2775","2775"
"277699","0.12100298702716827","0.12100298702716827","0.12100298702716827","2776","2776","2776"
"277799","0.1188933253288269","0.1188933253288269","0.1188933253288269","2777","2777","2777"
"277899","0.12240181863307953","0.12240181863307953","0.12240181863307953","2778","2778","2778"
"277999","0.1181705966591835","0.1181705966591835","0.1181705966591835","2779","2779","2779"
"278099","0.12826545536518097","0.12826545536518097","0.12826545536518097","2780","2780","2780"
"278199","0.12075726687908173","0.12075726687908173","0.12075726687908173","2781","2781","2781"
"278299","0.11831174045801163","0.11831174045801163","0.11831174045801163","2782","2782","2782"
"278399","0.12096615880727768","0.12096615880727768","0.12096615880727768","2783","2783","2783"
"278499","0.11764891445636749","0.11764891445636749","0.11764891445636749","2784","2784","2784"
"278599","0.12242256104946136","0.12242256104946136","0.12242256104946136","2785","2785","2785"
"278699","0.1254127472639084","0.1254127472639084","0.1254127472639084","2786","2786","2786"
"278799","0.11659742146730423","0.11659742146730423","0.11659742146730423","2787","2787","2787"
"278899","0.1274881809949875","0.1274881809949875","0.1274881809949875","2788","2788","2788"
"278999","0.11769382655620575","0.11769382655620575","0.11769382655620575","2789","2789","2789"
"279099","0.12716054916381836","0.12716054916381836","0.12716054916381836","2790","2790","2790"
"279199","0.12058824300765991","0.12058824300765991","0.12058824300765991","2791","2791","2791"
"279299","0.12581996619701385","0.12581996619701385","0.12581996619701385","2792","2792","2792"
"279399","0.11942816525697708","0.11942816525697708","0.11942816525697708","2793","2793","2793"
"279499","0.12916779518127441","0.12916779518127441","0.12916779518127441","2794","2794","2794"
"279599","0.12095288187265396","0.12095288187265396","0.12095288187265396","2795","2795","2795"
"279699","0.12403210252523422","0.12403210252523422","0.12403210252523422","2796","2796","2796"
"279799","0.12178514152765274","0.12178514152765274","0.12178514152765274","2797","2797","2797"
"279899","0.11998391896486282","0.11998391896486282","0.11998391896486282","2798","2798","2798"
"279999","0.1171301007270813","0.1171301007270813","0.1171301007270813","2799","2799","2799"
"280099","0.1075628325343132","0.1075628325343132","0.1075628325343132","2800","2800","2800"
"280199","0.12523843348026276","0.12523843348026276","0.12523843348026276","2801","2801","2801"
"280299","0.11957933008670807","0.11957933008670807","0.11957933008670807","2802","2802","2802"
"280399","0.11923836916685104","0.11923836916685104","0.11923836916685104","2803","2803","2803"
"280499","0.12237045913934708","0.12237045913934708","0.12237045913934708","2804","2804","2804"
"280599","0.11995860934257507","0.11995860934257507","0.11995860934257507","2805","2805","2805"
"280699","0.11813847720623016","0.11813847720623016","0.11813847720623016","2806","2806","2806"
"280799","0.12009426951408386","0.12009426951408386","0.12009426951408386","2807","2807","2807"
"280899","0.11910378932952881","0.11910378932952881","0.11910378932952881","2808","2808","2808"
"280999","0.12162277847528458","0.12162277847528458","0.12162277847528458","2809","2809","2809"
"281099","0.11249568313360214","0.11249568313360214","0.11249568313360214","2810","2810","2810"
"281199","0.12650495767593384","0.12650495767593384","0.12650495767593384","2811","2811","2811"
"281299","0.12156893312931061","0.12156893312931061","0.12156893312931061","2812","2812","2812"
"281399","0.13132020831108093","0.13132020831108093","0.13132020831108093","2813","2813","2813"
"281499","0.12277303636074066","0.12277303636074066","0.12277303636074066","2814","2814","2814"
"281599","0.11999990046024323","0.11999990046024323","0.11999990046024323","2815","2815","2815"
"281699","0.11904704570770264","0.11904704570770264","0.11904704570770264","2816","2816","2816"
"281799","0.11898055672645569","0.11898055672645569","0.11898055672645569","2817","2817","2817"
"281899","0.12405305355787277","0.12405305355787277","0.12405305355787277","2818","2818","2818"
"281999","0.12332746386528015","0.12332746386528015","0.12332746386528015","2819","2819","2819"
"282099","0.11910603195428848","0.11910603195428848","0.11910603195428848","2820","2820","2820"
"282199","0.12097985297441483","0.12097985297441483","0.12097985297441483","2821","2821","2821"
"282299","0.12382600456476212","0.12382600456476212","0.12382600456476212","2822","2822","2822"
"282399","0.12590543925762177","0.12590543925762177","0.12590543925762177","2823","2823","2823"
"282499","0.1214885339140892","0.1214885339140892","0.1214885339140892","2824","2824","2824"
"282599","0.12080743908882141","0.12080743908882141","0.12080743908882141","2825","2825","2825"
"282699","0.12357986718416214","0.12357986718416214","0.12357986718416214","2826","2826","2826"
"282799","0.12048117071390152","0.12048117071390152","0.12048117071390152","2827","2827","2827"
"282899","0.12045769393444061","0.12045769393444061","0.12045769393444061","2828","2828","2828"
"282999","0.12587016820907593","0.12587016820907593","0.12587016820907593","2829","2829","2829"
"283099","0.12893398106098175","0.12893398106098175","0.12893398106098175","2830","2830","2830"
"283199","0.12574797868728638","0.12574797868728638","0.12574797868728638","2831","2831","2831"
"283299","0.1206081360578537","0.1206081360578537","0.1206081360578537","2832","2832","2832"
"283399","0.12121506780385971","0.12121506780385971","0.12121506780385971","2833","2833","2833"
"283499","0.12166830897331238","0.12166830897331238","0.12166830897331238","2834","2834","2834"
"283599","0.1211201399564743","0.1211201399564743","0.1211201399564743","2835","2835","2835"
"283699","0.11697707325220108","0.11697707325220108","0.11697707325220108","2836","2836","2836"
"283799","0.12222886085510254","0.12222886085510254","0.12222886085510254","2837","2837","2837"
"283899","0.12111015617847443","0.12111015617847443","0.12111015617847443","2838","2838","2838"
"283999","0.11614281684160233","0.11614281684160233","0.11614281684160233","2839","2839","2839"
"284099","0.11742988973855972","0.11742988973855972","0.11742988973855972","2840","2840","2840"
"284199","0.12339998781681061","0.12339998781681061","0.12339998781681061","2841","2841","2841"
"284299","0.11975359916687012","0.11975359916687012","0.11975359916687012","2842","2842","2842"
"284399","0.12062372267246246","0.12062372267246246","0.12062372267246246","2843","2843","2843"
"284499","0.12332570552825928","0.12332570552825928","0.12332570552825928","2844","2844","2844"
"284599","0.11510200798511505","0.11510200798511505","0.11510200798511505","2845","2845","2845"
"284699","0.12521518766880035","0.12521518766880035","0.12521518766880035","2846","2846","2846"
"284799","0.12602375447750092","0.12602375447750092","0.12602375447750092","2847","2847","2847"
"284899","0.11920811235904694","0.11920811235904694","0.11920811235904694","2848","2848","2848"
"284999","0.1257072389125824","0.1257072389125824","0.1257072389125824","2849","2849","2849"
"285099","0.11910789459943771","0.11910789459943771","0.11910789459943771","2850","2850","2850"
"285199","0.12391620129346848","0.12391620129346848","0.12391620129346848","2851","2851","2851"
"285299","0.11796558648347855","0.11796558648347855","0.11796558648347855","2852","2852","2852"
"285399","0.12420491874217987","0.12420491874217987","0.12420491874217987","2853","2853","2853"
"285499","0.11808931082487106","0.11808931082487106","0.11808931082487106","2854","2854","2854"
"285599","0.11275038123130798","0.11275038123130798","0.11275038123130798","2855","2855","2855"
"285699","0.11815142631530762","0.11815142631530762","0.11815142631530762","2856","2856","2856"
"285799","0.12059340626001358","0.12059340626001358","0.12059340626001358","2857","2857","2857"
"285899","0.1167697012424469","0.1167697012424469","0.1167697012424469","2858","2858","2858"
"285999","0.11889465153217316","0.11889465153217316","0.11889465153217316","2859","2859","2859"
"286099","0.12083618342876434","0.12083618342876434","0.12083618342876434","2860","2860","2860"
"286199","0.12210282683372498","0.12210282683372498","0.12210282683372498","2861","2861","2861"
"286299","0.11878293007612228","0.11878293007612228","0.11878293007612228","2862","2862","2862"
"286399","0.12494000047445297","0.12494000047445297","0.12494000047445297","2863","2863","2863"
"286499","0.12414339929819107","0.12414339929819107","0.12414339929819107","2864","2864","2864"
"286599","0.12406662851572037","0.12406662851572037","0.12406662851572037","2865","2865","2865"
"286699","0.12260215729475021","0.12260215729475021","0.12260215729475021","2866","2866","2866"
"286799","0.11993943899869919","0.11993943899869919","0.11993943899869919","2867","2867","2867"
"286899","0.11875229328870773","0.11875229328870773","0.11875229328870773","2868","2868","2868"
"286999","0.12118738144636154","0.12118738144636154","0.12118738144636154","2869","2869","2869"
"287099","0.1234799474477768","0.1234799474477768","0.1234799474477768","2870","2870","2870"
"287199","0.117095947265625","0.117095947265625","0.117095947265625","2871","2871","2871"
"287299","0.1173473373055458","0.1173473373055458","0.1173473373055458","2872","2872","2872"
"287399","0.11555227637290955","0.11555227637290955","0.11555227637290955","2873","2873","2873"
"287499","0.12058646231889725","0.12058646231889725","0.12058646231889725","2874","2874","2874"
"287599","0.11582547426223755","0.11582547426223755","0.11582547426223755","2875","2875","2875"
"287699","0.12743833661079407","0.12743833661079407","0.12743833661079407","2876","2876","2876"
"287799","0.1205521896481514","0.1205521896481514","0.1205521896481514","2877","2877","2877"
"287899","0.11634517461061478","0.11634517461061478","0.11634517461061478","2878","2878","2878"
"287999","0.115256167948246","0.115256167948246","0.115256167948246","2879","2879","2879"
"288099","0.12359728664159775","0.12359728664159775","0.12359728664159775","2880","2880","2880"
"288199","0.12602542340755463","0.12602542340755463","0.12602542340755463","2881","2881","2881"
"288299","0.11496621370315552","0.11496621370315552","0.11496621370315552","2882","2882","2882"
"288399","0.11755158007144928","0.11755158007144928","0.11755158007144928","2883","2883","2883"
"288499","0.11854749917984009","0.11854749917984009","0.11854749917984009","2884","2884","2884"
"288599","0.11712929606437683","0.11712929606437683","0.11712929606437683","2885","2885","2885"
"288699","0.12025109678506851","0.12025109678506851","0.12025109678506851","2886","2886","2886"
"288799","0.12379088997840881","0.12379088997840881","0.12379088997840881","2887","2887","2887"
"288899","0.11821954697370529","0.11821954697370529","0.11821954697370529","2888","2888","2888"
"288999","0.1193816065788269","0.1193816065788269","0.1193816065788269","2889","2889","2889"
"289099","0.12073533236980438","0.12073533236980438","0.12073533236980438","2890","2890","2890"
"289199","0.11495649069547653","0.11495649069547653","0.11495649069547653","2891","2891","2891"
"289299","0.11539629101753235","0.11539629101753235","0.11539629101753235","2892","2892","2892"
"289399","0.11671210080385208","0.11671210080385208","0.11671210080385208","2893","2893","2893"
"289499","0.1214328333735466","0.1214328333735466","0.1214328333735466","2894","2894","2894"
"289599","0.1205989345908165","0.1205989345908165","0.1205989345908165","2895","2895","2895"
"289699","0.12240532040596008","0.12240532040596008","0.12240532040596008","2896","2896","2896"
"289799","0.11691582202911377","0.11691582202911377","0.11691582202911377","2897","2897","2897"
"289899","0.11640483140945435","0.11640483140945435","0.11640483140945435","2898","2898","2898"
"289999","0.1193748414516449","0.1193748414516449","0.1193748414516449","2899","2899","2899"
"290099","0.11774028837680817","0.11774028837680817","0.11774028837680817","2900","2900","2900"
"290199","0.11946246773004532","0.11946246773004532","0.11946246773004532","2901","2901","2901"
"290299","0.12078671157360077","0.12078671157360077","0.12078671157360077","2902","2902","2902"
"290399","0.11654343456029892","0.11654343456029892","0.11654343456029892","2903","2903","2903"
"290499","0.12259919941425323","0.12259919941425323","0.12259919941425323","2904","2904","2904"
"290599","0.1171402856707573","0.1171402856707573","0.1171402856707573","2905","2905","2905"
"290699","0.12399879842996597","0.12399879842996597","0.12399879842996597","2906","2906","2906"
"290799","0.11590219289064407","0.11590219289064407","0.11590219289064407","2907","2907","2907"
"290899","0.12259287387132645","0.12259287387132645","0.12259287387132645","2908","2908","2908"
"290999","0.12304361909627914","0.12304361909627914","0.12304361909627914","2909","2909","2909"
"291099","0.11775010824203491","0.11775010824203491","0.11775010824203491","2910","2910","2910"
"291199","0.12154427915811539","0.12154427915811539","0.12154427915811539","2911","2911","2911"
"291299","0.11872979998588562","0.11872979998588562","0.11872979998588562","2912","2912","2912"
"291399","0.12307058274745941","0.12307058274745941","0.12307058274745941","2913","2913","2913"
"291499","0.11863746494054794","0.11863746494054794","0.11863746494054794","2914","2914","2914"
"291599","0.13037267327308655","0.13037267327308655","0.13037267327308655","2915","2915","2915"
"291699","0.11653052270412445","0.11653052270412445","0.11653052270412445","2916","2916","2916"
"291799","0.1265944540500641","0.1265944540500641","0.1265944540500641","2917","2917","2917"
"291899","0.12407287955284119","0.12407287955284119","0.12407287955284119","2918","2918","2918"
"291999","0.122083380818367","0.122083380818367","0.122083380818367","2919","2919","2919"
"292099","0.11623752862215042","0.11623752862215042","0.11623752862215042","2920","2920","2920"
"292199","0.11543377488851547","0.11543377488851547","0.11543377488851547","2921","2921","2921"
"292299","0.12688399851322174","0.12688399851322174","0.12688399851322174","2922","2922","2922"
"292399","0.12393442541360855","0.12393442541360855","0.12393442541360855","2923","2923","2923"
"292499","0.120038703083992","0.120038703083992","0.120038703083992","2924","2924","2924"
"292599","0.1228417158126831","0.1228417158126831","0.1228417158126831","2925","2925","2925"
"292699","0.12007439136505127","0.12007439136505127","0.12007439136505127","2926","2926","2926"
"292799","0.11804631352424622","0.11804631352424622","0.11804631352424622","2927","2927","2927"
"292899","0.12270757555961609","0.12270757555961609","0.12270757555961609","2928","2928","2928"
"292999","0.12847599387168884","0.12847599387168884","0.12847599387168884","2929","2929","2929"
"293099","0.12465608865022659","0.12465608865022659","0.12465608865022659","2930","2930","2930"
"293199","0.11356843262910843","0.11356843262910843","0.11356843262910843","2931","2931","2931"
"293299","0.12296812236309052","0.12296812236309052","0.12296812236309052","2932","2932","2932"
"293399","0.1191655769944191","0.1191655769944191","0.1191655769944191","2933","2933","2933"
"293499","0.12486011534929276","0.12486011534929276","0.12486011534929276","2934","2934","2934"
"293599","0.11536702513694763","0.11536702513694763","0.11536702513694763","2935","2935","2935"
"293699","0.11981271207332611","0.11981271207332611","0.11981271207332611","2936","2936","2936"
"293799","0.1233145073056221","0.1233145073056221","0.1233145073056221","2937","2937","2937"
"293899","0.1238112673163414","0.1238112673163414","0.1238112673163414","2938","2938","2938"
"293999","0.11826928704977036","0.11826928704977036","0.11826928704977036","2939","2939","2939"
"294099","0.12280553579330444","0.12280553579330444","0.12280553579330444","2940","2940","2940"
"294199","0.12090758234262466","0.12090758234262466","0.12090758234262466","2941","2941","2941"
"294299","0.1234418973326683","0.1234418973326683","0.1234418973326683","2942","2942","2942"
"294399","0.11916788667440414","0.11916788667440414","0.11916788667440414","2943","2943","2943"
"294499","0.11891275644302368","0.11891275644302368","0.11891275644302368","2944","2944","2944"
"294599","0.12148702144622803","0.12148702144622803","0.12148702144622803","2945","2945","2945"
"294699","0.11756497621536255","0.11756497621536255","0.11756497621536255","2946","2946","2946"
"294799","0.12083978205919266","0.12083978205919266","0.12083978205919266","2947","2947","2947"
"294899","0.12035506218671799","0.12035506218671799","0.12035506218671799","2948","2948","2948"
"294999","0.12011062353849411","0.12011062353849411","0.12011062353849411","2949","2949","2949"
"295099","0.11780115962028503","0.11780115962028503","0.11780115962028503","2950","2950","2950"
"295199","0.12021060287952423","0.12021060287952423","0.12021060287952423","2951","2951","2951"
"295299","0.12021445482969284","0.12021445482969284","0.12021445482969284","2952","2952","2952"
"295399","0.11701460927724838","0.11701460927724838","0.11701460927724838","2953","2953","2953"
"295499","0.12523016333580017","0.12523016333580017","0.12523016333580017","2954","2954","2954"
"295599","0.1257975846529007","0.1257975846529007","0.1257975846529007","2955","2955","2955"
"295699","0.12403905391693115","0.12403905391693115","0.12403905391693115","2956","2956","2956"
"295799","0.12073605507612228","0.12073605507612228","0.12073605507612228","2957","2957","2957"
"295899","0.12891709804534912","0.12891709804534912","0.12891709804534912","2958","2958","2958"
"295999","0.12400607019662857","0.12400607019662857","0.12400607019662857","2959","2959","2959"
"296099","0.122179314494133","0.122179314494133","0.122179314494133","2960","2960","2960"
"296199","0.1149589791893959","0.1149589791893959","0.1149589791893959","2961","2961","2961"
"296299","0.1198686733841896","0.1198686733841896","0.1198686733841896","2962","2962","2962"
"296399","0.11755446344614029","0.11755446344614029","0.11755446344614029","2963","2963","2963"
"296499","0.1162695661187172","0.1162695661187172","0.1162695661187172","2964","2964","2964"
"296599","0.12138451635837555","0.12138451635837555","0.12138451635837555","2965","2965","2965"
"296699","0.1154523715376854","0.1154523715376854","0.1154523715376854","2966","2966","2966"
"296799","0.12008590251207352","0.12008590251207352","0.12008590251207352","2967","2967","2967"
"296899","0.1218419224023819","0.1218419224023819","0.1218419224023819","2968","2968","2968"
"296999","0.12495258450508118","0.12495258450508118","0.12495258450508118","2969","2969","2969"
"297099","0.11828989535570145","0.11828989535570145","0.11828989535570145","2970","2970","2970"
"297199","0.1204739660024643","0.1204739660024643","0.1204739660024643","2971","2971","2971"
"297299","0.11966055631637573","0.11966055631637573","0.11966055631637573","2972","2972","2972"
"297399","0.12183262407779694","0.12183262407779694","0.12183262407779694","2973","2973","2973"
"297499","0.12096907943487167","0.12096907943487167","0.12096907943487167","2974","2974","2974"
"297599","0.11808229982852936","0.11808229982852936","0.11808229982852936","2975","2975","2975"
"297699","0.12314797192811966","0.12314797192811966","0.12314797192811966","2976","2976","2976"
"297799","0.12119892239570618","0.12119892239570618","0.12119892239570618","2977","2977","2977"
"297899","0.1182212308049202","0.1182212308049202","0.1182212308049202","2978","2978","2978"
"297999","0.11964713037014008","0.11964713037014008","0.11964713037014008","2979","2979","2979"
"298099","0.11619918048381805","0.11619918048381805","0.11619918048381805","2980","2980","2980"
"298199","0.12683513760566711","0.12683513760566711","0.12683513760566711","2981","2981","2981"
"298299","0.1274738609790802","0.1274738609790802","0.1274738609790802","2982","2982","2982"
"298399","0.1183367595076561","0.1183367595076561","0.1183367595076561","2983","2983","2983"
"298499","0.11849480867385864","0.11849480867385864","0.11849480867385864","2984","2984","2984"
"298599","0.12365205585956573","0.12365205585956573","0.12365205585956573","2985","2985","2985"
"298699","0.11937921494245529","0.11937921494245529","0.11937921494245529","2986","2986","2986"
"298799","0.12123703956604004","0.12123703956604004","0.12123703956604004","2987","2987","2987"
"298899","0.12363797426223755","0.12363797426223755","0.12363797426223755","2988","2988","2988"
"298999","0.12139329314231873","0.12139329314231873","0.12139329314231873","2989","2989","2989"
"299099","0.11900854855775833","0.11900854855775833","0.11900854855775833","2990","2990","2990"
"299199","0.12215948849916458","0.12215948849916458","0.12215948849916458","2991","2991","2991"
"299299","0.12313590943813324","0.12313590943813324","0.12313590943813324","2992","2992","2992"
"299399","0.12316350638866425","0.12316350638866425","0.12316350638866425","2993","2993","2993"
"299499","0.1162717416882515","0.1162717416882515","0.1162717416882515","2994","2994","2994"
"299599","0.13096818327903748","0.13096818327903748","0.13096818327903748","2995","2995","2995"
"299699","0.1240551695227623","0.1240551695227623","0.1240551695227623","2996","2996","2996"
"299799","0.12809179723262787","0.12809179723262787","0.12809179723262787","2997","2997","2997"
"299899","0.12053032219409943","0.12053032219409943","0.12053032219409943","2998","2998","2998"
"299999","0.11928030848503113","0.11928030848503113","0.11928030848503113","2999","2999","2999"
"300099","0.12755286693572998","0.12755286693572998","0.12755286693572998","3000","3000","3000"
"300199","0.12053503841161728","0.12053503841161728","0.12053503841161728","3001","3001","3001"
"300299","0.11874168366193771","0.11874168366193771","0.11874168366193771","3002","3002","3002"
"300399","0.12438327819108963","0.12438327819108963","0.12438327819108963","3003","3003","3003"
"300499","0.12490753084421158","0.12490753084421158","0.12490753084421158","3004","3004","3004"
"300599","0.12364303320646286","0.12364303320646286","0.12364303320646286","3005","3005","3005"
"300699","0.12481057643890381","0.12481057643890381","0.12481057643890381","3006","3006","3006"
"300799","0.13010916113853455","0.13010916113853455","0.13010916113853455","3007","3007","3007"
"300899","0.1189446970820427","0.1189446970820427","0.1189446970820427","3008","3008","3008"
"300999","0.12525339424610138","0.12525339424610138","0.12525339424610138","3009","3009","3009"
"301099","0.11920931935310364","0.11920931935310364","0.11920931935310364","3010","3010","3010"
"301199","0.11800523847341537","0.11800523847341537","0.11800523847341537","3011","3011","3011"
"301299","0.11955802887678146","0.11955802887678146","0.11955802887678146","3012","3012","3012"
"301399","0.1141342967748642","0.1141342967748642","0.1141342967748642","3013","3013","3013"
"301499","0.12631887197494507","0.12631887197494507","0.12631887197494507","3014","3014","3014"
"301599","0.12264258414506912","0.12264258414506912","0.12264258414506912","3015","3015","3015"
"301699","0.11706370860338211","0.11706370860338211","0.11706370860338211","3016","3016","3016"
"301799","0.12026962637901306","0.12026962637901306","0.12026962637901306","3017","3017","3017"
"301899","0.11617053300142288","0.11617053300142288","0.11617053300142288","3018","3018","3018"
"301999","0.11841244250535965","0.11841244250535965","0.11841244250535965","3019","3019","3019"
"302099","0.11962606012821198","0.11962606012821198","0.11962606012821198","3020","3020","3020"
"302199","0.12007473409175873","0.12007473409175873","0.12007473409175873","3021","3021","3021"
"302299","0.12666648626327515","0.12666648626327515","0.12666648626327515","3022","3022","3022"
"302399","0.12115588039159775","0.12115588039159775","0.12115588039159775","3023","3023","3023"
"302499","0.11730233579874039","0.11730233579874039","0.11730233579874039","3024","3024","3024"
"302599","0.1154150441288948","0.1154150441288948","0.1154150441288948","3025","3025","3025"
"302699","0.12202972918748856","0.12202972918748856","0.12202972918748856","3026","3026","3026"
"302799","0.12517760694026947","0.12517760694026947","0.12517760694026947","3027","3027","3027"
"302899","0.12019333243370056","0.12019333243370056","0.12019333243370056","3028","3028","3028"
"302999","0.12020090222358704","0.12020090222358704","0.12020090222358704","3029","3029","3029"
"303099","0.12317315489053726","0.12317315489053726","0.12317315489053726","3030","3030","3030"
"303199","0.12155886739492416","0.12155886739492416","0.12155886739492416","3031","3031","3031"
"303299","0.12178076803684235","0.12178076803684235","0.12178076803684235","3032","3032","3032"
"303399","0.12300249189138412","0.12300249189138412","0.12300249189138412","3033","3033","3033"
"303499","0.1193997785449028","0.1193997785449028","0.1193997785449028","3034","3034","3034"
"303599","0.12021546810865402","0.12021546810865402","0.12021546810865402","3035","3035","3035"
"303699","0.11616411060094833","0.11616411060094833","0.11616411060094833","3036","3036","3036"
"303799","0.11897750943899155","0.11897750943899155","0.11897750943899155","3037","3037","3037"
"303899","0.11877886950969696","0.11877886950969696","0.11877886950969696","3038","3038","3038"
"303999","0.12409757077693939","0.12409757077693939","0.12409757077693939","3039","3039","3039"
"304099","0.11140954494476318","0.11140954494476318","0.11140954494476318","3040","3040","3040"
"304199","0.12216772884130478","0.12216772884130478","0.12216772884130478","3041","3041","3041"
"304299","0.11814366281032562","0.11814366281032562","0.11814366281032562","3042","3042","3042"
"304399","0.11612236499786377","0.11612236499786377","0.11612236499786377","3043","3043","3043"
"304499","0.12491361796855927","0.12491361796855927","0.12491361796855927","3044","3044","3044"
"304599","0.11851471662521362","0.11851471662521362","0.11851471662521362","3045","3045","3045"
"304699","0.1212683916091919","0.1212683916091919","0.1212683916091919","3046","3046","3046"
"304799","0.12262182682752609","0.12262182682752609","0.12262182682752609","3047","3047","3047"
"304899","0.1197637990117073","0.1197637990117073","0.1197637990117073","3048","3048","3048"
"304999","0.12482794374227524","0.12482794374227524","0.12482794374227524","3049","3049","3049"
"305099","0.11648397147655487","0.11648397147655487","0.11648397147655487","3050","3050","3050"
"305199","0.12076073884963989","0.12076073884963989","0.12076073884963989","3051","3051","3051"
"305299","0.12365588545799255","0.12365588545799255","0.12365588545799255","3052","3052","3052"
"305399","0.12438900768756866","0.12438900768756866","0.12438900768756866","3053","3053","3053"
"305499","0.12555141746997833","0.12555141746997833","0.12555141746997833","3054","3054","3054"
"305599","0.12000732868909836","0.12000732868909836","0.12000732868909836","3055","3055","3055"
"305699","0.1208513081073761","0.1208513081073761","0.1208513081073761","3056","3056","3056"
"305799","0.12224145233631134","0.12224145233631134","0.12224145233631134","3057","3057","3057"
"305899","0.12152024358510971","0.12152024358510971","0.12152024358510971","3058","3058","3058"
"305999","0.11847459524869919","0.11847459524869919","0.11847459524869919","3059","3059","3059"
"306099","0.11092976480722427","0.11092976480722427","0.11092976480722427","3060","3060","3060"
"306199","0.12509600818157196","0.12509600818157196","0.12509600818157196","3061","3061","3061"
"306299","0.11955313384532928","0.11955313384532928","0.11955313384532928","3062","3062","3062"
"306399","0.11786134541034698","0.11786134541034698","0.11786134541034698","3063","3063","3063"
"306499","0.12219696491956711","0.12219696491956711","0.12219696491956711","3064","3064","3064"
"306599","0.11964190751314163","0.11964190751314163","0.11964190751314163","3065","3065","3065"
"306699","0.11907297372817993","0.11907297372817993","0.11907297372817993","3066","3066","3066"
"306799","0.12008292227983475","0.12008292227983475","0.12008292227983475","3067","3067","3067"
"306899","0.12217535823583603","0.12217535823583603","0.12217535823583603","3068","3068","3068"
"306999","0.11834908276796341","0.11834908276796341","0.11834908276796341","3069","3069","3069"
"307099","0.11614842712879181","0.11614842712879181","0.11614842712879181","3070","3070","3070"
"307199","0.1148977130651474","0.1148977130651474","0.1148977130651474","3071","3071","3071"
"307299","0.12118292599916458","0.12118292599916458","0.12118292599916458","3072","3072","3072"
"307399","0.12047713249921799","0.12047713249921799","0.12047713249921799","3073","3073","3073"
"307499","0.1185227558016777","0.1185227558016777","0.1185227558016777","3074","3074","3074"
"307599","0.11957529187202454","0.11957529187202454","0.11957529187202454","3075","3075","3075"
"307699","0.1286049336194992","0.1286049336194992","0.1286049336194992","3076","3076","3076"
"307799","0.12118180096149445","0.12118180096149445","0.12118180096149445","3077","3077","3077"
"307899","0.1156100332736969","0.1156100332736969","0.1156100332736969","3078","3078","3078"
"307999","0.11757504194974899","0.11757504194974899","0.11757504194974899","3079","3079","3079"
"308099","0.11688467860221863","0.11688467860221863","0.11688467860221863","3080","3080","3080"
"308199","0.12311659008264542","0.12311659008264542","0.12311659008264542","3081","3081","3081"
"308299","0.11326929926872253","0.11326929926872253","0.11326929926872253","3082","3082","3082"
"308399","0.11365406215190887","0.11365406215190887","0.11365406215190887","3083","3083","3083"
"308499","0.11535151302814484","0.11535151302814484","0.11535151302814484","3084","3084","3084"
"308599","0.12331046909093857","0.12331046909093857","0.12331046909093857","3085","3085","3085"
"308699","0.11896506696939468","0.11896506696939468","0.11896506696939468","3086","3086","3086"
"308799","0.12062671780586243","0.12062671780586243","0.12062671780586243","3087","3087","3087"
"308899","0.13098092377185822","0.13098092377185822","0.13098092377185822","3088","3088","3088"
"308999","0.11735644191503525","0.11735644191503525","0.11735644191503525","3089","3089","3089"
"309099","0.12254222482442856","0.12254222482442856","0.12254222482442856","3090","3090","3090"
"309199","0.12004300206899643","0.12004300206899643","0.12004300206899643","3091","3091","3091"
"309299","0.11614372581243515","0.11614372581243515","0.11614372581243515","3092","3092","3092"
"309399","0.12002946436405182","0.12002946436405182","0.12002946436405182","3093","3093","3093"
"309499","0.12267295271158218","0.12267295271158218","0.12267295271158218","3094","3094","3094"
"309599","0.12163720279932022","0.12163720279932022","0.12163720279932022","3095","3095","3095"
"309699","0.12243190407752991","0.12243190407752991","0.12243190407752991","3096","3096","3096"
"309799","0.1197592243552208","0.1197592243552208","0.1197592243552208","3097","3097","3097"
"309899","0.1228593960404396","0.1228593960404396","0.1228593960404396","3098","3098","3098"
"309999","0.1176072508096695","0.1176072508096695","0.1176072508096695","3099","3099","3099"
"310099","0.12092472612857819","0.12092472612857819","0.12092472612857819","3100","3100","3100"
"310199","0.11960016936063766","0.11960016936063766","0.11960016936063766","3101","3101","3101"
"310299","0.11881999671459198","0.11881999671459198","0.11881999671459198","3102","3102","3102"
"310399","0.12451978772878647","0.12451978772878647","0.12451978772878647","3103","3103","3103"
"310499","0.12618029117584229","0.12618029117584229","0.12618029117584229","3104","3104","3104"
"310599","0.11700025200843811","0.11700025200843811","0.11700025200843811","3105","3105","3105"
"310699","0.11977620422840118","0.11977620422840118","0.11977620422840118","3106","3106","3106"
"310799","0.1145850270986557","0.1145850270986557","0.1145850270986557","3107","3107","3107"
"310899","0.11811823397874832","0.11811823397874832","0.11811823397874832","3108","3108","3108"
"310999","0.12200971692800522","0.12200971692800522","0.12200971692800522","3109","3109","3109"
"311099","0.11352364718914032","0.11352364718914032","0.11352364718914032","3110","3110","3110"
"311199","0.12273171544075012","0.12273171544075012","0.12273171544075012","3111","3111","3111"
"311299","0.12220606952905655","0.12220606952905655","0.12220606952905655","3112","3112","3112"
"311399","0.12449079751968384","0.12449079751968384","0.12449079751968384","3113","3113","3113"
"311499","0.12318942695856094","0.12318942695856094","0.12318942695856094","3114","3114","3114"
"311599","0.11829571425914764","0.11829571425914764","0.11829571425914764","3115","3115","3115"
"311699","0.11897759139537811","0.11897759139537811","0.11897759139537811","3116","3116","3116"
"311799","0.1134176254272461","0.1134176254272461","0.1134176254272461","3117","3117","3117"
"311899","0.11811485141515732","0.11811485141515732","0.11811485141515732","3118","3118","3118"
"311999","0.11979956924915314","0.11979956924915314","0.11979956924915314","3119","3119","3119"
"312099","0.11920393258333206","0.11920393258333206","0.11920393258333206","3120","3120","3120"
"312199","0.12083536386489868","0.12083536386489868","0.12083536386489868","3121","3121","3121"
"312299","0.12637096643447876","0.12637096643447876","0.12637096643447876","3122","3122","3122"
"312399","0.1219455897808075","0.1219455897808075","0.1219455897808075","3123","3123","3123"
"312499","0.12439309060573578","0.12439309060573578","0.12439309060573578","3124","3124","3124"
"312599","0.12000379711389542","0.12000379711389542","0.12000379711389542","3125","3125","3125"
"312699","0.1170026883482933","0.1170026883482933","0.1170026883482933","3126","3126","3126"
"312799","0.12128564715385437","0.12128564715385437","0.12128564715385437","3127","3127","3127"
"312899","0.11535283923149109","0.11535283923149109","0.11535283923149109","3128","3128","3128"
"312999","0.1241178885102272","0.1241178885102272","0.1241178885102272","3129","3129","3129"
"313099","0.1246705949306488","0.1246705949306488","0.1246705949306488","3130","3130","3130"
"313199","0.11905688047409058","0.11905688047409058","0.11905688047409058","3131","3131","3131"
"313299","0.12339350581169128","0.12339350581169128","0.12339350581169128","3132","3132","3132"
"313399","0.11661477386951447","0.11661477386951447","0.11661477386951447","3133","3133","3133"
"313499","0.11877796798944473","0.11877796798944473","0.11877796798944473","3134","3134","3134"
"313599","0.12715069949626923","0.12715069949626923","0.12715069949626923","3135","3135","3135"
"313699","0.11790739744901657","0.11790739744901657","0.11790739744901657","3136","3136","3136"
"313799","0.11590255051851273","0.11590255051851273","0.11590255051851273","3137","3137","3137"
"313899","0.11942911893129349","0.11942911893129349","0.11942911893129349","3138","3138","3138"
"313999","0.11655587702989578","0.11655587702989578","0.11655587702989578","3139","3139","3139"
"314099","0.11990451067686081","0.11990451067686081","0.11990451067686081","3140","3140","3140"
"314199","0.1225421279668808","0.1225421279668808","0.1225421279668808","3141","3141","3141"
"314299","0.12575213611125946","0.12575213611125946","0.12575213611125946","3142","3142","3142"
"314399","0.11974742263555527","0.11974742263555527","0.11974742263555527","3143","3143","3143"
"314499","0.12143269926309586","0.12143269926309586","0.12143269926309586","3144","3144","3144"
"314599","0.1284397840499878","0.1284397840499878","0.1284397840499878","3145","3145","3145"
"314699","0.1251032054424286","0.1251032054424286","0.1251032054424286","3146","3146","3146"
"314799","0.12222211062908173","0.12222211062908173","0.12222211062908173","3147","3147","3147"
"314899","0.12100933492183685","0.12100933492183685","0.12100933492183685","3148","3148","3148"
"314999","0.11875510960817337","0.11875510960817337","0.11875510960817337","3149","3149","3149"
"315099","0.12240467965602875","0.12240467965602875","0.12240467965602875","3150","3150","3150"
"315199","0.12207639962434769","0.12207639962434769","0.12207639962434769","3151","3151","3151"