"trainer/global_step","optimal_pt2 - train_loss","optimal_pt2 - train_loss__MIN","optimal_pt2 - train_loss__MAX","optimal_pt2 - _step","optimal_pt2 - _step__MIN","optimal_pt2 - _step__MAX"
"105099","0.14290499687194824","0.14290499687194824","0.14290499687194824","0","0","0"
"105199","0.14738695323467255","0.14738695323467255","0.14738695323467255","1","1","1"
"105299","0.14325131475925446","0.14325131475925446","0.14325131475925446","2","2","2"
"105399","0.14029672741889954","0.14029672741889954","0.14029672741889954","3","3","3"
"105499","0.1341143399477005","0.1341143399477005","0.1341143399477005","4","4","4"
"105599","0.13177044689655304","0.13177044689655304","0.13177044689655304","5","5","5"
"105699","0.1391323208808899","0.1391323208808899","0.1391323208808899","6","6","6"
"105799","0.14757581055164337","0.14757581055164337","0.14757581055164337","7","7","7"
"105899","0.14220114052295685","0.14220114052295685","0.14220114052295685","8","8","8"
"105999","0.14951200783252716","0.14951200783252716","0.14951200783252716","9","9","9"
"106099","0.14093080163002014","0.14093080163002014","0.14093080163002014","10","10","10"
"106199","0.13646741211414337","0.13646741211414337","0.13646741211414337","11","11","11"
"106299","0.14388127624988556","0.14388127624988556","0.14388127624988556","12","12","12"
"106399","0.14105816185474396","0.14105816185474396","0.14105816185474396","13","13","13"
"106499","0.1390295773744583","0.1390295773744583","0.1390295773744583","14","14","14"
"106599","0.14544744789600372","0.14544744789600372","0.14544744789600372","15","15","15"
"106699","0.1477321982383728","0.1477321982383728","0.1477321982383728","16","16","16"
"106799","0.15363284945487976","0.15363284945487976","0.15363284945487976","17","17","17"
"106899","0.1374100297689438","0.1374100297689438","0.1374100297689438","18","18","18"
"106999","0.13412947952747345","0.13412947952747345","0.13412947952747345","19","19","19"
"107099","0.1371517777442932","0.1371517777442932","0.1371517777442932","20","20","20"
"107199","0.1454620212316513","0.1454620212316513","0.1454620212316513","21","21","21"
"107299","0.1473594605922699","0.1473594605922699","0.1473594605922699","22","22","22"
"107399","0.14362001419067383","0.14362001419067383","0.14362001419067383","23","23","23"
"107499","0.13484393060207367","0.13484393060207367","0.13484393060207367","24","24","24"
"107599","0.14075739681720734","0.14075739681720734","0.14075739681720734","25","25","25"
"107699","0.1465054303407669","0.1465054303407669","0.1465054303407669","26","26","26"
"107799","0.13997213542461395","0.13997213542461395","0.13997213542461395","27","27","27"
"107899","0.14244849979877472","0.14244849979877472","0.14244849979877472","28","28","28"
"107999","0.14249871671199799","0.14249871671199799","0.14249871671199799","29","29","29"
"108099","0.12159481644630432","0.12159481644630432","0.12159481644630432","30","30","30"
"108199","0.14225754141807556","0.14225754141807556","0.14225754141807556","31","31","31"
"108299","0.13610324263572693","0.13610324263572693","0.13610324263572693","32","32","32"
"108399","0.1438455581665039","0.1438455581665039","0.1438455581665039","33","33","33"
"108499","0.14219070971012115","0.14219070971012115","0.14219070971012115","34","34","34"
"108599","0.1459151655435562","0.1459151655435562","0.1459151655435562","35","35","35"
"108699","0.13747826218605042","0.13747826218605042","0.13747826218605042","36","36","36"
"108799","0.13596339523792267","0.13596339523792267","0.13596339523792267","37","37","37"
"108899","0.14412054419517517","0.14412054419517517","0.14412054419517517","38","38","38"
"108999","0.13894939422607422","0.13894939422607422","0.13894939422607422","39","39","39"
"109099","0.14595730602741241","0.14595730602741241","0.14595730602741241","40","40","40"
"109199","0.13079877197742462","0.13079877197742462","0.13079877197742462","41","41","41"
"109299","0.15212273597717285","0.15212273597717285","0.15212273597717285","42","42","42"
"109399","0.1452328860759735","0.1452328860759735","0.1452328860759735","43","43","43"
"109499","0.1334436684846878","0.1334436684846878","0.1334436684846878","44","44","44"
"109599","0.14034488797187805","0.14034488797187805","0.14034488797187805","45","45","45"
"109699","0.14191824197769165","0.14191824197769165","0.14191824197769165","46","46","46"
"109799","0.14867645502090454","0.14867645502090454","0.14867645502090454","47","47","47"
"109899","0.13697834312915802","0.13697834312915802","0.13697834312915802","48","48","48"
"109999","0.13724200427532196","0.13724200427532196","0.13724200427532196","49","49","49"
"110099","0.1441831737756729","0.1441831737756729","0.1441831737756729","50","50","50"
"110199","0.14696046710014343","0.14696046710014343","0.14696046710014343","51","51","51"
"110299","0.1522756963968277","0.1522756963968277","0.1522756963968277","52","52","52"
"110399","0.13069018721580505","0.13069018721580505","0.13069018721580505","53","53","53"
"110499","0.14188164472579956","0.14188164472579956","0.14188164472579956","54","54","54"
"110599","0.144597589969635","0.144597589969635","0.144597589969635","55","55","55"
"110699","0.14001913368701935","0.14001913368701935","0.14001913368701935","56","56","56"
"110799","0.1360284388065338","0.1360284388065338","0.1360284388065338","57","57","57"
"110899","0.14886915683746338","0.14886915683746338","0.14886915683746338","58","58","58"
"110999","0.1395617425441742","0.1395617425441742","0.1395617425441742","59","59","59"
"111099","0.13830120861530304","0.13830120861530304","0.13830120861530304","60","60","60"
"111199","0.14526180922985077","0.14526180922985077","0.14526180922985077","61","61","61"
"111299","0.1376839578151703","0.1376839578151703","0.1376839578151703","62","62","62"
"111399","0.13446266949176788","0.13446266949176788","0.13446266949176788","63","63","63"
"111499","0.13428445160388947","0.13428445160388947","0.13428445160388947","64","64","64"
"111599","0.12838955223560333","0.12838955223560333","0.12838955223560333","65","65","65"
"111699","0.13463889062404633","0.13463889062404633","0.13463889062404633","66","66","66"
"111799","0.1402825266122818","0.1402825266122818","0.1402825266122818","67","67","67"
"111899","0.13946478068828583","0.13946478068828583","0.13946478068828583","68","68","68"
"111999","0.1353319138288498","0.1353319138288498","0.1353319138288498","69","69","69"
"112099","0.12506447732448578","0.12506447732448578","0.12506447732448578","70","70","70"
"112199","0.1463187336921692","0.1463187336921692","0.1463187336921692","71","71","71"
"112299","0.13087841868400574","0.13087841868400574","0.13087841868400574","72","72","72"
"112399","0.136850968003273","0.136850968003273","0.136850968003273","73","73","73"
"112499","0.13922293484210968","0.13922293484210968","0.13922293484210968","74","74","74"
"112599","0.1500886231660843","0.1500886231660843","0.1500886231660843","75","75","75"
"112699","0.14331980049610138","0.14331980049610138","0.14331980049610138","76","76","76"
"112799","0.137819305062294","0.137819305062294","0.137819305062294","77","77","77"
"112899","0.14681173861026764","0.14681173861026764","0.14681173861026764","78","78","78"
"112999","0.13999015092849731","0.13999015092849731","0.13999015092849731","79","79","79"
"113099","0.14512068033218384","0.14512068033218384","0.14512068033218384","80","80","80"
"113199","0.14233122766017914","0.14233122766017914","0.14233122766017914","81","81","81"
"113299","0.1327541023492813","0.1327541023492813","0.1327541023492813","82","82","82"
"113399","0.13635455071926117","0.13635455071926117","0.13635455071926117","83","83","83"
"113499","0.1469573974609375","0.1469573974609375","0.1469573974609375","84","84","84"
"113599","0.14290796220302582","0.14290796220302582","0.14290796220302582","85","85","85"
"113699","0.1405828297138214","0.1405828297138214","0.1405828297138214","86","86","86"
"113799","0.13528969883918762","0.13528969883918762","0.13528969883918762","87","87","87"
"113899","0.1510329246520996","0.1510329246520996","0.1510329246520996","88","88","88"
"113999","0.1463075876235962","0.1463075876235962","0.1463075876235962","89","89","89"
"114099","0.13872703909873962","0.13872703909873962","0.13872703909873962","90","90","90"
"114199","0.1488185077905655","0.1488185077905655","0.1488185077905655","91","91","91"
"114299","0.14571289718151093","0.14571289718151093","0.14571289718151093","92","92","92"
"114399","0.13751216232776642","0.13751216232776642","0.13751216232776642","93","93","93"
"114499","0.14453525841236115","0.14453525841236115","0.14453525841236115","94","94","94"
"114599","0.13601404428482056","0.13601404428482056","0.13601404428482056","95","95","95"
"114699","0.1370263546705246","0.1370263546705246","0.1370263546705246","96","96","96"
"114799","0.14473076164722443","0.14473076164722443","0.14473076164722443","97","97","97"
"114899","0.14189760386943817","0.14189760386943817","0.14189760386943817","98","98","98"
"114999","0.14600417017936707","0.14600417017936707","0.14600417017936707","99","99","99"
"115099","0.14007167518138885","0.14007167518138885","0.14007167518138885","100","100","100"
"115199","0.15399156510829926","0.15399156510829926","0.15399156510829926","101","101","101"
"115299","0.13839994370937347","0.13839994370937347","0.13839994370937347","102","102","102"
"115399","0.14149875938892365","0.14149875938892365","0.14149875938892365","103","103","103"
"115499","0.14477141201496124","0.14477141201496124","0.14477141201496124","104","104","104"
"115599","0.13439340889453888","0.13439340889453888","0.13439340889453888","105","105","105"
"115699","0.16010451316833496","0.16010451316833496","0.16010451316833496","106","106","106"
"115799","0.13676095008850098","0.13676095008850098","0.13676095008850098","107","107","107"
"115899","0.13739493489265442","0.13739493489265442","0.13739493489265442","108","108","108"
"115999","0.1502123326063156","0.1502123326063156","0.1502123326063156","109","109","109"
"116099","0.13597868382930756","0.13597868382930756","0.13597868382930756","110","110","110"
"116199","0.13596343994140625","0.13596343994140625","0.13596343994140625","111","111","111"
"116299","0.13720017671585083","0.13720017671585083","0.13720017671585083","112","112","112"
"116399","0.1479436308145523","0.1479436308145523","0.1479436308145523","113","113","113"
"116499","0.14527727663516998","0.14527727663516998","0.14527727663516998","114","114","114"
"116599","0.14828063547611237","0.14828063547611237","0.14828063547611237","115","115","115"
"116699","0.1414564698934555","0.1414564698934555","0.1414564698934555","116","116","116"
"116799","0.1426330804824829","0.1426330804824829","0.1426330804824829","117","117","117"
"116899","0.15040220320224762","0.15040220320224762","0.15040220320224762","118","118","118"
"116999","0.13778503239154816","0.13778503239154816","0.13778503239154816","119","119","119"
"117099","0.1378997266292572","0.1378997266292572","0.1378997266292572","120","120","120"
"117199","0.14327342808246613","0.14327342808246613","0.14327342808246613","121","121","121"
"117299","0.1354716569185257","0.1354716569185257","0.1354716569185257","122","122","122"
"117399","0.1372421532869339","0.1372421532869339","0.1372421532869339","123","123","123"
"117499","0.13841669261455536","0.13841669261455536","0.13841669261455536","124","124","124"
"117599","0.1386309266090393","0.1386309266090393","0.1386309266090393","125","125","125"
"117699","0.13952869176864624","0.13952869176864624","0.13952869176864624","126","126","126"
"117799","0.13651008903980255","0.13651008903980255","0.13651008903980255","127","127","127"
"117899","0.1329936981201172","0.1329936981201172","0.1329936981201172","128","128","128"
"117999","0.14155714213848114","0.14155714213848114","0.14155714213848114","129","129","129"
"118099","0.139584481716156","0.139584481716156","0.139584481716156","130","130","130"
"118199","0.14581526815891266","0.14581526815891266","0.14581526815891266","131","131","131"
"118299","0.1410684436559677","0.1410684436559677","0.1410684436559677","132","132","132"
"118399","0.15326102077960968","0.15326102077960968","0.15326102077960968","133","133","133"
"118499","0.1388355940580368","0.1388355940580368","0.1388355940580368","134","134","134"
"118599","0.14117924869060516","0.14117924869060516","0.14117924869060516","135","135","135"
"118699","0.1309242993593216","0.1309242993593216","0.1309242993593216","136","136","136"
"118799","0.1328468918800354","0.1328468918800354","0.1328468918800354","137","137","137"
"118899","0.13885122537612915","0.13885122537612915","0.13885122537612915","138","138","138"
"118999","0.13731937110424042","0.13731937110424042","0.13731937110424042","139","139","139"
"119099","0.14154940843582153","0.14154940843582153","0.14154940843582153","140","140","140"
"119199","0.1404808610677719","0.1404808610677719","0.1404808610677719","141","141","141"
"119299","0.13395445048809052","0.13395445048809052","0.13395445048809052","142","142","142"
"119399","0.14075522124767303","0.14075522124767303","0.14075522124767303","143","143","143"
"119499","0.14518029987812042","0.14518029987812042","0.14518029987812042","144","144","144"
"119599","0.13690194487571716","0.13690194487571716","0.13690194487571716","145","145","145"
"119699","0.1399637758731842","0.1399637758731842","0.1399637758731842","146","146","146"
"119799","0.13220222294330597","0.13220222294330597","0.13220222294330597","147","147","147"
"119899","0.14391931891441345","0.14391931891441345","0.14391931891441345","148","148","148"
"119999","0.13938133418560028","0.13938133418560028","0.13938133418560028","149","149","149"
"120099","0.13868235051631927","0.13868235051631927","0.13868235051631927","150","150","150"
"120199","0.14458930492401123","0.14458930492401123","0.14458930492401123","151","151","151"
"120299","0.14549164474010468","0.14549164474010468","0.14549164474010468","152","152","152"
"120399","0.12974828481674194","0.12974828481674194","0.12974828481674194","153","153","153"
"120499","0.14806421101093292","0.14806421101093292","0.14806421101093292","154","154","154"
"120599","0.14175140857696533","0.14175140857696533","0.14175140857696533","155","155","155"
"120699","0.1391078680753708","0.1391078680753708","0.1391078680753708","156","156","156"
"120799","0.1459418684244156","0.1459418684244156","0.1459418684244156","157","157","157"
"120899","0.13483503460884094","0.13483503460884094","0.13483503460884094","158","158","158"
"120999","0.145652636885643","0.145652636885643","0.145652636885643","159","159","159"
"121099","0.13570983707904816","0.13570983707904816","0.13570983707904816","160","160","160"
"121199","0.13946248590946198","0.13946248590946198","0.13946248590946198","161","161","161"
"121299","0.1420697718858719","0.1420697718858719","0.1420697718858719","162","162","162"
"121399","0.14436116814613342","0.14436116814613342","0.14436116814613342","163","163","163"
"121499","0.13511274755001068","0.13511274755001068","0.13511274755001068","164","164","164"
"121599","0.14121146500110626","0.14121146500110626","0.14121146500110626","165","165","165"
"121699","0.14242632687091827","0.14242632687091827","0.14242632687091827","166","166","166"
"121799","0.12818384170532227","0.12818384170532227","0.12818384170532227","167","167","167"
"121899","0.13539907336235046","0.13539907336235046","0.13539907336235046","168","168","168"
"121999","0.14545638859272003","0.14545638859272003","0.14545638859272003","169","169","169"
"122099","0.12649857997894287","0.12649857997894287","0.12649857997894287","170","170","170"
"122199","0.13881279528141022","0.13881279528141022","0.13881279528141022","171","171","171"
"122299","0.13761360943317413","0.13761360943317413","0.13761360943317413","172","172","172"
"122399","0.14465470612049103","0.14465470612049103","0.14465470612049103","173","173","173"
"122499","0.1483648717403412","0.1483648717403412","0.1483648717403412","174","174","174"
"122599","0.14766450226306915","0.14766450226306915","0.14766450226306915","175","175","175"
"122699","0.14103280007839203","0.14103280007839203","0.14103280007839203","176","176","176"
"122799","0.14044339954853058","0.14044339954853058","0.14044339954853058","177","177","177"
"122899","0.14027895033359528","0.14027895033359528","0.14027895033359528","178","178","178"
"122999","0.13704706728458405","0.13704706728458405","0.13704706728458405","179","179","179"
"123099","0.12998583912849426","0.12998583912849426","0.12998583912849426","180","180","180"
"123199","0.14424876868724823","0.14424876868724823","0.14424876868724823","181","181","181"
"123299","0.1440325528383255","0.1440325528383255","0.1440325528383255","182","182","182"
"123399","0.1377560794353485","0.1377560794353485","0.1377560794353485","183","183","183"
"123499","0.13766050338745117","0.13766050338745117","0.13766050338745117","184","184","184"
"123599","0.1416892558336258","0.1416892558336258","0.1416892558336258","185","185","185"
"123699","0.13831253349781036","0.13831253349781036","0.13831253349781036","186","186","186"
"123799","0.14362846314907074","0.14362846314907074","0.14362846314907074","187","187","187"
"123899","0.13570185005664825","0.13570185005664825","0.13570185005664825","188","188","188"
"123999","0.13833436369895935","0.13833436369895935","0.13833436369895935","189","189","189"
"124099","0.14827591180801392","0.14827591180801392","0.14827591180801392","190","190","190"
"124199","0.13726480305194855","0.13726480305194855","0.13726480305194855","191","191","191"
"124299","0.13453803956508636","0.13453803956508636","0.13453803956508636","192","192","192"
"124399","0.1446153074502945","0.1446153074502945","0.1446153074502945","193","193","193"
"124499","0.14279715716838837","0.14279715716838837","0.14279715716838837","194","194","194"
"124599","0.13237379491329193","0.13237379491329193","0.13237379491329193","195","195","195"
"124699","0.14081862568855286","0.14081862568855286","0.14081862568855286","196","196","196"
"124799","0.1363811194896698","0.1363811194896698","0.1363811194896698","197","197","197"
"124899","0.13943161070346832","0.13943161070346832","0.13943161070346832","198","198","198"
"124999","0.13566824793815613","0.13566824793815613","0.13566824793815613","199","199","199"
"125099","0.14495201408863068","0.14495201408863068","0.14495201408863068","200","200","200"
"125199","0.14251074194908142","0.14251074194908142","0.14251074194908142","201","201","201"
"125299","0.14087924361228943","0.14087924361228943","0.14087924361228943","202","202","202"
"125399","0.138777956366539","0.138777956366539","0.138777956366539","203","203","203"
"125499","0.13920749723911285","0.13920749723911285","0.13920749723911285","204","204","204"
"125599","0.14248248934745789","0.14248248934745789","0.14248248934745789","205","205","205"
"125699","0.1366853266954422","0.1366853266954422","0.1366853266954422","206","206","206"
"125799","0.1408090591430664","0.1408090591430664","0.1408090591430664","207","207","207"
"125899","0.14077478647232056","0.14077478647232056","0.14077478647232056","208","208","208"
"125999","0.13586410880088806","0.13586410880088806","0.13586410880088806","209","209","209"
"126099","0.13880367577075958","0.13880367577075958","0.13880367577075958","210","210","210"
"126199","0.1381499320268631","0.1381499320268631","0.1381499320268631","211","211","211"
"126299","0.13262899219989777","0.13262899219989777","0.13262899219989777","212","212","212"
"126399","0.13911157846450806","0.13911157846450806","0.13911157846450806","213","213","213"
"126499","0.1463462859392166","0.1463462859392166","0.1463462859392166","214","214","214"
"126599","0.13551905751228333","0.13551905751228333","0.13551905751228333","215","215","215"
"126699","0.136823371052742","0.136823371052742","0.136823371052742","216","216","216"
"126799","0.14249365031719208","0.14249365031719208","0.14249365031719208","217","217","217"
"126899","0.13669870793819427","0.13669870793819427","0.13669870793819427","218","218","218"
"126999","0.1562223583459854","0.1562223583459854","0.1562223583459854","219","219","219"
"127099","0.13455212116241455","0.13455212116241455","0.13455212116241455","220","220","220"
"127199","0.1481924057006836","0.1481924057006836","0.1481924057006836","221","221","221"
"127299","0.14710035920143127","0.14710035920143127","0.14710035920143127","222","222","222"
"127399","0.13471704721450806","0.13471704721450806","0.13471704721450806","223","223","223"
"127499","0.13976795971393585","0.13976795971393585","0.13976795971393585","224","224","224"
"127599","0.1463664323091507","0.1463664323091507","0.1463664323091507","225","225","225"
"127699","0.14456354081630707","0.14456354081630707","0.14456354081630707","226","226","226"
"127799","0.138490229845047","0.138490229845047","0.138490229845047","227","227","227"
"127899","0.1348704844713211","0.1348704844713211","0.1348704844713211","228","228","228"
"127999","0.13710124790668488","0.13710124790668488","0.13710124790668488","229","229","229"
"128099","0.14127512276172638","0.14127512276172638","0.14127512276172638","230","230","230"
"128199","0.13715143501758575","0.13715143501758575","0.13715143501758575","231","231","231"
"128299","0.13296474516391754","0.13296474516391754","0.13296474516391754","232","232","232"
"128399","0.14120827615261078","0.14120827615261078","0.14120827615261078","233","233","233"
"128499","0.14535079896450043","0.14535079896450043","0.14535079896450043","234","234","234"
"128599","0.13830652832984924","0.13830652832984924","0.13830652832984924","235","235","235"
"128699","0.14234082400798798","0.14234082400798798","0.14234082400798798","236","236","236"
"128799","0.1408233344554901","0.1408233344554901","0.1408233344554901","237","237","237"
"128899","0.1404053419828415","0.1404053419828415","0.1404053419828415","238","238","238"
"128999","0.1420242190361023","0.1420242190361023","0.1420242190361023","239","239","239"
"129099","0.13765352964401245","0.13765352964401245","0.13765352964401245","240","240","240"
"129199","0.13042724132537842","0.13042724132537842","0.13042724132537842","241","241","241"
"129299","0.14550410211086273","0.14550410211086273","0.14550410211086273","242","242","242"
"129399","0.1420983225107193","0.1420983225107193","0.1420983225107193","243","243","243"
"129499","0.14179489016532898","0.14179489016532898","0.14179489016532898","244","244","244"
"129599","0.1321514993906021","0.1321514993906021","0.1321514993906021","245","245","245"
"129699","0.1426876336336136","0.1426876336336136","0.1426876336336136","246","246","246"
"129799","0.14024758338928223","0.14024758338928223","0.14024758338928223","247","247","247"
"129899","0.14403168857097626","0.14403168857097626","0.14403168857097626","248","248","248"
"129999","0.1389608085155487","0.1389608085155487","0.1389608085155487","249","249","249"
"130099","0.13254007697105408","0.13254007697105408","0.13254007697105408","250","250","250"
"130199","0.13929778337478638","0.13929778337478638","0.13929778337478638","251","251","251"
"130299","0.12238933145999908","0.12238933145999908","0.12238933145999908","252","252","252"
"130399","0.14018113911151886","0.14018113911151886","0.14018113911151886","253","253","253"
"130499","0.1313159465789795","0.1313159465789795","0.1313159465789795","254","254","254"
"130599","0.14354392886161804","0.14354392886161804","0.14354392886161804","255","255","255"
"130699","0.13432307541370392","0.13432307541370392","0.13432307541370392","256","256","256"
"130799","0.13849899172782898","0.13849899172782898","0.13849899172782898","257","257","257"
"130899","0.13445182144641876","0.13445182144641876","0.13445182144641876","258","258","258"
"130999","0.14214664697647095","0.14214664697647095","0.14214664697647095","259","259","259"
"131099","0.1505538821220398","0.1505538821220398","0.1505538821220398","260","260","260"
"131199","0.1368120312690735","0.1368120312690735","0.1368120312690735","261","261","261"
"131299","0.14223262667655945","0.14223262667655945","0.14223262667655945","262","262","262"
"131399","0.14518508315086365","0.14518508315086365","0.14518508315086365","263","263","263"
"131499","0.14747290313243866","0.14747290313243866","0.14747290313243866","264","264","264"
"131599","0.14306344091892242","0.14306344091892242","0.14306344091892242","265","265","265"
"131699","0.14921198785305023","0.14921198785305023","0.14921198785305023","266","266","266"
"131799","0.14442457258701324","0.14442457258701324","0.14442457258701324","267","267","267"
"131899","0.13928937911987305","0.13928937911987305","0.13928937911987305","268","268","268"
"131999","0.13922171294689178","0.13922171294689178","0.13922171294689178","269","269","269"
"132099","0.14554186165332794","0.14554186165332794","0.14554186165332794","270","270","270"
"132199","0.14152705669403076","0.14152705669403076","0.14152705669403076","271","271","271"
"132299","0.1516919881105423","0.1516919881105423","0.1516919881105423","272","272","272"
"132399","0.12827710807323456","0.12827710807323456","0.12827710807323456","273","273","273"
"132499","0.13257484138011932","0.13257484138011932","0.13257484138011932","274","274","274"
"132599","0.13506126403808594","0.13506126403808594","0.13506126403808594","275","275","275"
"132699","0.13936428725719452","0.13936428725719452","0.13936428725719452","276","276","276"
"132799","0.13002909719944","0.13002909719944","0.13002909719944","277","277","277"
"132899","0.14076140522956848","0.14076140522956848","0.14076140522956848","278","278","278"
"132999","0.14404095709323883","0.14404095709323883","0.14404095709323883","279","279","279"
"133099","0.13893042504787445","0.13893042504787445","0.13893042504787445","280","280","280"
"133199","0.14247378706932068","0.14247378706932068","0.14247378706932068","281","281","281"
"133299","0.1472809612751007","0.1472809612751007","0.1472809612751007","282","282","282"
"133399","0.14445261657238007","0.14445261657238007","0.14445261657238007","283","283","283"
"133499","0.14040035009384155","0.14040035009384155","0.14040035009384155","284","284","284"
"133599","0.13292784988880157","0.13292784988880157","0.13292784988880157","285","285","285"
"133699","0.13364505767822266","0.13364505767822266","0.13364505767822266","286","286","286"
"133799","0.13863340020179749","0.13863340020179749","0.13863340020179749","287","287","287"
"133899","0.14014780521392822","0.14014780521392822","0.14014780521392822","288","288","288"
"133999","0.13639968633651733","0.13639968633651733","0.13639968633651733","289","289","289"
"134099","0.137064129114151","0.137064129114151","0.137064129114151","290","290","290"
"134199","0.13426867127418518","0.13426867127418518","0.13426867127418518","291","291","291"
"134299","0.145501971244812","0.145501971244812","0.145501971244812","292","292","292"
"134399","0.13430574536323547","0.13430574536323547","0.13430574536323547","293","293","293"
"134499","0.13317230343818665","0.13317230343818665","0.13317230343818665","294","294","294"
"134599","0.13671858608722687","0.13671858608722687","0.13671858608722687","295","295","295"
"134699","0.13979575037956238","0.13979575037956238","0.13979575037956238","296","296","296"
"134799","0.14197517931461334","0.14197517931461334","0.14197517931461334","297","297","297"
"134899","0.1502174586057663","0.1502174586057663","0.1502174586057663","298","298","298"
"134999","0.13785667717456818","0.13785667717456818","0.13785667717456818","299","299","299"
"135099","0.1502062827348709","0.1502062827348709","0.1502062827348709","300","300","300"
"135199","0.14692488312721252","0.14692488312721252","0.14692488312721252","301","301","301"
"135299","0.14081861078739166","0.14081861078739166","0.14081861078739166","302","302","302"
"135399","0.13940654695034027","0.13940654695034027","0.13940654695034027","303","303","303"
"135499","0.14169088006019592","0.14169088006019592","0.14169088006019592","304","304","304"
"135599","0.13391217589378357","0.13391217589378357","0.13391217589378357","305","305","305"
"135699","0.13639134168624878","0.13639134168624878","0.13639134168624878","306","306","306"
"135799","0.138284370303154","0.138284370303154","0.138284370303154","307","307","307"
"135899","0.13084976375102997","0.13084976375102997","0.13084976375102997","308","308","308"
"135999","0.13626821339130402","0.13626821339130402","0.13626821339130402","309","309","309"
"136099","0.14020681381225586","0.14020681381225586","0.14020681381225586","310","310","310"
"136199","0.138213112950325","0.138213112950325","0.138213112950325","311","311","311"
"136299","0.1447581797838211","0.1447581797838211","0.1447581797838211","312","312","312"
"136399","0.14147533476352692","0.14147533476352692","0.14147533476352692","313","313","313"
"136499","0.14729827642440796","0.14729827642440796","0.14729827642440796","314","314","314"
"136599","0.13288114964962006","0.13288114964962006","0.13288114964962006","315","315","315"
"136699","0.13234762847423553","0.13234762847423553","0.13234762847423553","316","316","316"
"136799","0.14115627110004425","0.14115627110004425","0.14115627110004425","317","317","317"
"136899","0.14086075127124786","0.14086075127124786","0.14086075127124786","318","318","318"
"136999","0.1355583667755127","0.1355583667755127","0.1355583667755127","319","319","319"
"137099","0.1376981884241104","0.1376981884241104","0.1376981884241104","320","320","320"
"137199","0.13256719708442688","0.13256719708442688","0.13256719708442688","321","321","321"
"137299","0.14848864078521729","0.14848864078521729","0.14848864078521729","322","322","322"
"137399","0.14434120059013367","0.14434120059013367","0.14434120059013367","323","323","323"
"137499","0.13544397056102753","0.13544397056102753","0.13544397056102753","324","324","324"
"137599","0.14280392229557037","0.14280392229557037","0.14280392229557037","325","325","325"
"137699","0.1350790113210678","0.1350790113210678","0.1350790113210678","326","326","326"
"137799","0.1370096355676651","0.1370096355676651","0.1370096355676651","327","327","327"
"137899","0.1380159556865692","0.1380159556865692","0.1380159556865692","328","328","328"
"137999","0.13347120583057404","0.13347120583057404","0.13347120583057404","329","329","329"
"138099","0.13494794070720673","0.13494794070720673","0.13494794070720673","330","330","330"
"138199","0.1476796716451645","0.1476796716451645","0.1476796716451645","331","331","331"
"138299","0.1257030963897705","0.1257030963897705","0.1257030963897705","332","332","332"
"138399","0.1435820609331131","0.1435820609331131","0.1435820609331131","333","333","333"
"138499","0.13840031623840332","0.13840031623840332","0.13840031623840332","334","334","334"
"138599","0.14112327992916107","0.14112327992916107","0.14112327992916107","335","335","335"
"138699","0.14667795598506927","0.14667795598506927","0.14667795598506927","336","336","336"
"138799","0.138387992978096","0.138387992978096","0.138387992978096","337","337","337"
"138899","0.14997445046901703","0.14997445046901703","0.14997445046901703","338","338","338"
"138999","0.14267881214618683","0.14267881214618683","0.14267881214618683","339","339","339"
"139099","0.14548341929912567","0.14548341929912567","0.14548341929912567","340","340","340"
"139199","0.13495856523513794","0.13495856523513794","0.13495856523513794","341","341","341"
"139299","0.1360887885093689","0.1360887885093689","0.1360887885093689","342","342","342"
"139399","0.13648159801959991","0.13648159801959991","0.13648159801959991","343","343","343"
"139499","0.14806325733661652","0.14806325733661652","0.14806325733661652","344","344","344"
"139599","0.13983356952667236","0.13983356952667236","0.13983356952667236","345","345","345"
"139699","0.1384023278951645","0.1384023278951645","0.1384023278951645","346","346","346"
"139799","0.14711301028728485","0.14711301028728485","0.14711301028728485","347","347","347"
"139899","0.13074322044849396","0.13074322044849396","0.13074322044849396","348","348","348"
"139999","0.13278807699680328","0.13278807699680328","0.13278807699680328","349","349","349"
"140099","0.1421351432800293","0.1421351432800293","0.1421351432800293","350","350","350"
"140199","0.13880501687526703","0.13880501687526703","0.13880501687526703","351","351","351"
"140299","0.14206820726394653","0.14206820726394653","0.14206820726394653","352","352","352"
"140399","0.14254112541675568","0.14254112541675568","0.14254112541675568","353","353","353"
"140499","0.14018435776233673","0.14018435776233673","0.14018435776233673","354","354","354"
"140599","0.1462717056274414","0.1462717056274414","0.1462717056274414","355","355","355"
"140699","0.1355656236410141","0.1355656236410141","0.1355656236410141","356","356","356"
"140799","0.1340673416852951","0.1340673416852951","0.1340673416852951","357","357","357"
"140899","0.1392071396112442","0.1392071396112442","0.1392071396112442","358","358","358"
"140999","0.13651466369628906","0.13651466369628906","0.13651466369628906","359","359","359"
"141099","0.1434200555086136","0.1434200555086136","0.1434200555086136","360","360","360"
"141199","0.1527767926454544","0.1527767926454544","0.1527767926454544","361","361","361"
"141299","0.1430385857820511","0.1430385857820511","0.1430385857820511","362","362","362"
"141399","0.1341390758752823","0.1341390758752823","0.1341390758752823","363","363","363"
"141499","0.1473175287246704","0.1473175287246704","0.1473175287246704","364","364","364"
"141599","0.13667631149291992","0.13667631149291992","0.13667631149291992","365","365","365"
"141699","0.1357450932264328","0.1357450932264328","0.1357450932264328","366","366","366"
"141799","0.14425654709339142","0.14425654709339142","0.14425654709339142","367","367","367"
"141899","0.1384279727935791","0.1384279727935791","0.1384279727935791","368","368","368"
"141999","0.13021431863307953","0.13021431863307953","0.13021431863307953","369","369","369"
"142099","0.14298538863658905","0.14298538863658905","0.14298538863658905","370","370","370"
"142199","0.14435645937919617","0.14435645937919617","0.14435645937919617","371","371","371"
"142299","0.13717320561408997","0.13717320561408997","0.13717320561408997","372","372","372"
"142399","0.1373346447944641","0.1373346447944641","0.1373346447944641","373","373","373"
"142499","0.13631586730480194","0.13631586730480194","0.13631586730480194","374","374","374"
"142599","0.1446954905986786","0.1446954905986786","0.1446954905986786","375","375","375"
"142699","0.13495972752571106","0.13495972752571106","0.13495972752571106","376","376","376"
"142799","0.14211805164813995","0.14211805164813995","0.14211805164813995","377","377","377"
"142899","0.13871720433235168","0.13871720433235168","0.13871720433235168","378","378","378"
"142999","0.13998974859714508","0.13998974859714508","0.13998974859714508","379","379","379"
"143099","0.14747019112110138","0.14747019112110138","0.14747019112110138","380","380","380"
"143199","0.13817422091960907","0.13817422091960907","0.13817422091960907","381","381","381"
"143299","0.13350611925125122","0.13350611925125122","0.13350611925125122","382","382","382"
"143399","0.14500966668128967","0.14500966668128967","0.14500966668128967","383","383","383"
"143499","0.14024604856967926","0.14024604856967926","0.14024604856967926","384","384","384"
"143599","0.13637210428714752","0.13637210428714752","0.13637210428714752","385","385","385"
"143699","0.13643714785575867","0.13643714785575867","0.13643714785575867","386","386","386"
"143799","0.14290578663349152","0.14290578663349152","0.14290578663349152","387","387","387"
"143899","0.1402551829814911","0.1402551829814911","0.1402551829814911","388","388","388"
"143999","0.1380714327096939","0.1380714327096939","0.1380714327096939","389","389","389"
"144099","0.1332300305366516","0.1332300305366516","0.1332300305366516","390","390","390"
"144199","0.1420758068561554","0.1420758068561554","0.1420758068561554","391","391","391"
"144299","0.1439017653465271","0.1439017653465271","0.1439017653465271","392","392","392"
"144399","0.1388949453830719","0.1388949453830719","0.1388949453830719","393","393","393"
"144499","0.13598573207855225","0.13598573207855225","0.13598573207855225","394","394","394"
"144599","0.1408625692129135","0.1408625692129135","0.1408625692129135","395","395","395"
"144699","0.143084317445755","0.143084317445755","0.143084317445755","396","396","396"
"144799","0.13476119935512543","0.13476119935512543","0.13476119935512543","397","397","397"
"144899","0.1438126116991043","0.1438126116991043","0.1438126116991043","398","398","398"
"144999","0.13429732620716095","0.13429732620716095","0.13429732620716095","399","399","399"
"145099","0.14277547597885132","0.14277547597885132","0.14277547597885132","400","400","400"
"145199","0.1509132981300354","0.1509132981300354","0.1509132981300354","401","401","401"
"145299","0.13784216344356537","0.13784216344356537","0.13784216344356537","402","402","402"
"145399","0.14614662528038025","0.14614662528038025","0.14614662528038025","403","403","403"
"145499","0.13580746948719025","0.13580746948719025","0.13580746948719025","404","404","404"
"145599","0.13559062778949738","0.13559062778949738","0.13559062778949738","405","405","405"
"145699","0.13567030429840088","0.13567030429840088","0.13567030429840088","406","406","406"
"145799","0.146377831697464","0.146377831697464","0.146377831697464","407","407","407"
"145899","0.14173860847949982","0.14173860847949982","0.14173860847949982","408","408","408"
"145999","0.13814881443977356","0.13814881443977356","0.13814881443977356","409","409","409"
"146099","0.13602326810359955","0.13602326810359955","0.13602326810359955","410","410","410"
"146199","0.1338539868593216","0.1338539868593216","0.1338539868593216","411","411","411"
"146299","0.1427152007818222","0.1427152007818222","0.1427152007818222","412","412","412"
"146399","0.13310281932353973","0.13310281932353973","0.13310281932353973","413","413","413"
"146499","0.13700757920742035","0.13700757920742035","0.13700757920742035","414","414","414"
"146599","0.1367824375629425","0.1367824375629425","0.1367824375629425","415","415","415"
"146699","0.13937540352344513","0.13937540352344513","0.13937540352344513","416","416","416"
"146799","0.14225219190120697","0.14225219190120697","0.14225219190120697","417","417","417"
"146899","0.1450924128293991","0.1450924128293991","0.1450924128293991","418","418","418"
"146999","0.14011652767658234","0.14011652767658234","0.14011652767658234","419","419","419"
"147099","0.1465778797864914","0.1465778797864914","0.1465778797864914","420","420","420"
"147199","0.13173122704029083","0.13173122704029083","0.13173122704029083","421","421","421"
"147299","0.13327081501483917","0.13327081501483917","0.13327081501483917","422","422","422"
"147399","0.13418740034103394","0.13418740034103394","0.13418740034103394","423","423","423"
"147499","0.1344311237335205","0.1344311237335205","0.1344311237335205","424","424","424"
"147599","0.1469757854938507","0.1469757854938507","0.1469757854938507","425","425","425"
"147699","0.14636024832725525","0.14636024832725525","0.14636024832725525","426","426","426"
"147799","0.14492389559745789","0.14492389559745789","0.14492389559745789","427","427","427"
"147899","0.13948355615139008","0.13948355615139008","0.13948355615139008","428","428","428"
"147999","0.1415603905916214","0.1415603905916214","0.1415603905916214","429","429","429"
"148099","0.1437593400478363","0.1437593400478363","0.1437593400478363","430","430","430"
"148199","0.13520106673240662","0.13520106673240662","0.13520106673240662","431","431","431"
"148299","0.13431847095489502","0.13431847095489502","0.13431847095489502","432","432","432"
"148399","0.14314661920070648","0.14314661920070648","0.14314661920070648","433","433","433"
"148499","0.13220030069351196","0.13220030069351196","0.13220030069351196","434","434","434"
"148599","0.14007166028022766","0.14007166028022766","0.14007166028022766","435","435","435"
"148699","0.13763900101184845","0.13763900101184845","0.13763900101184845","436","436","436"
"148799","0.1340417116880417","0.1340417116880417","0.1340417116880417","437","437","437"
"148899","0.14069053530693054","0.14069053530693054","0.14069053530693054","438","438","438"
"148999","0.1435682326555252","0.1435682326555252","0.1435682326555252","439","439","439"
"149099","0.14383646845817566","0.14383646845817566","0.14383646845817566","440","440","440"
"149199","0.13227418065071106","0.13227418065071106","0.13227418065071106","441","441","441"
"149299","0.12678562104701996","0.12678562104701996","0.12678562104701996","442","442","442"
"149399","0.14158427715301514","0.14158427715301514","0.14158427715301514","443","443","443"
"149499","0.1360049992799759","0.1360049992799759","0.1360049992799759","444","444","444"
"149599","0.14043574035167694","0.14043574035167694","0.14043574035167694","445","445","445"
"149699","0.14161430299282074","0.14161430299282074","0.14161430299282074","446","446","446"
"149799","0.1398310661315918","0.1398310661315918","0.1398310661315918","447","447","447"
"149899","0.13137319684028625","0.13137319684028625","0.13137319684028625","448","448","448"
"149999","0.14544439315795898","0.14544439315795898","0.14544439315795898","449","449","449"
"150099","0.14097732305526733","0.14097732305526733","0.14097732305526733","450","450","450"
"150199","0.14511728286743164","0.14511728286743164","0.14511728286743164","451","451","451"
"150299","0.14464779198169708","0.14464779198169708","0.14464779198169708","452","452","452"
"150399","0.13411085307598114","0.13411085307598114","0.13411085307598114","453","453","453"
"150499","0.1392640620470047","0.1392640620470047","0.1392640620470047","454","454","454"
"150599","0.14206193387508392","0.14206193387508392","0.14206193387508392","455","455","455"
"150699","0.12901420891284943","0.12901420891284943","0.12901420891284943","456","456","456"
"150799","0.1392953097820282","0.1392953097820282","0.1392953097820282","457","457","457"
"150899","0.1366930454969406","0.1366930454969406","0.1366930454969406","458","458","458"
"150999","0.13255667686462402","0.13255667686462402","0.13255667686462402","459","459","459"
"151099","0.13847464323043823","0.13847464323043823","0.13847464323043823","460","460","460"
"151199","0.13924188911914825","0.13924188911914825","0.13924188911914825","461","461","461"
"151299","0.129135400056839","0.129135400056839","0.129135400056839","462","462","462"
"151399","0.1415681093931198","0.1415681093931198","0.1415681093931198","463","463","463"
"151499","0.14014358818531036","0.14014358818531036","0.14014358818531036","464","464","464"
"151599","0.1388743668794632","0.1388743668794632","0.1388743668794632","465","465","465"
"151699","0.1271645575761795","0.1271645575761795","0.1271645575761795","466","466","466"
"151799","0.13633817434310913","0.13633817434310913","0.13633817434310913","467","467","467"
"151899","0.14330752193927765","0.14330752193927765","0.14330752193927765","468","468","468"
"151999","0.13495256006717682","0.13495256006717682","0.13495256006717682","469","469","469"
"152099","0.14378561079502106","0.14378561079502106","0.14378561079502106","470","470","470"
"152199","0.13102634251117706","0.13102634251117706","0.13102634251117706","471","471","471"
"152299","0.14228862524032593","0.14228862524032593","0.14228862524032593","472","472","472"
"152399","0.13227637112140656","0.13227637112140656","0.13227637112140656","473","473","473"
"152499","0.14095425605773926","0.14095425605773926","0.14095425605773926","474","474","474"
"152599","0.13407272100448608","0.13407272100448608","0.13407272100448608","475","475","475"
"152699","0.14200448989868164","0.14200448989868164","0.14200448989868164","476","476","476"
"152799","0.14449924230575562","0.14449924230575562","0.14449924230575562","477","477","477"
"152899","0.13857057690620422","0.13857057690620422","0.13857057690620422","478","478","478"
"152999","0.1315651386976242","0.1315651386976242","0.1315651386976242","479","479","479"
"153099","0.14446689188480377","0.14446689188480377","0.14446689188480377","480","480","480"
"153199","0.14010228216648102","0.14010228216648102","0.14010228216648102","481","481","481"
"153299","0.1322760134935379","0.1322760134935379","0.1322760134935379","482","482","482"
"153399","0.14562490582466125","0.14562490582466125","0.14562490582466125","483","483","483"
"153499","0.1351972371339798","0.1351972371339798","0.1351972371339798","484","484","484"
"153599","0.12660536170005798","0.12660536170005798","0.12660536170005798","485","485","485"
"153699","0.14138825237751007","0.14138825237751007","0.14138825237751007","486","486","486"
"153799","0.13112786412239075","0.13112786412239075","0.13112786412239075","487","487","487"
"153899","0.1312156766653061","0.1312156766653061","0.1312156766653061","488","488","488"
"153999","0.14604394137859344","0.14604394137859344","0.14604394137859344","489","489","489"
"154099","0.14061938226222992","0.14061938226222992","0.14061938226222992","490","490","490"
"154199","0.12633740901947021","0.12633740901947021","0.12633740901947021","491","491","491"
"154299","0.13127417862415314","0.13127417862415314","0.13127417862415314","492","492","492"
"154399","0.13462179899215698","0.13462179899215698","0.13462179899215698","493","493","493"
"154499","0.1372169852256775","0.1372169852256775","0.1372169852256775","494","494","494"
"154599","0.14102140069007874","0.14102140069007874","0.14102140069007874","495","495","495"
"154699","0.14066694676876068","0.14066694676876068","0.14066694676876068","496","496","496"
"154799","0.1361449509859085","0.1361449509859085","0.1361449509859085","497","497","497"
"154899","0.13561758399009705","0.13561758399009705","0.13561758399009705","498","498","498"
"154999","0.1437309831380844","0.1437309831380844","0.1437309831380844","499","499","499"
"155099","0.14296023547649384","0.14296023547649384","0.14296023547649384","500","500","500"
"155199","0.13443417847156525","0.13443417847156525","0.13443417847156525","501","501","501"
"155299","0.1386505514383316","0.1386505514383316","0.1386505514383316","502","502","502"
"155399","0.13658004999160767","0.13658004999160767","0.13658004999160767","503","503","503"
"155499","0.14090262353420258","0.14090262353420258","0.14090262353420258","504","504","504"
"155599","0.13159961998462677","0.13159961998462677","0.13159961998462677","505","505","505"
"155699","0.13756874203681946","0.13756874203681946","0.13756874203681946","506","506","506"
"155799","0.14305603504180908","0.14305603504180908","0.14305603504180908","507","507","507"
"155899","0.13489465415477753","0.13489465415477753","0.13489465415477753","508","508","508"
"155999","0.14286395907402039","0.14286395907402039","0.14286395907402039","509","509","509"
"156099","0.1379995048046112","0.1379995048046112","0.1379995048046112","510","510","510"
"156199","0.14111971855163574","0.14111971855163574","0.14111971855163574","511","511","511"
"156299","0.14020828902721405","0.14020828902721405","0.14020828902721405","512","512","512"
"156399","0.14213135838508606","0.14213135838508606","0.14213135838508606","513","513","513"
"156499","0.13573649525642395","0.13573649525642395","0.13573649525642395","514","514","514"
"156599","0.1400107741355896","0.1400107741355896","0.1400107741355896","515","515","515"
"156699","0.14573821425437927","0.14573821425437927","0.14573821425437927","516","516","516"
"156799","0.1335601806640625","0.1335601806640625","0.1335601806640625","517","517","517"
"156899","0.1397814154624939","0.1397814154624939","0.1397814154624939","518","518","518"
"156999","0.14526799321174622","0.14526799321174622","0.14526799321174622","519","519","519"
"157099","0.13934816420078278","0.13934816420078278","0.13934816420078278","520","520","520"
"157199","0.13490064442157745","0.13490064442157745","0.13490064442157745","521","521","521"
"157299","0.1424686461687088","0.1424686461687088","0.1424686461687088","522","522","522"
"157399","0.14044369757175446","0.14044369757175446","0.14044369757175446","523","523","523"
"157499","0.1360539197921753","0.1360539197921753","0.1360539197921753","524","524","524"
"157599","0.1452459841966629","0.1452459841966629","0.1452459841966629","525","525","525"
"157699","0.139094278216362","0.139094278216362","0.139094278216362","526","526","526"
"157799","0.12920017540454865","0.12920017540454865","0.12920017540454865","527","527","527"
"157899","0.13986213505268097","0.13986213505268097","0.13986213505268097","528","528","528"
"157999","0.140848308801651","0.140848308801651","0.140848308801651","529","529","529"
"158099","0.135244682431221","0.135244682431221","0.135244682431221","530","530","530"
"158199","0.13695235550403595","0.13695235550403595","0.13695235550403595","531","531","531"
"158299","0.14208944141864777","0.14208944141864777","0.14208944141864777","532","532","532"
"158399","0.13782010972499847","0.13782010972499847","0.13782010972499847","533","533","533"
"158499","0.1463172286748886","0.1463172286748886","0.1463172286748886","534","534","534"
"158599","0.14767982065677643","0.14767982065677643","0.14767982065677643","535","535","535"
"158699","0.1403745710849762","0.1403745710849762","0.1403745710849762","536","536","536"
"158799","0.13279373943805695","0.13279373943805695","0.13279373943805695","537","537","537"
"158899","0.13570384681224823","0.13570384681224823","0.13570384681224823","538","538","538"
"158999","0.13287821412086487","0.13287821412086487","0.13287821412086487","539","539","539"
"159099","0.14363840222358704","0.14363840222358704","0.14363840222358704","540","540","540"
"159199","0.1473921686410904","0.1473921686410904","0.1473921686410904","541","541","541"
"159299","0.13440151512622833","0.13440151512622833","0.13440151512622833","542","542","542"
"159399","0.1396789252758026","0.1396789252758026","0.1396789252758026","543","543","543"
"159499","0.14475004374980927","0.14475004374980927","0.14475004374980927","544","544","544"
"159599","0.139039546251297","0.139039546251297","0.139039546251297","545","545","545"
"159699","0.13846491277217865","0.13846491277217865","0.13846491277217865","546","546","546"
"159799","0.1323896050453186","0.1323896050453186","0.1323896050453186","547","547","547"
"159899","0.14330461621284485","0.14330461621284485","0.14330461621284485","548","548","548"
"159999","0.1378062516450882","0.1378062516450882","0.1378062516450882","549","549","549"
"160099","0.1375105232000351","0.1375105232000351","0.1375105232000351","550","550","550"
"160199","0.13501057028770447","0.13501057028770447","0.13501057028770447","551","551","551"
"160299","0.1319238543510437","0.1319238543510437","0.1319238543510437","552","552","552"
"160399","0.1403324007987976","0.1403324007987976","0.1403324007987976","553","553","553"
"160499","0.13180632889270782","0.13180632889270782","0.13180632889270782","554","554","554"
"160599","0.14499154686927795","0.14499154686927795","0.14499154686927795","555","555","555"
"160699","0.13064537942409515","0.13064537942409515","0.13064537942409515","556","556","556"
"160799","0.1446862518787384","0.1446862518787384","0.1446862518787384","557","557","557"
"160899","0.13561563193798065","0.13561563193798065","0.13561563193798065","558","558","558"
"160999","0.14453504979610443","0.14453504979610443","0.14453504979610443","559","559","559"
"161099","0.14603601396083832","0.14603601396083832","0.14603601396083832","560","560","560"
"161199","0.14666028320789337","0.14666028320789337","0.14666028320789337","561","561","561"
"161299","0.1370672881603241","0.1370672881603241","0.1370672881603241","562","562","562"
"161399","0.1443551778793335","0.1443551778793335","0.1443551778793335","563","563","563"
"161499","0.13573338091373444","0.13573338091373444","0.13573338091373444","564","564","564"
"161599","0.13681727647781372","0.13681727647781372","0.13681727647781372","565","565","565"
"161699","0.14923636615276337","0.14923636615276337","0.14923636615276337","566","566","566"
"161799","0.1380554884672165","0.1380554884672165","0.1380554884672165","567","567","567"
"161899","0.13915817439556122","0.13915817439556122","0.13915817439556122","568","568","568"
"161999","0.1452714055776596","0.1452714055776596","0.1452714055776596","569","569","569"
"162099","0.14085423946380615","0.14085423946380615","0.14085423946380615","570","570","570"
"162199","0.1392577439546585","0.1392577439546585","0.1392577439546585","571","571","571"
"162299","0.14076776802539825","0.14076776802539825","0.14076776802539825","572","572","572"
"162399","0.13273340463638306","0.13273340463638306","0.13273340463638306","573","573","573"
"162499","0.1386241763830185","0.1386241763830185","0.1386241763830185","574","574","574"
"162599","0.14721830189228058","0.14721830189228058","0.14721830189228058","575","575","575"
"162699","0.13855034112930298","0.13855034112930298","0.13855034112930298","576","576","576"
"162799","0.13975463807582855","0.13975463807582855","0.13975463807582855","577","577","577"
"162899","0.13772766292095184","0.13772766292095184","0.13772766292095184","578","578","578"
"162999","0.14911341667175293","0.14911341667175293","0.14911341667175293","579","579","579"
"163099","0.13086912035942078","0.13086912035942078","0.13086912035942078","580","580","580"
"163199","0.13103878498077393","0.13103878498077393","0.13103878498077393","581","581","581"
"163299","0.13123518228530884","0.13123518228530884","0.13123518228530884","582","582","582"
"163399","0.13924603164196014","0.13924603164196014","0.13924603164196014","583","583","583"
"163499","0.13516134023666382","0.13516134023666382","0.13516134023666382","584","584","584"
"163599","0.13556447625160217","0.13556447625160217","0.13556447625160217","585","585","585"
"163699","0.13736553490161896","0.13736553490161896","0.13736553490161896","586","586","586"
"163799","0.1320892721414566","0.1320892721414566","0.1320892721414566","587","587","587"
"163899","0.1313769668340683","0.1313769668340683","0.1313769668340683","588","588","588"
"163999","0.13597607612609863","0.13597607612609863","0.13597607612609863","589","589","589"
"164099","0.13254448771476746","0.13254448771476746","0.13254448771476746","590","590","590"
"164199","0.13477084040641785","0.13477084040641785","0.13477084040641785","591","591","591"
"164299","0.1279049664735794","0.1279049664735794","0.1279049664735794","592","592","592"
"164399","0.1335809975862503","0.1335809975862503","0.1335809975862503","593","593","593"
"164499","0.1341559737920761","0.1341559737920761","0.1341559737920761","594","594","594"
"164599","0.13769188523292542","0.13769188523292542","0.13769188523292542","595","595","595"
"164699","0.1446065753698349","0.1446065753698349","0.1446065753698349","596","596","596"
"164799","0.13518765568733215","0.13518765568733215","0.13518765568733215","597","597","597"
"164899","0.13681280612945557","0.13681280612945557","0.13681280612945557","598","598","598"
"164999","0.13873718678951263","0.13873718678951263","0.13873718678951263","599","599","599"
"165099","0.15400321781635284","0.15400321781635284","0.15400321781635284","600","600","600"
"165199","0.13390618562698364","0.13390618562698364","0.13390618562698364","601","601","601"
"165299","0.13634340465068817","0.13634340465068817","0.13634340465068817","602","602","602"
"165399","0.12457124143838882","0.12457124143838882","0.12457124143838882","603","603","603"
"165499","0.14232921600341797","0.14232921600341797","0.14232921600341797","604","604","604"
"165599","0.1465277522802353","0.1465277522802353","0.1465277522802353","605","605","605"
"165699","0.14403539896011353","0.14403539896011353","0.14403539896011353","606","606","606"
"165799","0.14039850234985352","0.14039850234985352","0.14039850234985352","607","607","607"
"165899","0.15183734893798828","0.15183734893798828","0.15183734893798828","608","608","608"
"165999","0.13895249366760254","0.13895249366760254","0.13895249366760254","609","609","609"
"166099","0.14892718195915222","0.14892718195915222","0.14892718195915222","610","610","610"
"166199","0.1382402926683426","0.1382402926683426","0.1382402926683426","611","611","611"
"166299","0.13638265430927277","0.13638265430927277","0.13638265430927277","612","612","612"
"166399","0.13436192274093628","0.13436192274093628","0.13436192274093628","613","613","613"
"166499","0.14766915142536163","0.14766915142536163","0.14766915142536163","614","614","614"
"166599","0.12901422381401062","0.12901422381401062","0.12901422381401062","615","615","615"
"166699","0.13875031471252441","0.13875031471252441","0.13875031471252441","616","616","616"
"166799","0.13506776094436646","0.13506776094436646","0.13506776094436646","617","617","617"
"166899","0.13824531435966492","0.13824531435966492","0.13824531435966492","618","618","618"
"166999","0.13479304313659668","0.13479304313659668","0.13479304313659668","619","619","619"
"167099","0.1483496129512787","0.1483496129512787","0.1483496129512787","620","620","620"
"167199","0.13449285924434662","0.13449285924434662","0.13449285924434662","621","621","621"
"167299","0.1404193639755249","0.1404193639755249","0.1404193639755249","622","622","622"
"167399","0.1289203017950058","0.1289203017950058","0.1289203017950058","623","623","623"
"167499","0.15229909121990204","0.15229909121990204","0.15229909121990204","624","624","624"
"167599","0.13359017670154572","0.13359017670154572","0.13359017670154572","625","625","625"
"167699","0.13421599566936493","0.13421599566936493","0.13421599566936493","626","626","626"
"167799","0.13983820378780365","0.13983820378780365","0.13983820378780365","627","627","627"
"167899","0.14900635182857513","0.14900635182857513","0.14900635182857513","628","628","628"
"167999","0.13306787610054016","0.13306787610054016","0.13306787610054016","629","629","629"
"168099","0.142107754945755","0.142107754945755","0.142107754945755","630","630","630"
"168199","0.13317972421646118","0.13317972421646118","0.13317972421646118","631","631","631"
"168299","0.13217896223068237","0.13217896223068237","0.13217896223068237","632","632","632"
"168399","0.14996099472045898","0.14996099472045898","0.14996099472045898","633","633","633"
"168499","0.1352386474609375","0.1352386474609375","0.1352386474609375","634","634","634"
"168599","0.1356552392244339","0.1356552392244339","0.1356552392244339","635","635","635"
"168699","0.13884006440639496","0.13884006440639496","0.13884006440639496","636","636","636"
"168799","0.14534999430179596","0.14534999430179596","0.14534999430179596","637","637","637"
"168899","0.13760946691036224","0.13760946691036224","0.13760946691036224","638","638","638"
"168999","0.13624131679534912","0.13624131679534912","0.13624131679534912","639","639","639"
"169099","0.14561881124973297","0.14561881124973297","0.14561881124973297","640","640","640"
"169199","0.14408141374588013","0.14408141374588013","0.14408141374588013","641","641","641"
"169299","0.13627557456493378","0.13627557456493378","0.13627557456493378","642","642","642"
"169399","0.1418088972568512","0.1418088972568512","0.1418088972568512","643","643","643"
"169499","0.13933536410331726","0.13933536410331726","0.13933536410331726","644","644","644"
"169599","0.14633479714393616","0.14633479714393616","0.14633479714393616","645","645","645"
"169699","0.1430317908525467","0.1430317908525467","0.1430317908525467","646","646","646"
"169799","0.14186151325702667","0.14186151325702667","0.14186151325702667","647","647","647"
"169899","0.14212945103645325","0.14212945103645325","0.14212945103645325","648","648","648"
"169999","0.13414762914180756","0.13414762914180756","0.13414762914180756","649","649","649"
"170099","0.14436687529087067","0.14436687529087067","0.14436687529087067","650","650","650"
"170199","0.14416462182998657","0.14416462182998657","0.14416462182998657","651","651","651"
"170299","0.1359787881374359","0.1359787881374359","0.1359787881374359","652","652","652"
"170399","0.14213725924491882","0.14213725924491882","0.14213725924491882","653","653","653"
"170499","0.14793282747268677","0.14793282747268677","0.14793282747268677","654","654","654"
"170599","0.13030102849006653","0.13030102849006653","0.13030102849006653","655","655","655"
"170699","0.1354849934577942","0.1354849934577942","0.1354849934577942","656","656","656"
"170799","0.13915780186653137","0.13915780186653137","0.13915780186653137","657","657","657"
"170899","0.1347978711128235","0.1347978711128235","0.1347978711128235","658","658","658"
"170999","0.1359994262456894","0.1359994262456894","0.1359994262456894","659","659","659"
"171099","0.13652200996875763","0.13652200996875763","0.13652200996875763","660","660","660"
"171199","0.13830256462097168","0.13830256462097168","0.13830256462097168","661","661","661"
"171299","0.1377640664577484","0.1377640664577484","0.1377640664577484","662","662","662"
"171399","0.13143938779830933","0.13143938779830933","0.13143938779830933","663","663","663"
"171499","0.13946010172367096","0.13946010172367096","0.13946010172367096","664","664","664"
"171599","0.13995279371738434","0.13995279371738434","0.13995279371738434","665","665","665"
"171699","0.13783037662506104","0.13783037662506104","0.13783037662506104","666","666","666"
"171799","0.13419464230537415","0.13419464230537415","0.13419464230537415","667","667","667"
"171899","0.13772118091583252","0.13772118091583252","0.13772118091583252","668","668","668"
"171999","0.13947351276874542","0.13947351276874542","0.13947351276874542","669","669","669"
"172099","0.13586264848709106","0.13586264848709106","0.13586264848709106","670","670","670"
"172199","0.1430037021636963","0.1430037021636963","0.1430037021636963","671","671","671"
"172299","0.13318033516407013","0.13318033516407013","0.13318033516407013","672","672","672"
"172399","0.13881927728652954","0.13881927728652954","0.13881927728652954","673","673","673"
"172499","0.1399112343788147","0.1399112343788147","0.1399112343788147","674","674","674"
"172599","0.13354115188121796","0.13354115188121796","0.13354115188121796","675","675","675"
"172699","0.15730954706668854","0.15730954706668854","0.15730954706668854","676","676","676"
"172799","0.13927216827869415","0.13927216827869415","0.13927216827869415","677","677","677"
"172899","0.14243978261947632","0.14243978261947632","0.14243978261947632","678","678","678"
"172999","0.14433349668979645","0.14433349668979645","0.14433349668979645","679","679","679"
"173099","0.13358795642852783","0.13358795642852783","0.13358795642852783","680","680","680"
"173199","0.13788339495658875","0.13788339495658875","0.13788339495658875","681","681","681"
"173299","0.13482064008712769","0.13482064008712769","0.13482064008712769","682","682","682"
"173399","0.13282465934753418","0.13282465934753418","0.13282465934753418","683","683","683"
"173499","0.14414024353027344","0.14414024353027344","0.14414024353027344","684","684","684"
"173599","0.13682925701141357","0.13682925701141357","0.13682925701141357","685","685","685"
"173699","0.14040930569171906","0.14040930569171906","0.14040930569171906","686","686","686"
"173799","0.14039133489131927","0.14039133489131927","0.14039133489131927","687","687","687"
"173899","0.14472267031669617","0.14472267031669617","0.14472267031669617","688","688","688"
"173999","0.13385193049907684","0.13385193049907684","0.13385193049907684","689","689","689"
"174099","0.13705280423164368","0.13705280423164368","0.13705280423164368","690","690","690"
"174199","0.13609178364276886","0.13609178364276886","0.13609178364276886","691","691","691"
"174299","0.14906065165996552","0.14906065165996552","0.14906065165996552","692","692","692"
"174399","0.1358083039522171","0.1358083039522171","0.1358083039522171","693","693","693"
"174499","0.1351744383573532","0.1351744383573532","0.1351744383573532","694","694","694"
"174599","0.14032047986984253","0.14032047986984253","0.14032047986984253","695","695","695"
"174699","0.14035601913928986","0.14035601913928986","0.14035601913928986","696","696","696"
"174799","0.13333800435066223","0.13333800435066223","0.13333800435066223","697","697","697"
"174899","0.1327483355998993","0.1327483355998993","0.1327483355998993","698","698","698"
"174999","0.14026093482971191","0.14026093482971191","0.14026093482971191","699","699","699"
"175099","0.1416563093662262","0.1416563093662262","0.1416563093662262","700","700","700"
"175199","0.13601645827293396","0.13601645827293396","0.13601645827293396","701","701","701"
"175299","0.14194659888744354","0.14194659888744354","0.14194659888744354","702","702","702"
"175399","0.14451904594898224","0.14451904594898224","0.14451904594898224","703","703","703"
"175499","0.14325512945652008","0.14325512945652008","0.14325512945652008","704","704","704"
"175599","0.13881011307239532","0.13881011307239532","0.13881011307239532","705","705","705"
"175699","0.135822594165802","0.135822594165802","0.135822594165802","706","706","706"
"175799","0.15168896317481995","0.15168896317481995","0.15168896317481995","707","707","707"
"175899","0.14489081501960754","0.14489081501960754","0.14489081501960754","708","708","708"
"175999","0.1414511501789093","0.1414511501789093","0.1414511501789093","709","709","709"
"176099","0.1391368806362152","0.1391368806362152","0.1391368806362152","710","710","710"
"176199","0.1578124612569809","0.1578124612569809","0.1578124612569809","711","711","711"
"176299","0.12716659903526306","0.12716659903526306","0.12716659903526306","712","712","712"
"176399","0.1425335854291916","0.1425335854291916","0.1425335854291916","713","713","713"
"176499","0.1403806358575821","0.1403806358575821","0.1403806358575821","714","714","714"
"176599","0.14015479385852814","0.14015479385852814","0.14015479385852814","715","715","715"
"176699","0.14213043451309204","0.14213043451309204","0.14213043451309204","716","716","716"
"176799","0.14417774975299835","0.14417774975299835","0.14417774975299835","717","717","717"
"176899","0.13764198124408722","0.13764198124408722","0.13764198124408722","718","718","718"
"176999","0.1389295607805252","0.1389295607805252","0.1389295607805252","719","719","719"
"177099","0.1496053785085678","0.1496053785085678","0.1496053785085678","720","720","720"
"177199","0.13990820944309235","0.13990820944309235","0.13990820944309235","721","721","721"
"177299","0.1415153592824936","0.1415153592824936","0.1415153592824936","722","722","722"
"177399","0.1380075365304947","0.1380075365304947","0.1380075365304947","723","723","723"
"177499","0.13893623650074005","0.13893623650074005","0.13893623650074005","724","724","724"
"177599","0.14255812764167786","0.14255812764167786","0.14255812764167786","725","725","725"
"177699","0.14507803320884705","0.14507803320884705","0.14507803320884705","726","726","726"
"177799","0.14298699796199799","0.14298699796199799","0.14298699796199799","727","727","727"
"177899","0.13889895379543304","0.13889895379543304","0.13889895379543304","728","728","728"
"177999","0.1408594399690628","0.1408594399690628","0.1408594399690628","729","729","729"
"178099","0.13398514688014984","0.13398514688014984","0.13398514688014984","730","730","730"
"178199","0.13536973297595978","0.13536973297595978","0.13536973297595978","731","731","731"
"178299","0.12726104259490967","0.12726104259490967","0.12726104259490967","732","732","732"
"178399","0.140992671251297","0.140992671251297","0.140992671251297","733","733","733"
"178499","0.14421206712722778","0.14421206712722778","0.14421206712722778","734","734","734"
"178599","0.13518019020557404","0.13518019020557404","0.13518019020557404","735","735","735"
"178699","0.13427984714508057","0.13427984714508057","0.13427984714508057","736","736","736"
"178799","0.14246048033237457","0.14246048033237457","0.14246048033237457","737","737","737"
"178899","0.1424570381641388","0.1424570381641388","0.1424570381641388","738","738","738"
"178999","0.1347094625234604","0.1347094625234604","0.1347094625234604","739","739","739"
"179099","0.13572290539741516","0.13572290539741516","0.13572290539741516","740","740","740"
"179199","0.13160841166973114","0.13160841166973114","0.13160841166973114","741","741","741"
"179299","0.13672208786010742","0.13672208786010742","0.13672208786010742","742","742","742"
"179399","0.1352601796388626","0.1352601796388626","0.1352601796388626","743","743","743"
"179499","0.1357855200767517","0.1357855200767517","0.1357855200767517","744","744","744"
"179599","0.14208431541919708","0.14208431541919708","0.14208431541919708","745","745","745"
"179699","0.1354193091392517","0.1354193091392517","0.1354193091392517","746","746","746"
"179799","0.13462062180042267","0.13462062180042267","0.13462062180042267","747","747","747"
"179899","0.14075514674186707","0.14075514674186707","0.14075514674186707","748","748","748"
"179999","0.13489356637001038","0.13489356637001038","0.13489356637001038","749","749","749"
"180099","0.13722215592861176","0.13722215592861176","0.13722215592861176","750","750","750"
"180199","0.1364535242319107","0.1364535242319107","0.1364535242319107","751","751","751"
"180299","0.1272093802690506","0.1272093802690506","0.1272093802690506","752","752","752"
"180399","0.14622430503368378","0.14622430503368378","0.14622430503368378","753","753","753"
"180499","0.1431034356355667","0.1431034356355667","0.1431034356355667","754","754","754"
"180599","0.13491939008235931","0.13491939008235931","0.13491939008235931","755","755","755"
"180699","0.12863169610500336","0.12863169610500336","0.12863169610500336","756","756","756"
"180799","0.13783615827560425","0.13783615827560425","0.13783615827560425","757","757","757"
"180899","0.14172181487083435","0.14172181487083435","0.14172181487083435","758","758","758"
"180999","0.14549720287322998","0.14549720287322998","0.14549720287322998","759","759","759"
"181099","0.13668116927146912","0.13668116927146912","0.13668116927146912","760","760","760"
"181199","0.14554455876350403","0.14554455876350403","0.14554455876350403","761","761","761"
"181299","0.14585518836975098","0.14585518836975098","0.14585518836975098","762","762","762"
"181399","0.13555331528186798","0.13555331528186798","0.13555331528186798","763","763","763"
"181499","0.14034989476203918","0.14034989476203918","0.14034989476203918","764","764","764"
"181599","0.1378919780254364","0.1378919780254364","0.1378919780254364","765","765","765"
"181699","0.14702105522155762","0.14702105522155762","0.14702105522155762","766","766","766"
"181799","0.146437868475914","0.146437868475914","0.146437868475914","767","767","767"
"181899","0.13414163887500763","0.13414163887500763","0.13414163887500763","768","768","768"
"181999","0.13255856931209564","0.13255856931209564","0.13255856931209564","769","769","769"
"182099","0.13626396656036377","0.13626396656036377","0.13626396656036377","770","770","770"
"182199","0.13829967379570007","0.13829967379570007","0.13829967379570007","771","771","771"
"182299","0.140877366065979","0.140877366065979","0.140877366065979","772","772","772"
"182399","0.1401493102312088","0.1401493102312088","0.1401493102312088","773","773","773"
"182499","0.13237309455871582","0.13237309455871582","0.13237309455871582","774","774","774"
"182599","0.14568252861499786","0.14568252861499786","0.14568252861499786","775","775","775"
"182699","0.14050301909446716","0.14050301909446716","0.14050301909446716","776","776","776"
"182799","0.13898137211799622","0.13898137211799622","0.13898137211799622","777","777","777"
"182899","0.13418720662593842","0.13418720662593842","0.13418720662593842","778","778","778"
"182999","0.13446198403835297","0.13446198403835297","0.13446198403835297","779","779","779"
"183099","0.1393825113773346","0.1393825113773346","0.1393825113773346","780","780","780"
"183199","0.13966920971870422","0.13966920971870422","0.13966920971870422","781","781","781"
"183299","0.1395852267742157","0.1395852267742157","0.1395852267742157","782","782","782"
"183399","0.13568377494812012","0.13568377494812012","0.13568377494812012","783","783","783"
"183499","0.1380448341369629","0.1380448341369629","0.1380448341369629","784","784","784"
"183599","0.14400626718997955","0.14400626718997955","0.14400626718997955","785","785","785"
"183699","0.1386704295873642","0.1386704295873642","0.1386704295873642","786","786","786"
"183799","0.15262287855148315","0.15262287855148315","0.15262287855148315","787","787","787"
"183899","0.1416856199502945","0.1416856199502945","0.1416856199502945","788","788","788"
"183999","0.13379104435443878","0.13379104435443878","0.13379104435443878","789","789","789"
"184099","0.13839909434318542","0.13839909434318542","0.13839909434318542","790","790","790"
"184199","0.14107322692871094","0.14107322692871094","0.14107322692871094","791","791","791"
"184299","0.14495298266410828","0.14495298266410828","0.14495298266410828","792","792","792"
"184399","0.13692986965179443","0.13692986965179443","0.13692986965179443","793","793","793"
"184499","0.1388739049434662","0.1388739049434662","0.1388739049434662","794","794","794"
"184599","0.1476629376411438","0.1476629376411438","0.1476629376411438","795","795","795"
"184699","0.1357332020998001","0.1357332020998001","0.1357332020998001","796","796","796"
"184799","0.14035333693027496","0.14035333693027496","0.14035333693027496","797","797","797"
"184899","0.14474821090698242","0.14474821090698242","0.14474821090698242","798","798","798"
"184999","0.14008593559265137","0.14008593559265137","0.14008593559265137","799","799","799"
"185099","0.14503993093967438","0.14503993093967438","0.14503993093967438","800","800","800"
"185199","0.1346803456544876","0.1346803456544876","0.1346803456544876","801","801","801"
"185299","0.12852603197097778","0.12852603197097778","0.12852603197097778","802","802","802"
"185399","0.13782501220703125","0.13782501220703125","0.13782501220703125","803","803","803"
"185499","0.14265529811382294","0.14265529811382294","0.14265529811382294","804","804","804"
"185599","0.13714128732681274","0.13714128732681274","0.13714128732681274","805","805","805"
"185699","0.13333435356616974","0.13333435356616974","0.13333435356616974","806","806","806"
"185799","0.12841671705245972","0.12841671705245972","0.12841671705245972","807","807","807"
"185899","0.14806273579597473","0.14806273579597473","0.14806273579597473","808","808","808"
"185999","0.14544351398944855","0.14544351398944855","0.14544351398944855","809","809","809"
"186099","0.13683946430683136","0.13683946430683136","0.13683946430683136","810","810","810"
"186199","0.15625788271427155","0.15625788271427155","0.15625788271427155","811","811","811"
"186299","0.13559548556804657","0.13559548556804657","0.13559548556804657","812","812","812"
"186399","0.12740321457386017","0.12740321457386017","0.12740321457386017","813","813","813"
"186499","0.14051637053489685","0.14051637053489685","0.14051637053489685","814","814","814"
"186599","0.13054880499839783","0.13054880499839783","0.13054880499839783","815","815","815"
"186699","0.1412496268749237","0.1412496268749237","0.1412496268749237","816","816","816"
"186799","0.1361721158027649","0.1361721158027649","0.1361721158027649","817","817","817"
"186899","0.14556200802326202","0.14556200802326202","0.14556200802326202","818","818","818"
"186999","0.1410486251115799","0.1410486251115799","0.1410486251115799","819","819","819"
"187099","0.13235266506671906","0.13235266506671906","0.13235266506671906","820","820","820"
"187199","0.1313735842704773","0.1313735842704773","0.1313735842704773","821","821","821"
"187299","0.14099429547786713","0.14099429547786713","0.14099429547786713","822","822","822"
"187399","0.14909859001636505","0.14909859001636505","0.14909859001636505","823","823","823"
"187499","0.14733324944972992","0.14733324944972992","0.14733324944972992","824","824","824"
"187599","0.1306951493024826","0.1306951493024826","0.1306951493024826","825","825","825"
"187699","0.13888885080814362","0.13888885080814362","0.13888885080814362","826","826","826"
"187799","0.14467447996139526","0.14467447996139526","0.14467447996139526","827","827","827"
"187899","0.13873939216136932","0.13873939216136932","0.13873939216136932","828","828","828"
"187999","0.12886258959770203","0.12886258959770203","0.12886258959770203","829","829","829"
"188099","0.1317589282989502","0.1317589282989502","0.1317589282989502","830","830","830"
"188199","0.13753686845302582","0.13753686845302582","0.13753686845302582","831","831","831"
"188299","0.1423679143190384","0.1423679143190384","0.1423679143190384","832","832","832"
"188399","0.14190573990345","0.14190573990345","0.14190573990345","833","833","833"
"188499","0.1391368955373764","0.1391368955373764","0.1391368955373764","834","834","834"
"188599","0.13494355976581573","0.13494355976581573","0.13494355976581573","835","835","835"
"188699","0.1427280604839325","0.1427280604839325","0.1427280604839325","836","836","836"
"188799","0.14073123037815094","0.14073123037815094","0.14073123037815094","837","837","837"
"188899","0.12967388331890106","0.12967388331890106","0.12967388331890106","838","838","838"
"188999","0.15119414031505585","0.15119414031505585","0.15119414031505585","839","839","839"
"189099","0.13780926167964935","0.13780926167964935","0.13780926167964935","840","840","840"
"189199","0.1415993720293045","0.1415993720293045","0.1415993720293045","841","841","841"
"189299","0.13904841244220734","0.13904841244220734","0.13904841244220734","842","842","842"
"189399","0.13736096024513245","0.13736096024513245","0.13736096024513245","843","843","843"
"189499","0.14363794028759003","0.14363794028759003","0.14363794028759003","844","844","844"
"189599","0.13838450610637665","0.13838450610637665","0.13838450610637665","845","845","845"
"189699","0.13517703115940094","0.13517703115940094","0.13517703115940094","846","846","846"
"189799","0.14072354137897491","0.14072354137897491","0.14072354137897491","847","847","847"
"189899","0.12290779501199722","0.12290779501199722","0.12290779501199722","848","848","848"
"189999","0.13957159221172333","0.13957159221172333","0.13957159221172333","849","849","849"
"190099","0.1282443106174469","0.1282443106174469","0.1282443106174469","850","850","850"
"190199","0.12820930778980255","0.12820930778980255","0.12820930778980255","851","851","851"
"190299","0.1403256505727768","0.1403256505727768","0.1403256505727768","852","852","852"
"190399","0.13471396267414093","0.13471396267414093","0.13471396267414093","853","853","853"
"190499","0.13822177052497864","0.13822177052497864","0.13822177052497864","854","854","854"
"190599","0.1417650431394577","0.1417650431394577","0.1417650431394577","855","855","855"
"190699","0.13440056145191193","0.13440056145191193","0.13440056145191193","856","856","856"
"190799","0.1440223604440689","0.1440223604440689","0.1440223604440689","857","857","857"
"190899","0.14048908650875092","0.14048908650875092","0.14048908650875092","858","858","858"
"190999","0.1355033665895462","0.1355033665895462","0.1355033665895462","859","859","859"
"191099","0.1378215104341507","0.1378215104341507","0.1378215104341507","860","860","860"
"191199","0.13677294552326202","0.13677294552326202","0.13677294552326202","861","861","861"
"191299","0.14129719138145447","0.14129719138145447","0.14129719138145447","862","862","862"
"191399","0.14854706823825836","0.14854706823825836","0.14854706823825836","863","863","863"
"191499","0.14014895260334015","0.14014895260334015","0.14014895260334015","864","864","864"
"191599","0.14982278645038605","0.14982278645038605","0.14982278645038605","865","865","865"
"191699","0.13205257058143616","0.13205257058143616","0.13205257058143616","866","866","866"
"191799","0.1355648785829544","0.1355648785829544","0.1355648785829544","867","867","867"
"191899","0.13991224765777588","0.13991224765777588","0.13991224765777588","868","868","868"
"191999","0.14317074418067932","0.14317074418067932","0.14317074418067932","869","869","869"
"192099","0.12712474167346954","0.12712474167346954","0.12712474167346954","870","870","870"
"192199","0.14093860983848572","0.14093860983848572","0.14093860983848572","871","871","871"
"192299","0.1371964067220688","0.1371964067220688","0.1371964067220688","872","872","872"
"192399","0.14135484397411346","0.14135484397411346","0.14135484397411346","873","873","873"
"192499","0.1391272097826004","0.1391272097826004","0.1391272097826004","874","874","874"
"192599","0.1342885047197342","0.1342885047197342","0.1342885047197342","875","875","875"
"192699","0.14551840722560883","0.14551840722560883","0.14551840722560883","876","876","876"
"192799","0.13303372263908386","0.13303372263908386","0.13303372263908386","877","877","877"
"192899","0.14566360414028168","0.14566360414028168","0.14566360414028168","878","878","878"
"192999","0.14304812252521515","0.14304812252521515","0.14304812252521515","879","879","879"
"193099","0.14061331748962402","0.14061331748962402","0.14061331748962402","880","880","880"
"193199","0.14483852684497833","0.14483852684497833","0.14483852684497833","881","881","881"
"193299","0.1462985724210739","0.1462985724210739","0.1462985724210739","882","882","882"
"193399","0.13543470203876495","0.13543470203876495","0.13543470203876495","883","883","883"
"193499","0.13607437908649445","0.13607437908649445","0.13607437908649445","884","884","884"
"193599","0.13664624094963074","0.13664624094963074","0.13664624094963074","885","885","885"
"193699","0.1336069256067276","0.1336069256067276","0.1336069256067276","886","886","886"
"193799","0.1371445655822754","0.1371445655822754","0.1371445655822754","887","887","887"
"193899","0.15070727467536926","0.15070727467536926","0.15070727467536926","888","888","888"
"193999","0.1398172527551651","0.1398172527551651","0.1398172527551651","889","889","889"
"194099","0.14144685864448547","0.14144685864448547","0.14144685864448547","890","890","890"
"194199","0.143109530210495","0.143109530210495","0.143109530210495","891","891","891"
"194299","0.1497986763715744","0.1497986763715744","0.1497986763715744","892","892","892"
"194399","0.14415603876113892","0.14415603876113892","0.14415603876113892","893","893","893"
"194499","0.13765151798725128","0.13765151798725128","0.13765151798725128","894","894","894"
"194599","0.13381190598011017","0.13381190598011017","0.13381190598011017","895","895","895"
"194699","0.13911491632461548","0.13911491632461548","0.13911491632461548","896","896","896"
"194799","0.14645741879940033","0.14645741879940033","0.14645741879940033","897","897","897"
"194899","0.15185561776161194","0.15185561776161194","0.15185561776161194","898","898","898"
"194999","0.13456927239894867","0.13456927239894867","0.13456927239894867","899","899","899"
"195099","0.13054035604000092","0.13054035604000092","0.13054035604000092","900","900","900"
"195199","0.13755114376544952","0.13755114376544952","0.13755114376544952","901","901","901"
"195299","0.1331082135438919","0.1331082135438919","0.1331082135438919","902","902","902"
"195399","0.14565420150756836","0.14565420150756836","0.14565420150756836","903","903","903"
"195499","0.12695421278476715","0.12695421278476715","0.12695421278476715","904","904","904"
"195599","0.14239029586315155","0.14239029586315155","0.14239029586315155","905","905","905"
"195699","0.13587349653244019","0.13587349653244019","0.13587349653244019","906","906","906"
"195799","0.13765773177146912","0.13765773177146912","0.13765773177146912","907","907","907"
"195899","0.14015550911426544","0.14015550911426544","0.14015550911426544","908","908","908"
"195999","0.13485929369926453","0.13485929369926453","0.13485929369926453","909","909","909"
"196099","0.13616089522838593","0.13616089522838593","0.13616089522838593","910","910","910"
"196199","0.14263029396533966","0.14263029396533966","0.14263029396533966","911","911","911"
"196299","0.14311347901821136","0.14311347901821136","0.14311347901821136","912","912","912"
"196399","0.14424598217010498","0.14424598217010498","0.14424598217010498","913","913","913"
"196499","0.1482488363981247","0.1482488363981247","0.1482488363981247","914","914","914"
"196599","0.13144949078559875","0.13144949078559875","0.13144949078559875","915","915","915"
"196699","0.136591836810112","0.136591836810112","0.136591836810112","916","916","916"
"196799","0.12905243039131165","0.12905243039131165","0.12905243039131165","917","917","917"
"196899","0.14220817387104034","0.14220817387104034","0.14220817387104034","918","918","918"
"196999","0.1411360204219818","0.1411360204219818","0.1411360204219818","919","919","919"
"197099","0.14195138216018677","0.14195138216018677","0.14195138216018677","920","920","920"
"197199","0.13588102161884308","0.13588102161884308","0.13588102161884308","921","921","921"
"197299","0.13772448897361755","0.13772448897361755","0.13772448897361755","922","922","922"
"197399","0.1427931785583496","0.1427931785583496","0.1427931785583496","923","923","923"
"197499","0.13470537960529327","0.13470537960529327","0.13470537960529327","924","924","924"
"197599","0.14598146080970764","0.14598146080970764","0.14598146080970764","925","925","925"
"197699","0.1510951817035675","0.1510951817035675","0.1510951817035675","926","926","926"
"197799","0.14279252290725708","0.14279252290725708","0.14279252290725708","927","927","927"
"197899","0.14101862907409668","0.14101862907409668","0.14101862907409668","928","928","928"
"197999","0.14222538471221924","0.14222538471221924","0.14222538471221924","929","929","929"
"198099","0.1372339427471161","0.1372339427471161","0.1372339427471161","930","930","930"
"198199","0.13488824665546417","0.13488824665546417","0.13488824665546417","931","931","931"
"198299","0.146524116396904","0.146524116396904","0.146524116396904","932","932","932"
"198399","0.13569237291812897","0.13569237291812897","0.13569237291812897","933","933","933"
"198499","0.15433654189109802","0.15433654189109802","0.15433654189109802","934","934","934"
"198599","0.14432817697525024","0.14432817697525024","0.14432817697525024","935","935","935"
"198699","0.13446278870105743","0.13446278870105743","0.13446278870105743","936","936","936"
"198799","0.14368532598018646","0.14368532598018646","0.14368532598018646","937","937","937"
"198899","0.14126113057136536","0.14126113057136536","0.14126113057136536","938","938","938"
"198999","0.13834810256958008","0.13834810256958008","0.13834810256958008","939","939","939"
"199099","0.14478226006031036","0.14478226006031036","0.14478226006031036","940","940","940"
"199199","0.1505957990884781","0.1505957990884781","0.1505957990884781","941","941","941"
"199299","0.14601178467273712","0.14601178467273712","0.14601178467273712","942","942","942"
"199399","0.13770824670791626","0.13770824670791626","0.13770824670791626","943","943","943"
"199499","0.13644102215766907","0.13644102215766907","0.13644102215766907","944","944","944"
"199599","0.14285215735435486","0.14285215735435486","0.14285215735435486","945","945","945"
"199699","0.13966645300388336","0.13966645300388336","0.13966645300388336","946","946","946"
"199799","0.14647920429706573","0.14647920429706573","0.14647920429706573","947","947","947"
"199899","0.13825879991054535","0.13825879991054535","0.13825879991054535","948","948","948"
"199999","0.1258232146501541","0.1258232146501541","0.1258232146501541","949","949","949"
"200099","0.14084948599338531","0.14084948599338531","0.14084948599338531","950","950","950"
"200199","0.144255131483078","0.144255131483078","0.144255131483078","951","951","951"
"200299","0.14099587500095367","0.14099587500095367","0.14099587500095367","952","952","952"
"200399","0.13895183801651","0.13895183801651","0.13895183801651","953","953","953"
"200499","0.1415490210056305","0.1415490210056305","0.1415490210056305","954","954","954"
"200599","0.13650543987751007","0.13650543987751007","0.13650543987751007","955","955","955"
"200699","0.14133524894714355","0.14133524894714355","0.14133524894714355","956","956","956"
"200799","0.1373191624879837","0.1373191624879837","0.1373191624879837","957","957","957"
"200899","0.14744721353054047","0.14744721353054047","0.14744721353054047","958","958","958"
"200999","0.15227916836738586","0.15227916836738586","0.15227916836738586","959","959","959"
"201099","0.14244051277637482","0.14244051277637482","0.14244051277637482","960","960","960"
"201199","0.14153693616390228","0.14153693616390228","0.14153693616390228","961","961","961"
"201299","0.1393984705209732","0.1393984705209732","0.1393984705209732","962","962","962"
"201399","0.14069421589374542","0.14069421589374542","0.14069421589374542","963","963","963"
"201499","0.13449378311634064","0.13449378311634064","0.13449378311634064","964","964","964"
"201599","0.14594095945358276","0.14594095945358276","0.14594095945358276","965","965","965"
"201699","0.1384257674217224","0.1384257674217224","0.1384257674217224","966","966","966"
"201799","0.1398518830537796","0.1398518830537796","0.1398518830537796","967","967","967"
"201899","0.13405077159404755","0.13405077159404755","0.13405077159404755","968","968","968"
"201999","0.1450742930173874","0.1450742930173874","0.1450742930173874","969","969","969"
"202099","0.13861174881458282","0.13861174881458282","0.13861174881458282","970","970","970"
"202199","0.13140124082565308","0.13140124082565308","0.13140124082565308","971","971","971"
"202299","0.13639040291309357","0.13639040291309357","0.13639040291309357","972","972","972"
"202399","0.13678398728370667","0.13678398728370667","0.13678398728370667","973","973","973"
"202499","0.12568622827529907","0.12568622827529907","0.12568622827529907","974","974","974"
"202599","0.13306288421154022","0.13306288421154022","0.13306288421154022","975","975","975"
"202699","0.13022571802139282","0.13022571802139282","0.13022571802139282","976","976","976"
"202799","0.1412149965763092","0.1412149965763092","0.1412149965763092","977","977","977"
"202899","0.1386004239320755","0.1386004239320755","0.1386004239320755","978","978","978"
"202999","0.13778148591518402","0.13778148591518402","0.13778148591518402","979","979","979"
"203099","0.140458345413208","0.140458345413208","0.140458345413208","980","980","980"
"203199","0.1353558450937271","0.1353558450937271","0.1353558450937271","981","981","981"
"203299","0.13564832508563995","0.13564832508563995","0.13564832508563995","982","982","982"
"203399","0.13266150653362274","0.13266150653362274","0.13266150653362274","983","983","983"
"203499","0.1477092206478119","0.1477092206478119","0.1477092206478119","984","984","984"
"203599","0.1352737694978714","0.1352737694978714","0.1352737694978714","985","985","985"
"203699","0.13026189804077148","0.13026189804077148","0.13026189804077148","986","986","986"
"203799","0.12718497216701508","0.12718497216701508","0.12718497216701508","987","987","987"
"203899","0.13375042378902435","0.13375042378902435","0.13375042378902435","988","988","988"
"203999","0.12509627640247345","0.12509627640247345","0.12509627640247345","989","989","989"
"204099","0.14550791680812836","0.14550791680812836","0.14550791680812836","990","990","990"
"204199","0.13529713451862335","0.13529713451862335","0.13529713451862335","991","991","991"
"204299","0.14682437479496002","0.14682437479496002","0.14682437479496002","992","992","992"
"204399","0.13251177966594696","0.13251177966594696","0.13251177966594696","993","993","993"
"204499","0.14028750360012054","0.14028750360012054","0.14028750360012054","994","994","994"
"204599","0.13856340944766998","0.13856340944766998","0.13856340944766998","995","995","995"
"204699","0.1454107016324997","0.1454107016324997","0.1454107016324997","996","996","996"
"204799","0.1464301198720932","0.1464301198720932","0.1464301198720932","997","997","997"
"204899","0.13576491177082062","0.13576491177082062","0.13576491177082062","998","998","998"
"204999","0.149444580078125","0.149444580078125","0.149444580078125","999","999","999"
"205099","0.14036059379577637","0.14036059379577637","0.14036059379577637","1000","1000","1000"
"205199","0.13426701724529266","0.13426701724529266","0.13426701724529266","1001","1001","1001"
"205299","0.13446159660816193","0.13446159660816193","0.13446159660816193","1002","1002","1002"
"205399","0.14630411565303802","0.14630411565303802","0.14630411565303802","1003","1003","1003"
"205499","0.13206708431243896","0.13206708431243896","0.13206708431243896","1004","1004","1004"
"205599","0.143845796585083","0.143845796585083","0.143845796585083","1005","1005","1005"
"205699","0.13755196332931519","0.13755196332931519","0.13755196332931519","1006","1006","1006"
"205799","0.14076176285743713","0.14076176285743713","0.14076176285743713","1007","1007","1007"
"205899","0.1394086629152298","0.1394086629152298","0.1394086629152298","1008","1008","1008"
"205999","0.1355951577425003","0.1355951577425003","0.1355951577425003","1009","1009","1009"
"206099","0.14151547849178314","0.14151547849178314","0.14151547849178314","1010","1010","1010"
"206199","0.14330394566059113","0.14330394566059113","0.14330394566059113","1011","1011","1011"
"206299","0.13418510556221008","0.13418510556221008","0.13418510556221008","1012","1012","1012"
"206399","0.1303083896636963","0.1303083896636963","0.1303083896636963","1013","1013","1013"
"206499","0.13875360786914825","0.13875360786914825","0.13875360786914825","1014","1014","1014"
"206599","0.1428854912519455","0.1428854912519455","0.1428854912519455","1015","1015","1015"
"206699","0.136205792427063","0.136205792427063","0.136205792427063","1016","1016","1016"
"206799","0.1427629292011261","0.1427629292011261","0.1427629292011261","1017","1017","1017"
"206899","0.13977475464344025","0.13977475464344025","0.13977475464344025","1018","1018","1018"
"206999","0.13373492658138275","0.13373492658138275","0.13373492658138275","1019","1019","1019"
"207099","0.13851229846477509","0.13851229846477509","0.13851229846477509","1020","1020","1020"
"207199","0.14128458499908447","0.14128458499908447","0.14128458499908447","1021","1021","1021"
"207299","0.13854092359542847","0.13854092359542847","0.13854092359542847","1022","1022","1022"
"207399","0.1510542780160904","0.1510542780160904","0.1510542780160904","1023","1023","1023"
"207499","0.14523322880268097","0.14523322880268097","0.14523322880268097","1024","1024","1024"
"207599","0.13747219741344452","0.13747219741344452","0.13747219741344452","1025","1025","1025"
"207699","0.14089158177375793","0.14089158177375793","0.14089158177375793","1026","1026","1026"
"207799","0.13676275312900543","0.13676275312900543","0.13676275312900543","1027","1027","1027"
"207899","0.13967010378837585","0.13967010378837585","0.13967010378837585","1028","1028","1028"
"207999","0.14630335569381714","0.14630335569381714","0.14630335569381714","1029","1029","1029"
"208099","0.13687938451766968","0.13687938451766968","0.13687938451766968","1030","1030","1030"
"208199","0.15176530182361603","0.15176530182361603","0.15176530182361603","1031","1031","1031"
"208299","0.14086110889911652","0.14086110889911652","0.14086110889911652","1032","1032","1032"
"208399","0.1368243247270584","0.1368243247270584","0.1368243247270584","1033","1033","1033"
"208499","0.13786892592906952","0.13786892592906952","0.13786892592906952","1034","1034","1034"
"208599","0.13799019157886505","0.13799019157886505","0.13799019157886505","1035","1035","1035"
"208699","0.1360061764717102","0.1360061764717102","0.1360061764717102","1036","1036","1036"
"208799","0.13668102025985718","0.13668102025985718","0.13668102025985718","1037","1037","1037"
"208899","0.1304665356874466","0.1304665356874466","0.1304665356874466","1038","1038","1038"
"208999","0.1411023885011673","0.1411023885011673","0.1411023885011673","1039","1039","1039"
"209099","0.14176855981349945","0.14176855981349945","0.14176855981349945","1040","1040","1040"
"209199","0.1442604660987854","0.1442604660987854","0.1442604660987854","1041","1041","1041"
"209299","0.1424833983182907","0.1424833983182907","0.1424833983182907","1042","1042","1042"
"209399","0.1370108723640442","0.1370108723640442","0.1370108723640442","1043","1043","1043"
"209499","0.1368151307106018","0.1368151307106018","0.1368151307106018","1044","1044","1044"
"209599","0.14416000247001648","0.14416000247001648","0.14416000247001648","1045","1045","1045"
"209699","0.1508771926164627","0.1508771926164627","0.1508771926164627","1046","1046","1046"
"209799","0.14341817796230316","0.14341817796230316","0.14341817796230316","1047","1047","1047"
"209899","0.14124402403831482","0.14124402403831482","0.14124402403831482","1048","1048","1048"
"209999","0.13701796531677246","0.13701796531677246","0.13701796531677246","1049","1049","1049"
"210099","0.13933397829532623","0.13933397829532623","0.13933397829532623","1050","1050","1050"
"210199","0.14757294952869415","0.14757294952869415","0.14757294952869415","1051","1051","1051"
"210299","0.14982973039150238","0.14982973039150238","0.14982973039150238","1052","1052","1052"
"210399","0.1514645665884018","0.1514645665884018","0.1514645665884018","1053","1053","1053"
"210499","0.1387428194284439","0.1387428194284439","0.1387428194284439","1054","1054","1054"
"210599","0.14524978399276733","0.14524978399276733","0.14524978399276733","1055","1055","1055"
"210699","0.13249361515045166","0.13249361515045166","0.13249361515045166","1056","1056","1056"
"210799","0.13995540142059326","0.13995540142059326","0.13995540142059326","1057","1057","1057"
"210899","0.1410282701253891","0.1410282701253891","0.1410282701253891","1058","1058","1058"
"210999","0.14597563445568085","0.14597563445568085","0.14597563445568085","1059","1059","1059"
"211099","0.13618583977222443","0.13618583977222443","0.13618583977222443","1060","1060","1060"
"211199","0.1417001187801361","0.1417001187801361","0.1417001187801361","1061","1061","1061"
"211299","0.14593026041984558","0.14593026041984558","0.14593026041984558","1062","1062","1062"
"211399","0.150946244597435","0.150946244597435","0.150946244597435","1063","1063","1063"
"211499","0.13478703796863556","0.13478703796863556","0.13478703796863556","1064","1064","1064"
"211599","0.14219769835472107","0.14219769835472107","0.14219769835472107","1065","1065","1065"
"211699","0.13548889756202698","0.13548889756202698","0.13548889756202698","1066","1066","1066"
"211799","0.13343928754329681","0.13343928754329681","0.13343928754329681","1067","1067","1067"
"211899","0.1451358050107956","0.1451358050107956","0.1451358050107956","1068","1068","1068"
"211999","0.14274762570858002","0.14274762570858002","0.14274762570858002","1069","1069","1069"
"212099","0.14093899726867676","0.14093899726867676","0.14093899726867676","1070","1070","1070"
"212199","0.1419035941362381","0.1419035941362381","0.1419035941362381","1071","1071","1071"
"212299","0.14762599766254425","0.14762599766254425","0.14762599766254425","1072","1072","1072"
"212399","0.1371620148420334","0.1371620148420334","0.1371620148420334","1073","1073","1073"
"212499","0.14009380340576172","0.14009380340576172","0.14009380340576172","1074","1074","1074"
"212599","0.13541868329048157","0.13541868329048157","0.13541868329048157","1075","1075","1075"
"212699","0.13403426110744476","0.13403426110744476","0.13403426110744476","1076","1076","1076"
"212799","0.13084454834461212","0.13084454834461212","0.13084454834461212","1077","1077","1077"
"212899","0.13968126475811005","0.13968126475811005","0.13968126475811005","1078","1078","1078"
"212999","0.12709808349609375","0.12709808349609375","0.12709808349609375","1079","1079","1079"
"213099","0.1394270807504654","0.1394270807504654","0.1394270807504654","1080","1080","1080"
"213199","0.14022581279277802","0.14022581279277802","0.14022581279277802","1081","1081","1081"
"213299","0.13066764175891876","0.13066764175891876","0.13066764175891876","1082","1082","1082"
"213399","0.1317041665315628","0.1317041665315628","0.1317041665315628","1083","1083","1083"
"213499","0.12680086493492126","0.12680086493492126","0.12680086493492126","1084","1084","1084"
"213599","0.1371641755104065","0.1371641755104065","0.1371641755104065","1085","1085","1085"
"213699","0.14269788563251495","0.14269788563251495","0.14269788563251495","1086","1086","1086"
"213799","0.14176902174949646","0.14176902174949646","0.14176902174949646","1087","1087","1087"
"213899","0.13754254579544067","0.13754254579544067","0.13754254579544067","1088","1088","1088"
"213999","0.1410188227891922","0.1410188227891922","0.1410188227891922","1089","1089","1089"
"214099","0.1311560720205307","0.1311560720205307","0.1311560720205307","1090","1090","1090"
"214199","0.13826172053813934","0.13826172053813934","0.13826172053813934","1091","1091","1091"
"214299","0.14430266618728638","0.14430266618728638","0.14430266618728638","1092","1092","1092"
"214399","0.13482090830802917","0.13482090830802917","0.13482090830802917","1093","1093","1093"
"214499","0.14358410239219666","0.14358410239219666","0.14358410239219666","1094","1094","1094"
"214599","0.13871236145496368","0.13871236145496368","0.13871236145496368","1095","1095","1095"
"214699","0.1372704803943634","0.1372704803943634","0.1372704803943634","1096","1096","1096"
"214799","0.13292887806892395","0.13292887806892395","0.13292887806892395","1097","1097","1097"
"214899","0.15249423682689667","0.15249423682689667","0.15249423682689667","1098","1098","1098"
"214999","0.14011956751346588","0.14011956751346588","0.14011956751346588","1099","1099","1099"
"215099","0.13399261236190796","0.13399261236190796","0.13399261236190796","1100","1100","1100"
"215199","0.13886986672878265","0.13886986672878265","0.13886986672878265","1101","1101","1101"
"215299","0.1425500363111496","0.1425500363111496","0.1425500363111496","1102","1102","1102"
"215399","0.14565150439739227","0.14565150439739227","0.14565150439739227","1103","1103","1103"
"215499","0.1312149167060852","0.1312149167060852","0.1312149167060852","1104","1104","1104"
"215599","0.1322716921567917","0.1322716921567917","0.1322716921567917","1105","1105","1105"
"215699","0.152995303273201","0.152995303273201","0.152995303273201","1106","1106","1106"
"215799","0.13707610964775085","0.13707610964775085","0.13707610964775085","1107","1107","1107"
"215899","0.14494290947914124","0.14494290947914124","0.14494290947914124","1108","1108","1108"
"215999","0.13452337682247162","0.13452337682247162","0.13452337682247162","1109","1109","1109"
"216099","0.1313195377588272","0.1313195377588272","0.1313195377588272","1110","1110","1110"
"216199","0.1459430605173111","0.1459430605173111","0.1459430605173111","1111","1111","1111"
"216299","0.1435076743364334","0.1435076743364334","0.1435076743364334","1112","1112","1112"
"216399","0.1359407901763916","0.1359407901763916","0.1359407901763916","1113","1113","1113"
"216499","0.13744501769542694","0.13744501769542694","0.13744501769542694","1114","1114","1114"
"216599","0.1429511308670044","0.1429511308670044","0.1429511308670044","1115","1115","1115"
"216699","0.14327247440814972","0.14327247440814972","0.14327247440814972","1116","1116","1116"
"216799","0.13546429574489594","0.13546429574489594","0.13546429574489594","1117","1117","1117"
"216899","0.14897073805332184","0.14897073805332184","0.14897073805332184","1118","1118","1118"
"216999","0.1400318145751953","0.1400318145751953","0.1400318145751953","1119","1119","1119"
"217099","0.14035308361053467","0.14035308361053467","0.14035308361053467","1120","1120","1120"
"217199","0.13378244638442993","0.13378244638442993","0.13378244638442993","1121","1121","1121"
"217299","0.13627798855304718","0.13627798855304718","0.13627798855304718","1122","1122","1122"
"217399","0.13492903113365173","0.13492903113365173","0.13492903113365173","1123","1123","1123"
"217499","0.1282835304737091","0.1282835304737091","0.1282835304737091","1124","1124","1124"
"217599","0.13252253830432892","0.13252253830432892","0.13252253830432892","1125","1125","1125"
"217699","0.13645240664482117","0.13645240664482117","0.13645240664482117","1126","1126","1126"
"217799","0.13896021246910095","0.13896021246910095","0.13896021246910095","1127","1127","1127"
"217899","0.14525236189365387","0.14525236189365387","0.14525236189365387","1128","1128","1128"
"217999","0.1394769698381424","0.1394769698381424","0.1394769698381424","1129","1129","1129"
"218099","0.13489238917827606","0.13489238917827606","0.13489238917827606","1130","1130","1130"
"218199","0.145194873213768","0.145194873213768","0.145194873213768","1131","1131","1131"
"218299","0.1329774111509323","0.1329774111509323","0.1329774111509323","1132","1132","1132"
"218399","0.13678376376628876","0.13678376376628876","0.13678376376628876","1133","1133","1133"
"218499","0.13384728133678436","0.13384728133678436","0.13384728133678436","1134","1134","1134"
"218599","0.1424899846315384","0.1424899846315384","0.1424899846315384","1135","1135","1135"
"218699","0.14555419981479645","0.14555419981479645","0.14555419981479645","1136","1136","1136"
"218799","0.13690215349197388","0.13690215349197388","0.13690215349197388","1137","1137","1137"
"218899","0.1346045732498169","0.1346045732498169","0.1346045732498169","1138","1138","1138"
"218999","0.13985319435596466","0.13985319435596466","0.13985319435596466","1139","1139","1139"
"219099","0.14347317814826965","0.14347317814826965","0.14347317814826965","1140","1140","1140"
"219199","0.13976915180683136","0.13976915180683136","0.13976915180683136","1141","1141","1141"
"219299","0.14076091349124908","0.14076091349124908","0.14076091349124908","1142","1142","1142"
"219399","0.13051696121692657","0.13051696121692657","0.13051696121692657","1143","1143","1143"
"219499","0.13266395032405853","0.13266395032405853","0.13266395032405853","1144","1144","1144"
"219599","0.14288750290870667","0.14288750290870667","0.14288750290870667","1145","1145","1145"
"219699","0.14013588428497314","0.14013588428497314","0.14013588428497314","1146","1146","1146"
"219799","0.1408015489578247","0.1408015489578247","0.1408015489578247","1147","1147","1147"
"219899","0.13952045142650604","0.13952045142650604","0.13952045142650604","1148","1148","1148"
"219999","0.13172465562820435","0.13172465562820435","0.13172465562820435","1149","1149","1149"
"220099","0.1306637078523636","0.1306637078523636","0.1306637078523636","1150","1150","1150"
"220199","0.13222484290599823","0.13222484290599823","0.13222484290599823","1151","1151","1151"
"220299","0.13910812139511108","0.13910812139511108","0.13910812139511108","1152","1152","1152"
"220399","0.14933548867702484","0.14933548867702484","0.14933548867702484","1153","1153","1153"
"220499","0.14672304689884186","0.14672304689884186","0.14672304689884186","1154","1154","1154"
"220599","0.13111966848373413","0.13111966848373413","0.13111966848373413","1155","1155","1155"
"220699","0.13973839581012726","0.13973839581012726","0.13973839581012726","1156","1156","1156"
"220799","0.13915574550628662","0.13915574550628662","0.13915574550628662","1157","1157","1157"
"220899","0.14069876074790955","0.14069876074790955","0.14069876074790955","1158","1158","1158"
"220999","0.1388988494873047","0.1388988494873047","0.1388988494873047","1159","1159","1159"
"221099","0.13607877492904663","0.13607877492904663","0.13607877492904663","1160","1160","1160"
"221199","0.1283847987651825","0.1283847987651825","0.1283847987651825","1161","1161","1161"
"221299","0.1361228972673416","0.1361228972673416","0.1361228972673416","1162","1162","1162"
"221399","0.13839620351791382","0.13839620351791382","0.13839620351791382","1163","1163","1163"
"221499","0.1345473974943161","0.1345473974943161","0.1345473974943161","1164","1164","1164"
"221599","0.1342141479253769","0.1342141479253769","0.1342141479253769","1165","1165","1165"
"221699","0.13683734834194183","0.13683734834194183","0.13683734834194183","1166","1166","1166"
"221799","0.14150173962116241","0.14150173962116241","0.14150173962116241","1167","1167","1167"
"221899","0.14084172248840332","0.14084172248840332","0.14084172248840332","1168","1168","1168"
"221999","0.14655767381191254","0.14655767381191254","0.14655767381191254","1169","1169","1169"
"222099","0.1348295658826828","0.1348295658826828","0.1348295658826828","1170","1170","1170"
"222199","0.1432761698961258","0.1432761698961258","0.1432761698961258","1171","1171","1171"
"222299","0.13788795471191406","0.13788795471191406","0.13788795471191406","1172","1172","1172"
"222399","0.1349482238292694","0.1349482238292694","0.1349482238292694","1173","1173","1173"
"222499","0.13990911841392517","0.13990911841392517","0.13990911841392517","1174","1174","1174"
"222599","0.13526248931884766","0.13526248931884766","0.13526248931884766","1175","1175","1175"
"222699","0.1286904364824295","0.1286904364824295","0.1286904364824295","1176","1176","1176"
"222799","0.1351844072341919","0.1351844072341919","0.1351844072341919","1177","1177","1177"
"222899","0.1440599262714386","0.1440599262714386","0.1440599262714386","1178","1178","1178"
"222999","0.13461223244667053","0.13461223244667053","0.13461223244667053","1179","1179","1179"
"223099","0.154261976480484","0.154261976480484","0.154261976480484","1180","1180","1180"
"223199","0.13500052690505981","0.13500052690505981","0.13500052690505981","1181","1181","1181"
"223299","0.14178405702114105","0.14178405702114105","0.14178405702114105","1182","1182","1182"
"223399","0.14307451248168945","0.14307451248168945","0.14307451248168945","1183","1183","1183"
"223499","0.14238980412483215","0.14238980412483215","0.14238980412483215","1184","1184","1184"
"223599","0.139457106590271","0.139457106590271","0.139457106590271","1185","1185","1185"
"223699","0.14257267117500305","0.14257267117500305","0.14257267117500305","1186","1186","1186"
"223799","0.14679481089115143","0.14679481089115143","0.14679481089115143","1187","1187","1187"
"223899","0.13925346732139587","0.13925346732139587","0.13925346732139587","1188","1188","1188"
"223999","0.1351550668478012","0.1351550668478012","0.1351550668478012","1189","1189","1189"
"224099","0.1434912234544754","0.1434912234544754","0.1434912234544754","1190","1190","1190"
"224199","0.14329536259174347","0.14329536259174347","0.14329536259174347","1191","1191","1191"
"224299","0.1269446611404419","0.1269446611404419","0.1269446611404419","1192","1192","1192"
"224399","0.14114247262477875","0.14114247262477875","0.14114247262477875","1193","1193","1193"
"224499","0.1377110481262207","0.1377110481262207","0.1377110481262207","1194","1194","1194"
"224599","0.13516372442245483","0.13516372442245483","0.13516372442245483","1195","1195","1195"
"224699","0.1470922976732254","0.1470922976732254","0.1470922976732254","1196","1196","1196"
"224799","0.13715657591819763","0.13715657591819763","0.13715657591819763","1197","1197","1197"
"224899","0.1392405927181244","0.1392405927181244","0.1392405927181244","1198","1198","1198"
"224999","0.12961934506893158","0.12961934506893158","0.12961934506893158","1199","1199","1199"
"225099","0.1427275687456131","0.1427275687456131","0.1427275687456131","1200","1200","1200"
"225199","0.13575167953968048","0.13575167953968048","0.13575167953968048","1201","1201","1201"
"225299","0.13885754346847534","0.13885754346847534","0.13885754346847534","1202","1202","1202"
"225399","0.14017005264759064","0.14017005264759064","0.14017005264759064","1203","1203","1203"
"225499","0.12762869894504547","0.12762869894504547","0.12762869894504547","1204","1204","1204"
"225599","0.13359205424785614","0.13359205424785614","0.13359205424785614","1205","1205","1205"
"225699","0.13609038293361664","0.13609038293361664","0.13609038293361664","1206","1206","1206"
"225799","0.1427186280488968","0.1427186280488968","0.1427186280488968","1207","1207","1207"
"225899","0.13402731716632843","0.13402731716632843","0.13402731716632843","1208","1208","1208"
"225999","0.13541057705879211","0.13541057705879211","0.13541057705879211","1209","1209","1209"
"226099","0.1362922191619873","0.1362922191619873","0.1362922191619873","1210","1210","1210"
"226199","0.13721339404582977","0.13721339404582977","0.13721339404582977","1211","1211","1211"
"226299","0.1339711844921112","0.1339711844921112","0.1339711844921112","1212","1212","1212"
"226399","0.1389818638563156","0.1389818638563156","0.1389818638563156","1213","1213","1213"
"226499","0.13940131664276123","0.13940131664276123","0.13940131664276123","1214","1214","1214"
"226599","0.13390278816223145","0.13390278816223145","0.13390278816223145","1215","1215","1215"
"226699","0.1377238780260086","0.1377238780260086","0.1377238780260086","1216","1216","1216"
"226799","0.1341155618429184","0.1341155618429184","0.1341155618429184","1217","1217","1217"
"226899","0.14889231324195862","0.14889231324195862","0.14889231324195862","1218","1218","1218"
"226999","0.14333587884902954","0.14333587884902954","0.14333587884902954","1219","1219","1219"
"227099","0.14155441522598267","0.14155441522598267","0.14155441522598267","1220","1220","1220"
"227199","0.13716721534729004","0.13716721534729004","0.13716721534729004","1221","1221","1221"
"227299","0.1449037790298462","0.1449037790298462","0.1449037790298462","1222","1222","1222"
"227399","0.13073869049549103","0.13073869049549103","0.13073869049549103","1223","1223","1223"
"227499","0.13352788984775543","0.13352788984775543","0.13352788984775543","1224","1224","1224"
"227599","0.13334061205387115","0.13334061205387115","0.13334061205387115","1225","1225","1225"
"227699","0.14415091276168823","0.14415091276168823","0.14415091276168823","1226","1226","1226"
"227799","0.13917312026023865","0.13917312026023865","0.13917312026023865","1227","1227","1227"
"227899","0.1390192061662674","0.1390192061662674","0.1390192061662674","1228","1228","1228"
"227999","0.13183172047138214","0.13183172047138214","0.13183172047138214","1229","1229","1229"
"228099","0.14347973465919495","0.14347973465919495","0.14347973465919495","1230","1230","1230"
"228199","0.13497690856456757","0.13497690856456757","0.13497690856456757","1231","1231","1231"
"228299","0.14216329157352448","0.14216329157352448","0.14216329157352448","1232","1232","1232"
"228399","0.1395476907491684","0.1395476907491684","0.1395476907491684","1233","1233","1233"
"228499","0.13611002266407013","0.13611002266407013","0.13611002266407013","1234","1234","1234"
"228599","0.13091860711574554","0.13091860711574554","0.13091860711574554","1235","1235","1235"
"228699","0.13026784360408783","0.13026784360408783","0.13026784360408783","1236","1236","1236"
"228799","0.13685500621795654","0.13685500621795654","0.13685500621795654","1237","1237","1237"
"228899","0.14182613790035248","0.14182613790035248","0.14182613790035248","1238","1238","1238"
"228999","0.13656304776668549","0.13656304776668549","0.13656304776668549","1239","1239","1239"
"229099","0.13143962621688843","0.13143962621688843","0.13143962621688843","1240","1240","1240"
"229199","0.1363712102174759","0.1363712102174759","0.1363712102174759","1241","1241","1241"
"229299","0.13244131207466125","0.13244131207466125","0.13244131207466125","1242","1242","1242"
"229399","0.13411536812782288","0.13411536812782288","0.13411536812782288","1243","1243","1243"
"229499","0.1390826404094696","0.1390826404094696","0.1390826404094696","1244","1244","1244"
"229599","0.13916413486003876","0.13916413486003876","0.13916413486003876","1245","1245","1245"
"229699","0.13378740847110748","0.13378740847110748","0.13378740847110748","1246","1246","1246"
"229799","0.13502247631549835","0.13502247631549835","0.13502247631549835","1247","1247","1247"
"229899","0.13639669120311737","0.13639669120311737","0.13639669120311737","1248","1248","1248"
"229999","0.13285201787948608","0.13285201787948608","0.13285201787948608","1249","1249","1249"
"230099","0.14031390845775604","0.14031390845775604","0.14031390845775604","1250","1250","1250"
"230199","0.137118399143219","0.137118399143219","0.137118399143219","1251","1251","1251"
"230299","0.1422712355852127","0.1422712355852127","0.1422712355852127","1252","1252","1252"
"230399","0.13223163783550262","0.13223163783550262","0.13223163783550262","1253","1253","1253"
"230499","0.1420128047466278","0.1420128047466278","0.1420128047466278","1254","1254","1254"
"230599","0.13522915542125702","0.13522915542125702","0.13522915542125702","1255","1255","1255"
"230699","0.1470980942249298","0.1470980942249298","0.1470980942249298","1256","1256","1256"
"230799","0.13986681401729584","0.13986681401729584","0.13986681401729584","1257","1257","1257"
"230899","0.13424181938171387","0.13424181938171387","0.13424181938171387","1258","1258","1258"
"230999","0.1428145319223404","0.1428145319223404","0.1428145319223404","1259","1259","1259"
"231099","0.13370724022388458","0.13370724022388458","0.13370724022388458","1260","1260","1260"
"231199","0.1427842676639557","0.1427842676639557","0.1427842676639557","1261","1261","1261"
"231299","0.1332826167345047","0.1332826167345047","0.1332826167345047","1262","1262","1262"
"231399","0.1388350874185562","0.1388350874185562","0.1388350874185562","1263","1263","1263"
"231499","0.1377471536397934","0.1377471536397934","0.1377471536397934","1264","1264","1264"
"231599","0.1403946876525879","0.1403946876525879","0.1403946876525879","1265","1265","1265"
"231699","0.14471997320652008","0.14471997320652008","0.14471997320652008","1266","1266","1266"
"231799","0.13828584551811218","0.13828584551811218","0.13828584551811218","1267","1267","1267"
"231899","0.14393135905265808","0.14393135905265808","0.14393135905265808","1268","1268","1268"
"231999","0.14093108475208282","0.14093108475208282","0.14093108475208282","1269","1269","1269"
"232099","0.13560809195041656","0.13560809195041656","0.13560809195041656","1270","1270","1270"
"232199","0.12826035916805267","0.12826035916805267","0.12826035916805267","1271","1271","1271"
"232299","0.1380436271429062","0.1380436271429062","0.1380436271429062","1272","1272","1272"
"232399","0.13926133513450623","0.13926133513450623","0.13926133513450623","1273","1273","1273"
"232499","0.1334148496389389","0.1334148496389389","0.1334148496389389","1274","1274","1274"
"232599","0.14158636331558228","0.14158636331558228","0.14158636331558228","1275","1275","1275"
"232699","0.13621099293231964","0.13621099293231964","0.13621099293231964","1276","1276","1276"
"232799","0.14723573625087738","0.14723573625087738","0.14723573625087738","1277","1277","1277"
"232899","0.1335413157939911","0.1335413157939911","0.1335413157939911","1278","1278","1278"
"232999","0.13475921750068665","0.13475921750068665","0.13475921750068665","1279","1279","1279"
"233099","0.13831591606140137","0.13831591606140137","0.13831591606140137","1280","1280","1280"
"233199","0.14142216742038727","0.14142216742038727","0.14142216742038727","1281","1281","1281"
"233299","0.14485743641853333","0.14485743641853333","0.14485743641853333","1282","1282","1282"
"233399","0.1266602873802185","0.1266602873802185","0.1266602873802185","1283","1283","1283"
"233499","0.1470952033996582","0.1470952033996582","0.1470952033996582","1284","1284","1284"
"233599","0.13880383968353271","0.13880383968353271","0.13880383968353271","1285","1285","1285"
"233699","0.13987906277179718","0.13987906277179718","0.13987906277179718","1286","1286","1286"
"233799","0.14115925133228302","0.14115925133228302","0.14115925133228302","1287","1287","1287"
"233899","0.14034155011177063","0.14034155011177063","0.14034155011177063","1288","1288","1288"
"233999","0.13225093483924866","0.13225093483924866","0.13225093483924866","1289","1289","1289"
"234099","0.13707341253757477","0.13707341253757477","0.13707341253757477","1290","1290","1290"
"234199","0.1323476880788803","0.1323476880788803","0.1323476880788803","1291","1291","1291"
"234299","0.1398012787103653","0.1398012787103653","0.1398012787103653","1292","1292","1292"
"234399","0.13536915183067322","0.13536915183067322","0.13536915183067322","1293","1293","1293"
"234499","0.1479756385087967","0.1479756385087967","0.1479756385087967","1294","1294","1294"
"234599","0.13031522929668427","0.13031522929668427","0.13031522929668427","1295","1295","1295"
"234699","0.13301587104797363","0.13301587104797363","0.13301587104797363","1296","1296","1296"
"234799","0.13679759204387665","0.13679759204387665","0.13679759204387665","1297","1297","1297"
"234899","0.14149075746536255","0.14149075746536255","0.14149075746536255","1298","1298","1298"
"234999","0.1379288285970688","0.1379288285970688","0.1379288285970688","1299","1299","1299"
"235099","0.1365707963705063","0.1365707963705063","0.1365707963705063","1300","1300","1300"
"235199","0.13477768003940582","0.13477768003940582","0.13477768003940582","1301","1301","1301"
"235299","0.1344689577817917","0.1344689577817917","0.1344689577817917","1302","1302","1302"
"235399","0.13626514375209808","0.13626514375209808","0.13626514375209808","1303","1303","1303"
"235499","0.1467130333185196","0.1467130333185196","0.1467130333185196","1304","1304","1304"
"235599","0.15180082619190216","0.15180082619190216","0.15180082619190216","1305","1305","1305"
"235699","0.13959069550037384","0.13959069550037384","0.13959069550037384","1306","1306","1306"
"235799","0.14106012880802155","0.14106012880802155","0.14106012880802155","1307","1307","1307"
"235899","0.1322319060564041","0.1322319060564041","0.1322319060564041","1308","1308","1308"
"235999","0.14124521613121033","0.14124521613121033","0.14124521613121033","1309","1309","1309"
"236099","0.13340097665786743","0.13340097665786743","0.13340097665786743","1310","1310","1310"
"236199","0.1426694244146347","0.1426694244146347","0.1426694244146347","1311","1311","1311"
"236299","0.14391668140888214","0.14391668140888214","0.14391668140888214","1312","1312","1312"
"236399","0.12889470160007477","0.12889470160007477","0.12889470160007477","1313","1313","1313"
"236499","0.13309906423091888","0.13309906423091888","0.13309906423091888","1314","1314","1314"
"236599","0.14627832174301147","0.14627832174301147","0.14627832174301147","1315","1315","1315"
"236699","0.1321137696504593","0.1321137696504593","0.1321137696504593","1316","1316","1316"
"236799","0.14645858108997345","0.14645858108997345","0.14645858108997345","1317","1317","1317"
"236899","0.1361597329378128","0.1361597329378128","0.1361597329378128","1318","1318","1318"
"236999","0.13221265375614166","0.13221265375614166","0.13221265375614166","1319","1319","1319"
"237099","0.1320427805185318","0.1320427805185318","0.1320427805185318","1320","1320","1320"
"237199","0.14409807324409485","0.14409807324409485","0.14409807324409485","1321","1321","1321"
"237299","0.14055001735687256","0.14055001735687256","0.14055001735687256","1322","1322","1322"
"237399","0.14010871946811676","0.14010871946811676","0.14010871946811676","1323","1323","1323"
"237499","0.14618173241615295","0.14618173241615295","0.14618173241615295","1324","1324","1324"
"237599","0.1455744355916977","0.1455744355916977","0.1455744355916977","1325","1325","1325"
"237699","0.14353078603744507","0.14353078603744507","0.14353078603744507","1326","1326","1326"
"237799","0.13657492399215698","0.13657492399215698","0.13657492399215698","1327","1327","1327"
"237899","0.1326637715101242","0.1326637715101242","0.1326637715101242","1328","1328","1328"
"237999","0.13479991257190704","0.13479991257190704","0.13479991257190704","1329","1329","1329"
"238099","0.14058807492256165","0.14058807492256165","0.14058807492256165","1330","1330","1330"
"238199","0.12813401222229004","0.12813401222229004","0.12813401222229004","1331","1331","1331"
"238299","0.1422637552022934","0.1422637552022934","0.1422637552022934","1332","1332","1332"
"238399","0.14301694929599762","0.14301694929599762","0.14301694929599762","1333","1333","1333"
"238499","0.1413961499929428","0.1413961499929428","0.1413961499929428","1334","1334","1334"
"238599","0.14312845468521118","0.14312845468521118","0.14312845468521118","1335","1335","1335"
"238699","0.13983269035816193","0.13983269035816193","0.13983269035816193","1336","1336","1336"
"238799","0.13978679478168488","0.13978679478168488","0.13978679478168488","1337","1337","1337"
"238899","0.13765579462051392","0.13765579462051392","0.13765579462051392","1338","1338","1338"
"238999","0.14309582114219666","0.14309582114219666","0.14309582114219666","1339","1339","1339"
"239099","0.13200971484184265","0.13200971484184265","0.13200971484184265","1340","1340","1340"
"239199","0.13733215630054474","0.13733215630054474","0.13733215630054474","1341","1341","1341"
"239299","0.14008308947086334","0.14008308947086334","0.14008308947086334","1342","1342","1342"
"239399","0.13130109012126923","0.13130109012126923","0.13130109012126923","1343","1343","1343"
"239499","0.13000769913196564","0.13000769913196564","0.13000769913196564","1344","1344","1344"
"239599","0.13868451118469238","0.13868451118469238","0.13868451118469238","1345","1345","1345"
"239699","0.1372457593679428","0.1372457593679428","0.1372457593679428","1346","1346","1346"
"239799","0.13895684480667114","0.13895684480667114","0.13895684480667114","1347","1347","1347"
"239899","0.13770419359207153","0.13770419359207153","0.13770419359207153","1348","1348","1348"
"239999","0.1355457603931427","0.1355457603931427","0.1355457603931427","1349","1349","1349"
"240099","0.14637184143066406","0.14637184143066406","0.14637184143066406","1350","1350","1350"
"240199","0.14696331322193146","0.14696331322193146","0.14696331322193146","1351","1351","1351"
"240299","0.14352111518383026","0.14352111518383026","0.14352111518383026","1352","1352","1352"
"240399","0.12651939690113068","0.12651939690113068","0.12651939690113068","1353","1353","1353"
"240499","0.13598449528217316","0.13598449528217316","0.13598449528217316","1354","1354","1354"
"240599","0.1403864175081253","0.1403864175081253","0.1403864175081253","1355","1355","1355"
"240699","0.14126361906528473","0.14126361906528473","0.14126361906528473","1356","1356","1356"
"240799","0.14128439128398895","0.14128439128398895","0.14128439128398895","1357","1357","1357"
"240899","0.14391106367111206","0.14391106367111206","0.14391106367111206","1358","1358","1358"
"240999","0.14154967665672302","0.14154967665672302","0.14154967665672302","1359","1359","1359"
"241099","0.14506344497203827","0.14506344497203827","0.14506344497203827","1360","1360","1360"
"241199","0.13107357919216156","0.13107357919216156","0.13107357919216156","1361","1361","1361"
"241299","0.14294040203094482","0.14294040203094482","0.14294040203094482","1362","1362","1362"
"241399","0.1327899694442749","0.1327899694442749","0.1327899694442749","1363","1363","1363"
"241499","0.13845856487751007","0.13845856487751007","0.13845856487751007","1364","1364","1364"
"241599","0.14417852461338043","0.14417852461338043","0.14417852461338043","1365","1365","1365"
"241699","0.1302814930677414","0.1302814930677414","0.1302814930677414","1366","1366","1366"
"241799","0.14162664115428925","0.14162664115428925","0.14162664115428925","1367","1367","1367"
"241899","0.14764709770679474","0.14764709770679474","0.14764709770679474","1368","1368","1368"
"241999","0.14106999337673187","0.14106999337673187","0.14106999337673187","1369","1369","1369"
"242099","0.13487985730171204","0.13487985730171204","0.13487985730171204","1370","1370","1370"
"242199","0.1370946615934372","0.1370946615934372","0.1370946615934372","1371","1371","1371"
"242299","0.13125662505626678","0.13125662505626678","0.13125662505626678","1372","1372","1372"
"242399","0.13820531964302063","0.13820531964302063","0.13820531964302063","1373","1373","1373"
"242499","0.14241954684257507","0.14241954684257507","0.14241954684257507","1374","1374","1374"
"242599","0.13533246517181396","0.13533246517181396","0.13533246517181396","1375","1375","1375"
"242699","0.14217621088027954","0.14217621088027954","0.14217621088027954","1376","1376","1376"
"242799","0.14120225608348846","0.14120225608348846","0.14120225608348846","1377","1377","1377"
"242899","0.13792426884174347","0.13792426884174347","0.13792426884174347","1378","1378","1378"
"242999","0.1323818564414978","0.1323818564414978","0.1323818564414978","1379","1379","1379"
"243099","0.131635844707489","0.131635844707489","0.131635844707489","1380","1380","1380"
"243199","0.13746482133865356","0.13746482133865356","0.13746482133865356","1381","1381","1381"
"243299","0.12990713119506836","0.12990713119506836","0.12990713119506836","1382","1382","1382"
"243399","0.13806794583797455","0.13806794583797455","0.13806794583797455","1383","1383","1383"
"243499","0.1427571028470993","0.1427571028470993","0.1427571028470993","1384","1384","1384"
"243599","0.14893889427185059","0.14893889427185059","0.14893889427185059","1385","1385","1385"
"243699","0.1297064870595932","0.1297064870595932","0.1297064870595932","1386","1386","1386"
"243799","0.14486193656921387","0.14486193656921387","0.14486193656921387","1387","1387","1387"
"243899","0.13966161012649536","0.13966161012649536","0.13966161012649536","1388","1388","1388"
"243999","0.14002452790737152","0.14002452790737152","0.14002452790737152","1389","1389","1389"
"244099","0.14163219928741455","0.14163219928741455","0.14163219928741455","1390","1390","1390"
"244199","0.13429555296897888","0.13429555296897888","0.13429555296897888","1391","1391","1391"
"244299","0.1315288096666336","0.1315288096666336","0.1315288096666336","1392","1392","1392"
"244399","0.14077651500701904","0.14077651500701904","0.14077651500701904","1393","1393","1393"
"244499","0.13916270434856415","0.13916270434856415","0.13916270434856415","1394","1394","1394"
"244599","0.13632209599018097","0.13632209599018097","0.13632209599018097","1395","1395","1395"
"244699","0.14238904416561127","0.14238904416561127","0.14238904416561127","1396","1396","1396"
"244799","0.13531002402305603","0.13531002402305603","0.13531002402305603","1397","1397","1397"
"244899","0.1432085782289505","0.1432085782289505","0.1432085782289505","1398","1398","1398"
"244999","0.14299167692661285","0.14299167692661285","0.14299167692661285","1399","1399","1399"
"245099","0.13733863830566406","0.13733863830566406","0.13733863830566406","1400","1400","1400"
"245199","0.1376865953207016","0.1376865953207016","0.1376865953207016","1401","1401","1401"
"245299","0.13683247566223145","0.13683247566223145","0.13683247566223145","1402","1402","1402"
"245399","0.12993720173835754","0.12993720173835754","0.12993720173835754","1403","1403","1403"
"245499","0.13883259892463684","0.13883259892463684","0.13883259892463684","1404","1404","1404"
"245599","0.14280804991722107","0.14280804991722107","0.14280804991722107","1405","1405","1405"
"245699","0.13921277225017548","0.13921277225017548","0.13921277225017548","1406","1406","1406"
"245799","0.1436440497636795","0.1436440497636795","0.1436440497636795","1407","1407","1407"
"245899","0.13839305937290192","0.13839305937290192","0.13839305937290192","1408","1408","1408"
"245999","0.13794803619384766","0.13794803619384766","0.13794803619384766","1409","1409","1409"
"246099","0.13777953386306763","0.13777953386306763","0.13777953386306763","1410","1410","1410"
"246199","0.1408648043870926","0.1408648043870926","0.1408648043870926","1411","1411","1411"
"246299","0.1421545445919037","0.1421545445919037","0.1421545445919037","1412","1412","1412"
"246399","0.13307200372219086","0.13307200372219086","0.13307200372219086","1413","1413","1413"
"246499","0.13533388078212738","0.13533388078212738","0.13533388078212738","1414","1414","1414"
"246599","0.14106370508670807","0.14106370508670807","0.14106370508670807","1415","1415","1415"
"246699","0.13173377513885498","0.13173377513885498","0.13173377513885498","1416","1416","1416"
"246799","0.13548634946346283","0.13548634946346283","0.13548634946346283","1417","1417","1417"
"246899","0.148276224732399","0.148276224732399","0.148276224732399","1418","1418","1418"
"246999","0.13896140456199646","0.13896140456199646","0.13896140456199646","1419","1419","1419"
"247099","0.14589117467403412","0.14589117467403412","0.14589117467403412","1420","1420","1420"
"247199","0.13791076838970184","0.13791076838970184","0.13791076838970184","1421","1421","1421"
"247299","0.1408451944589615","0.1408451944589615","0.1408451944589615","1422","1422","1422"
"247399","0.1331520676612854","0.1331520676612854","0.1331520676612854","1423","1423","1423"
"247499","0.13465411961078644","0.13465411961078644","0.13465411961078644","1424","1424","1424"
"247599","0.13934525847434998","0.13934525847434998","0.13934525847434998","1425","1425","1425"
"247699","0.12803202867507935","0.12803202867507935","0.12803202867507935","1426","1426","1426"
"247799","0.1394975632429123","0.1394975632429123","0.1394975632429123","1427","1427","1427"
"247899","0.1432468146085739","0.1432468146085739","0.1432468146085739","1428","1428","1428"
"247999","0.14262093603610992","0.14262093603610992","0.14262093603610992","1429","1429","1429"
"248099","0.13219811022281647","0.13219811022281647","0.13219811022281647","1430","1430","1430"
"248199","0.1415262520313263","0.1415262520313263","0.1415262520313263","1431","1431","1431"
"248299","0.14520451426506042","0.14520451426506042","0.14520451426506042","1432","1432","1432"
"248399","0.13720270991325378","0.13720270991325378","0.13720270991325378","1433","1433","1433"
"248499","0.13819189369678497","0.13819189369678497","0.13819189369678497","1434","1434","1434"
"248599","0.13494475185871124","0.13494475185871124","0.13494475185871124","1435","1435","1435"
"248699","0.13247443735599518","0.13247443735599518","0.13247443735599518","1436","1436","1436"
"248799","0.13275572657585144","0.13275572657585144","0.13275572657585144","1437","1437","1437"
"248899","0.14042480289936066","0.14042480289936066","0.14042480289936066","1438","1438","1438"
"248999","0.13811463117599487","0.13811463117599487","0.13811463117599487","1439","1439","1439"
"249099","0.14149637520313263","0.14149637520313263","0.14149637520313263","1440","1440","1440"
"249199","0.1439051479101181","0.1439051479101181","0.1439051479101181","1441","1441","1441"
"249299","0.1382632702589035","0.1382632702589035","0.1382632702589035","1442","1442","1442"
"249399","0.1341942697763443","0.1341942697763443","0.1341942697763443","1443","1443","1443"
"249499","0.14539344608783722","0.14539344608783722","0.14539344608783722","1444","1444","1444"
"249599","0.14732374250888824","0.14732374250888824","0.14732374250888824","1445","1445","1445"
"249699","0.15049812197685242","0.15049812197685242","0.15049812197685242","1446","1446","1446"
"249799","0.13034412264823914","0.13034412264823914","0.13034412264823914","1447","1447","1447"
"249899","0.1456216424703598","0.1456216424703598","0.1456216424703598","1448","1448","1448"
"249999","0.137736976146698","0.137736976146698","0.137736976146698","1449","1449","1449"
"250099","0.1380424201488495","0.1380424201488495","0.1380424201488495","1450","1450","1450"
"250199","0.1492830067873001","0.1492830067873001","0.1492830067873001","1451","1451","1451"
"250299","0.13862688839435577","0.13862688839435577","0.13862688839435577","1452","1452","1452"
"250399","0.13744013011455536","0.13744013011455536","0.13744013011455536","1453","1453","1453"
"250499","0.14042891561985016","0.14042891561985016","0.14042891561985016","1454","1454","1454"
"250599","0.14025148749351501","0.14025148749351501","0.14025148749351501","1455","1455","1455"
"250699","0.14795823395252228","0.14795823395252228","0.14795823395252228","1456","1456","1456"
"250799","0.14224030077457428","0.14224030077457428","0.14224030077457428","1457","1457","1457"
"250899","0.147985577583313","0.147985577583313","0.147985577583313","1458","1458","1458"
"250999","0.13641086220741272","0.13641086220741272","0.13641086220741272","1459","1459","1459"
"251099","0.1382017433643341","0.1382017433643341","0.1382017433643341","1460","1460","1460"
"251199","0.1452004462480545","0.1452004462480545","0.1452004462480545","1461","1461","1461"
"251299","0.13278310000896454","0.13278310000896454","0.13278310000896454","1462","1462","1462"
"251399","0.13674283027648926","0.13674283027648926","0.13674283027648926","1463","1463","1463"
"251499","0.134883850812912","0.134883850812912","0.134883850812912","1464","1464","1464"
"251599","0.13780160248279572","0.13780160248279572","0.13780160248279572","1465","1465","1465"
"251699","0.14115482568740845","0.14115482568740845","0.14115482568740845","1466","1466","1466"
"251799","0.1420411616563797","0.1420411616563797","0.1420411616563797","1467","1467","1467"
"251899","0.13421671092510223","0.13421671092510223","0.13421671092510223","1468","1468","1468"
"251999","0.12955179810523987","0.12955179810523987","0.12955179810523987","1469","1469","1469"
"252099","0.13794662058353424","0.13794662058353424","0.13794662058353424","1470","1470","1470"
"252199","0.14745694398880005","0.14745694398880005","0.14745694398880005","1471","1471","1471"
"252299","0.14213550090789795","0.14213550090789795","0.14213550090789795","1472","1472","1472"
"252399","0.1341632604598999","0.1341632604598999","0.1341632604598999","1473","1473","1473"
"252499","0.13911795616149902","0.13911795616149902","0.13911795616149902","1474","1474","1474"
"252599","0.13256080448627472","0.13256080448627472","0.13256080448627472","1475","1475","1475"
"252699","0.12974973022937775","0.12974973022937775","0.12974973022937775","1476","1476","1476"
"252799","0.13366639614105225","0.13366639614105225","0.13366639614105225","1477","1477","1477"
"252899","0.1402159482240677","0.1402159482240677","0.1402159482240677","1478","1478","1478"
"252999","0.14741885662078857","0.14741885662078857","0.14741885662078857","1479","1479","1479"
"253099","0.13827180862426758","0.13827180862426758","0.13827180862426758","1480","1480","1480"
"253199","0.14534540474414825","0.14534540474414825","0.14534540474414825","1481","1481","1481"
"253299","0.13664698600769043","0.13664698600769043","0.13664698600769043","1482","1482","1482"
"253399","0.1338426172733307","0.1338426172733307","0.1338426172733307","1483","1483","1483"
"253499","0.1420624554157257","0.1420624554157257","0.1420624554157257","1484","1484","1484"
"253599","0.13705630600452423","0.13705630600452423","0.13705630600452423","1485","1485","1485"
"253699","0.13629405200481415","0.13629405200481415","0.13629405200481415","1486","1486","1486"
"253799","0.13371630012989044","0.13371630012989044","0.13371630012989044","1487","1487","1487"
"253899","0.12977640330791473","0.12977640330791473","0.12977640330791473","1488","1488","1488"
"253999","0.14550083875656128","0.14550083875656128","0.14550083875656128","1489","1489","1489"
"254099","0.14287106692790985","0.14287106692790985","0.14287106692790985","1490","1490","1490"
"254199","0.1418890506029129","0.1418890506029129","0.1418890506029129","1491","1491","1491"
"254299","0.1399984061717987","0.1399984061717987","0.1399984061717987","1492","1492","1492"
"254399","0.1323186159133911","0.1323186159133911","0.1323186159133911","1493","1493","1493"
"254499","0.1430572271347046","0.1430572271347046","0.1430572271347046","1494","1494","1494"
"254599","0.13720092177391052","0.13720092177391052","0.13720092177391052","1495","1495","1495"
"254699","0.13419802486896515","0.13419802486896515","0.13419802486896515","1496","1496","1496"
"254799","0.1452900618314743","0.1452900618314743","0.1452900618314743","1497","1497","1497"
"254899","0.14350491762161255","0.14350491762161255","0.14350491762161255","1498","1498","1498"
"254999","0.1301409900188446","0.1301409900188446","0.1301409900188446","1499","1499","1499"
"255099","0.14341767132282257","0.14341767132282257","0.14341767132282257","1500","1500","1500"
"255199","0.13249188661575317","0.13249188661575317","0.13249188661575317","1501","1501","1501"
"255299","0.13720333576202393","0.13720333576202393","0.13720333576202393","1502","1502","1502"
"255399","0.13538828492164612","0.13538828492164612","0.13538828492164612","1503","1503","1503"
"255499","0.13643887639045715","0.13643887639045715","0.13643887639045715","1504","1504","1504"
"255599","0.1340278834104538","0.1340278834104538","0.1340278834104538","1505","1505","1505"
"255699","0.14121654629707336","0.14121654629707336","0.14121654629707336","1506","1506","1506"
"255799","0.13721804320812225","0.13721804320812225","0.13721804320812225","1507","1507","1507"
"255899","0.1393410712480545","0.1393410712480545","0.1393410712480545","1508","1508","1508"
"255999","0.14463408291339874","0.14463408291339874","0.14463408291339874","1509","1509","1509"
"256099","0.1332244575023651","0.1332244575023651","0.1332244575023651","1510","1510","1510"
"256199","0.13934211432933807","0.13934211432933807","0.13934211432933807","1511","1511","1511"
"256299","0.13896544277668","0.13896544277668","0.13896544277668","1512","1512","1512"
"256399","0.1447075456380844","0.1447075456380844","0.1447075456380844","1513","1513","1513"
"256499","0.14255250990390778","0.14255250990390778","0.14255250990390778","1514","1514","1514"
"256599","0.1403643786907196","0.1403643786907196","0.1403643786907196","1515","1515","1515"
"256699","0.13859061896800995","0.13859061896800995","0.13859061896800995","1516","1516","1516"
"256799","0.13141165673732758","0.13141165673732758","0.13141165673732758","1517","1517","1517"
"256899","0.13438823819160461","0.13438823819160461","0.13438823819160461","1518","1518","1518"
"256999","0.13927030563354492","0.13927030563354492","0.13927030563354492","1519","1519","1519"
"257099","0.1364833265542984","0.1364833265542984","0.1364833265542984","1520","1520","1520"
"257199","0.1439708024263382","0.1439708024263382","0.1439708024263382","1521","1521","1521"
"257299","0.13401395082473755","0.13401395082473755","0.13401395082473755","1522","1522","1522"
"257399","0.1308424174785614","0.1308424174785614","0.1308424174785614","1523","1523","1523"
"257499","0.1385796219110489","0.1385796219110489","0.1385796219110489","1524","1524","1524"
"257599","0.1312265396118164","0.1312265396118164","0.1312265396118164","1525","1525","1525"
"257699","0.1333867758512497","0.1333867758512497","0.1333867758512497","1526","1526","1526"
"257799","0.14221034944057465","0.14221034944057465","0.14221034944057465","1527","1527","1527"
"257899","0.14732463657855988","0.14732463657855988","0.14732463657855988","1528","1528","1528"
"257999","0.14424295723438263","0.14424295723438263","0.14424295723438263","1529","1529","1529"
"258099","0.13350439071655273","0.13350439071655273","0.13350439071655273","1530","1530","1530"
"258199","0.13689622282981873","0.13689622282981873","0.13689622282981873","1531","1531","1531"
"258299","0.13677282631397247","0.13677282631397247","0.13677282631397247","1532","1532","1532"
"258399","0.15190389752388","0.15190389752388","0.15190389752388","1533","1533","1533"
"258499","0.14324161410331726","0.14324161410331726","0.14324161410331726","1534","1534","1534"
"258599","0.1400805562734604","0.1400805562734604","0.1400805562734604","1535","1535","1535"
"258699","0.14556391537189484","0.14556391537189484","0.14556391537189484","1536","1536","1536"
"258799","0.1308356523513794","0.1308356523513794","0.1308356523513794","1537","1537","1537"
"258899","0.14139656722545624","0.14139656722545624","0.14139656722545624","1538","1538","1538"
"258999","0.13808177411556244","0.13808177411556244","0.13808177411556244","1539","1539","1539"
"259099","0.1363411247730255","0.1363411247730255","0.1363411247730255","1540","1540","1540"
"259199","0.13982979953289032","0.13982979953289032","0.13982979953289032","1541","1541","1541"
"259299","0.14586801826953888","0.14586801826953888","0.14586801826953888","1542","1542","1542"
"259399","0.14402468502521515","0.14402468502521515","0.14402468502521515","1543","1543","1543"
"259499","0.14474943280220032","0.14474943280220032","0.14474943280220032","1544","1544","1544"
"259599","0.13399000465869904","0.13399000465869904","0.13399000465869904","1545","1545","1545"
"259699","0.1324038952589035","0.1324038952589035","0.1324038952589035","1546","1546","1546"
"259799","0.13750799000263214","0.13750799000263214","0.13750799000263214","1547","1547","1547"
"259899","0.1325085461139679","0.1325085461139679","0.1325085461139679","1548","1548","1548"
"259999","0.13874761760234833","0.13874761760234833","0.13874761760234833","1549","1549","1549"
"260099","0.1315644234418869","0.1315644234418869","0.1315644234418869","1550","1550","1550"
"260199","0.14278575778007507","0.14278575778007507","0.14278575778007507","1551","1551","1551"
"260299","0.13492685556411743","0.13492685556411743","0.13492685556411743","1552","1552","1552"
"260399","0.1304929554462433","0.1304929554462433","0.1304929554462433","1553","1553","1553"
"260499","0.1452319175004959","0.1452319175004959","0.1452319175004959","1554","1554","1554"
"260599","0.1333482563495636","0.1333482563495636","0.1333482563495636","1555","1555","1555"
"260699","0.1343432366847992","0.1343432366847992","0.1343432366847992","1556","1556","1556"
"260799","0.14396746456623077","0.14396746456623077","0.14396746456623077","1557","1557","1557"
"260899","0.14041252434253693","0.14041252434253693","0.14041252434253693","1558","1558","1558"
"260999","0.14128640294075012","0.14128640294075012","0.14128640294075012","1559","1559","1559"
"261099","0.13444700837135315","0.13444700837135315","0.13444700837135315","1560","1560","1560"
"261199","0.13798962533473969","0.13798962533473969","0.13798962533473969","1561","1561","1561"
"261299","0.1430441439151764","0.1430441439151764","0.1430441439151764","1562","1562","1562"
"261399","0.13663718104362488","0.13663718104362488","0.13663718104362488","1563","1563","1563"
"261499","0.1373542994260788","0.1373542994260788","0.1373542994260788","1564","1564","1564"
"261599","0.13117969036102295","0.13117969036102295","0.13117969036102295","1565","1565","1565"
"261699","0.14500130712985992","0.14500130712985992","0.14500130712985992","1566","1566","1566"
"261799","0.1375221461057663","0.1375221461057663","0.1375221461057663","1567","1567","1567"
"261899","0.1309167593717575","0.1309167593717575","0.1309167593717575","1568","1568","1568"
"261999","0.14928531646728516","0.14928531646728516","0.14928531646728516","1569","1569","1569"
"262099","0.14653213322162628","0.14653213322162628","0.14653213322162628","1570","1570","1570"
"262199","0.14186279475688934","0.14186279475688934","0.14186279475688934","1571","1571","1571"
"262299","0.14465925097465515","0.14465925097465515","0.14465925097465515","1572","1572","1572"
"262399","0.13939596712589264","0.13939596712589264","0.13939596712589264","1573","1573","1573"
"262499","0.1499764621257782","0.1499764621257782","0.1499764621257782","1574","1574","1574"
"262599","0.14983515441417694","0.14983515441417694","0.14983515441417694","1575","1575","1575"
"262699","0.13594432175159454","0.13594432175159454","0.13594432175159454","1576","1576","1576"
"262799","0.1469726860523224","0.1469726860523224","0.1469726860523224","1577","1577","1577"
"262899","0.13600599765777588","0.13600599765777588","0.13600599765777588","1578","1578","1578"
"262999","0.1422555148601532","0.1422555148601532","0.1422555148601532","1579","1579","1579"
"263099","0.14286334812641144","0.14286334812641144","0.14286334812641144","1580","1580","1580"
"263199","0.1430419683456421","0.1430419683456421","0.1430419683456421","1581","1581","1581"
"263299","0.13420209288597107","0.13420209288597107","0.13420209288597107","1582","1582","1582"
"263399","0.14217670261859894","0.14217670261859894","0.14217670261859894","1583","1583","1583"
"263499","0.1384865790605545","0.1384865790605545","0.1384865790605545","1584","1584","1584"
"263599","0.12947702407836914","0.12947702407836914","0.12947702407836914","1585","1585","1585"
"263699","0.13112130761146545","0.13112130761146545","0.13112130761146545","1586","1586","1586"
"263799","0.1333136409521103","0.1333136409521103","0.1333136409521103","1587","1587","1587"
"263899","0.14207445085048676","0.14207445085048676","0.14207445085048676","1588","1588","1588"
"263999","0.13105416297912598","0.13105416297912598","0.13105416297912598","1589","1589","1589"
"264099","0.13769084215164185","0.13769084215164185","0.13769084215164185","1590","1590","1590"
"264199","0.1402171403169632","0.1402171403169632","0.1402171403169632","1591","1591","1591"
"264299","0.14114722609519958","0.14114722609519958","0.14114722609519958","1592","1592","1592"
"264399","0.14264357089996338","0.14264357089996338","0.14264357089996338","1593","1593","1593"
"264499","0.14136596024036407","0.14136596024036407","0.14136596024036407","1594","1594","1594"
"264599","0.13348641991615295","0.13348641991615295","0.13348641991615295","1595","1595","1595"
"264699","0.1365588903427124","0.1365588903427124","0.1365588903427124","1596","1596","1596"
"264799","0.1354130655527115","0.1354130655527115","0.1354130655527115","1597","1597","1597"
"264899","0.14246143400669098","0.14246143400669098","0.14246143400669098","1598","1598","1598"
"264999","0.1447007954120636","0.1447007954120636","0.1447007954120636","1599","1599","1599"
"265099","0.14069096744060516","0.14069096744060516","0.14069096744060516","1600","1600","1600"
"265199","0.13573496043682098","0.13573496043682098","0.13573496043682098","1601","1601","1601"
"265299","0.1319587677717209","0.1319587677717209","0.1319587677717209","1602","1602","1602"
"265399","0.1435568630695343","0.1435568630695343","0.1435568630695343","1603","1603","1603"
"265499","0.139167919754982","0.139167919754982","0.139167919754982","1604","1604","1604"
"265599","0.14114244282245636","0.14114244282245636","0.14114244282245636","1605","1605","1605"
"265699","0.14096525311470032","0.14096525311470032","0.14096525311470032","1606","1606","1606"
"265799","0.13680672645568848","0.13680672645568848","0.13680672645568848","1607","1607","1607"
"265899","0.13652078807353973","0.13652078807353973","0.13652078807353973","1608","1608","1608"
"265999","0.14374500513076782","0.14374500513076782","0.14374500513076782","1609","1609","1609"
"266099","0.13369490206241608","0.13369490206241608","0.13369490206241608","1610","1610","1610"
"266199","0.13111945986747742","0.13111945986747742","0.13111945986747742","1611","1611","1611"
"266299","0.13360221683979034","0.13360221683979034","0.13360221683979034","1612","1612","1612"
"266399","0.14699797332286835","0.14699797332286835","0.14699797332286835","1613","1613","1613"
"266499","0.13279004395008087","0.13279004395008087","0.13279004395008087","1614","1614","1614"
"266599","0.14421147108078003","0.14421147108078003","0.14421147108078003","1615","1615","1615"
"266699","0.1358398050069809","0.1358398050069809","0.1358398050069809","1616","1616","1616"
"266799","0.13886043429374695","0.13886043429374695","0.13886043429374695","1617","1617","1617"
"266899","0.13275226950645447","0.13275226950645447","0.13275226950645447","1618","1618","1618"
"266999","0.1350674331188202","0.1350674331188202","0.1350674331188202","1619","1619","1619"
"267099","0.1380990445613861","0.1380990445613861","0.1380990445613861","1620","1620","1620"
"267199","0.13801659643650055","0.13801659643650055","0.13801659643650055","1621","1621","1621"
"267299","0.14034110307693481","0.14034110307693481","0.14034110307693481","1622","1622","1622"
"267399","0.1359008103609085","0.1359008103609085","0.1359008103609085","1623","1623","1623"
"267499","0.13116827607154846","0.13116827607154846","0.13116827607154846","1624","1624","1624"
"267599","0.13778521120548248","0.13778521120548248","0.13778521120548248","1625","1625","1625"
"267699","0.13021385669708252","0.13021385669708252","0.13021385669708252","1626","1626","1626"
"267799","0.13605600595474243","0.13605600595474243","0.13605600595474243","1627","1627","1627"
"267899","0.13178510963916779","0.13178510963916779","0.13178510963916779","1628","1628","1628"
"267999","0.14615973830223083","0.14615973830223083","0.14615973830223083","1629","1629","1629"
"268099","0.13971121609210968","0.13971121609210968","0.13971121609210968","1630","1630","1630"
"268199","0.13802869617938995","0.13802869617938995","0.13802869617938995","1631","1631","1631"
"268299","0.14212727546691895","0.14212727546691895","0.14212727546691895","1632","1632","1632"
"268399","0.13690531253814697","0.13690531253814697","0.13690531253814697","1633","1633","1633"
"268499","0.13175541162490845","0.13175541162490845","0.13175541162490845","1634","1634","1634"
"268599","0.13327768445014954","0.13327768445014954","0.13327768445014954","1635","1635","1635"
"268699","0.1373940408229828","0.1373940408229828","0.1373940408229828","1636","1636","1636"
"268799","0.1346750259399414","0.1346750259399414","0.1346750259399414","1637","1637","1637"
"268899","0.1290341317653656","0.1290341317653656","0.1290341317653656","1638","1638","1638"
"268999","0.1361701637506485","0.1361701637506485","0.1361701637506485","1639","1639","1639"
"269099","0.13367587327957153","0.13367587327957153","0.13367587327957153","1640","1640","1640"
"269199","0.13657326996326447","0.13657326996326447","0.13657326996326447","1641","1641","1641"
"269299","0.142460897564888","0.142460897564888","0.142460897564888","1642","1642","1642"
"269399","0.13914157450199127","0.13914157450199127","0.13914157450199127","1643","1643","1643"
"269499","0.13916178047657013","0.13916178047657013","0.13916178047657013","1644","1644","1644"
"269599","0.14146246016025543","0.14146246016025543","0.14146246016025543","1645","1645","1645"
"269699","0.13152272999286652","0.13152272999286652","0.13152272999286652","1646","1646","1646"
"269799","0.1419932097196579","0.1419932097196579","0.1419932097196579","1647","1647","1647"
"269899","0.13309389352798462","0.13309389352798462","0.13309389352798462","1648","1648","1648"
"269999","0.12833410501480103","0.12833410501480103","0.12833410501480103","1649","1649","1649"
"270099","0.13696396350860596","0.13696396350860596","0.13696396350860596","1650","1650","1650"
"270199","0.1336994618177414","0.1336994618177414","0.1336994618177414","1651","1651","1651"
"270299","0.13955290615558624","0.13955290615558624","0.13955290615558624","1652","1652","1652"
"270399","0.13917608559131622","0.13917608559131622","0.13917608559131622","1653","1653","1653"
"270499","0.13759499788284302","0.13759499788284302","0.13759499788284302","1654","1654","1654"
"270599","0.12650831043720245","0.12650831043720245","0.12650831043720245","1655","1655","1655"
"270699","0.13372966647148132","0.13372966647148132","0.13372966647148132","1656","1656","1656"
"270799","0.13834917545318604","0.13834917545318604","0.13834917545318604","1657","1657","1657"
"270899","0.13849662244319916","0.13849662244319916","0.13849662244319916","1658","1658","1658"
"270999","0.14187434315681458","0.14187434315681458","0.14187434315681458","1659","1659","1659"
"271099","0.14595089852809906","0.14595089852809906","0.14595089852809906","1660","1660","1660"
"271199","0.13905537128448486","0.13905537128448486","0.13905537128448486","1661","1661","1661"
"271299","0.144693985581398","0.144693985581398","0.144693985581398","1662","1662","1662"
"271399","0.1402638554573059","0.1402638554573059","0.1402638554573059","1663","1663","1663"
"271499","0.14629928767681122","0.14629928767681122","0.14629928767681122","1664","1664","1664"
"271599","0.13955125212669373","0.13955125212669373","0.13955125212669373","1665","1665","1665"
"271699","0.1412978321313858","0.1412978321313858","0.1412978321313858","1666","1666","1666"
"271799","0.13686560094356537","0.13686560094356537","0.13686560094356537","1667","1667","1667"
"271899","0.13795635104179382","0.13795635104179382","0.13795635104179382","1668","1668","1668"
"271999","0.1394122689962387","0.1394122689962387","0.1394122689962387","1669","1669","1669"
"272099","0.13667356967926025","0.13667356967926025","0.13667356967926025","1670","1670","1670"
"272199","0.13195212185382843","0.13195212185382843","0.13195212185382843","1671","1671","1671"
"272299","0.14064647257328033","0.14064647257328033","0.14064647257328033","1672","1672","1672"
"272399","0.1305803507566452","0.1305803507566452","0.1305803507566452","1673","1673","1673"
"272499","0.14971676468849182","0.14971676468849182","0.14971676468849182","1674","1674","1674"
"272599","0.13486333191394806","0.13486333191394806","0.13486333191394806","1675","1675","1675"
"272699","0.12888970971107483","0.12888970971107483","0.12888970971107483","1676","1676","1676"
"272799","0.13838352262973785","0.13838352262973785","0.13838352262973785","1677","1677","1677"
"272899","0.13462519645690918","0.13462519645690918","0.13462519645690918","1678","1678","1678"
"272999","0.1499830037355423","0.1499830037355423","0.1499830037355423","1679","1679","1679"
"273099","0.13553617894649506","0.13553617894649506","0.13553617894649506","1680","1680","1680"
"273199","0.1397477686405182","0.1397477686405182","0.1397477686405182","1681","1681","1681"
"273299","0.1370658129453659","0.1370658129453659","0.1370658129453659","1682","1682","1682"
"273399","0.14221712946891785","0.14221712946891785","0.14221712946891785","1683","1683","1683"
"273499","0.14003770053386688","0.14003770053386688","0.14003770053386688","1684","1684","1684"
"273599","0.13466887176036835","0.13466887176036835","0.13466887176036835","1685","1685","1685"
"273699","0.1454896628856659","0.1454896628856659","0.1454896628856659","1686","1686","1686"
"273799","0.13848456740379333","0.13848456740379333","0.13848456740379333","1687","1687","1687"
"273899","0.1397610455751419","0.1397610455751419","0.1397610455751419","1688","1688","1688"
"273999","0.13863885402679443","0.13863885402679443","0.13863885402679443","1689","1689","1689"
"274099","0.13886582851409912","0.13886582851409912","0.13886582851409912","1690","1690","1690"
"274199","0.13672824203968048","0.13672824203968048","0.13672824203968048","1691","1691","1691"
"274299","0.13400262594223022","0.13400262594223022","0.13400262594223022","1692","1692","1692"
"274399","0.13786821067333221","0.13786821067333221","0.13786821067333221","1693","1693","1693"
"274499","0.14209826290607452","0.14209826290607452","0.14209826290607452","1694","1694","1694"
"274599","0.1371249407529831","0.1371249407529831","0.1371249407529831","1695","1695","1695"
"274699","0.13053256273269653","0.13053256273269653","0.13053256273269653","1696","1696","1696"
"274799","0.1329646110534668","0.1329646110534668","0.1329646110534668","1697","1697","1697"
"274899","0.1452694684267044","0.1452694684267044","0.1452694684267044","1698","1698","1698"
"274999","0.1336936354637146","0.1336936354637146","0.1336936354637146","1699","1699","1699"
"275099","0.13082560896873474","0.13082560896873474","0.13082560896873474","1700","1700","1700"
"275199","0.15008513629436493","0.15008513629436493","0.15008513629436493","1701","1701","1701"
"275299","0.13119149208068848","0.13119149208068848","0.13119149208068848","1702","1702","1702"
"275399","0.12949146330356598","0.12949146330356598","0.12949146330356598","1703","1703","1703"
"275499","0.13410551846027374","0.13410551846027374","0.13410551846027374","1704","1704","1704"
"275599","0.13732832670211792","0.13732832670211792","0.13732832670211792","1705","1705","1705"
"275699","0.13778220117092133","0.13778220117092133","0.13778220117092133","1706","1706","1706"
"275799","0.1399412304162979","0.1399412304162979","0.1399412304162979","1707","1707","1707"
"275899","0.1538102626800537","0.1538102626800537","0.1538102626800537","1708","1708","1708"
"275999","0.1379818469285965","0.1379818469285965","0.1379818469285965","1709","1709","1709"
"276099","0.13731105625629425","0.13731105625629425","0.13731105625629425","1710","1710","1710"
"276199","0.14197871088981628","0.14197871088981628","0.14197871088981628","1711","1711","1711"
"276299","0.13545522093772888","0.13545522093772888","0.13545522093772888","1712","1712","1712"
"276399","0.13358376920223236","0.13358376920223236","0.13358376920223236","1713","1713","1713"
"276499","0.1399029940366745","0.1399029940366745","0.1399029940366745","1714","1714","1714"
"276599","0.14219930768013","0.14219930768013","0.14219930768013","1715","1715","1715"
"276699","0.14712585508823395","0.14712585508823395","0.14712585508823395","1716","1716","1716"
"276799","0.14065797626972198","0.14065797626972198","0.14065797626972198","1717","1717","1717"
"276899","0.13148391246795654","0.13148391246795654","0.13148391246795654","1718","1718","1718"
"276999","0.13196440041065216","0.13196440041065216","0.13196440041065216","1719","1719","1719"
"277099","0.13885821402072906","0.13885821402072906","0.13885821402072906","1720","1720","1720"
"277199","0.14247377216815948","0.14247377216815948","0.14247377216815948","1721","1721","1721"
"277299","0.1346779614686966","0.1346779614686966","0.1346779614686966","1722","1722","1722"
"277399","0.13751746714115143","0.13751746714115143","0.13751746714115143","1723","1723","1723"
"277499","0.14127399027347565","0.14127399027347565","0.14127399027347565","1724","1724","1724"
"277599","0.144590824842453","0.144590824842453","0.144590824842453","1725","1725","1725"
"277699","0.1319897174835205","0.1319897174835205","0.1319897174835205","1726","1726","1726"
"277799","0.13187502324581146","0.13187502324581146","0.13187502324581146","1727","1727","1727"
"277899","0.14146757125854492","0.14146757125854492","0.14146757125854492","1728","1728","1728"
"277999","0.13599637150764465","0.13599637150764465","0.13599637150764465","1729","1729","1729"
"278099","0.13320161402225494","0.13320161402225494","0.13320161402225494","1730","1730","1730"
"278199","0.1370469182729721","0.1370469182729721","0.1370469182729721","1731","1731","1731"
"278299","0.1473972052335739","0.1473972052335739","0.1473972052335739","1732","1732","1732"
"278399","0.13943925499916077","0.13943925499916077","0.13943925499916077","1733","1733","1733"
"278499","0.1365010291337967","0.1365010291337967","0.1365010291337967","1734","1734","1734"
"278599","0.13340121507644653","0.13340121507644653","0.13340121507644653","1735","1735","1735"
"278699","0.13305707275867462","0.13305707275867462","0.13305707275867462","1736","1736","1736"
"278799","0.14279134571552277","0.14279134571552277","0.14279134571552277","1737","1737","1737"
"278899","0.14375004172325134","0.14375004172325134","0.14375004172325134","1738","1738","1738"
"278999","0.1324911266565323","0.1324911266565323","0.1324911266565323","1739","1739","1739"
"279099","0.13261432945728302","0.13261432945728302","0.13261432945728302","1740","1740","1740"
"279199","0.12095407396554947","0.12095407396554947","0.12095407396554947","1741","1741","1741"
"279299","0.14097365736961365","0.14097365736961365","0.14097365736961365","1742","1742","1742"
"279399","0.14810408651828766","0.14810408651828766","0.14810408651828766","1743","1743","1743"
"279499","0.13992583751678467","0.13992583751678467","0.13992583751678467","1744","1744","1744"
"279599","0.13690216839313507","0.13690216839313507","0.13690216839313507","1745","1745","1745"
"279699","0.13377374410629272","0.13377374410629272","0.13377374410629272","1746","1746","1746"
"279799","0.1296829730272293","0.1296829730272293","0.1296829730272293","1747","1747","1747"
"279899","0.13233019411563873","0.13233019411563873","0.13233019411563873","1748","1748","1748"
"279999","0.1337117850780487","0.1337117850780487","0.1337117850780487","1749","1749","1749"
"280099","0.12916049361228943","0.12916049361228943","0.12916049361228943","1750","1750","1750"
"280199","0.13979646563529968","0.13979646563529968","0.13979646563529968","1751","1751","1751"
"280299","0.13423995673656464","0.13423995673656464","0.13423995673656464","1752","1752","1752"
"280399","0.14127492904663086","0.14127492904663086","0.14127492904663086","1753","1753","1753"
"280499","0.12914784252643585","0.12914784252643585","0.12914784252643585","1754","1754","1754"
"280599","0.14362823963165283","0.14362823963165283","0.14362823963165283","1755","1755","1755"
"280699","0.13914664089679718","0.13914664089679718","0.13914664089679718","1756","1756","1756"
"280799","0.14025789499282837","0.14025789499282837","0.14025789499282837","1757","1757","1757"
"280899","0.13921520113945007","0.13921520113945007","0.13921520113945007","1758","1758","1758"
"280999","0.1361849009990692","0.1361849009990692","0.1361849009990692","1759","1759","1759"
"281099","0.1466897875070572","0.1466897875070572","0.1466897875070572","1760","1760","1760"
"281199","0.13328370451927185","0.13328370451927185","0.13328370451927185","1761","1761","1761"
"281299","0.140808567404747","0.140808567404747","0.140808567404747","1762","1762","1762"
"281399","0.14260870218276978","0.14260870218276978","0.14260870218276978","1763","1763","1763"
"281499","0.14233140647411346","0.14233140647411346","0.14233140647411346","1764","1764","1764"
"281599","0.13973817229270935","0.13973817229270935","0.13973817229270935","1765","1765","1765"
"281699","0.14022240042686462","0.14022240042686462","0.14022240042686462","1766","1766","1766"
"281799","0.1419968158006668","0.1419968158006668","0.1419968158006668","1767","1767","1767"
"281899","0.14350350201129913","0.14350350201129913","0.14350350201129913","1768","1768","1768"
"281999","0.14174439013004303","0.14174439013004303","0.14174439013004303","1769","1769","1769"
"282099","0.1372094303369522","0.1372094303369522","0.1372094303369522","1770","1770","1770"
"282199","0.13705186545848846","0.13705186545848846","0.13705186545848846","1771","1771","1771"
"282299","0.1238887682557106","0.1238887682557106","0.1238887682557106","1772","1772","1772"
"282399","0.14065732061862946","0.14065732061862946","0.14065732061862946","1773","1773","1773"
"282499","0.13353103399276733","0.13353103399276733","0.13353103399276733","1774","1774","1774"
"282599","0.13577884435653687","0.13577884435653687","0.13577884435653687","1775","1775","1775"
"282699","0.13824023306369781","0.13824023306369781","0.13824023306369781","1776","1776","1776"
"282799","0.13633131980895996","0.13633131980895996","0.13633131980895996","1777","1777","1777"
"282899","0.1320444941520691","0.1320444941520691","0.1320444941520691","1778","1778","1778"
"282999","0.14507754147052765","0.14507754147052765","0.14507754147052765","1779","1779","1779"
"283099","0.13492435216903687","0.13492435216903687","0.13492435216903687","1780","1780","1780"
"283199","0.13599419593811035","0.13599419593811035","0.13599419593811035","1781","1781","1781"
"283299","0.13867422938346863","0.13867422938346863","0.13867422938346863","1782","1782","1782"
"283399","0.14077064394950867","0.14077064394950867","0.14077064394950867","1783","1783","1783"
"283499","0.13962414860725403","0.13962414860725403","0.13962414860725403","1784","1784","1784"
"283599","0.13578394055366516","0.13578394055366516","0.13578394055366516","1785","1785","1785"
"283699","0.12466404587030411","0.12466404587030411","0.12466404587030411","1786","1786","1786"
"283799","0.13473233580589294","0.13473233580589294","0.13473233580589294","1787","1787","1787"
"283899","0.14319540560245514","0.14319540560245514","0.14319540560245514","1788","1788","1788"
"283999","0.14286920428276062","0.14286920428276062","0.14286920428276062","1789","1789","1789"
"284099","0.13419310748577118","0.13419310748577118","0.13419310748577118","1790","1790","1790"
"284199","0.14202506840229034","0.14202506840229034","0.14202506840229034","1791","1791","1791"
"284299","0.13282227516174316","0.13282227516174316","0.13282227516174316","1792","1792","1792"
"284399","0.14039267599582672","0.14039267599582672","0.14039267599582672","1793","1793","1793"
"284499","0.1350727379322052","0.1350727379322052","0.1350727379322052","1794","1794","1794"
"284599","0.1291838437318802","0.1291838437318802","0.1291838437318802","1795","1795","1795"
"284699","0.13996897637844086","0.13996897637844086","0.13996897637844086","1796","1796","1796"
"284799","0.14343705773353577","0.14343705773353577","0.14343705773353577","1797","1797","1797"
"284899","0.1323736160993576","0.1323736160993576","0.1323736160993576","1798","1798","1798"
"284999","0.1423688679933548","0.1423688679933548","0.1423688679933548","1799","1799","1799"
"285099","0.13642044365406036","0.13642044365406036","0.13642044365406036","1800","1800","1800"
"285199","0.14458447694778442","0.14458447694778442","0.14458447694778442","1801","1801","1801"
"285299","0.13089676201343536","0.13089676201343536","0.13089676201343536","1802","1802","1802"
"285399","0.1418256163597107","0.1418256163597107","0.1418256163597107","1803","1803","1803"
"285499","0.14078359305858612","0.14078359305858612","0.14078359305858612","1804","1804","1804"
"285599","0.13583704829216003","0.13583704829216003","0.13583704829216003","1805","1805","1805"
"285699","0.14057357609272003","0.14057357609272003","0.14057357609272003","1806","1806","1806"
"285799","0.14204534888267517","0.14204534888267517","0.14204534888267517","1807","1807","1807"
"285899","0.14176292717456818","0.14176292717456818","0.14176292717456818","1808","1808","1808"
"285999","0.14339269697666168","0.14339269697666168","0.14339269697666168","1809","1809","1809"
"286099","0.13037261366844177","0.13037261366844177","0.13037261366844177","1810","1810","1810"
"286199","0.14271563291549683","0.14271563291549683","0.14271563291549683","1811","1811","1811"
"286299","0.14502498507499695","0.14502498507499695","0.14502498507499695","1812","1812","1812"
"286399","0.13191668689250946","0.13191668689250946","0.13191668689250946","1813","1813","1813"
"286499","0.13287533819675446","0.13287533819675446","0.13287533819675446","1814","1814","1814"
"286599","0.1362886130809784","0.1362886130809784","0.1362886130809784","1815","1815","1815"
"286699","0.1490958034992218","0.1490958034992218","0.1490958034992218","1816","1816","1816"
"286799","0.1451551765203476","0.1451551765203476","0.1451551765203476","1817","1817","1817"
"286899","0.14178581535816193","0.14178581535816193","0.14178581535816193","1818","1818","1818"
"286999","0.14144115149974823","0.14144115149974823","0.14144115149974823","1819","1819","1819"
"287099","0.1398475021123886","0.1398475021123886","0.1398475021123886","1820","1820","1820"
"287199","0.14365898072719574","0.14365898072719574","0.14365898072719574","1821","1821","1821"
"287299","0.14408691227436066","0.14408691227436066","0.14408691227436066","1822","1822","1822"
"287399","0.14313650131225586","0.14313650131225586","0.14313650131225586","1823","1823","1823"
"287499","0.12851184606552124","0.12851184606552124","0.12851184606552124","1824","1824","1824"
"287599","0.13333137333393097","0.13333137333393097","0.13333137333393097","1825","1825","1825"
"287699","0.13987308740615845","0.13987308740615845","0.13987308740615845","1826","1826","1826"
"287799","0.13589031994342804","0.13589031994342804","0.13589031994342804","1827","1827","1827"
"287899","0.12693724036216736","0.12693724036216736","0.12693724036216736","1828","1828","1828"
"287999","0.146226167678833","0.146226167678833","0.146226167678833","1829","1829","1829"
"288099","0.14498575031757355","0.14498575031757355","0.14498575031757355","1830","1830","1830"
"288199","0.13455721735954285","0.13455721735954285","0.13455721735954285","1831","1831","1831"
"288299","0.13919195532798767","0.13919195532798767","0.13919195532798767","1832","1832","1832"
"288399","0.1422971934080124","0.1422971934080124","0.1422971934080124","1833","1833","1833"
"288499","0.1379745602607727","0.1379745602607727","0.1379745602607727","1834","1834","1834"
"288599","0.12278400361537933","0.12278400361537933","0.12278400361537933","1835","1835","1835"
"288699","0.1364392787218094","0.1364392787218094","0.1364392787218094","1836","1836","1836"
"288799","0.13505572080612183","0.13505572080612183","0.13505572080612183","1837","1837","1837"
"288899","0.13792766630649567","0.13792766630649567","0.13792766630649567","1838","1838","1838"
"288999","0.14540475606918335","0.14540475606918335","0.14540475606918335","1839","1839","1839"
"289099","0.1356579065322876","0.1356579065322876","0.1356579065322876","1840","1840","1840"
"289199","0.1396796703338623","0.1396796703338623","0.1396796703338623","1841","1841","1841"
"289299","0.13776880502700806","0.13776880502700806","0.13776880502700806","1842","1842","1842"
"289399","0.13831692934036255","0.13831692934036255","0.13831692934036255","1843","1843","1843"
"289499","0.14443530142307281","0.14443530142307281","0.14443530142307281","1844","1844","1844"
"289599","0.14396731555461884","0.14396731555461884","0.14396731555461884","1845","1845","1845"
"289699","0.13575181365013123","0.13575181365013123","0.13575181365013123","1846","1846","1846"
"289799","0.14002417027950287","0.14002417027950287","0.14002417027950287","1847","1847","1847"
"289899","0.13247786462306976","0.13247786462306976","0.13247786462306976","1848","1848","1848"
"289999","0.12989524006843567","0.12989524006843567","0.12989524006843567","1849","1849","1849"
"290099","0.1461062729358673","0.1461062729358673","0.1461062729358673","1850","1850","1850"
"290199","0.14991500973701477","0.14991500973701477","0.14991500973701477","1851","1851","1851"
"290299","0.1365344077348709","0.1365344077348709","0.1365344077348709","1852","1852","1852"
"290399","0.14110030233860016","0.14110030233860016","0.14110030233860016","1853","1853","1853"
"290499","0.14577773213386536","0.14577773213386536","0.14577773213386536","1854","1854","1854"
"290599","0.14697402715682983","0.14697402715682983","0.14697402715682983","1855","1855","1855"
"290699","0.12949420511722565","0.12949420511722565","0.12949420511722565","1856","1856","1856"
"290799","0.12562547624111176","0.12562547624111176","0.12562547624111176","1857","1857","1857"
"290899","0.1404411941766739","0.1404411941766739","0.1404411941766739","1858","1858","1858"
"290999","0.13390032947063446","0.13390032947063446","0.13390032947063446","1859","1859","1859"
"291099","0.15165869891643524","0.15165869891643524","0.15165869891643524","1860","1860","1860"
"291199","0.13974279165267944","0.13974279165267944","0.13974279165267944","1861","1861","1861"
"291299","0.13481061160564423","0.13481061160564423","0.13481061160564423","1862","1862","1862"
"291399","0.1394401341676712","0.1394401341676712","0.1394401341676712","1863","1863","1863"
"291499","0.13582490384578705","0.13582490384578705","0.13582490384578705","1864","1864","1864"
"291599","0.13966508209705353","0.13966508209705353","0.13966508209705353","1865","1865","1865"
"291699","0.12910893559455872","0.12910893559455872","0.12910893559455872","1866","1866","1866"
"291799","0.14697276055812836","0.14697276055812836","0.14697276055812836","1867","1867","1867"
"291899","0.13109146058559418","0.13109146058559418","0.13109146058559418","1868","1868","1868"
"291999","0.13332399725914001","0.13332399725914001","0.13332399725914001","1869","1869","1869"
"292099","0.13472650945186615","0.13472650945186615","0.13472650945186615","1870","1870","1870"
"292199","0.13952964544296265","0.13952964544296265","0.13952964544296265","1871","1871","1871"
"292299","0.13419491052627563","0.13419491052627563","0.13419491052627563","1872","1872","1872"
"292399","0.14378662407398224","0.14378662407398224","0.14378662407398224","1873","1873","1873"
"292499","0.13718143105506897","0.13718143105506897","0.13718143105506897","1874","1874","1874"
"292599","0.13571050763130188","0.13571050763130188","0.13571050763130188","1875","1875","1875"
"292699","0.14109894633293152","0.14109894633293152","0.14109894633293152","1876","1876","1876"
"292799","0.1371728479862213","0.1371728479862213","0.1371728479862213","1877","1877","1877"
"292899","0.13526131212711334","0.13526131212711334","0.13526131212711334","1878","1878","1878"
"292999","0.13855542242527008","0.13855542242527008","0.13855542242527008","1879","1879","1879"
"293099","0.1267271786928177","0.1267271786928177","0.1267271786928177","1880","1880","1880"
"293199","0.15015588700771332","0.15015588700771332","0.15015588700771332","1881","1881","1881"
"293299","0.13609963655471802","0.13609963655471802","0.13609963655471802","1882","1882","1882"
"293399","0.13455481827259064","0.13455481827259064","0.13455481827259064","1883","1883","1883"
"293499","0.1419277936220169","0.1419277936220169","0.1419277936220169","1884","1884","1884"
"293599","0.14150026440620422","0.14150026440620422","0.14150026440620422","1885","1885","1885"
"293699","0.13369739055633545","0.13369739055633545","0.13369739055633545","1886","1886","1886"
"293799","0.13969285786151886","0.13969285786151886","0.13969285786151886","1887","1887","1887"
"293899","0.1320115476846695","0.1320115476846695","0.1320115476846695","1888","1888","1888"
"293999","0.1360141783952713","0.1360141783952713","0.1360141783952713","1889","1889","1889"
"294099","0.13771183788776398","0.13771183788776398","0.13771183788776398","1890","1890","1890"
"294199","0.13539209961891174","0.13539209961891174","0.13539209961891174","1891","1891","1891"
"294299","0.13859058916568756","0.13859058916568756","0.13859058916568756","1892","1892","1892"
"294399","0.13992251455783844","0.13992251455783844","0.13992251455783844","1893","1893","1893"
"294499","0.14587076008319855","0.14587076008319855","0.14587076008319855","1894","1894","1894"
"294599","0.14030326902866364","0.14030326902866364","0.14030326902866364","1895","1895","1895"
"294699","0.13829562067985535","0.13829562067985535","0.13829562067985535","1896","1896","1896"
"294799","0.14794190227985382","0.14794190227985382","0.14794190227985382","1897","1897","1897"
"294899","0.14956709742546082","0.14956709742546082","0.14956709742546082","1898","1898","1898"
"294999","0.1451762467622757","0.1451762467622757","0.1451762467622757","1899","1899","1899"
"295099","0.13428696990013123","0.13428696990013123","0.13428696990013123","1900","1900","1900"
"295199","0.12463293224573135","0.12463293224573135","0.12463293224573135","1901","1901","1901"
"295299","0.13364195823669434","0.13364195823669434","0.13364195823669434","1902","1902","1902"
"295399","0.14150254428386688","0.14150254428386688","0.14150254428386688","1903","1903","1903"
"295499","0.14041288197040558","0.14041288197040558","0.14041288197040558","1904","1904","1904"
"295599","0.13630755245685577","0.13630755245685577","0.13630755245685577","1905","1905","1905"
"295699","0.14464926719665527","0.14464926719665527","0.14464926719665527","1906","1906","1906"
"295799","0.13371987640857697","0.13371987640857697","0.13371987640857697","1907","1907","1907"
"295899","0.13553592562675476","0.13553592562675476","0.13553592562675476","1908","1908","1908"
"295999","0.1462036371231079","0.1462036371231079","0.1462036371231079","1909","1909","1909"
"296099","0.13954554498195648","0.13954554498195648","0.13954554498195648","1910","1910","1910"
"296199","0.13979274034500122","0.13979274034500122","0.13979274034500122","1911","1911","1911"
"296299","0.13921509683132172","0.13921509683132172","0.13921509683132172","1912","1912","1912"
"296399","0.1364496499300003","0.1364496499300003","0.1364496499300003","1913","1913","1913"
"296499","0.14298991858959198","0.14298991858959198","0.14298991858959198","1914","1914","1914"
"296599","0.14716355502605438","0.14716355502605438","0.14716355502605438","1915","1915","1915"
"296699","0.13469178974628448","0.13469178974628448","0.13469178974628448","1916","1916","1916"
"296799","0.14617633819580078","0.14617633819580078","0.14617633819580078","1917","1917","1917"
"296899","0.1340813785791397","0.1340813785791397","0.1340813785791397","1918","1918","1918"
"296999","0.13708710670471191","0.13708710670471191","0.13708710670471191","1919","1919","1919"
"297099","0.13209156692028046","0.13209156692028046","0.13209156692028046","1920","1920","1920"
"297199","0.13509583473205566","0.13509583473205566","0.13509583473205566","1921","1921","1921"
"297299","0.13883550465106964","0.13883550465106964","0.13883550465106964","1922","1922","1922"
"297399","0.1351018249988556","0.1351018249988556","0.1351018249988556","1923","1923","1923"
"297499","0.13685022294521332","0.13685022294521332","0.13685022294521332","1924","1924","1924"
"297599","0.1339280605316162","0.1339280605316162","0.1339280605316162","1925","1925","1925"
"297699","0.13398656249046326","0.13398656249046326","0.13398656249046326","1926","1926","1926"
"297799","0.13901183009147644","0.13901183009147644","0.13901183009147644","1927","1927","1927"
"297899","0.137907013297081","0.137907013297081","0.137907013297081","1928","1928","1928"
"297999","0.14067554473876953","0.14067554473876953","0.14067554473876953","1929","1929","1929"
"298099","0.14594906568527222","0.14594906568527222","0.14594906568527222","1930","1930","1930"
"298199","0.13980253040790558","0.13980253040790558","0.13980253040790558","1931","1931","1931"
"298299","0.1293695718050003","0.1293695718050003","0.1293695718050003","1932","1932","1932"
"298399","0.1395680457353592","0.1395680457353592","0.1395680457353592","1933","1933","1933"
"298499","0.13309961557388306","0.13309961557388306","0.13309961557388306","1934","1934","1934"
"298599","0.13991335034370422","0.13991335034370422","0.13991335034370422","1935","1935","1935"
"298699","0.1331666260957718","0.1331666260957718","0.1331666260957718","1936","1936","1936"
"298799","0.14186176657676697","0.14186176657676697","0.14186176657676697","1937","1937","1937"
"298899","0.13872087001800537","0.13872087001800537","0.13872087001800537","1938","1938","1938"
"298999","0.13305990397930145","0.13305990397930145","0.13305990397930145","1939","1939","1939"
"299099","0.137667715549469","0.137667715549469","0.137667715549469","1940","1940","1940"
"299199","0.1339718997478485","0.1339718997478485","0.1339718997478485","1941","1941","1941"
"299299","0.13161444664001465","0.13161444664001465","0.13161444664001465","1942","1942","1942"
"299399","0.14091181755065918","0.14091181755065918","0.14091181755065918","1943","1943","1943"
"299499","0.14673955738544464","0.14673955738544464","0.14673955738544464","1944","1944","1944"
"299599","0.14512531459331512","0.14512531459331512","0.14512531459331512","1945","1945","1945"
"299699","0.138937309384346","0.138937309384346","0.138937309384346","1946","1946","1946"
"299799","0.14369501173496246","0.14369501173496246","0.14369501173496246","1947","1947","1947"
"299899","0.13635143637657166","0.13635143637657166","0.13635143637657166","1948","1948","1948"
"299999","0.1371299922466278","0.1371299922466278","0.1371299922466278","1949","1949","1949"
"300099","0.14279134571552277","0.14279134571552277","0.14279134571552277","1950","1950","1950"
"300199","0.14065255224704742","0.14065255224704742","0.14065255224704742","1951","1951","1951"
"300299","0.135823592543602","0.135823592543602","0.135823592543602","1952","1952","1952"
"300399","0.14469845592975616","0.14469845592975616","0.14469845592975616","1953","1953","1953"
"300499","0.14514614641666412","0.14514614641666412","0.14514614641666412","1954","1954","1954"
"300599","0.13992895185947418","0.13992895185947418","0.13992895185947418","1955","1955","1955"
"300699","0.14503826200962067","0.14503826200962067","0.14503826200962067","1956","1956","1956"
"300799","0.13778933882713318","0.13778933882713318","0.13778933882713318","1957","1957","1957"
"300899","0.1397249549627304","0.1397249549627304","0.1397249549627304","1958","1958","1958"
"300999","0.1323738843202591","0.1323738843202591","0.1323738843202591","1959","1959","1959"
"301099","0.13410863280296326","0.13410863280296326","0.13410863280296326","1960","1960","1960"
"301199","0.14082905650138855","0.14082905650138855","0.14082905650138855","1961","1961","1961"
"301299","0.14037340879440308","0.14037340879440308","0.14037340879440308","1962","1962","1962"
"301399","0.1307753175497055","0.1307753175497055","0.1307753175497055","1963","1963","1963"
"301499","0.1477116197347641","0.1477116197347641","0.1477116197347641","1964","1964","1964"
"301599","0.13742482662200928","0.13742482662200928","0.13742482662200928","1965","1965","1965"
"301699","0.13692863285541534","0.13692863285541534","0.13692863285541534","1966","1966","1966"
"301799","0.13088516891002655","0.13088516891002655","0.13088516891002655","1967","1967","1967"
"301899","0.13660095632076263","0.13660095632076263","0.13660095632076263","1968","1968","1968"
"301999","0.14762265980243683","0.14762265980243683","0.14762265980243683","1969","1969","1969"
"302099","0.13789725303649902","0.13789725303649902","0.13789725303649902","1970","1970","1970"
"302199","0.14804653823375702","0.14804653823375702","0.14804653823375702","1971","1971","1971"
"302299","0.14255554974079132","0.14255554974079132","0.14255554974079132","1972","1972","1972"
"302399","0.14523789286613464","0.14523789286613464","0.14523789286613464","1973","1973","1973"
"302499","0.12840035557746887","0.12840035557746887","0.12840035557746887","1974","1974","1974"
"302599","0.1404120922088623","0.1404120922088623","0.1404120922088623","1975","1975","1975"
"302699","0.13342580199241638","0.13342580199241638","0.13342580199241638","1976","1976","1976"
"302799","0.13723035156726837","0.13723035156726837","0.13723035156726837","1977","1977","1977"
"302899","0.13325847685337067","0.13325847685337067","0.13325847685337067","1978","1978","1978"
"302999","0.149046391248703","0.149046391248703","0.149046391248703","1979","1979","1979"
"303099","0.13518139719963074","0.13518139719963074","0.13518139719963074","1980","1980","1980"
"303199","0.13363029062747955","0.13363029062747955","0.13363029062747955","1981","1981","1981"
"303299","0.12883169949054718","0.12883169949054718","0.12883169949054718","1982","1982","1982"
"303399","0.13983450829982758","0.13983450829982758","0.13983450829982758","1983","1983","1983"
"303499","0.13989844918251038","0.13989844918251038","0.13989844918251038","1984","1984","1984"
"303599","0.1394367516040802","0.1394367516040802","0.1394367516040802","1985","1985","1985"
"303699","0.1354740411043167","0.1354740411043167","0.1354740411043167","1986","1986","1986"
"303799","0.1293220967054367","0.1293220967054367","0.1293220967054367","1987","1987","1987"
"303899","0.1481243222951889","0.1481243222951889","0.1481243222951889","1988","1988","1988"
"303999","0.14253933727741241","0.14253933727741241","0.14253933727741241","1989","1989","1989"
"304099","0.13854701817035675","0.13854701817035675","0.13854701817035675","1990","1990","1990"
"304199","0.140202134847641","0.140202134847641","0.140202134847641","1991","1991","1991"
"304299","0.13948795199394226","0.13948795199394226","0.13948795199394226","1992","1992","1992"
"304399","0.12988360226154327","0.12988360226154327","0.12988360226154327","1993","1993","1993"
"304499","0.14393240213394165","0.14393240213394165","0.14393240213394165","1994","1994","1994"
"304599","0.13180306553840637","0.13180306553840637","0.13180306553840637","1995","1995","1995"
"304699","0.14554184675216675","0.14554184675216675","0.14554184675216675","1996","1996","1996"
"304799","0.13241897523403168","0.13241897523403168","0.13241897523403168","1997","1997","1997"
"304899","0.1361836940050125","0.1361836940050125","0.1361836940050125","1998","1998","1998"
"304999","0.1347191333770752","0.1347191333770752","0.1347191333770752","1999","1999","1999"
"305099","0.129194438457489","0.129194438457489","0.129194438457489","2000","2000","2000"
"305199","0.14524804055690765","0.14524804055690765","0.14524804055690765","2001","2001","2001"
"305299","0.13536877930164337","0.13536877930164337","0.13536877930164337","2002","2002","2002"
"305399","0.12854646146297455","0.12854646146297455","0.12854646146297455","2003","2003","2003"
"305499","0.13477757573127747","0.13477757573127747","0.13477757573127747","2004","2004","2004"
"305599","0.14182448387145996","0.14182448387145996","0.14182448387145996","2005","2005","2005"
"305699","0.13039955496788025","0.13039955496788025","0.13039955496788025","2006","2006","2006"
"305799","0.13979214429855347","0.13979214429855347","0.13979214429855347","2007","2007","2007"
"305899","0.14343996345996857","0.14343996345996857","0.14343996345996857","2008","2008","2008"
"305999","0.13588200509548187","0.13588200509548187","0.13588200509548187","2009","2009","2009"
"306099","0.1422969251871109","0.1422969251871109","0.1422969251871109","2010","2010","2010"
"306199","0.1361471265554428","0.1361471265554428","0.1361471265554428","2011","2011","2011"
"306299","0.13976521790027618","0.13976521790027618","0.13976521790027618","2012","2012","2012"
"306399","0.13908210396766663","0.13908210396766663","0.13908210396766663","2013","2013","2013"
"306499","0.13594216108322144","0.13594216108322144","0.13594216108322144","2014","2014","2014"
"306599","0.14007680118083954","0.14007680118083954","0.14007680118083954","2015","2015","2015"
"306699","0.13713468611240387","0.13713468611240387","0.13713468611240387","2016","2016","2016"
"306799","0.13445991277694702","0.13445991277694702","0.13445991277694702","2017","2017","2017"
"306899","0.13697080314159393","0.13697080314159393","0.13697080314159393","2018","2018","2018"
"306999","0.13569356501102448","0.13569356501102448","0.13569356501102448","2019","2019","2019"
"307099","0.1399352103471756","0.1399352103471756","0.1399352103471756","2020","2020","2020"
"307199","0.14937272667884827","0.14937272667884827","0.14937272667884827","2021","2021","2021"
"307299","0.14011359214782715","0.14011359214782715","0.14011359214782715","2022","2022","2022"
"307399","0.13377246260643005","0.13377246260643005","0.13377246260643005","2023","2023","2023"
"307499","0.14826229214668274","0.14826229214668274","0.14826229214668274","2024","2024","2024"
"307599","0.1379411667585373","0.1379411667585373","0.1379411667585373","2025","2025","2025"
"307699","0.13489864766597748","0.13489864766597748","0.13489864766597748","2026","2026","2026"
"307799","0.13816866278648376","0.13816866278648376","0.13816866278648376","2027","2027","2027"
"307899","0.13396306335926056","0.13396306335926056","0.13396306335926056","2028","2028","2028"
"307999","0.13610611855983734","0.13610611855983734","0.13610611855983734","2029","2029","2029"
"308099","0.1396855264902115","0.1396855264902115","0.1396855264902115","2030","2030","2030"
"308199","0.14443595707416534","0.14443595707416534","0.14443595707416534","2031","2031","2031"
"308299","0.1424616277217865","0.1424616277217865","0.1424616277217865","2032","2032","2032"
"308399","0.1378529816865921","0.1378529816865921","0.1378529816865921","2033","2033","2033"
"308499","0.14091065526008606","0.14091065526008606","0.14091065526008606","2034","2034","2034"
"308599","0.14068830013275146","0.14068830013275146","0.14068830013275146","2035","2035","2035"
"308699","0.13775819540023804","0.13775819540023804","0.13775819540023804","2036","2036","2036"
"308799","0.13729967176914215","0.13729967176914215","0.13729967176914215","2037","2037","2037"
"308899","0.13709571957588196","0.13709571957588196","0.13709571957588196","2038","2038","2038"
"308999","0.14155220985412598","0.14155220985412598","0.14155220985412598","2039","2039","2039"
"309099","0.13779057562351227","0.13779057562351227","0.13779057562351227","2040","2040","2040"
"309199","0.13535483181476593","0.13535483181476593","0.13535483181476593","2041","2041","2041"
"309299","0.1488138735294342","0.1488138735294342","0.1488138735294342","2042","2042","2042"
"309399","0.1433706134557724","0.1433706134557724","0.1433706134557724","2043","2043","2043"
"309499","0.14225409924983978","0.14225409924983978","0.14225409924983978","2044","2044","2044"
"309599","0.14281857013702393","0.14281857013702393","0.14281857013702393","2045","2045","2045"
"309699","0.15190571546554565","0.15190571546554565","0.15190571546554565","2046","2046","2046"
"309799","0.13240720331668854","0.13240720331668854","0.13240720331668854","2047","2047","2047"
"309899","0.1376560479402542","0.1376560479402542","0.1376560479402542","2048","2048","2048"
"309999","0.13525350391864777","0.13525350391864777","0.13525350391864777","2049","2049","2049"
"310099","0.13504593074321747","0.13504593074321747","0.13504593074321747","2050","2050","2050"
"310199","0.13064856827259064","0.13064856827259064","0.13064856827259064","2051","2051","2051"
"310299","0.14040221273899078","0.14040221273899078","0.14040221273899078","2052","2052","2052"
"310399","0.13629260659217834","0.13629260659217834","0.13629260659217834","2053","2053","2053"
"310499","0.14021515846252441","0.14021515846252441","0.14021515846252441","2054","2054","2054"
"310599","0.13787159323692322","0.13787159323692322","0.13787159323692322","2055","2055","2055"
"310699","0.13612742722034454","0.13612742722034454","0.13612742722034454","2056","2056","2056"
"310799","0.1383770853281021","0.1383770853281021","0.1383770853281021","2057","2057","2057"
"310899","0.1345217227935791","0.1345217227935791","0.1345217227935791","2058","2058","2058"
"310999","0.137258842587471","0.137258842587471","0.137258842587471","2059","2059","2059"
"311099","0.1282721310853958","0.1282721310853958","0.1282721310853958","2060","2060","2060"
"311199","0.13596922159194946","0.13596922159194946","0.13596922159194946","2061","2061","2061"
"311299","0.13975724577903748","0.13975724577903748","0.13975724577903748","2062","2062","2062"
"311399","0.13917870819568634","0.13917870819568634","0.13917870819568634","2063","2063","2063"
"311499","0.14288054406642914","0.14288054406642914","0.14288054406642914","2064","2064","2064"
"311599","0.1433524787425995","0.1433524787425995","0.1433524787425995","2065","2065","2065"
"311699","0.1471221148967743","0.1471221148967743","0.1471221148967743","2066","2066","2066"
"311799","0.13377068936824799","0.13377068936824799","0.13377068936824799","2067","2067","2067"
"311899","0.13131488859653473","0.13131488859653473","0.13131488859653473","2068","2068","2068"
"311999","0.14609527587890625","0.14609527587890625","0.14609527587890625","2069","2069","2069"
"312099","0.13625101745128632","0.13625101745128632","0.13625101745128632","2070","2070","2070"
"312199","0.1408904790878296","0.1408904790878296","0.1408904790878296","2071","2071","2071"
"312299","0.1407841295003891","0.1407841295003891","0.1407841295003891","2072","2072","2072"
"312399","0.1360458880662918","0.1360458880662918","0.1360458880662918","2073","2073","2073"
"312499","0.13988493382930756","0.13988493382930756","0.13988493382930756","2074","2074","2074"
"312599","0.13489282131195068","0.13489282131195068","0.13489282131195068","2075","2075","2075"
"312699","0.14596500992774963","0.14596500992774963","0.14596500992774963","2076","2076","2076"
"312799","0.1313084214925766","0.1313084214925766","0.1313084214925766","2077","2077","2077"
"312899","0.14239345490932465","0.14239345490932465","0.14239345490932465","2078","2078","2078"
"312999","0.13408569991588593","0.13408569991588593","0.13408569991588593","2079","2079","2079"
"313099","0.13533928990364075","0.13533928990364075","0.13533928990364075","2080","2080","2080"
"313199","0.13648511469364166","0.13648511469364166","0.13648511469364166","2081","2081","2081"
"313299","0.1361604481935501","0.1361604481935501","0.1361604481935501","2082","2082","2082"
"313399","0.1364368051290512","0.1364368051290512","0.1364368051290512","2083","2083","2083"
"313499","0.1378582864999771","0.1378582864999771","0.1378582864999771","2084","2084","2084"
"313599","0.13243462145328522","0.13243462145328522","0.13243462145328522","2085","2085","2085"
"313699","0.13444733619689941","0.13444733619689941","0.13444733619689941","2086","2086","2086"
"313799","0.14258702099323273","0.14258702099323273","0.14258702099323273","2087","2087","2087"
"313899","0.13752037286758423","0.13752037286758423","0.13752037286758423","2088","2088","2088"
"313999","0.1450788378715515","0.1450788378715515","0.1450788378715515","2089","2089","2089"
"314099","0.1332617551088333","0.1332617551088333","0.1332617551088333","2090","2090","2090"
"314199","0.14408619701862335","0.14408619701862335","0.14408619701862335","2091","2091","2091"
"314299","0.13996954262256622","0.13996954262256622","0.13996954262256622","2092","2092","2092"
"314399","0.14162954688072205","0.14162954688072205","0.14162954688072205","2093","2093","2093"
"314499","0.13914883136749268","0.13914883136749268","0.13914883136749268","2094","2094","2094"
"314599","0.14587953686714172","0.14587953686714172","0.14587953686714172","2095","2095","2095"
"314699","0.13630422949790955","0.13630422949790955","0.13630422949790955","2096","2096","2096"
"314799","0.13608935475349426","0.13608935475349426","0.13608935475349426","2097","2097","2097"
"314899","0.13621342182159424","0.13621342182159424","0.13621342182159424","2098","2098","2098"
"314999","0.13815899193286896","0.13815899193286896","0.13815899193286896","2099","2099","2099"
"315099","0.14077217876911163","0.14077217876911163","0.14077217876911163","2100","2100","2100"
"315199","0.13851596415042877","0.13851596415042877","0.13851596415042877","2101","2101","2101"