"trainer/global_step","optimalsinh_pt2 - train_loss","optimalsinh_pt2 - train_loss__MIN","optimalsinh_pt2 - train_loss__MAX","optimalsinh_pt2 - _step","optimalsinh_pt2 - _step__MIN","optimalsinh_pt2 - _step__MAX"
"105099","0.14362727105617523","0.14362727105617523","0.14362727105617523","0","0","0"
"105199","0.14833490550518036","0.14833490550518036","0.14833490550518036","1","1","1"
"105299","0.14295567572116852","0.14295567572116852","0.14295567572116852","2","2","2"
"105399","0.14221695065498352","0.14221695065498352","0.14221695065498352","3","3","3"
"105499","0.1358456164598465","0.1358456164598465","0.1358456164598465","4","4","4"
"105599","0.1325565129518509","0.1325565129518509","0.1325565129518509","5","5","5"
"105699","0.14077220857143402","0.14077220857143402","0.14077220857143402","6","6","6"
"105799","0.14899013936519623","0.14899013936519623","0.14899013936519623","7","7","7"
"105899","0.14430727064609528","0.14430727064609528","0.14430727064609528","8","8","8"
"105999","0.15239067375659943","0.15239067375659943","0.15239067375659943","9","9","9"
"106099","0.14087621867656708","0.14087621867656708","0.14087621867656708","10","10","10"
"106199","0.13780246675014496","0.13780246675014496","0.13780246675014496","11","11","11"
"106299","0.1440201699733734","0.1440201699733734","0.1440201699733734","12","12","12"
"106399","0.14223448932170868","0.14223448932170868","0.14223448932170868","13","13","13"
"106499","0.1404803842306137","0.1404803842306137","0.1404803842306137","14","14","14"
"106599","0.14941351115703583","0.14941351115703583","0.14941351115703583","15","15","15"
"106699","0.14775216579437256","0.14775216579437256","0.14775216579437256","16","16","16"
"106799","0.15369266271591187","0.15369266271591187","0.15369266271591187","17","17","17"
"106899","0.1384834200143814","0.1384834200143814","0.1384834200143814","18","18","18"
"106999","0.13509197533130646","0.13509197533130646","0.13509197533130646","19","19","19"
"107099","0.13687662780284882","0.13687662780284882","0.13687662780284882","20","20","20"
"107199","0.14513468742370605","0.14513468742370605","0.14513468742370605","21","21","21"
"107299","0.14822784066200256","0.14822784066200256","0.14822784066200256","22","22","22"
"107399","0.1451880931854248","0.1451880931854248","0.1451880931854248","23","23","23"
"107499","0.1384885013103485","0.1384885013103485","0.1384885013103485","24","24","24"
"107599","0.1431661695241928","0.1431661695241928","0.1431661695241928","25","25","25"
"107699","0.1456465721130371","0.1456465721130371","0.1456465721130371","26","26","26"
"107799","0.14342424273490906","0.14342424273490906","0.14342424273490906","27","27","27"
"107899","0.14592038094997406","0.14592038094997406","0.14592038094997406","28","28","28"
"107999","0.14358077943325043","0.14358077943325043","0.14358077943325043","29","29","29"
"108099","0.1222025454044342","0.1222025454044342","0.1222025454044342","30","30","30"
"108199","0.14250575006008148","0.14250575006008148","0.14250575006008148","31","31","31"
"108299","0.13673873245716095","0.13673873245716095","0.13673873245716095","32","32","32"
"108399","0.1440722495317459","0.1440722495317459","0.1440722495317459","33","33","33"
"108499","0.14449448883533478","0.14449448883533478","0.14449448883533478","34","34","34"
"108599","0.14609143137931824","0.14609143137931824","0.14609143137931824","35","35","35"
"108699","0.13602310419082642","0.13602310419082642","0.13602310419082642","36","36","36"
"108799","0.1366923451423645","0.1366923451423645","0.1366923451423645","37","37","37"
"108899","0.14174719154834747","0.14174719154834747","0.14174719154834747","38","38","38"
"108999","0.1412440836429596","0.1412440836429596","0.1412440836429596","39","39","39"
"109099","0.14564883708953857","0.14564883708953857","0.14564883708953857","40","40","40"
"109199","0.13130998611450195","0.13130998611450195","0.13130998611450195","41","41","41"
"109299","0.15156877040863037","0.15156877040863037","0.15156877040863037","42","42","42"
"109399","0.14751042425632477","0.14751042425632477","0.14751042425632477","43","43","43"
"109499","0.13665908575057983","0.13665908575057983","0.13665908575057983","44","44","44"
"109599","0.14309930801391602","0.14309930801391602","0.14309930801391602","45","45","45"
"109699","0.14255990087985992","0.14255990087985992","0.14255990087985992","46","46","46"
"109799","0.14935468137264252","0.14935468137264252","0.14935468137264252","47","47","47"
"109899","0.1412481963634491","0.1412481963634491","0.1412481963634491","48","48","48"
"109999","0.13918669521808624","0.13918669521808624","0.13918669521808624","49","49","49"
"110099","0.14676715433597565","0.14676715433597565","0.14676715433597565","50","50","50"
"110199","0.14563427865505219","0.14563427865505219","0.14563427865505219","51","51","51"
"110299","0.15171167254447937","0.15171167254447937","0.15171167254447937","52","52","52"
"110399","0.13286937773227692","0.13286937773227692","0.13286937773227692","53","53","53"
"110499","0.1452801376581192","0.1452801376581192","0.1452801376581192","54","54","54"
"110599","0.14683005213737488","0.14683005213737488","0.14683005213737488","55","55","55"
"110699","0.1414787918329239","0.1414787918329239","0.1414787918329239","56","56","56"
"110799","0.13811632990837097","0.13811632990837097","0.13811632990837097","57","57","57"
"110899","0.14942356944084167","0.14942356944084167","0.14942356944084167","58","58","58"
"110999","0.14051106572151184","0.14051106572151184","0.14051106572151184","59","59","59"
"111099","0.13827034831047058","0.13827034831047058","0.13827034831047058","60","60","60"
"111199","0.14510612189769745","0.14510612189769745","0.14510612189769745","61","61","61"
"111299","0.1383783370256424","0.1383783370256424","0.1383783370256424","62","62","62"
"111399","0.13573166728019714","0.13573166728019714","0.13573166728019714","63","63","63"
"111499","0.13595415651798248","0.13595415651798248","0.13595415651798248","64","64","64"
"111599","0.1305878460407257","0.1305878460407257","0.1305878460407257","65","65","65"
"111699","0.13512824475765228","0.13512824475765228","0.13512824475765228","66","66","66"
"111799","0.14112426340579987","0.14112426340579987","0.14112426340579987","67","67","67"
"111899","0.14098969101905823","0.14098969101905823","0.14098969101905823","68","68","68"
"111999","0.13856782019138336","0.13856782019138336","0.13856782019138336","69","69","69"
"112099","0.12700897455215454","0.12700897455215454","0.12700897455215454","70","70","70"
"112199","0.1477653980255127","0.1477653980255127","0.1477653980255127","71","71","71"
"112299","0.13345320522785187","0.13345320522785187","0.13345320522785187","72","72","72"
"112399","0.13900364935398102","0.13900364935398102","0.13900364935398102","73","73","73"
"112499","0.1408010721206665","0.1408010721206665","0.1408010721206665","74","74","74"
"112599","0.14917753636837006","0.14917753636837006","0.14917753636837006","75","75","75"
"112699","0.14325498044490814","0.14325498044490814","0.14325498044490814","76","76","76"
"112799","0.1373475193977356","0.1373475193977356","0.1373475193977356","77","77","77"
"112899","0.14804449677467346","0.14804449677467346","0.14804449677467346","78","78","78"
"112999","0.1416296660900116","0.1416296660900116","0.1416296660900116","79","79","79"
"113099","0.1488320380449295","0.1488320380449295","0.1488320380449295","80","80","80"
"113199","0.143558070063591","0.143558070063591","0.143558070063591","81","81","81"
"113299","0.13344651460647583","0.13344651460647583","0.13344651460647583","82","82","82"
"113399","0.1385115385055542","0.1385115385055542","0.1385115385055542","83","83","83"
"113499","0.14725467562675476","0.14725467562675476","0.14725467562675476","84","84","84"
"113599","0.1446368545293808","0.1446368545293808","0.1446368545293808","85","85","85"
"113699","0.1426832228899002","0.1426832228899002","0.1426832228899002","86","86","86"
"113799","0.13616694509983063","0.13616694509983063","0.13616694509983063","87","87","87"
"113899","0.15158507227897644","0.15158507227897644","0.15158507227897644","88","88","88"
"113999","0.14712031185626984","0.14712031185626984","0.14712031185626984","89","89","89"
"114099","0.13960078358650208","0.13960078358650208","0.13960078358650208","90","90","90"
"114199","0.15020981431007385","0.15020981431007385","0.15020981431007385","91","91","91"
"114299","0.14753027260303497","0.14753027260303497","0.14753027260303497","92","92","92"
"114399","0.13897542655467987","0.13897542655467987","0.13897542655467987","93","93","93"
"114499","0.14497891068458557","0.14497891068458557","0.14497891068458557","94","94","94"
"114599","0.137616828083992","0.137616828083992","0.137616828083992","95","95","95"
"114699","0.13831046223640442","0.13831046223640442","0.13831046223640442","96","96","96"
"114799","0.14310778677463531","0.14310778677463531","0.14310778677463531","97","97","97"
"114899","0.14193975925445557","0.14193975925445557","0.14193975925445557","98","98","98"
"114999","0.1469261348247528","0.1469261348247528","0.1469261348247528","99","99","99"
"115099","0.14127376675605774","0.14127376675605774","0.14127376675605774","100","100","100"
"115199","0.15204782783985138","0.15204782783985138","0.15204782783985138","101","101","101"
"115299","0.1398286372423172","0.1398286372423172","0.1398286372423172","102","102","102"
"115399","0.1418042927980423","0.1418042927980423","0.1418042927980423","103","103","103"
"115499","0.1440889835357666","0.1440889835357666","0.1440889835357666","104","104","104"
"115599","0.13516831398010254","0.13516831398010254","0.13516831398010254","105","105","105"
"115699","0.16080279648303986","0.16080279648303986","0.16080279648303986","106","106","106"
"115799","0.13748976588249207","0.13748976588249207","0.13748976588249207","107","107","107"
"115899","0.14027690887451172","0.14027690887451172","0.14027690887451172","108","108","108"
"115999","0.15085436403751373","0.15085436403751373","0.15085436403751373","109","109","109"
"116099","0.13689106702804565","0.13689106702804565","0.13689106702804565","110","110","110"
"116199","0.13676545023918152","0.13676545023918152","0.13676545023918152","111","111","111"
"116299","0.13622620701789856","0.13622620701789856","0.13622620701789856","112","112","112"
"116399","0.15030331909656525","0.15030331909656525","0.15030331909656525","113","113","113"
"116499","0.14862440526485443","0.14862440526485443","0.14862440526485443","114","114","114"
"116599","0.1481015384197235","0.1481015384197235","0.1481015384197235","115","115","115"
"116699","0.14202247560024261","0.14202247560024261","0.14202247560024261","116","116","116"
"116799","0.14268574118614197","0.14268574118614197","0.14268574118614197","117","117","117"
"116899","0.15400700271129608","0.15400700271129608","0.15400700271129608","118","118","118"
"116999","0.13942010700702667","0.13942010700702667","0.13942010700702667","119","119","119"
"117099","0.1383577287197113","0.1383577287197113","0.1383577287197113","120","120","120"
"117199","0.14428836107254028","0.14428836107254028","0.14428836107254028","121","121","121"
"117299","0.13785801827907562","0.13785801827907562","0.13785801827907562","122","122","122"
"117399","0.14087629318237305","0.14087629318237305","0.14087629318237305","123","123","123"
"117499","0.1397554874420166","0.1397554874420166","0.1397554874420166","124","124","124"
"117599","0.13867440819740295","0.13867440819740295","0.13867440819740295","125","125","125"
"117699","0.1399073302745819","0.1399073302745819","0.1399073302745819","126","126","126"
"117799","0.1383071094751358","0.1383071094751358","0.1383071094751358","127","127","127"
"117899","0.13502243161201477","0.13502243161201477","0.13502243161201477","128","128","128"
"117999","0.14302034676074982","0.14302034676074982","0.14302034676074982","129","129","129"
"118099","0.1420336663722992","0.1420336663722992","0.1420336663722992","130","130","130"
"118199","0.14846570789813995","0.14846570789813995","0.14846570789813995","131","131","131"
"118299","0.14151963591575623","0.14151963591575623","0.14151963591575623","132","132","132"
"118399","0.15193644165992737","0.15193644165992737","0.15193644165992737","133","133","133"
"118499","0.13880345225334167","0.13880345225334167","0.13880345225334167","134","134","134"
"118599","0.1400287002325058","0.1400287002325058","0.1400287002325058","135","135","135"
"118699","0.13200850784778595","0.13200850784778595","0.13200850784778595","136","136","136"
"118799","0.13289393484592438","0.13289393484592438","0.13289393484592438","137","137","137"
"118899","0.13945311307907104","0.13945311307907104","0.13945311307907104","138","138","138"
"118999","0.1364177018404007","0.1364177018404007","0.1364177018404007","139","139","139"
"119099","0.14467065036296844","0.14467065036296844","0.14467065036296844","140","140","140"
"119199","0.14233431220054626","0.14233431220054626","0.14233431220054626","141","141","141"
"119299","0.13549692928791046","0.13549692928791046","0.13549692928791046","142","142","142"
"119399","0.14201386272907257","0.14201386272907257","0.14201386272907257","143","143","143"
"119499","0.14530880749225616","0.14530880749225616","0.14530880749225616","144","144","144"
"119599","0.1369905173778534","0.1369905173778534","0.1369905173778534","145","145","145"
"119699","0.14055868983268738","0.14055868983268738","0.14055868983268738","146","146","146"
"119799","0.1311887502670288","0.1311887502670288","0.1311887502670288","147","147","147"
"119899","0.14852620661258698","0.14852620661258698","0.14852620661258698","148","148","148"
"119999","0.1400059014558792","0.1400059014558792","0.1400059014558792","149","149","149"
"120099","0.1401793211698532","0.1401793211698532","0.1401793211698532","150","150","150"
"120199","0.14563876390457153","0.14563876390457153","0.14563876390457153","151","151","151"
"120299","0.1474713385105133","0.1474713385105133","0.1474713385105133","152","152","152"
"120399","0.13109292089939117","0.13109292089939117","0.13109292089939117","153","153","153"
"120499","0.14954085648059845","0.14954085648059845","0.14954085648059845","154","154","154"
"120599","0.14345595240592957","0.14345595240592957","0.14345595240592957","155","155","155"
"120699","0.1395328789949417","0.1395328789949417","0.1395328789949417","156","156","156"
"120799","0.14748528599739075","0.14748528599739075","0.14748528599739075","157","157","157"
"120899","0.13464130461215973","0.13464130461215973","0.13464130461215973","158","158","158"
"120999","0.14728878438472748","0.14728878438472748","0.14728878438472748","159","159","159"
"121099","0.13624365627765656","0.13624365627765656","0.13624365627765656","160","160","160"
"121199","0.14051829278469086","0.14051829278469086","0.14051829278469086","161","161","161"
"121299","0.14215445518493652","0.14215445518493652","0.14215445518493652","162","162","162"
"121399","0.14562875032424927","0.14562875032424927","0.14562875032424927","163","163","163"
"121499","0.1357649862766266","0.1357649862766266","0.1357649862766266","164","164","164"
"121599","0.14252182841300964","0.14252182841300964","0.14252182841300964","165","165","165"
"121699","0.14371533691883087","0.14371533691883087","0.14371533691883087","166","166","166"
"121799","0.13031049072742462","0.13031049072742462","0.13031049072742462","167","167","167"
"121899","0.1353619247674942","0.1353619247674942","0.1353619247674942","168","168","168"
"121999","0.1463015079498291","0.1463015079498291","0.1463015079498291","169","169","169"
"122099","0.12822647392749786","0.12822647392749786","0.12822647392749786","170","170","170"
"122199","0.13895398378372192","0.13895398378372192","0.13895398378372192","171","171","171"
"122299","0.1375582218170166","0.1375582218170166","0.1375582218170166","172","172","172"
"122399","0.14363200962543488","0.14363200962543488","0.14363200962543488","173","173","173"
"122499","0.14913851022720337","0.14913851022720337","0.14913851022720337","174","174","174"
"122599","0.14806444942951202","0.14806444942951202","0.14806444942951202","175","175","175"
"122699","0.1420365273952484","0.1420365273952484","0.1420365273952484","176","176","176"
"122799","0.1415582299232483","0.1415582299232483","0.1415582299232483","177","177","177"
"122899","0.14112025499343872","0.14112025499343872","0.14112025499343872","178","178","178"
"122999","0.13947919011116028","0.13947919011116028","0.13947919011116028","179","179","179"
"123099","0.13157446682453156","0.13157446682453156","0.13157446682453156","180","180","180"
"123199","0.14507579803466797","0.14507579803466797","0.14507579803466797","181","181","181"
"123299","0.14640749990940094","0.14640749990940094","0.14640749990940094","182","182","182"
"123399","0.1372157335281372","0.1372157335281372","0.1372157335281372","183","183","183"
"123499","0.13764648139476776","0.13764648139476776","0.13764648139476776","184","184","184"
"123599","0.14248517155647278","0.14248517155647278","0.14248517155647278","185","185","185"
"123699","0.1386907994747162","0.1386907994747162","0.1386907994747162","186","186","186"
"123799","0.14254286885261536","0.14254286885261536","0.14254286885261536","187","187","187"
"123899","0.1367689073085785","0.1367689073085785","0.1367689073085785","188","188","188"
"123999","0.13984724879264832","0.13984724879264832","0.13984724879264832","189","189","189"
"124099","0.1488097459077835","0.1488097459077835","0.1488097459077835","190","190","190"
"124199","0.1381945163011551","0.1381945163011551","0.1381945163011551","191","191","191"
"124299","0.13490618765354156","0.13490618765354156","0.13490618765354156","192","192","192"
"124399","0.14484232664108276","0.14484232664108276","0.14484232664108276","193","193","193"
"124499","0.14438186585903168","0.14438186585903168","0.14438186585903168","194","194","194"
"124599","0.13279367983341217","0.13279367983341217","0.13279367983341217","195","195","195"
"124699","0.1426067352294922","0.1426067352294922","0.1426067352294922","196","196","196"
"124799","0.1378747969865799","0.1378747969865799","0.1378747969865799","197","197","197"
"124899","0.141215518116951","0.141215518116951","0.141215518116951","198","198","198"
"124999","0.1365453153848648","0.1365453153848648","0.1365453153848648","199","199","199"
"125099","0.14437523484230042","0.14437523484230042","0.14437523484230042","200","200","200"
"125199","0.14122366905212402","0.14122366905212402","0.14122366905212402","201","201","201"
"125299","0.1409965306520462","0.1409965306520462","0.1409965306520462","202","202","202"
"125399","0.13885970413684845","0.13885970413684845","0.13885970413684845","203","203","203"
"125499","0.14126120507717133","0.14126120507717133","0.14126120507717133","204","204","204"
"125599","0.14435991644859314","0.14435991644859314","0.14435991644859314","205","205","205"
"125699","0.1386771947145462","0.1386771947145462","0.1386771947145462","206","206","206"
"125799","0.14270371198654175","0.14270371198654175","0.14270371198654175","207","207","207"
"125899","0.1417798399925232","0.1417798399925232","0.1417798399925232","208","208","208"
"125999","0.13661330938339233","0.13661330938339233","0.13661330938339233","209","209","209"
"126099","0.13971473276615143","0.13971473276615143","0.13971473276615143","210","210","210"
"126199","0.14047153294086456","0.14047153294086456","0.14047153294086456","211","211","211"
"126299","0.13487839698791504","0.13487839698791504","0.13487839698791504","212","212","212"
"126399","0.14039872586727142","0.14039872586727142","0.14039872586727142","213","213","213"
"126499","0.1466769278049469","0.1466769278049469","0.1466769278049469","214","214","214"
"126599","0.13577230274677277","0.13577230274677277","0.13577230274677277","215","215","215"
"126699","0.1386566013097763","0.1386566013097763","0.1386566013097763","216","216","216"
"126799","0.14376279711723328","0.14376279711723328","0.14376279711723328","217","217","217"
"126899","0.13733942806720734","0.13733942806720734","0.13733942806720734","218","218","218"
"126999","0.15705664455890656","0.15705664455890656","0.15705664455890656","219","219","219"
"127099","0.13397347927093506","0.13397347927093506","0.13397347927093506","220","220","220"
"127199","0.1478901356458664","0.1478901356458664","0.1478901356458664","221","221","221"
"127299","0.14637425541877747","0.14637425541877747","0.14637425541877747","222","222","222"
"127399","0.1344979703426361","0.1344979703426361","0.1344979703426361","223","223","223"
"127499","0.14029957354068756","0.14029957354068756","0.14029957354068756","224","224","224"
"127599","0.1484178751707077","0.1484178751707077","0.1484178751707077","225","225","225"
"127699","0.14615567028522491","0.14615567028522491","0.14615567028522491","226","226","226"
"127799","0.13964557647705078","0.13964557647705078","0.13964557647705078","227","227","227"
"127899","0.1352221965789795","0.1352221965789795","0.1352221965789795","228","228","228"
"127999","0.1378829926252365","0.1378829926252365","0.1378829926252365","229","229","229"
"128099","0.14232170581817627","0.14232170581817627","0.14232170581817627","230","230","230"
"128199","0.13977397978305817","0.13977397978305817","0.13977397978305817","231","231","231"
"128299","0.13382573425769806","0.13382573425769806","0.13382573425769806","232","232","232"
"128399","0.14249810576438904","0.14249810576438904","0.14249810576438904","233","233","233"
"128499","0.1467728465795517","0.1467728465795517","0.1467728465795517","234","234","234"
"128599","0.13950011134147644","0.13950011134147644","0.13950011134147644","235","235","235"
"128699","0.1421172320842743","0.1421172320842743","0.1421172320842743","236","236","236"
"128799","0.14066872000694275","0.14066872000694275","0.14066872000694275","237","237","237"
"128899","0.14151030778884888","0.14151030778884888","0.14151030778884888","238","238","238"
"128999","0.14200007915496826","0.14200007915496826","0.14200007915496826","239","239","239"
"129099","0.13926686346530914","0.13926686346530914","0.13926686346530914","240","240","240"
"129199","0.13088783621788025","0.13088783621788025","0.13088783621788025","241","241","241"
"129299","0.14650371670722961","0.14650371670722961","0.14650371670722961","242","242","242"
"129399","0.1431456059217453","0.1431456059217453","0.1431456059217453","243","243","243"
"129499","0.14499232172966003","0.14499232172966003","0.14499232172966003","244","244","244"
"129599","0.13141252100467682","0.13141252100467682","0.13141252100467682","245","245","245"
"129699","0.14294011890888214","0.14294011890888214","0.14294011890888214","246","246","246"
"129799","0.14175216853618622","0.14175216853618622","0.14175216853618622","247","247","247"
"129899","0.14547353982925415","0.14547353982925415","0.14547353982925415","248","248","248"
"129999","0.14049021899700165","0.14049021899700165","0.14049021899700165","249","249","249"
"130099","0.1338512897491455","0.1338512897491455","0.1338512897491455","250","250","250"
"130199","0.1411566585302353","0.1411566585302353","0.1411566585302353","251","251","251"
"130299","0.12410677969455719","0.12410677969455719","0.12410677969455719","252","252","252"
"130399","0.14008331298828125","0.14008331298828125","0.14008331298828125","253","253","253"
"130499","0.1321173459291458","0.1321173459291458","0.1321173459291458","254","254","254"
"130599","0.14653858542442322","0.14653858542442322","0.14653858542442322","255","255","255"
"130699","0.13536511361598969","0.13536511361598969","0.13536511361598969","256","256","256"
"130799","0.13766157627105713","0.13766157627105713","0.13766157627105713","257","257","257"
"130899","0.1346319168806076","0.1346319168806076","0.1346319168806076","258","258","258"
"130999","0.14504046738147736","0.14504046738147736","0.14504046738147736","259","259","259"
"131099","0.15128999948501587","0.15128999948501587","0.15128999948501587","260","260","260"
"131199","0.1393878012895584","0.1393878012895584","0.1393878012895584","261","261","261"
"131299","0.14408476650714874","0.14408476650714874","0.14408476650714874","262","262","262"
"131399","0.14460459351539612","0.14460459351539612","0.14460459351539612","263","263","263"
"131499","0.14923521876335144","0.14923521876335144","0.14923521876335144","264","264","264"
"131599","0.14337463676929474","0.14337463676929474","0.14337463676929474","265","265","265"
"131699","0.15111276507377625","0.15111276507377625","0.15111276507377625","266","266","266"
"131799","0.14463362097740173","0.14463362097740173","0.14463362097740173","267","267","267"
"131899","0.1398182511329651","0.1398182511329651","0.1398182511329651","268","268","268"
"131999","0.14109382033348083","0.14109382033348083","0.14109382033348083","269","269","269"
"132099","0.1460549384355545","0.1460549384355545","0.1460549384355545","270","270","270"
"132199","0.14111189544200897","0.14111189544200897","0.14111189544200897","271","271","271"
"132299","0.15291514992713928","0.15291514992713928","0.15291514992713928","272","272","272"
"132399","0.12846291065216064","0.12846291065216064","0.12846291065216064","273","273","273"
"132499","0.13452549278736115","0.13452549278736115","0.13452549278736115","274","274","274"
"132599","0.13520066440105438","0.13520066440105438","0.13520066440105438","275","275","275"
"132699","0.140895813703537","0.140895813703537","0.140895813703537","276","276","276"
"132799","0.13003477454185486","0.13003477454185486","0.13003477454185486","277","277","277"
"132899","0.14295336604118347","0.14295336604118347","0.14295336604118347","278","278","278"
"132999","0.1448347568511963","0.1448347568511963","0.1448347568511963","279","279","279"
"133099","0.14080195128917694","0.14080195128917694","0.14080195128917694","280","280","280"
"133199","0.14470835030078888","0.14470835030078888","0.14470835030078888","281","281","281"
"133299","0.14928877353668213","0.14928877353668213","0.14928877353668213","282","282","282"
"133399","0.14608782529830933","0.14608782529830933","0.14608782529830933","283","283","283"
"133499","0.14158755540847778","0.14158755540847778","0.14158755540847778","284","284","284"
"133599","0.13446684181690216","0.13446684181690216","0.13446684181690216","285","285","285"
"133699","0.1338568776845932","0.1338568776845932","0.1338568776845932","286","286","286"
"133799","0.1403474509716034","0.1403474509716034","0.1403474509716034","287","287","287"
"133899","0.14000827074050903","0.14000827074050903","0.14000827074050903","288","288","288"
"133999","0.13782747089862823","0.13782747089862823","0.13782747089862823","289","289","289"
"134099","0.1394658386707306","0.1394658386707306","0.1394658386707306","290","290","290"
"134199","0.13395948708057404","0.13395948708057404","0.13395948708057404","291","291","291"
"134299","0.1457054167985916","0.1457054167985916","0.1457054167985916","292","292","292"
"134399","0.1350647360086441","0.1350647360086441","0.1350647360086441","293","293","293"
"134499","0.13512440025806427","0.13512440025806427","0.13512440025806427","294","294","294"
"134599","0.13735313713550568","0.13735313713550568","0.13735313713550568","295","295","295"
"134699","0.14211711287498474","0.14211711287498474","0.14211711287498474","296","296","296"
"134799","0.14326588809490204","0.14326588809490204","0.14326588809490204","297","297","297"
"134899","0.15080830454826355","0.15080830454826355","0.15080830454826355","298","298","298"
"134999","0.13998019695281982","0.13998019695281982","0.13998019695281982","299","299","299"
"135099","0.14966124296188354","0.14966124296188354","0.14966124296188354","300","300","300"
"135199","0.14744539558887482","0.14744539558887482","0.14744539558887482","301","301","301"
"135299","0.14287318289279938","0.14287318289279938","0.14287318289279938","302","302","302"
"135399","0.1414521187543869","0.1414521187543869","0.1414521187543869","303","303","303"
"135499","0.14299288392066956","0.14299288392066956","0.14299288392066956","304","304","304"
"135599","0.13451942801475525","0.13451942801475525","0.13451942801475525","305","305","305"
"135699","0.1367301195859909","0.1367301195859909","0.1367301195859909","306","306","306"
"135799","0.1399233639240265","0.1399233639240265","0.1399233639240265","307","307","307"
"135899","0.13343532383441925","0.13343532383441925","0.13343532383441925","308","308","308"
"135999","0.13749632239341736","0.13749632239341736","0.13749632239341736","309","309","309"
"136099","0.14034169912338257","0.14034169912338257","0.14034169912338257","310","310","310"
"136199","0.1377059668302536","0.1377059668302536","0.1377059668302536","311","311","311"
"136299","0.145696222782135","0.145696222782135","0.145696222782135","312","312","312"
"136399","0.14311721920967102","0.14311721920967102","0.14311721920967102","313","313","313"
"136499","0.14806468784809113","0.14806468784809113","0.14806468784809113","314","314","314"
"136599","0.1338885873556137","0.1338885873556137","0.1338885873556137","315","315","315"
"136699","0.13535387814044952","0.13535387814044952","0.13535387814044952","316","316","316"
"136799","0.1438368558883667","0.1438368558883667","0.1438368558883667","317","317","317"
"136899","0.14269492030143738","0.14269492030143738","0.14269492030143738","318","318","318"
"136999","0.1376134604215622","0.1376134604215622","0.1376134604215622","319","319","319"
"137099","0.13948306441307068","0.13948306441307068","0.13948306441307068","320","320","320"
"137199","0.13439197838306427","0.13439197838306427","0.13439197838306427","321","321","321"
"137299","0.14982223510742188","0.14982223510742188","0.14982223510742188","322","322","322"
"137399","0.14596430957317352","0.14596430957317352","0.14596430957317352","323","323","323"
"137499","0.13658471405506134","0.13658471405506134","0.13658471405506134","324","324","324"
"137599","0.14543122053146362","0.14543122053146362","0.14543122053146362","325","325","325"
"137699","0.1341368705034256","0.1341368705034256","0.1341368705034256","326","326","326"
"137799","0.1394999474287033","0.1394999474287033","0.1394999474287033","327","327","327"
"137899","0.13903997838497162","0.13903997838497162","0.13903997838497162","328","328","328"
"137999","0.1351182907819748","0.1351182907819748","0.1351182907819748","329","329","329"
"138099","0.13648106157779694","0.13648106157779694","0.13648106157779694","330","330","330"
"138199","0.147464781999588","0.147464781999588","0.147464781999588","331","331","331"
"138299","0.12738537788391113","0.12738537788391113","0.12738537788391113","332","332","332"
"138399","0.14507874846458435","0.14507874846458435","0.14507874846458435","333","333","333"
"138499","0.13950830698013306","0.13950830698013306","0.13950830698013306","334","334","334"
"138599","0.1423179656267166","0.1423179656267166","0.1423179656267166","335","335","335"
"138699","0.1487259566783905","0.1487259566783905","0.1487259566783905","336","336","336"
"138799","0.13968923687934875","0.13968923687934875","0.13968923687934875","337","337","337"
"138899","0.15082404017448425","0.15082404017448425","0.15082404017448425","338","338","338"
"138999","0.1445438414812088","0.1445438414812088","0.1445438414812088","339","339","339"
"139099","0.14588195085525513","0.14588195085525513","0.14588195085525513","340","340","340"
"139199","0.13780507445335388","0.13780507445335388","0.13780507445335388","341","341","341"
"139299","0.13564831018447876","0.13564831018447876","0.13564831018447876","342","342","342"
"139399","0.13903552293777466","0.13903552293777466","0.13903552293777466","343","343","343"
"139499","0.1479368358850479","0.1479368358850479","0.1479368358850479","344","344","344"
"139599","0.14071209728717804","0.14071209728717804","0.14071209728717804","345","345","345"
"139699","0.13966399431228638","0.13966399431228638","0.13966399431228638","346","346","346"
"139799","0.1498173177242279","0.1498173177242279","0.1498173177242279","347","347","347"
"139899","0.1312248706817627","0.1312248706817627","0.1312248706817627","348","348","348"
"139999","0.1347203254699707","0.1347203254699707","0.1347203254699707","349","349","349"
"140099","0.14318329095840454","0.14318329095840454","0.14318329095840454","350","350","350"
"140199","0.13875910639762878","0.13875910639762878","0.13875910639762878","351","351","351"
"140299","0.1436164379119873","0.1436164379119873","0.1436164379119873","352","352","352"
"140399","0.14278727769851685","0.14278727769851685","0.14278727769851685","353","353","353"
"140499","0.14329153299331665","0.14329153299331665","0.14329153299331665","354","354","354"
"140599","0.14896166324615479","0.14896166324615479","0.14896166324615479","355","355","355"
"140699","0.1378733068704605","0.1378733068704605","0.1378733068704605","356","356","356"
"140799","0.13557304441928864","0.13557304441928864","0.13557304441928864","357","357","357"
"140899","0.13896895945072174","0.13896895945072174","0.13896895945072174","358","358","358"
"140999","0.13837838172912598","0.13837838172912598","0.13837838172912598","359","359","359"
"141099","0.14349624514579773","0.14349624514579773","0.14349624514579773","360","360","360"
"141199","0.15403561294078827","0.15403561294078827","0.15403561294078827","361","361","361"
"141299","0.14411717653274536","0.14411717653274536","0.14411717653274536","362","362","362"
"141399","0.13518360257148743","0.13518360257148743","0.13518360257148743","363","363","363"
"141499","0.1491679847240448","0.1491679847240448","0.1491679847240448","364","364","364"
"141599","0.1372785121202469","0.1372785121202469","0.1372785121202469","365","365","365"
"141699","0.13554155826568604","0.13554155826568604","0.13554155826568604","366","366","366"
"141799","0.14484548568725586","0.14484548568725586","0.14484548568725586","367","367","367"
"141899","0.13874800503253937","0.13874800503253937","0.13874800503253937","368","368","368"
"141999","0.13243930041790009","0.13243930041790009","0.13243930041790009","369","369","369"
"142099","0.1435241997241974","0.1435241997241974","0.1435241997241974","370","370","370"
"142199","0.14313416182994843","0.14313416182994843","0.14313416182994843","371","371","371"
"142299","0.137879878282547","0.137879878282547","0.137879878282547","372","372","372"
"142399","0.13841037452220917","0.13841037452220917","0.13841037452220917","373","373","373"
"142499","0.13975517451763153","0.13975517451763153","0.13975517451763153","374","374","374"
"142599","0.14408667385578156","0.14408667385578156","0.14408667385578156","375","375","375"
"142699","0.1356511414051056","0.1356511414051056","0.1356511414051056","376","376","376"
"142799","0.14146265387535095","0.14146265387535095","0.14146265387535095","377","377","377"
"142899","0.14094685018062592","0.14094685018062592","0.14094685018062592","378","378","378"
"142999","0.1397230476140976","0.1397230476140976","0.1397230476140976","379","379","379"
"143099","0.14948008954524994","0.14948008954524994","0.14948008954524994","380","380","380"
"143199","0.14059308171272278","0.14059308171272278","0.14059308171272278","381","381","381"
"143299","0.13414917886257172","0.13414917886257172","0.13414917886257172","382","382","382"
"143399","0.1470337212085724","0.1470337212085724","0.1470337212085724","383","383","383"
"143499","0.14120814204216003","0.14120814204216003","0.14120814204216003","384","384","384"
"143599","0.13774152100086212","0.13774152100086212","0.13774152100086212","385","385","385"
"143699","0.1392158716917038","0.1392158716917038","0.1392158716917038","386","386","386"
"143799","0.14421507716178894","0.14421507716178894","0.14421507716178894","387","387","387"
"143899","0.14215947687625885","0.14215947687625885","0.14215947687625885","388","388","388"
"143999","0.13978564739227295","0.13978564739227295","0.13978564739227295","389","389","389"
"144099","0.1336095929145813","0.1336095929145813","0.1336095929145813","390","390","390"
"144199","0.14143869280815125","0.14143869280815125","0.14143869280815125","391","391","391"
"144299","0.14513860642910004","0.14513860642910004","0.14513860642910004","392","392","392"
"144399","0.14171767234802246","0.14171767234802246","0.14171767234802246","393","393","393"
"144499","0.13670046627521515","0.13670046627521515","0.13670046627521515","394","394","394"
"144599","0.14421908557415009","0.14421908557415009","0.14421908557415009","395","395","395"
"144699","0.14344502985477448","0.14344502985477448","0.14344502985477448","396","396","396"
"144799","0.1353677660226822","0.1353677660226822","0.1353677660226822","397","397","397"
"144899","0.1445983201265335","0.1445983201265335","0.1445983201265335","398","398","398"
"144999","0.13482926785945892","0.13482926785945892","0.13482926785945892","399","399","399"
"145099","0.14511536061763763","0.14511536061763763","0.14511536061763763","400","400","400"
"145199","0.1502692550420761","0.1502692550420761","0.1502692550420761","401","401","401"
"145299","0.13944438099861145","0.13944438099861145","0.13944438099861145","402","402","402"
"145399","0.14722199738025665","0.14722199738025665","0.14722199738025665","403","403","403"
"145499","0.13716311752796173","0.13716311752796173","0.13716311752796173","404","404","404"
"145599","0.1351277083158493","0.1351277083158493","0.1351277083158493","405","405","405"
"145699","0.13653336465358734","0.13653336465358734","0.13653336465358734","406","406","406"
"145799","0.1463892012834549","0.1463892012834549","0.1463892012834549","407","407","407"
"145899","0.1409844607114792","0.1409844607114792","0.1409844607114792","408","408","408"
"145999","0.1387137919664383","0.1387137919664383","0.1387137919664383","409","409","409"
"146099","0.13690759241580963","0.13690759241580963","0.13690759241580963","410","410","410"
"146199","0.13461345434188843","0.13461345434188843","0.13461345434188843","411","411","411"
"146299","0.14471539855003357","0.14471539855003357","0.14471539855003357","412","412","412"
"146399","0.13455605506896973","0.13455605506896973","0.13455605506896973","413","413","413"
"146499","0.13894858956336975","0.13894858956336975","0.13894858956336975","414","414","414"
"146599","0.13795694708824158","0.13795694708824158","0.13795694708824158","415","415","415"
"146699","0.1391415297985077","0.1391415297985077","0.1391415297985077","416","416","416"
"146799","0.14347481727600098","0.14347481727600098","0.14347481727600098","417","417","417"
"146899","0.14667150378227234","0.14667150378227234","0.14667150378227234","418","418","418"
"146999","0.14237695932388306","0.14237695932388306","0.14237695932388306","419","419","419"
"147099","0.14794979989528656","0.14794979989528656","0.14794979989528656","420","420","420"
"147199","0.1322934627532959","0.1322934627532959","0.1322934627532959","421","421","421"
"147299","0.13467657566070557","0.13467657566070557","0.13467657566070557","422","422","422"
"147399","0.13461948931217194","0.13461948931217194","0.13461948931217194","423","423","423"
"147499","0.13542814552783966","0.13542814552783966","0.13542814552783966","424","424","424"
"147599","0.14811944961547852","0.14811944961547852","0.14811944961547852","425","425","425"
"147699","0.14965057373046875","0.14965057373046875","0.14965057373046875","426","426","426"
"147799","0.14704714715480804","0.14704714715480804","0.14704714715480804","427","427","427"
"147899","0.13975106179714203","0.13975106179714203","0.13975106179714203","428","428","428"
"147999","0.1418880820274353","0.1418880820274353","0.1418880820274353","429","429","429"
"148099","0.1463286280632019","0.1463286280632019","0.1463286280632019","430","430","430"
"148199","0.13566437363624573","0.13566437363624573","0.13566437363624573","431","431","431"
"148299","0.13624531030654907","0.13624531030654907","0.13624531030654907","432","432","432"
"148399","0.1445140838623047","0.1445140838623047","0.1445140838623047","433","433","433"
"148499","0.13328896462917328","0.13328896462917328","0.13328896462917328","434","434","434"
"148599","0.14200825989246368","0.14200825989246368","0.14200825989246368","435","435","435"
"148699","0.13668857514858246","0.13668857514858246","0.13668857514858246","436","436","436"
"148799","0.13301536440849304","0.13301536440849304","0.13301536440849304","437","437","437"
"148899","0.14199931919574738","0.14199931919574738","0.14199931919574738","438","438","438"
"148999","0.14506037533283234","0.14506037533283234","0.14506037533283234","439","439","439"
"149099","0.14480727910995483","0.14480727910995483","0.14480727910995483","440","440","440"
"149199","0.13321587443351746","0.13321587443351746","0.13321587443351746","441","441","441"
"149299","0.12872520089149475","0.12872520089149475","0.12872520089149475","442","442","442"
"149399","0.14259417355060577","0.14259417355060577","0.14259417355060577","443","443","443"
"149499","0.13748420774936676","0.13748420774936676","0.13748420774936676","444","444","444"
"149599","0.13984428346157074","0.13984428346157074","0.13984428346157074","445","445","445"
"149699","0.14282304048538208","0.14282304048538208","0.14282304048538208","446","446","446"
"149799","0.14215832948684692","0.14215832948684692","0.14215832948684692","447","447","447"
"149899","0.13180996477603912","0.13180996477603912","0.13180996477603912","448","448","448"
"149999","0.14619973301887512","0.14619973301887512","0.14619973301887512","449","449","449"
"150099","0.14135019481182098","0.14135019481182098","0.14135019481182098","450","450","450"
"150199","0.14651794731616974","0.14651794731616974","0.14651794731616974","451","451","451"
"150299","0.14522290229797363","0.14522290229797363","0.14522290229797363","452","452","452"
"150399","0.13507607579231262","0.13507607579231262","0.13507607579231262","453","453","453"
"150499","0.13974234461784363","0.13974234461784363","0.13974234461784363","454","454","454"
"150599","0.14086483418941498","0.14086483418941498","0.14086483418941498","455","455","455"
"150699","0.13160695135593414","0.13160695135593414","0.13160695135593414","456","456","456"
"150799","0.13999630510807037","0.13999630510807037","0.13999630510807037","457","457","457"
"150899","0.13760265707969666","0.13760265707969666","0.13760265707969666","458","458","458"
"150999","0.13419707119464874","0.13419707119464874","0.13419707119464874","459","459","459"
"151099","0.13973940908908844","0.13973940908908844","0.13973940908908844","460","460","460"
"151199","0.1401163935661316","0.1401163935661316","0.1401163935661316","461","461","461"
"151299","0.12981301546096802","0.12981301546096802","0.12981301546096802","462","462","462"
"151399","0.1415916234254837","0.1415916234254837","0.1415916234254837","463","463","463"
"151499","0.14060235023498535","0.14060235023498535","0.14060235023498535","464","464","464"
"151599","0.13854901492595673","0.13854901492595673","0.13854901492595673","465","465","465"
"151699","0.1300714612007141","0.1300714612007141","0.1300714612007141","466","466","466"
"151799","0.13691604137420654","0.13691604137420654","0.13691604137420654","467","467","467"
"151899","0.14404121041297913","0.14404121041297913","0.14404121041297913","468","468","468"
"151999","0.1350012570619583","0.1350012570619583","0.1350012570619583","469","469","469"
"152099","0.14433301985263824","0.14433301985263824","0.14433301985263824","470","470","470"
"152199","0.1325943022966385","0.1325943022966385","0.1325943022966385","471","471","471"
"152299","0.14449629187583923","0.14449629187583923","0.14449629187583923","472","472","472"
"152399","0.13421279191970825","0.13421279191970825","0.13421279191970825","473","473","473"
"152499","0.1422751098871231","0.1422751098871231","0.1422751098871231","474","474","474"
"152599","0.13537903130054474","0.13537903130054474","0.13537903130054474","475","475","475"
"152699","0.1431906372308731","0.1431906372308731","0.1431906372308731","476","476","476"
"152799","0.14606690406799316","0.14606690406799316","0.14606690406799316","477","477","477"
"152899","0.13949497044086456","0.13949497044086456","0.13949497044086456","478","478","478"
"152999","0.13362883031368256","0.13362883031368256","0.13362883031368256","479","479","479"
"153099","0.14573733508586884","0.14573733508586884","0.14573733508586884","480","480","480"
"153199","0.14104247093200684","0.14104247093200684","0.14104247093200684","481","481","481"
"153299","0.1324278563261032","0.1324278563261032","0.1324278563261032","482","482","482"
"153399","0.14662382006645203","0.14662382006645203","0.14662382006645203","483","483","483"
"153499","0.13650257885456085","0.13650257885456085","0.13650257885456085","484","484","484"
"153599","0.127049058675766","0.127049058675766","0.127049058675766","485","485","485"
"153699","0.14176757633686066","0.14176757633686066","0.14176757633686066","486","486","486"
"153799","0.13218718767166138","0.13218718767166138","0.13218718767166138","487","487","487"
"153899","0.13234181702136993","0.13234181702136993","0.13234181702136993","488","488","488"
"153999","0.14949144423007965","0.14949144423007965","0.14949144423007965","489","489","489"
"154099","0.14085431396961212","0.14085431396961212","0.14085431396961212","490","490","490"
"154199","0.12770354747772217","0.12770354747772217","0.12770354747772217","491","491","491"
"154299","0.1327195167541504","0.1327195167541504","0.1327195167541504","492","492","492"
"154399","0.13734345138072968","0.13734345138072968","0.13734345138072968","493","493","493"
"154499","0.13699251413345337","0.13699251413345337","0.13699251413345337","494","494","494"
"154599","0.1394680291414261","0.1394680291414261","0.1394680291414261","495","495","495"
"154699","0.14110632240772247","0.14110632240772247","0.14110632240772247","496","496","496"
"154799","0.136434867978096","0.136434867978096","0.136434867978096","497","497","497"
"154899","0.13654868304729462","0.13654868304729462","0.13654868304729462","498","498","498"
"154999","0.14359170198440552","0.14359170198440552","0.14359170198440552","499","499","499"
"155099","0.14380712807178497","0.14380712807178497","0.14380712807178497","500","500","500"
"155199","0.13690786063671112","0.13690786063671112","0.13690786063671112","501","501","501"
"155299","0.13986122608184814","0.13986122608184814","0.13986122608184814","502","502","502"
"155399","0.13765248656272888","0.13765248656272888","0.13765248656272888","503","503","503"
"155499","0.14255250990390778","0.14255250990390778","0.14255250990390778","504","504","504"
"155599","0.13322241604328156","0.13322241604328156","0.13322241604328156","505","505","505"
"155699","0.13962864875793457","0.13962864875793457","0.13962864875793457","506","506","506"
"155799","0.14372192323207855","0.14372192323207855","0.14372192323207855","507","507","507"
"155899","0.13637788593769073","0.13637788593769073","0.13637788593769073","508","508","508"
"155999","0.14515230059623718","0.14515230059623718","0.14515230059623718","509","509","509"
"156099","0.13888569176197052","0.13888569176197052","0.13888569176197052","510","510","510"
"156199","0.14412567019462585","0.14412567019462585","0.14412567019462585","511","511","511"
"156299","0.14147040247917175","0.14147040247917175","0.14147040247917175","512","512","512"
"156399","0.14334090054035187","0.14334090054035187","0.14334090054035187","513","513","513"
"156499","0.135650172829628","0.135650172829628","0.135650172829628","514","514","514"
"156599","0.14146913588047028","0.14146913588047028","0.14146913588047028","515","515","515"
"156699","0.14865167438983917","0.14865167438983917","0.14865167438983917","516","516","516"
"156799","0.13494813442230225","0.13494813442230225","0.13494813442230225","517","517","517"
"156899","0.14092274010181427","0.14092274010181427","0.14092274010181427","518","518","518"
"156999","0.14546465873718262","0.14546465873718262","0.14546465873718262","519","519","519"
"157099","0.1384005844593048","0.1384005844593048","0.1384005844593048","520","520","520"
"157199","0.13362328708171844","0.13362328708171844","0.13362328708171844","521","521","521"
"157299","0.14400653541088104","0.14400653541088104","0.14400653541088104","522","522","522"
"157399","0.1417861431837082","0.1417861431837082","0.1417861431837082","523","523","523"
"157499","0.1380022019147873","0.1380022019147873","0.1380022019147873","524","524","524"
"157599","0.14739173650741577","0.14739173650741577","0.14739173650741577","525","525","525"
"157699","0.14075002074241638","0.14075002074241638","0.14075002074241638","526","526","526"
"157799","0.13043256103992462","0.13043256103992462","0.13043256103992462","527","527","527"
"157899","0.14005523920059204","0.14005523920059204","0.14005523920059204","528","528","528"
"157999","0.14067916572093964","0.14067916572093964","0.14067916572093964","529","529","529"
"158099","0.1360233873128891","0.1360233873128891","0.1360233873128891","530","530","530"
"158199","0.13727541267871857","0.13727541267871857","0.13727541267871857","531","531","531"
"158299","0.14410054683685303","0.14410054683685303","0.14410054683685303","532","532","532"
"158399","0.13957421481609344","0.13957421481609344","0.13957421481609344","533","533","533"
"158499","0.1468493640422821","0.1468493640422821","0.1468493640422821","534","534","534"
"158599","0.14944501221179962","0.14944501221179962","0.14944501221179962","535","535","535"
"158699","0.14083251357078552","0.14083251357078552","0.14083251357078552","536","536","536"
"158799","0.13604719936847687","0.13604719936847687","0.13604719936847687","537","537","537"
"158899","0.13657844066619873","0.13657844066619873","0.13657844066619873","538","538","538"
"158999","0.1336735039949417","0.1336735039949417","0.1336735039949417","539","539","539"
"159099","0.14233872294425964","0.14233872294425964","0.14233872294425964","540","540","540"
"159199","0.14749491214752197","0.14749491214752197","0.14749491214752197","541","541","541"
"159299","0.13664670288562775","0.13664670288562775","0.13664670288562775","542","542","542"
"159399","0.14015334844589233","0.14015334844589233","0.14015334844589233","543","543","543"
"159499","0.14673107862472534","0.14673107862472534","0.14673107862472534","544","544","544"
"159599","0.13770495355129242","0.13770495355129242","0.13770495355129242","545","545","545"
"159699","0.13902105391025543","0.13902105391025543","0.13902105391025543","546","546","546"
"159799","0.13405486941337585","0.13405486941337585","0.13405486941337585","547","547","547"
"159899","0.14364105463027954","0.14364105463027954","0.14364105463027954","548","548","548"
"159999","0.1380351185798645","0.1380351185798645","0.1380351185798645","549","549","549"
"160099","0.13732366263866425","0.13732366263866425","0.13732366263866425","550","550","550"
"160199","0.13708296418190002","0.13708296418190002","0.13708296418190002","551","551","551"
"160299","0.13118623197078705","0.13118623197078705","0.13118623197078705","552","552","552"
"160399","0.14250345528125763","0.14250345528125763","0.14250345528125763","553","553","553"
"160499","0.13329671323299408","0.13329671323299408","0.13329671323299408","554","554","554"
"160599","0.15129736065864563","0.15129736065864563","0.15129736065864563","555","555","555"
"160699","0.133604496717453","0.133604496717453","0.133604496717453","556","556","556"
"160799","0.14595265686511993","0.14595265686511993","0.14595265686511993","557","557","557"
"160899","0.13644909858703613","0.13644909858703613","0.13644909858703613","558","558","558"
"160999","0.14520041644573212","0.14520041644573212","0.14520041644573212","559","559","559"
"161099","0.14571654796600342","0.14571654796600342","0.14571654796600342","560","560","560"
"161199","0.14809265732765198","0.14809265732765198","0.14809265732765198","561","561","561"
"161299","0.1376737505197525","0.1376737505197525","0.1376737505197525","562","562","562"
"161399","0.14508676528930664","0.14508676528930664","0.14508676528930664","563","563","563"
"161499","0.1369495391845703","0.1369495391845703","0.1369495391845703","564","564","564"
"161599","0.1376928836107254","0.1376928836107254","0.1376928836107254","565","565","565"
"161699","0.14954541623592377","0.14954541623592377","0.14954541623592377","566","566","566"
"161799","0.13925814628601074","0.13925814628601074","0.13925814628601074","567","567","567"
"161899","0.13897977769374847","0.13897977769374847","0.13897977769374847","568","568","568"
"161999","0.1446244716644287","0.1446244716644287","0.1446244716644287","569","569","569"
"162099","0.14170941710472107","0.14170941710472107","0.14170941710472107","570","570","570"
"162199","0.14131395518779755","0.14131395518779755","0.14131395518779755","571","571","571"
"162299","0.14304153621196747","0.14304153621196747","0.14304153621196747","572","572","572"
"162399","0.13398151099681854","0.13398151099681854","0.13398151099681854","573","573","573"
"162499","0.13972680270671844","0.13972680270671844","0.13972680270671844","574","574","574"
"162599","0.14816685020923615","0.14816685020923615","0.14816685020923615","575","575","575"
"162699","0.13844861090183258","0.13844861090183258","0.13844861090183258","576","576","576"
"162799","0.13896679878234863","0.13896679878234863","0.13896679878234863","577","577","577"
"162899","0.1393294632434845","0.1393294632434845","0.1393294632434845","578","578","578"
"162999","0.15138912200927734","0.15138912200927734","0.15138912200927734","579","579","579"
"163099","0.13362479209899902","0.13362479209899902","0.13362479209899902","580","580","580"
"163199","0.13413001596927643","0.13413001596927643","0.13413001596927643","581","581","581"
"163299","0.13206318020820618","0.13206318020820618","0.13206318020820618","582","582","582"
"163399","0.14132839441299438","0.14132839441299438","0.14132839441299438","583","583","583"
"163499","0.1365068405866623","0.1365068405866623","0.1365068405866623","584","584","584"
"163599","0.1363643854856491","0.1363643854856491","0.1363643854856491","585","585","585"
"163699","0.13736219704151154","0.13736219704151154","0.13736219704151154","586","586","586"
"163799","0.13297240436077118","0.13297240436077118","0.13297240436077118","587","587","587"
"163899","0.1333352029323578","0.1333352029323578","0.1333352029323578","588","588","588"
"163999","0.13644596934318542","0.13644596934318542","0.13644596934318542","589","589","589"
"164099","0.13486655056476593","0.13486655056476593","0.13486655056476593","590","590","590"
"164199","0.13551175594329834","0.13551175594329834","0.13551175594329834","591","591","591"
"164299","0.12963064014911652","0.12963064014911652","0.12963064014911652","592","592","592"
"164399","0.13526006042957306","0.13526006042957306","0.13526006042957306","593","593","593"
"164499","0.13573674857616425","0.13573674857616425","0.13573674857616425","594","594","594"
"164599","0.13763339817523956","0.13763339817523956","0.13763339817523956","595","595","595"
"164699","0.14771981537342072","0.14771981537342072","0.14771981537342072","596","596","596"
"164799","0.13732583820819855","0.13732583820819855","0.13732583820819855","597","597","597"
"164899","0.13732178509235382","0.13732178509235382","0.13732178509235382","598","598","598"
"164999","0.14124377071857452","0.14124377071857452","0.14124377071857452","599","599","599"
"165099","0.15534420311450958","0.15534420311450958","0.15534420311450958","600","600","600"
"165199","0.1365610510110855","0.1365610510110855","0.1365610510110855","601","601","601"
"165299","0.13757634162902832","0.13757634162902832","0.13757634162902832","602","602","602"
"165399","0.12503904104232788","0.12503904104232788","0.12503904104232788","603","603","603"
"165499","0.1441107541322708","0.1441107541322708","0.1441107541322708","604","604","604"
"165599","0.1465570032596588","0.1465570032596588","0.1465570032596588","605","605","605"
"165699","0.14496371150016785","0.14496371150016785","0.14496371150016785","606","606","606"
"165799","0.1417073756456375","0.1417073756456375","0.1417073756456375","607","607","607"
"165899","0.1511157751083374","0.1511157751083374","0.1511157751083374","608","608","608"
"165999","0.1394365280866623","0.1394365280866623","0.1394365280866623","609","609","609"
"166099","0.14974744617938995","0.14974744617938995","0.14974744617938995","610","610","610"
"166199","0.13916219770908356","0.13916219770908356","0.13916219770908356","611","611","611"
"166299","0.1374754011631012","0.1374754011631012","0.1374754011631012","612","612","612"
"166399","0.13518841564655304","0.13518841564655304","0.13518841564655304","613","613","613"
"166499","0.14891916513442993","0.14891916513442993","0.14891916513442993","614","614","614"
"166599","0.1295613795518875","0.1295613795518875","0.1295613795518875","615","615","615"
"166699","0.13978023827075958","0.13978023827075958","0.13978023827075958","616","616","616"
"166799","0.13668665289878845","0.13668665289878845","0.13668665289878845","617","617","617"
"166899","0.13807550072669983","0.13807550072669983","0.13807550072669983","618","618","618"
"166999","0.13583216071128845","0.13583216071128845","0.13583216071128845","619","619","619"
"167099","0.1498481184244156","0.1498481184244156","0.1498481184244156","620","620","620"
"167199","0.13554681837558746","0.13554681837558746","0.13554681837558746","621","621","621"
"167299","0.14104828238487244","0.14104828238487244","0.14104828238487244","622","622","622"
"167399","0.1287696361541748","0.1287696361541748","0.1287696361541748","623","623","623"
"167499","0.15177060663700104","0.15177060663700104","0.15177060663700104","624","624","624"
"167599","0.1344129592180252","0.1344129592180252","0.1344129592180252","625","625","625"
"167699","0.135981023311615","0.135981023311615","0.135981023311615","626","626","626"
"167799","0.14099878072738647","0.14099878072738647","0.14099878072738647","627","627","627"
"167899","0.1505037099123001","0.1505037099123001","0.1505037099123001","628","628","628"
"167999","0.134736567735672","0.134736567735672","0.134736567735672","629","629","629"
"168099","0.14364607632160187","0.14364607632160187","0.14364607632160187","630","630","630"
"168199","0.13522320985794067","0.13522320985794067","0.13522320985794067","631","631","631"
"168299","0.13346143066883087","0.13346143066883087","0.13346143066883087","632","632","632"
"168399","0.15155217051506042","0.15155217051506042","0.15155217051506042","633","633","633"
"168499","0.136527881026268","0.136527881026268","0.136527881026268","634","634","634"
"168599","0.1364448368549347","0.1364448368549347","0.1364448368549347","635","635","635"
"168699","0.14005489647388458","0.14005489647388458","0.14005489647388458","636","636","636"
"168799","0.1457364857196808","0.1457364857196808","0.1457364857196808","637","637","637"
"168899","0.140422523021698","0.140422523021698","0.140422523021698","638","638","638"
"168999","0.13702838122844696","0.13702838122844696","0.13702838122844696","639","639","639"
"169099","0.14619918167591095","0.14619918167591095","0.14619918167591095","640","640","640"
"169199","0.14464710652828217","0.14464710652828217","0.14464710652828217","641","641","641"
"169299","0.13645535707473755","0.13645535707473755","0.13645535707473755","642","642","642"
"169399","0.1423322856426239","0.1423322856426239","0.1423322856426239","643","643","643"
"169499","0.1391318142414093","0.1391318142414093","0.1391318142414093","644","644","644"
"169599","0.1473289132118225","0.1473289132118225","0.1473289132118225","645","645","645"
"169699","0.14318101108074188","0.14318101108074188","0.14318101108074188","646","646","646"
"169799","0.14386184513568878","0.14386184513568878","0.14386184513568878","647","647","647"
"169899","0.14247779548168182","0.14247779548168182","0.14247779548168182","648","648","648"
"169999","0.1357247680425644","0.1357247680425644","0.1357247680425644","649","649","649"
"170099","0.146269753575325","0.146269753575325","0.146269753575325","650","650","650"
"170199","0.14442674815654755","0.14442674815654755","0.14442674815654755","651","651","651"
"170299","0.13831882178783417","0.13831882178783417","0.13831882178783417","652","652","652"
"170399","0.14369963109493256","0.14369963109493256","0.14369963109493256","653","653","653"
"170499","0.14888149499893188","0.14888149499893188","0.14888149499893188","654","654","654"
"170599","0.13213399052619934","0.13213399052619934","0.13213399052619934","655","655","655"
"170699","0.1356591135263443","0.1356591135263443","0.1356591135263443","656","656","656"
"170799","0.14032764732837677","0.14032764732837677","0.14032764732837677","657","657","657"
"170899","0.13742175698280334","0.13742175698280334","0.13742175698280334","658","658","658"
"170999","0.13619700074195862","0.13619700074195862","0.13619700074195862","659","659","659"
"171099","0.13811494410037994","0.13811494410037994","0.13811494410037994","660","660","660"
"171199","0.13994725048542023","0.13994725048542023","0.13994725048542023","661","661","661"
"171299","0.13802143931388855","0.13802143931388855","0.13802143931388855","662","662","662"
"171399","0.13153068721294403","0.13153068721294403","0.13153068721294403","663","663","663"
"171499","0.14167645573616028","0.14167645573616028","0.14167645573616028","664","664","664"
"171599","0.1422801911830902","0.1422801911830902","0.1422801911830902","665","665","665"
"171699","0.14119771122932434","0.14119771122932434","0.14119771122932434","666","666","666"
"171799","0.13516028225421906","0.13516028225421906","0.13516028225421906","667","667","667"
"171899","0.13871686160564423","0.13871686160564423","0.13871686160564423","668","668","668"
"171999","0.14050708711147308","0.14050708711147308","0.14050708711147308","669","669","669"
"172099","0.13672307133674622","0.13672307133674622","0.13672307133674622","670","670","670"
"172199","0.14522114396095276","0.14522114396095276","0.14522114396095276","671","671","671"
"172299","0.1328977793455124","0.1328977793455124","0.1328977793455124","672","672","672"
"172399","0.14065520465373993","0.14065520465373993","0.14065520465373993","673","673","673"
"172499","0.14120028913021088","0.14120028913021088","0.14120028913021088","674","674","674"
"172599","0.13492818176746368","0.13492818176746368","0.13492818176746368","675","675","675"
"172699","0.15852034091949463","0.15852034091949463","0.15852034091949463","676","676","676"
"172799","0.1411689668893814","0.1411689668893814","0.1411689668893814","677","677","677"
"172899","0.14210335910320282","0.14210335910320282","0.14210335910320282","678","678","678"
"172999","0.14494237303733826","0.14494237303733826","0.14494237303733826","679","679","679"
"173099","0.13389642536640167","0.13389642536640167","0.13389642536640167","680","680","680"
"173199","0.13872186839580536","0.13872186839580536","0.13872186839580536","681","681","681"
"173299","0.1352819949388504","0.1352819949388504","0.1352819949388504","682","682","682"
"173399","0.13463914394378662","0.13463914394378662","0.13463914394378662","683","683","683"
"173499","0.14531907439231873","0.14531907439231873","0.14531907439231873","684","684","684"
"173599","0.13694176077842712","0.13694176077842712","0.13694176077842712","685","685","685"
"173699","0.1423332542181015","0.1423332542181015","0.1423332542181015","686","686","686"
"173799","0.14232836663722992","0.14232836663722992","0.14232836663722992","687","687","687"
"173899","0.14595641195774078","0.14595641195774078","0.14595641195774078","688","688","688"
"173999","0.1357603371143341","0.1357603371143341","0.1357603371143341","689","689","689"
"174099","0.13944502174854279","0.13944502174854279","0.13944502174854279","690","690","690"
"174199","0.13699597120285034","0.13699597120285034","0.13699597120285034","691","691","691"
"174299","0.15112650394439697","0.15112650394439697","0.15112650394439697","692","692","692"
"174399","0.1369263082742691","0.1369263082742691","0.1369263082742691","693","693","693"
"174499","0.13739725947380066","0.13739725947380066","0.13739725947380066","694","694","694"
"174599","0.14163990318775177","0.14163990318775177","0.14163990318775177","695","695","695"
"174699","0.14243178069591522","0.14243178069591522","0.14243178069591522","696","696","696"
"174799","0.1345629096031189","0.1345629096031189","0.1345629096031189","697","697","697"
"174899","0.1326378434896469","0.1326378434896469","0.1326378434896469","698","698","698"
"174999","0.1423758566379547","0.1423758566379547","0.1423758566379547","699","699","699"
"175099","0.14289206266403198","0.14289206266403198","0.14289206266403198","700","700","700"
"175199","0.13677208125591278","0.13677208125591278","0.13677208125591278","701","701","701"
"175299","0.14289528131484985","0.14289528131484985","0.14289528131484985","702","702","702"
"175399","0.14520315825939178","0.14520315825939178","0.14520315825939178","703","703","703"
"175499","0.14311754703521729","0.14311754703521729","0.14311754703521729","704","704","704"
"175599","0.13948138058185577","0.13948138058185577","0.13948138058185577","705","705","705"
"175699","0.13703417778015137","0.13703417778015137","0.13703417778015137","706","706","706"
"175799","0.15047304332256317","0.15047304332256317","0.15047304332256317","707","707","707"
"175899","0.14729104936122894","0.14729104936122894","0.14729104936122894","708","708","708"
"175999","0.14214739203453064","0.14214739203453064","0.14214739203453064","709","709","709"
"176099","0.1402163803577423","0.1402163803577423","0.1402163803577423","710","710","710"
"176199","0.14859874546527863","0.14859874546527863","0.14859874546527863","711","711","711"
"176299","0.12781083583831787","0.12781083583831787","0.12781083583831787","712","712","712"
"176399","0.14230303466320038","0.14230303466320038","0.14230303466320038","713","713","713"
"176499","0.13996638357639313","0.13996638357639313","0.13996638357639313","714","714","714"
"176599","0.14159350097179413","0.14159350097179413","0.14159350097179413","715","715","715"
"176699","0.1425146460533142","0.1425146460533142","0.1425146460533142","716","716","716"
"176799","0.14419987797737122","0.14419987797737122","0.14419987797737122","717","717","717"
"176899","0.13937801122665405","0.13937801122665405","0.13937801122665405","718","718","718"
"176999","0.1413503885269165","0.1413503885269165","0.1413503885269165","719","719","719"
"177099","0.15187187492847443","0.15187187492847443","0.15187187492847443","720","720","720"
"177199","0.14077840745449066","0.14077840745449066","0.14077840745449066","721","721","721"
"177299","0.142791286110878","0.142791286110878","0.142791286110878","722","722","722"
"177399","0.1409882754087448","0.1409882754087448","0.1409882754087448","723","723","723"
"177499","0.1407589614391327","0.1407589614391327","0.1407589614391327","724","724","724"
"177599","0.14397163689136505","0.14397163689136505","0.14397163689136505","725","725","725"
"177699","0.1464991271495819","0.1464991271495819","0.1464991271495819","726","726","726"
"177799","0.14394256472587585","0.14394256472587585","0.14394256472587585","727","727","727"
"177899","0.1415162831544876","0.1415162831544876","0.1415162831544876","728","728","728"
"177999","0.14137981832027435","0.14137981832027435","0.14137981832027435","729","729","729"
"178099","0.13422659039497375","0.13422659039497375","0.13422659039497375","730","730","730"
"178199","0.1369238644838333","0.1369238644838333","0.1369238644838333","731","731","731"
"178299","0.13016840815544128","0.13016840815544128","0.13016840815544128","732","732","732"
"178399","0.1429402381181717","0.1429402381181717","0.1429402381181717","733","733","733"
"178499","0.1440799981355667","0.1440799981355667","0.1440799981355667","734","734","734"
"178599","0.13692887127399445","0.13692887127399445","0.13692887127399445","735","735","735"
"178699","0.13582603633403778","0.13582603633403778","0.13582603633403778","736","736","736"
"178799","0.14430522918701172","0.14430522918701172","0.14430522918701172","737","737","737"
"178899","0.14373908936977386","0.14373908936977386","0.14373908936977386","738","738","738"
"178999","0.13458867371082306","0.13458867371082306","0.13458867371082306","739","739","739"
"179099","0.13715368509292603","0.13715368509292603","0.13715368509292603","740","740","740"
"179199","0.13290224969387054","0.13290224969387054","0.13290224969387054","741","741","741"
"179299","0.13800865411758423","0.13800865411758423","0.13800865411758423","742","742","742"
"179399","0.135928213596344","0.135928213596344","0.135928213596344","743","743","743"
"179499","0.13670669496059418","0.13670669496059418","0.13670669496059418","744","744","744"
"179599","0.14101682603359222","0.14101682603359222","0.14101682603359222","745","745","745"
"179699","0.13735418021678925","0.13735418021678925","0.13735418021678925","746","746","746"
"179799","0.1348375529050827","0.1348375529050827","0.1348375529050827","747","747","747"
"179899","0.14192570745944977","0.14192570745944977","0.14192570745944977","748","748","748"
"179999","0.13661444187164307","0.13661444187164307","0.13661444187164307","749","749","749"
"180099","0.1375247836112976","0.1375247836112976","0.1375247836112976","750","750","750"
"180199","0.13820379972457886","0.13820379972457886","0.13820379972457886","751","751","751"
"180299","0.1287165880203247","0.1287165880203247","0.1287165880203247","752","752","752"
"180399","0.14604437351226807","0.14604437351226807","0.14604437351226807","753","753","753"
"180499","0.14332741498947144","0.14332741498947144","0.14332741498947144","754","754","754"
"180599","0.13659487664699554","0.13659487664699554","0.13659487664699554","755","755","755"
"180699","0.1285524070262909","0.1285524070262909","0.1285524070262909","756","756","756"
"180799","0.13895048201084137","0.13895048201084137","0.13895048201084137","757","757","757"
"180899","0.14183802902698517","0.14183802902698517","0.14183802902698517","758","758","758"
"180999","0.14669513702392578","0.14669513702392578","0.14669513702392578","759","759","759"
"181099","0.13847880065441132","0.13847880065441132","0.13847880065441132","760","760","760"
"181199","0.14665587246418","0.14665587246418","0.14665587246418","761","761","761"
"181299","0.14670521020889282","0.14670521020889282","0.14670521020889282","762","762","762"
"181399","0.13691554963588715","0.13691554963588715","0.13691554963588715","763","763","763"
"181499","0.14212356507778168","0.14212356507778168","0.14212356507778168","764","764","764"
"181599","0.138647198677063","0.138647198677063","0.138647198677063","765","765","765"
"181699","0.1475217193365097","0.1475217193365097","0.1475217193365097","766","766","766"
"181799","0.14797616004943848","0.14797616004943848","0.14797616004943848","767","767","767"
"181899","0.13630537688732147","0.13630537688732147","0.13630537688732147","768","768","768"
"181999","0.13441132009029388","0.13441132009029388","0.13441132009029388","769","769","769"
"182099","0.13614310324192047","0.13614310324192047","0.13614310324192047","770","770","770"
"182199","0.14036345481872559","0.14036345481872559","0.14036345481872559","771","771","771"
"182299","0.14158473908901215","0.14158473908901215","0.14158473908901215","772","772","772"
"182399","0.14231640100479126","0.14231640100479126","0.14231640100479126","773","773","773"
"182499","0.13458861410617828","0.13458861410617828","0.13458861410617828","774","774","774"
"182599","0.14694616198539734","0.14694616198539734","0.14694616198539734","775","775","775"
"182699","0.14185629785060883","0.14185629785060883","0.14185629785060883","776","776","776"
"182799","0.13920935988426208","0.13920935988426208","0.13920935988426208","777","777","777"
"182899","0.13672533631324768","0.13672533631324768","0.13672533631324768","778","778","778"
"182999","0.1325952261686325","0.1325952261686325","0.1325952261686325","779","779","779"
"183099","0.14052008092403412","0.14052008092403412","0.14052008092403412","780","780","780"
"183199","0.1403549313545227","0.1403549313545227","0.1403549313545227","781","781","781"
"183299","0.14106786251068115","0.14106786251068115","0.14106786251068115","782","782","782"
"183399","0.1350090652704239","0.1350090652704239","0.1350090652704239","783","783","783"
"183499","0.1389276087284088","0.1389276087284088","0.1389276087284088","784","784","784"
"183599","0.14728683233261108","0.14728683233261108","0.14728683233261108","785","785","785"
"183699","0.13999564945697784","0.13999564945697784","0.13999564945697784","786","786","786"
"183799","0.15311670303344727","0.15311670303344727","0.15311670303344727","787","787","787"
"183899","0.14211484789848328","0.14211484789848328","0.14211484789848328","788","788","788"
"183999","0.13331273198127747","0.13331273198127747","0.13331273198127747","789","789","789"
"184099","0.1401250809431076","0.1401250809431076","0.1401250809431076","790","790","790"
"184199","0.14167280495166779","0.14167280495166779","0.14167280495166779","791","791","791"
"184299","0.14513760805130005","0.14513760805130005","0.14513760805130005","792","792","792"
"184399","0.13877558708190918","0.13877558708190918","0.13877558708190918","793","793","793"
"184499","0.14032866060733795","0.14032866060733795","0.14032866060733795","794","794","794"
"184599","0.1503809243440628","0.1503809243440628","0.1503809243440628","795","795","795"
"184699","0.13782702386379242","0.13782702386379242","0.13782702386379242","796","796","796"
"184799","0.1427900344133377","0.1427900344133377","0.1427900344133377","797","797","797"
"184899","0.14387905597686768","0.14387905597686768","0.14387905597686768","798","798","798"
"184999","0.14109517633914948","0.14109517633914948","0.14109517633914948","799","799","799"
"185099","0.14659547805786133","0.14659547805786133","0.14659547805786133","800","800","800"
"185199","0.13591057062149048","0.13591057062149048","0.13591057062149048","801","801","801"
"185299","0.13042211532592773","0.13042211532592773","0.13042211532592773","802","802","802"
"185399","0.14003624022006989","0.14003624022006989","0.14003624022006989","803","803","803"
"185499","0.14422640204429626","0.14422640204429626","0.14422640204429626","804","804","804"
"185599","0.1391826570034027","0.1391826570034027","0.1391826570034027","805","805","805"
"185699","0.13550491631031036","0.13550491631031036","0.13550491631031036","806","806","806"
"185799","0.12951210141181946","0.12951210141181946","0.12951210141181946","807","807","807"
"185899","0.1496151238679886","0.1496151238679886","0.1496151238679886","808","808","808"
"185999","0.1473235785961151","0.1473235785961151","0.1473235785961151","809","809","809"
"186099","0.13699212670326233","0.13699212670326233","0.13699212670326233","810","810","810"
"186199","0.157035693526268","0.157035693526268","0.157035693526268","811","811","811"
"186299","0.1355777084827423","0.1355777084827423","0.1355777084827423","812","812","812"
"186399","0.12898579239845276","0.12898579239845276","0.12898579239845276","813","813","813"
"186499","0.14026477932929993","0.14026477932929993","0.14026477932929993","814","814","814"
"186599","0.13278907537460327","0.13278907537460327","0.13278907537460327","815","815","815"
"186699","0.1404746174812317","0.1404746174812317","0.1404746174812317","816","816","816"
"186799","0.13806217908859253","0.13806217908859253","0.13806217908859253","817","817","817"
"186899","0.14647231996059418","0.14647231996059418","0.14647231996059418","818","818","818"
"186999","0.14225764572620392","0.14225764572620392","0.14225764572620392","819","819","819"
"187099","0.13317233324050903","0.13317233324050903","0.13317233324050903","820","820","820"
"187199","0.13225030899047852","0.13225030899047852","0.13225030899047852","821","821","821"
"187299","0.14251720905303955","0.14251720905303955","0.14251720905303955","822","822","822"
"187399","0.1508178412914276","0.1508178412914276","0.1508178412914276","823","823","823"
"187499","0.1482212394475937","0.1482212394475937","0.1482212394475937","824","824","824"
"187599","0.13213685154914856","0.13213685154914856","0.13213685154914856","825","825","825"
"187699","0.13873152434825897","0.13873152434825897","0.13873152434825897","826","826","826"
"187799","0.14526288211345673","0.14526288211345673","0.14526288211345673","827","827","827"
"187899","0.14016494154930115","0.14016494154930115","0.14016494154930115","828","828","828"
"187999","0.12847720086574554","0.12847720086574554","0.12847720086574554","829","829","829"
"188099","0.13441383838653564","0.13441383838653564","0.13441383838653564","830","830","830"
"188199","0.13739700615406036","0.13739700615406036","0.13739700615406036","831","831","831"
"188299","0.14310705661773682","0.14310705661773682","0.14310705661773682","832","832","832"
"188399","0.1418626755475998","0.1418626755475998","0.1418626755475998","833","833","833"
"188499","0.14212380349636078","0.14212380349636078","0.14212380349636078","834","834","834"
"188599","0.13681860268115997","0.13681860268115997","0.13681860268115997","835","835","835"
"188699","0.14424096047878265","0.14424096047878265","0.14424096047878265","836","836","836"
"188799","0.1435258686542511","0.1435258686542511","0.1435258686542511","837","837","837"
"188899","0.13074800372123718","0.13074800372123718","0.13074800372123718","838","838","838"
"188999","0.15069152414798737","0.15069152414798737","0.15069152414798737","839","839","839"
"189099","0.13976867496967316","0.13976867496967316","0.13976867496967316","840","840","840"
"189199","0.1440616399049759","0.1440616399049759","0.1440616399049759","841","841","841"
"189299","0.14039267599582672","0.14039267599582672","0.14039267599582672","842","842","842"
"189399","0.13965736329555511","0.13965736329555511","0.13965736329555511","843","843","843"
"189499","0.1465662568807602","0.1465662568807602","0.1465662568807602","844","844","844"
"189599","0.13931435346603394","0.13931435346603394","0.13931435346603394","845","845","845"
"189699","0.13754212856292725","0.13754212856292725","0.13754212856292725","846","846","846"
"189799","0.14106784760951996","0.14106784760951996","0.14106784760951996","847","847","847"
"189899","0.12460885941982269","0.12460885941982269","0.12460885941982269","848","848","848"
"189999","0.14107413589954376","0.14107413589954376","0.14107413589954376","849","849","849"
"190099","0.12823282182216644","0.12823282182216644","0.12823282182216644","850","850","850"
"190199","0.1301518976688385","0.1301518976688385","0.1301518976688385","851","851","851"
"190299","0.14212700724601746","0.14212700724601746","0.14212700724601746","852","852","852"
"190399","0.13507488369941711","0.13507488369941711","0.13507488369941711","853","853","853"
"190499","0.13846464455127716","0.13846464455127716","0.13846464455127716","854","854","854"
"190599","0.14180396497249603","0.14180396497249603","0.14180396497249603","855","855","855"
"190699","0.13478690385818481","0.13478690385818481","0.13478690385818481","856","856","856"
"190799","0.14518018066883087","0.14518018066883087","0.14518018066883087","857","857","857"
"190899","0.14210382103919983","0.14210382103919983","0.14210382103919983","858","858","858"
"190999","0.13672903180122375","0.13672903180122375","0.13672903180122375","859","859","859"
"191099","0.13938823342323303","0.13938823342323303","0.13938823342323303","860","860","860"
"191199","0.13781265914440155","0.13781265914440155","0.13781265914440155","861","861","861"
"191299","0.14187955856323242","0.14187955856323242","0.14187955856323242","862","862","862"
"191399","0.1494492143392563","0.1494492143392563","0.1494492143392563","863","863","863"
"191499","0.14086945354938507","0.14086945354938507","0.14086945354938507","864","864","864"
"191599","0.1510355919599533","0.1510355919599533","0.1510355919599533","865","865","865"
"191699","0.13281948864459991","0.13281948864459991","0.13281948864459991","866","866","866"
"191799","0.13728535175323486","0.13728535175323486","0.13728535175323486","867","867","867"
"191899","0.1415078192949295","0.1415078192949295","0.1415078192949295","868","868","868"
"191999","0.14473956823349","0.14473956823349","0.14473956823349","869","869","869"
"192099","0.12755121290683746","0.12755121290683746","0.12755121290683746","870","870","870"
"192199","0.14458748698234558","0.14458748698234558","0.14458748698234558","871","871","871"
"192299","0.1368987262248993","0.1368987262248993","0.1368987262248993","872","872","872"
"192399","0.14251111447811127","0.14251111447811127","0.14251111447811127","873","873","873"
"192499","0.13993854820728302","0.13993854820728302","0.13993854820728302","874","874","874"
"192599","0.13390707969665527","0.13390707969665527","0.13390707969665527","875","875","875"
"192699","0.14682048559188843","0.14682048559188843","0.14682048559188843","876","876","876"
"192799","0.13663892447948456","0.13663892447948456","0.13663892447948456","877","877","877"
"192899","0.14527706801891327","0.14527706801891327","0.14527706801891327","878","878","878"
"192999","0.14523237943649292","0.14523237943649292","0.14523237943649292","879","879","879"
"193099","0.13931509852409363","0.13931509852409363","0.13931509852409363","880","880","880"
"193199","0.1443168669939041","0.1443168669939041","0.1443168669939041","881","881","881"
"193299","0.14814944565296173","0.14814944565296173","0.14814944565296173","882","882","882"
"193399","0.13652585446834564","0.13652585446834564","0.13652585446834564","883","883","883"
"193499","0.136393204331398","0.136393204331398","0.136393204331398","884","884","884"
"193599","0.1366771161556244","0.1366771161556244","0.1366771161556244","885","885","885"
"193699","0.13467426598072052","0.13467426598072052","0.13467426598072052","886","886","886"
"193799","0.13851651549339294","0.13851651549339294","0.13851651549339294","887","887","887"
"193899","0.15230311453342438","0.15230311453342438","0.15230311453342438","888","888","888"
"193999","0.1393720805644989","0.1393720805644989","0.1393720805644989","889","889","889"
"194099","0.14260515570640564","0.14260515570640564","0.14260515570640564","890","890","890"
"194199","0.1439932882785797","0.1439932882785797","0.1439932882785797","891","891","891"
"194299","0.15146027505397797","0.15146027505397797","0.15146027505397797","892","892","892"
"194399","0.1455172300338745","0.1455172300338745","0.1455172300338745","893","893","893"
"194499","0.13877633213996887","0.13877633213996887","0.13877633213996887","894","894","894"
"194599","0.1354377269744873","0.1354377269744873","0.1354377269744873","895","895","895"
"194699","0.13955120742321014","0.13955120742321014","0.13955120742321014","896","896","896"
"194799","0.14663393795490265","0.14663393795490265","0.14663393795490265","897","897","897"
"194899","0.151420459151268","0.151420459151268","0.151420459151268","898","898","898"
"194999","0.13526926934719086","0.13526926934719086","0.13526926934719086","899","899","899"
"195099","0.13084480166435242","0.13084480166435242","0.13084480166435242","900","900","900"
"195199","0.1387891322374344","0.1387891322374344","0.1387891322374344","901","901","901"
"195299","0.13573403656482697","0.13573403656482697","0.13573403656482697","902","902","902"
"195399","0.14653290808200836","0.14653290808200836","0.14653290808200836","903","903","903"
"195499","0.12994249165058136","0.12994249165058136","0.12994249165058136","904","904","904"
"195599","0.14259310066699982","0.14259310066699982","0.14259310066699982","905","905","905"
"195699","0.1372448354959488","0.1372448354959488","0.1372448354959488","906","906","906"
"195799","0.1390637457370758","0.1390637457370758","0.1390637457370758","907","907","907"
"195899","0.14110353589057922","0.14110353589057922","0.14110353589057922","908","908","908"
"195999","0.1377197653055191","0.1377197653055191","0.1377197653055191","909","909","909"
"196099","0.13819238543510437","0.13819238543510437","0.13819238543510437","910","910","910"
"196199","0.14359506964683533","0.14359506964683533","0.14359506964683533","911","911","911"
"196299","0.14523926377296448","0.14523926377296448","0.14523926377296448","912","912","912"
"196399","0.144833043217659","0.144833043217659","0.144833043217659","913","913","913"
"196499","0.15047994256019592","0.15047994256019592","0.15047994256019592","914","914","914"
"196599","0.13156302273273468","0.13156302273273468","0.13156302273273468","915","915","915"
"196699","0.13730409741401672","0.13730409741401672","0.13730409741401672","916","916","916"
"196799","0.12986013293266296","0.12986013293266296","0.12986013293266296","917","917","917"
"196899","0.14392702281475067","0.14392702281475067","0.14392702281475067","918","918","918"
"196999","0.14279016852378845","0.14279016852378845","0.14279016852378845","919","919","919"
"197099","0.14305630326271057","0.14305630326271057","0.14305630326271057","920","920","920"
"197199","0.13635949790477753","0.13635949790477753","0.13635949790477753","921","921","921"
"197299","0.13918493688106537","0.13918493688106537","0.13918493688106537","922","922","922"
"197399","0.14504669606685638","0.14504669606685638","0.14504669606685638","923","923","923"
"197499","0.1356051117181778","0.1356051117181778","0.1356051117181778","924","924","924"
"197599","0.14876535534858704","0.14876535534858704","0.14876535534858704","925","925","925"
"197699","0.15010075271129608","0.15010075271129608","0.15010075271129608","926","926","926"
"197799","0.13828527927398682","0.13828527927398682","0.13828527927398682","927","927","927"
"197899","0.14201714098453522","0.14201714098453522","0.14201714098453522","928","928","928"
"197999","0.1441642791032791","0.1441642791032791","0.1441642791032791","929","929","929"
"198099","0.13831397891044617","0.13831397891044617","0.13831397891044617","930","930","930"
"198199","0.13639500737190247","0.13639500737190247","0.13639500737190247","931","931","931"
"198299","0.14749668538570404","0.14749668538570404","0.14749668538570404","932","932","932"
"198399","0.13620583713054657","0.13620583713054657","0.13620583713054657","933","933","933"
"198499","0.15408098697662354","0.15408098697662354","0.15408098697662354","934","934","934"
"198599","0.1462211161851883","0.1462211161851883","0.1462211161851883","935","935","935"
"198699","0.1343957930803299","0.1343957930803299","0.1343957930803299","936","936","936"
"198799","0.1465018391609192","0.1465018391609192","0.1465018391609192","937","937","937"
"198899","0.1409737467765808","0.1409737467765808","0.1409737467765808","938","938","938"
"198999","0.14064747095108032","0.14064747095108032","0.14064747095108032","939","939","939"
"199099","0.14668838679790497","0.14668838679790497","0.14668838679790497","940","940","940"
"199199","0.15139321982860565","0.15139321982860565","0.15139321982860565","941","941","941"
"199299","0.14729176461696625","0.14729176461696625","0.14729176461696625","942","942","942"
"199399","0.14080777764320374","0.14080777764320374","0.14080777764320374","943","943","943"
"199499","0.13750039041042328","0.13750039041042328","0.13750039041042328","944","944","944"
"199599","0.14449335634708405","0.14449335634708405","0.14449335634708405","945","945","945"
"199699","0.14122134447097778","0.14122134447097778","0.14122134447097778","946","946","946"
"199799","0.1450703889131546","0.1450703889131546","0.1450703889131546","947","947","947"
"199899","0.13759560883045197","0.13759560883045197","0.13759560883045197","948","948","948"
"199999","0.12565244734287262","0.12565244734287262","0.12565244734287262","949","949","949"
"200099","0.14135465025901794","0.14135465025901794","0.14135465025901794","950","950","950"
"200199","0.14518186450004578","0.14518186450004578","0.14518186450004578","951","951","951"
"200299","0.142657071352005","0.142657071352005","0.142657071352005","952","952","952"
"200399","0.13956475257873535","0.13956475257873535","0.13956475257873535","953","953","953"
"200499","0.141573965549469","0.141573965549469","0.141573965549469","954","954","954"
"200599","0.13799703121185303","0.13799703121185303","0.13799703121185303","955","955","955"
"200699","0.14208753407001495","0.14208753407001495","0.14208753407001495","956","956","956"
"200799","0.13880668580532074","0.13880668580532074","0.13880668580532074","957","957","957"
"200899","0.1496725231409073","0.1496725231409073","0.1496725231409073","958","958","958"
"200999","0.15432722866535187","0.15432722866535187","0.15432722866535187","959","959","959"
"201099","0.14446544647216797","0.14446544647216797","0.14446544647216797","960","960","960"
"201199","0.14209508895874023","0.14209508895874023","0.14209508895874023","961","961","961"
"201299","0.14173176884651184","0.14173176884651184","0.14173176884651184","962","962","962"
"201399","0.1408078968524933","0.1408078968524933","0.1408078968524933","963","963","963"
"201499","0.13388188183307648","0.13388188183307648","0.13388188183307648","964","964","964"
"201599","0.14727753400802612","0.14727753400802612","0.14727753400802612","965","965","965"
"201699","0.14083194732666016","0.14083194732666016","0.14083194732666016","966","966","966"
"201799","0.14041905105113983","0.14041905105113983","0.14041905105113983","967","967","967"
"201899","0.13496530055999756","0.13496530055999756","0.13496530055999756","968","968","968"
"201999","0.1451815813779831","0.1451815813779831","0.1451815813779831","969","969","969"
"202099","0.14058059453964233","0.14058059453964233","0.14058059453964233","970","970","970"
"202199","0.13325950503349304","0.13325950503349304","0.13325950503349304","971","971","971"
"202299","0.13697654008865356","0.13697654008865356","0.13697654008865356","972","972","972"
"202399","0.13678908348083496","0.13678908348083496","0.13678908348083496","973","973","973"
"202499","0.12743350863456726","0.12743350863456726","0.12743350863456726","974","974","974"
"202599","0.13537009060382843","0.13537009060382843","0.13537009060382843","975","975","975"
"202699","0.13173885643482208","0.13173885643482208","0.13173885643482208","976","976","976"
"202799","0.14223414659500122","0.14223414659500122","0.14223414659500122","977","977","977"
"202899","0.1393016129732132","0.1393016129732132","0.1393016129732132","978","978","978"
"202999","0.13867966830730438","0.13867966830730438","0.13867966830730438","979","979","979"
"203099","0.14181050658226013","0.14181050658226013","0.14181050658226013","980","980","980"
"203199","0.1363690346479416","0.1363690346479416","0.1363690346479416","981","981","981"
"203299","0.13605894148349762","0.13605894148349762","0.13605894148349762","982","982","982"
"203399","0.13402678072452545","0.13402678072452545","0.13402678072452545","983","983","983"
"203499","0.14909717440605164","0.14909717440605164","0.14909717440605164","984","984","984"
"203599","0.13594211637973785","0.13594211637973785","0.13594211637973785","985","985","985"
"203699","0.1332465261220932","0.1332465261220932","0.1332465261220932","986","986","986"
"203799","0.1267363727092743","0.1267363727092743","0.1267363727092743","987","987","987"
"203899","0.13515466451644897","0.13515466451644897","0.13515466451644897","988","988","988"
"203999","0.1256335824728012","0.1256335824728012","0.1256335824728012","989","989","989"
"204099","0.1472502201795578","0.1472502201795578","0.1472502201795578","990","990","990"
"204199","0.1372966319322586","0.1372966319322586","0.1372966319322586","991","991","991"
"204299","0.14964216947555542","0.14964216947555542","0.14964216947555542","992","992","992"
"204399","0.13428419828414917","0.13428419828414917","0.13428419828414917","993","993","993"
"204499","0.1396835446357727","0.1396835446357727","0.1396835446357727","994","994","994"
"204599","0.13706494867801666","0.13706494867801666","0.13706494867801666","995","995","995"
"204699","0.14684335887432098","0.14684335887432098","0.14684335887432098","996","996","996"
"204799","0.14746242761611938","0.14746242761611938","0.14746242761611938","997","997","997"
"204899","0.13737352192401886","0.13737352192401886","0.13737352192401886","998","998","998"
"204999","0.1500263810157776","0.1500263810157776","0.1500263810157776","999","999","999"
"205099","0.14076001942157745","0.14076001942157745","0.14076001942157745","1000","1000","1000"
"205199","0.13616932928562164","0.13616932928562164","0.13616932928562164","1001","1001","1001"
"205299","0.13386927545070648","0.13386927545070648","0.13386927545070648","1002","1002","1002"
"205399","0.14782948791980743","0.14782948791980743","0.14782948791980743","1003","1003","1003"
"205499","0.1320725530385971","0.1320725530385971","0.1320725530385971","1004","1004","1004"
"205599","0.14555396139621735","0.14555396139621735","0.14555396139621735","1005","1005","1005"
"205699","0.13965845108032227","0.13965845108032227","0.13965845108032227","1006","1006","1006"
"205799","0.14183399081230164","0.14183399081230164","0.14183399081230164","1007","1007","1007"
"205899","0.13977739214897156","0.13977739214897156","0.13977739214897156","1008","1008","1008"
"205999","0.13648608326911926","0.13648608326911926","0.13648608326911926","1009","1009","1009"
"206099","0.1428484171628952","0.1428484171628952","0.1428484171628952","1010","1010","1010"
"206199","0.14489701390266418","0.14489701390266418","0.14489701390266418","1011","1011","1011"
"206299","0.1358032524585724","0.1358032524585724","0.1358032524585724","1012","1012","1012"
"206399","0.13159537315368652","0.13159537315368652","0.13159537315368652","1013","1013","1013"
"206499","0.1376725286245346","0.1376725286245346","0.1376725286245346","1014","1014","1014"
"206599","0.14374208450317383","0.14374208450317383","0.14374208450317383","1015","1015","1015"
"206699","0.13704468309879303","0.13704468309879303","0.13704468309879303","1016","1016","1016"
"206799","0.14481130242347717","0.14481130242347717","0.14481130242347717","1017","1017","1017"
"206899","0.1413038671016693","0.1413038671016693","0.1413038671016693","1018","1018","1018"
"206999","0.13430234789848328","0.13430234789848328","0.13430234789848328","1019","1019","1019"
"207099","0.13986465334892273","0.13986465334892273","0.13986465334892273","1020","1020","1020"
"207199","0.14213521778583527","0.14213521778583527","0.14213521778583527","1021","1021","1021"
"207299","0.1400666981935501","0.1400666981935501","0.1400666981935501","1022","1022","1022"
"207399","0.1527663618326187","0.1527663618326187","0.1527663618326187","1023","1023","1023"
"207499","0.14734002947807312","0.14734002947807312","0.14734002947807312","1024","1024","1024"
"207599","0.1392182856798172","0.1392182856798172","0.1392182856798172","1025","1025","1025"
"207699","0.1412457972764969","0.1412457972764969","0.1412457972764969","1026","1026","1026"
"207799","0.138679638504982","0.138679638504982","0.138679638504982","1027","1027","1027"
"207899","0.14358565211296082","0.14358565211296082","0.14358565211296082","1028","1028","1028"
"207999","0.14680635929107666","0.14680635929107666","0.14680635929107666","1029","1029","1029"
"208099","0.13871952891349792","0.13871952891349792","0.13871952891349792","1030","1030","1030"
"208199","0.15128622949123383","0.15128622949123383","0.15128622949123383","1031","1031","1031"
"208299","0.14271165430545807","0.14271165430545807","0.14271165430545807","1032","1032","1032"
"208399","0.13767485320568085","0.13767485320568085","0.13767485320568085","1033","1033","1033"
"208499","0.13889561593532562","0.13889561593532562","0.13889561593532562","1034","1034","1034"
"208599","0.13913752138614655","0.13913752138614655","0.13913752138614655","1035","1035","1035"
"208699","0.13709591329097748","0.13709591329097748","0.13709591329097748","1036","1036","1036"
"208799","0.13737408816814423","0.13737408816814423","0.13737408816814423","1037","1037","1037"
"208899","0.13275358080863953","0.13275358080863953","0.13275358080863953","1038","1038","1038"
"208999","0.14270764589309692","0.14270764589309692","0.14270764589309692","1039","1039","1039"
"209099","0.14154240489006042","0.14154240489006042","0.14154240489006042","1040","1040","1040"
"209199","0.14549589157104492","0.14549589157104492","0.14549589157104492","1041","1041","1041"
"209299","0.14311102032661438","0.14311102032661438","0.14311102032661438","1042","1042","1042"
"209399","0.13825944066047668","0.13825944066047668","0.13825944066047668","1043","1043","1043"
"209499","0.13779398798942566","0.13779398798942566","0.13779398798942566","1044","1044","1044"
"209599","0.14567862451076508","0.14567862451076508","0.14567862451076508","1045","1045","1045"
"209699","0.15376827120780945","0.15376827120780945","0.15376827120780945","1046","1046","1046"
"209799","0.14464016258716583","0.14464016258716583","0.14464016258716583","1047","1047","1047"
"209899","0.1419363021850586","0.1419363021850586","0.1419363021850586","1048","1048","1048"
"209999","0.13909956812858582","0.13909956812858582","0.13909956812858582","1049","1049","1049"
"210099","0.14102372527122498","0.14102372527122498","0.14102372527122498","1050","1050","1050"
"210199","0.14918510615825653","0.14918510615825653","0.14918510615825653","1051","1051","1051"
"210299","0.14897878468036652","0.14897878468036652","0.14897878468036652","1052","1052","1052"
"210399","0.15203122794628143","0.15203122794628143","0.15203122794628143","1053","1053","1053"
"210499","0.13950957357883453","0.13950957357883453","0.13950957357883453","1054","1054","1054"
"210599","0.14716361463069916","0.14716361463069916","0.14716361463069916","1055","1055","1055"
"210699","0.13294002413749695","0.13294002413749695","0.13294002413749695","1056","1056","1056"
"210799","0.142456516623497","0.142456516623497","0.142456516623497","1057","1057","1057"
"210899","0.1413334459066391","0.1413334459066391","0.1413334459066391","1058","1058","1058"
"210999","0.14757700264453888","0.14757700264453888","0.14757700264453888","1059","1059","1059"
"211099","0.13692529499530792","0.13692529499530792","0.13692529499530792","1060","1060","1060"
"211199","0.14375045895576477","0.14375045895576477","0.14375045895576477","1061","1061","1061"
"211299","0.14720705151557922","0.14720705151557922","0.14720705151557922","1062","1062","1062"
"211399","0.15265415608882904","0.15265415608882904","0.15265415608882904","1063","1063","1063"
"211499","0.13622352480888367","0.13622352480888367","0.13622352480888367","1064","1064","1064"
"211599","0.1433337777853012","0.1433337777853012","0.1433337777853012","1065","1065","1065"
"211699","0.13573713600635529","0.13573713600635529","0.13573713600635529","1066","1066","1066"
"211799","0.13416214287281036","0.13416214287281036","0.13416214287281036","1067","1067","1067"
"211899","0.14488330483436584","0.14488330483436584","0.14488330483436584","1068","1068","1068"
"211999","0.14314407110214233","0.14314407110214233","0.14314407110214233","1069","1069","1069"
"212099","0.14221639931201935","0.14221639931201935","0.14221639931201935","1070","1070","1070"
"212199","0.14311577379703522","0.14311577379703522","0.14311577379703522","1071","1071","1071"
"212299","0.1481788158416748","0.1481788158416748","0.1481788158416748","1072","1072","1072"
"212399","0.13977016508579254","0.13977016508579254","0.13977016508579254","1073","1073","1073"
"212499","0.139353945851326","0.139353945851326","0.139353945851326","1074","1074","1074"
"212599","0.13691012561321259","0.13691012561321259","0.13691012561321259","1075","1075","1075"
"212699","0.13498041033744812","0.13498041033744812","0.13498041033744812","1076","1076","1076"
"212799","0.13125231862068176","0.13125231862068176","0.13125231862068176","1077","1077","1077"
"212899","0.14183221757411957","0.14183221757411957","0.14183221757411957","1078","1078","1078"
"212999","0.12890750169754028","0.12890750169754028","0.12890750169754028","1079","1079","1079"
"213099","0.13989973068237305","0.13989973068237305","0.13989973068237305","1080","1080","1080"
"213199","0.14091330766677856","0.14091330766677856","0.14091330766677856","1081","1081","1081"
"213299","0.1294546127319336","0.1294546127319336","0.1294546127319336","1082","1082","1082"
"213399","0.13192708790302277","0.13192708790302277","0.13192708790302277","1083","1083","1083"
"213499","0.12922218441963196","0.12922218441963196","0.12922218441963196","1084","1084","1084"
"213599","0.13850191235542297","0.13850191235542297","0.13850191235542297","1085","1085","1085"
"213699","0.14456991851329803","0.14456991851329803","0.14456991851329803","1086","1086","1086"
"213799","0.14266040921211243","0.14266040921211243","0.14266040921211243","1087","1087","1087"
"213899","0.13826915621757507","0.13826915621757507","0.13826915621757507","1088","1088","1088"
"213999","0.14165470004081726","0.14165470004081726","0.14165470004081726","1089","1089","1089"
"214099","0.13237117230892181","0.13237117230892181","0.13237117230892181","1090","1090","1090"
"214199","0.1381823718547821","0.1381823718547821","0.1381823718547821","1091","1091","1091"
"214299","0.1451471447944641","0.1451471447944641","0.1451471447944641","1092","1092","1092"
"214399","0.13547666370868683","0.13547666370868683","0.13547666370868683","1093","1093","1093"
"214499","0.14416663348674774","0.14416663348674774","0.14416663348674774","1094","1094","1094"
"214599","0.1405038982629776","0.1405038982629776","0.1405038982629776","1095","1095","1095"
"214699","0.1393793225288391","0.1393793225288391","0.1393793225288391","1096","1096","1096"
"214799","0.1352906972169876","0.1352906972169876","0.1352906972169876","1097","1097","1097"
"214899","0.1535099744796753","0.1535099744796753","0.1535099744796753","1098","1098","1098"
"214999","0.13998213410377502","0.13998213410377502","0.13998213410377502","1099","1099","1099"
"215099","0.1343628615140915","0.1343628615140915","0.1343628615140915","1100","1100","1100"
"215199","0.14038534462451935","0.14038534462451935","0.14038534462451935","1101","1101","1101"
"215299","0.1447494477033615","0.1447494477033615","0.1447494477033615","1102","1102","1102"
"215399","0.14664244651794434","0.14664244651794434","0.14664244651794434","1103","1103","1103"
"215499","0.13285541534423828","0.13285541534423828","0.13285541534423828","1104","1104","1104"
"215599","0.1319303959608078","0.1319303959608078","0.1319303959608078","1105","1105","1105"
"215699","0.1537775844335556","0.1537775844335556","0.1537775844335556","1106","1106","1106"
"215799","0.14001527428627014","0.14001527428627014","0.14001527428627014","1107","1107","1107"
"215899","0.14487993717193604","0.14487993717193604","0.14487993717193604","1108","1108","1108"
"215999","0.1364770084619522","0.1364770084619522","0.1364770084619522","1109","1109","1109"
"216099","0.1323421448469162","0.1323421448469162","0.1323421448469162","1110","1110","1110"
"216199","0.14766767621040344","0.14766767621040344","0.14766767621040344","1111","1111","1111"
"216299","0.1449955850839615","0.1449955850839615","0.1449955850839615","1112","1112","1112"
"216399","0.13584944605827332","0.13584944605827332","0.13584944605827332","1113","1113","1113"
"216499","0.13961419463157654","0.13961419463157654","0.13961419463157654","1114","1114","1114"
"216599","0.14487867057323456","0.14487867057323456","0.14487867057323456","1115","1115","1115"
"216699","0.14311712980270386","0.14311712980270386","0.14311712980270386","1116","1116","1116"
"216799","0.1368999034166336","0.1368999034166336","0.1368999034166336","1117","1117","1117"
"216899","0.15097568929195404","0.15097568929195404","0.15097568929195404","1118","1118","1118"
"216999","0.1419476866722107","0.1419476866722107","0.1419476866722107","1119","1119","1119"
"217099","0.14163397252559662","0.14163397252559662","0.14163397252559662","1120","1120","1120"
"217199","0.13525110483169556","0.13525110483169556","0.13525110483169556","1121","1121","1121"
"217299","0.13728119432926178","0.13728119432926178","0.13728119432926178","1122","1122","1122"
"217399","0.1353914588689804","0.1353914588689804","0.1353914588689804","1123","1123","1123"
"217499","0.12966962158679962","0.12966962158679962","0.12966962158679962","1124","1124","1124"
"217599","0.13303078711032867","0.13303078711032867","0.13303078711032867","1125","1125","1125"
"217699","0.13732069730758667","0.13732069730758667","0.13732069730758667","1126","1126","1126"
"217799","0.1390157788991928","0.1390157788991928","0.1390157788991928","1127","1127","1127"
"217899","0.14661359786987305","0.14661359786987305","0.14661359786987305","1128","1128","1128"
"217999","0.13923366367816925","0.13923366367816925","0.13923366367816925","1129","1129","1129"
"218099","0.1366870105266571","0.1366870105266571","0.1366870105266571","1130","1130","1130"
"218199","0.1460159569978714","0.1460159569978714","0.1460159569978714","1131","1131","1131"
"218299","0.131718248128891","0.131718248128891","0.131718248128891","1132","1132","1132"
"218399","0.1375470906496048","0.1375470906496048","0.1375470906496048","1133","1133","1133"
"218499","0.13370321691036224","0.13370321691036224","0.13370321691036224","1134","1134","1134"
"218599","0.14474982023239136","0.14474982023239136","0.14474982023239136","1135","1135","1135"
"218699","0.14540305733680725","0.14540305733680725","0.14540305733680725","1136","1136","1136"
"218799","0.13744506239891052","0.13744506239891052","0.13744506239891052","1137","1137","1137"
"218899","0.1366797685623169","0.1366797685623169","0.1366797685623169","1138","1138","1138"
"218999","0.14188510179519653","0.14188510179519653","0.14188510179519653","1139","1139","1139"
"219099","0.1443815976381302","0.1443815976381302","0.1443815976381302","1140","1140","1140"
"219199","0.14076170325279236","0.14076170325279236","0.14076170325279236","1141","1141","1141"
"219299","0.14100347459316254","0.14100347459316254","0.14100347459316254","1142","1142","1142"
"219399","0.13205094635486603","0.13205094635486603","0.13205094635486603","1143","1143","1143"
"219499","0.13433116674423218","0.13433116674423218","0.13433116674423218","1144","1144","1144"
"219599","0.14186511933803558","0.14186511933803558","0.14186511933803558","1145","1145","1145"
"219699","0.13990908861160278","0.13990908861160278","0.13990908861160278","1146","1146","1146"
"219799","0.1416245996952057","0.1416245996952057","0.1416245996952057","1147","1147","1147"
"219899","0.14021717011928558","0.14021717011928558","0.14021717011928558","1148","1148","1148"
"219999","0.13397711515426636","0.13397711515426636","0.13397711515426636","1149","1149","1149"
"220099","0.13107359409332275","0.13107359409332275","0.13107359409332275","1150","1150","1150"
"220199","0.1327122002840042","0.1327122002840042","0.1327122002840042","1151","1151","1151"
"220299","0.1414795219898224","0.1414795219898224","0.1414795219898224","1152","1152","1152"
"220399","0.14906078577041626","0.14906078577041626","0.14906078577041626","1153","1153","1153"
"220499","0.14785908162593842","0.14785908162593842","0.14785908162593842","1154","1154","1154"
"220599","0.1321580708026886","0.1321580708026886","0.1321580708026886","1155","1155","1155"
"220699","0.14048880338668823","0.14048880338668823","0.14048880338668823","1156","1156","1156"
"220799","0.13993465900421143","0.13993465900421143","0.13993465900421143","1157","1157","1157"
"220899","0.14460311830043793","0.14460311830043793","0.14460311830043793","1158","1158","1158"
"220999","0.13947021961212158","0.13947021961212158","0.13947021961212158","1159","1159","1159"
"221099","0.13625743985176086","0.13625743985176086","0.13625743985176086","1160","1160","1160"
"221199","0.13021984696388245","0.13021984696388245","0.13021984696388245","1161","1161","1161"
"221299","0.136769637465477","0.136769637465477","0.136769637465477","1162","1162","1162"
"221399","0.1389869749546051","0.1389869749546051","0.1389869749546051","1163","1163","1163"
"221499","0.13681308925151825","0.13681308925151825","0.13681308925151825","1164","1164","1164"
"221599","0.13633377850055695","0.13633377850055695","0.13633377850055695","1165","1165","1165"
"221699","0.13644203543663025","0.13644203543663025","0.13644203543663025","1166","1166","1166"
"221799","0.14138443768024445","0.14138443768024445","0.14138443768024445","1167","1167","1167"
"221899","0.14285908639431","0.14285908639431","0.14285908639431","1168","1168","1168"
"221999","0.1476394087076187","0.1476394087076187","0.1476394087076187","1169","1169","1169"
"222099","0.13557663559913635","0.13557663559913635","0.13557663559913635","1170","1170","1170"
"222199","0.143777534365654","0.143777534365654","0.143777534365654","1171","1171","1171"
"222299","0.13965681195259094","0.13965681195259094","0.13965681195259094","1172","1172","1172"
"222399","0.13677699863910675","0.13677699863910675","0.13677699863910675","1173","1173","1173"
"222499","0.14133840799331665","0.14133840799331665","0.14133840799331665","1174","1174","1174"
"222599","0.13674791157245636","0.13674791157245636","0.13674791157245636","1175","1175","1175"
"222699","0.13006961345672607","0.13006961345672607","0.13006961345672607","1176","1176","1176"
"222799","0.13621588051319122","0.13621588051319122","0.13621588051319122","1177","1177","1177"
"222899","0.14565534889698029","0.14565534889698029","0.14565534889698029","1178","1178","1178"
"222999","0.13516034185886383","0.13516034185886383","0.13516034185886383","1179","1179","1179"
"223099","0.15651819109916687","0.15651819109916687","0.15651819109916687","1180","1180","1180"
"223199","0.13668319582939148","0.13668319582939148","0.13668319582939148","1181","1181","1181"
"223299","0.14381594955921173","0.14381594955921173","0.14381594955921173","1182","1182","1182"
"223399","0.14401769638061523","0.14401769638061523","0.14401769638061523","1183","1183","1183"
"223499","0.14113269746303558","0.14113269746303558","0.14113269746303558","1184","1184","1184"
"223599","0.1413060575723648","0.1413060575723648","0.1413060575723648","1185","1185","1185"
"223699","0.14214791357517242","0.14214791357517242","0.14214791357517242","1186","1186","1186"
"223799","0.1467570811510086","0.1467570811510086","0.1467570811510086","1187","1187","1187"
"223899","0.14052115380764008","0.14052115380764008","0.14052115380764008","1188","1188","1188"
"223999","0.13473768532276154","0.13473768532276154","0.13473768532276154","1189","1189","1189"
"224099","0.14600491523742676","0.14600491523742676","0.14600491523742676","1190","1190","1190"
"224199","0.14443530142307281","0.14443530142307281","0.14443530142307281","1191","1191","1191"
"224299","0.12838950753211975","0.12838950753211975","0.12838950753211975","1192","1192","1192"
"224399","0.142837792634964","0.142837792634964","0.142837792634964","1193","1193","1193"
"224499","0.13869372010231018","0.13869372010231018","0.13869372010231018","1194","1194","1194"
"224599","0.1358446627855301","0.1358446627855301","0.1358446627855301","1195","1195","1195"
"224699","0.14821857213974","0.14821857213974","0.14821857213974","1196","1196","1196"
"224799","0.13652822375297546","0.13652822375297546","0.13652822375297546","1197","1197","1197"
"224899","0.14081349968910217","0.14081349968910217","0.14081349968910217","1198","1198","1198"
"224999","0.13074252009391785","0.13074252009391785","0.13074252009391785","1199","1199","1199"
"225099","0.14442524313926697","0.14442524313926697","0.14442524313926697","1200","1200","1200"
"225199","0.1376737654209137","0.1376737654209137","0.1376737654209137","1201","1201","1201"
"225299","0.1409190446138382","0.1409190446138382","0.1409190446138382","1202","1202","1202"
"225399","0.14238078892230988","0.14238078892230988","0.14238078892230988","1203","1203","1203"
"225499","0.1296314299106598","0.1296314299106598","0.1296314299106598","1204","1204","1204"
"225599","0.1344807744026184","0.1344807744026184","0.1344807744026184","1205","1205","1205"
"225699","0.13770043849945068","0.13770043849945068","0.13770043849945068","1206","1206","1206"
"225799","0.1420755833387375","0.1420755833387375","0.1420755833387375","1207","1207","1207"
"225899","0.1339636594057083","0.1339636594057083","0.1339636594057083","1208","1208","1208"
"225999","0.1367083042860031","0.1367083042860031","0.1367083042860031","1209","1209","1209"
"226099","0.13632413744926453","0.13632413744926453","0.13632413744926453","1210","1210","1210"
"226199","0.1387610286474228","0.1387610286474228","0.1387610286474228","1211","1211","1211"
"226299","0.13545621931552887","0.13545621931552887","0.13545621931552887","1212","1212","1212"
"226399","0.14163583517074585","0.14163583517074585","0.14163583517074585","1213","1213","1213"
"226499","0.14006732404232025","0.14006732404232025","0.14006732404232025","1214","1214","1214"
"226599","0.13475556671619415","0.13475556671619415","0.13475556671619415","1215","1215","1215"
"226699","0.13709793984889984","0.13709793984889984","0.13709793984889984","1216","1216","1216"
"226799","0.13541695475578308","0.13541695475578308","0.13541695475578308","1217","1217","1217"
"226899","0.14971783757209778","0.14971783757209778","0.14971783757209778","1218","1218","1218"
"226999","0.14431440830230713","0.14431440830230713","0.14431440830230713","1219","1219","1219"
"227099","0.1408773809671402","0.1408773809671402","0.1408773809671402","1220","1220","1220"
"227199","0.13901637494564056","0.13901637494564056","0.13901637494564056","1221","1221","1221"
"227299","0.14596989750862122","0.14596989750862122","0.14596989750862122","1222","1222","1222"
"227399","0.13014452159404755","0.13014452159404755","0.13014452159404755","1223","1223","1223"
"227499","0.13472729921340942","0.13472729921340942","0.13472729921340942","1224","1224","1224"
"227599","0.13343581557273865","0.13343581557273865","0.13343581557273865","1225","1225","1225"
"227699","0.14600656926631927","0.14600656926631927","0.14600656926631927","1226","1226","1226"
"227799","0.14035041630268097","0.14035041630268097","0.14035041630268097","1227","1227","1227"
"227899","0.13977999985218048","0.13977999985218048","0.13977999985218048","1228","1228","1228"
"227999","0.13299234211444855","0.13299234211444855","0.13299234211444855","1229","1229","1229"
"228099","0.14177951216697693","0.14177951216697693","0.14177951216697693","1230","1230","1230"
"228199","0.13577327132225037","0.13577327132225037","0.13577327132225037","1231","1231","1231"
"228299","0.1447533816099167","0.1447533816099167","0.1447533816099167","1232","1232","1232"
"228399","0.14023534953594208","0.14023534953594208","0.14023534953594208","1233","1233","1233"
"228499","0.1360188126564026","0.1360188126564026","0.1360188126564026","1234","1234","1234"
"228599","0.1321776658296585","0.1321776658296585","0.1321776658296585","1235","1235","1235"
"228699","0.12993352115154266","0.12993352115154266","0.12993352115154266","1236","1236","1236"
"228799","0.1391858011484146","0.1391858011484146","0.1391858011484146","1237","1237","1237"
"228899","0.14290693402290344","0.14290693402290344","0.14290693402290344","1238","1238","1238"
"228999","0.13803119957447052","0.13803119957447052","0.13803119957447052","1239","1239","1239"
"229099","0.1346818208694458","0.1346818208694458","0.1346818208694458","1240","1240","1240"
"229199","0.13624005019664764","0.13624005019664764","0.13624005019664764","1241","1241","1241"
"229299","0.1325608342885971","0.1325608342885971","0.1325608342885971","1242","1242","1242"
"229399","0.13575100898742676","0.13575100898742676","0.13575100898742676","1243","1243","1243"
"229499","0.1397659182548523","0.1397659182548523","0.1397659182548523","1244","1244","1244"
"229599","0.14044944941997528","0.14044944941997528","0.14044944941997528","1245","1245","1245"
"229699","0.13459044694900513","0.13459044694900513","0.13459044694900513","1246","1246","1246"
"229799","0.136802539229393","0.136802539229393","0.136802539229393","1247","1247","1247"
"229899","0.1380583792924881","0.1380583792924881","0.1380583792924881","1248","1248","1248"
"229999","0.13259923458099365","0.13259923458099365","0.13259923458099365","1249","1249","1249"
"230099","0.141485333442688","0.141485333442688","0.141485333442688","1250","1250","1250"
"230199","0.1377352774143219","0.1377352774143219","0.1377352774143219","1251","1251","1251"
"230299","0.14245571196079254","0.14245571196079254","0.14245571196079254","1252","1252","1252"
"230399","0.13280418515205383","0.13280418515205383","0.13280418515205383","1253","1253","1253"
"230499","0.14318901300430298","0.14318901300430298","0.14318901300430298","1254","1254","1254"
"230599","0.13724593818187714","0.13724593818187714","0.13724593818187714","1255","1255","1255"
"230699","0.1489042490720749","0.1489042490720749","0.1489042490720749","1256","1256","1256"
"230799","0.1398565024137497","0.1398565024137497","0.1398565024137497","1257","1257","1257"
"230899","0.13566115498542786","0.13566115498542786","0.13566115498542786","1258","1258","1258"
"230999","0.14386360347270966","0.14386360347270966","0.14386360347270966","1259","1259","1259"
"231099","0.1343868374824524","0.1343868374824524","0.1343868374824524","1260","1260","1260"
"231199","0.14466455578804016","0.14466455578804016","0.14466455578804016","1261","1261","1261"
"231299","0.13516797125339508","0.13516797125339508","0.13516797125339508","1262","1262","1262"
"231399","0.1399349570274353","0.1399349570274353","0.1399349570274353","1263","1263","1263"
"231499","0.1377861052751541","0.1377861052751541","0.1377861052751541","1264","1264","1264"
"231599","0.1424247920513153","0.1424247920513153","0.1424247920513153","1265","1265","1265"
"231699","0.14532077312469482","0.14532077312469482","0.14532077312469482","1266","1266","1266"
"231799","0.13970282673835754","0.13970282673835754","0.13970282673835754","1267","1267","1267"
"231899","0.14459048211574554","0.14459048211574554","0.14459048211574554","1268","1268","1268"
"231999","0.14506684243679047","0.14506684243679047","0.14506684243679047","1269","1269","1269"
"232099","0.1363401710987091","0.1363401710987091","0.1363401710987091","1270","1270","1270"
"232199","0.12958204746246338","0.12958204746246338","0.12958204746246338","1271","1271","1271"
"232299","0.13855880498886108","0.13855880498886108","0.13855880498886108","1272","1272","1272"
"232399","0.140930637717247","0.140930637717247","0.140930637717247","1273","1273","1273"
"232499","0.13469509780406952","0.13469509780406952","0.13469509780406952","1274","1274","1274"
"232599","0.14198094606399536","0.14198094606399536","0.14198094606399536","1275","1275","1275"
"232699","0.13670368492603302","0.13670368492603302","0.13670368492603302","1276","1276","1276"
"232799","0.148858904838562","0.148858904838562","0.148858904838562","1277","1277","1277"
"232899","0.1350833773612976","0.1350833773612976","0.1350833773612976","1278","1278","1278"
"232999","0.13596411049365997","0.13596411049365997","0.13596411049365997","1279","1279","1279"
"233099","0.13905499875545502","0.13905499875545502","0.13905499875545502","1280","1280","1280"
"233199","0.14431358873844147","0.14431358873844147","0.14431358873844147","1281","1281","1281"
"233299","0.14697030186653137","0.14697030186653137","0.14697030186653137","1282","1282","1282"
"233399","0.1273939609527588","0.1273939609527588","0.1273939609527588","1283","1283","1283"
"233499","0.14910443127155304","0.14910443127155304","0.14910443127155304","1284","1284","1284"
"233599","0.14273826777935028","0.14273826777935028","0.14273826777935028","1285","1285","1285"
"233699","0.1401025652885437","0.1401025652885437","0.1401025652885437","1286","1286","1286"
"233799","0.1413782387971878","0.1413782387971878","0.1413782387971878","1287","1287","1287"
"233899","0.14044779539108276","0.14044779539108276","0.14044779539108276","1288","1288","1288"
"233999","0.1322123408317566","0.1322123408317566","0.1322123408317566","1289","1289","1289"
"234099","0.13721032440662384","0.13721032440662384","0.13721032440662384","1290","1290","1290"
"234199","0.13428370654582977","0.13428370654582977","0.13428370654582977","1291","1291","1291"
"234299","0.14167310297489166","0.14167310297489166","0.14167310297489166","1292","1292","1292"
"234399","0.13664114475250244","0.13664114475250244","0.13664114475250244","1293","1293","1293"
"234499","0.14807343482971191","0.14807343482971191","0.14807343482971191","1294","1294","1294"
"234599","0.13052910566329956","0.13052910566329956","0.13052910566329956","1295","1295","1295"
"234699","0.13562624156475067","0.13562624156475067","0.13562624156475067","1296","1296","1296"
"234799","0.13722936809062958","0.13722936809062958","0.13722936809062958","1297","1297","1297"
"234899","0.14130492508411407","0.14130492508411407","0.14130492508411407","1298","1298","1298"
"234999","0.13889382779598236","0.13889382779598236","0.13889382779598236","1299","1299","1299"
"235099","0.13637180626392365","0.13637180626392365","0.13637180626392365","1300","1300","1300"
"235199","0.13533391058444977","0.13533391058444977","0.13533391058444977","1301","1301","1301"
"235299","0.13554537296295166","0.13554537296295166","0.13554537296295166","1302","1302","1302"
"235399","0.13714469969272614","0.13714469969272614","0.13714469969272614","1303","1303","1303"
"235499","0.14868052303791046","0.14868052303791046","0.14868052303791046","1304","1304","1304"
"235599","0.1515694111585617","0.1515694111585617","0.1515694111585617","1305","1305","1305"
"235699","0.14010249078273773","0.14010249078273773","0.14010249078273773","1306","1306","1306"
"235799","0.14253981411457062","0.14253981411457062","0.14253981411457062","1307","1307","1307"
"235899","0.13425590097904205","0.13425590097904205","0.13425590097904205","1308","1308","1308"
"235999","0.1416751742362976","0.1416751742362976","0.1416751742362976","1309","1309","1309"
"236099","0.13484783470630646","0.13484783470630646","0.13484783470630646","1310","1310","1310"
"236199","0.14430664479732513","0.14430664479732513","0.14430664479732513","1311","1311","1311"
"236299","0.1431685835123062","0.1431685835123062","0.1431685835123062","1312","1312","1312"
"236399","0.12820075452327728","0.12820075452327728","0.12820075452327728","1313","1313","1313"
"236499","0.13392052054405212","0.13392052054405212","0.13392052054405212","1314","1314","1314"
"236599","0.14709658920764923","0.14709658920764923","0.14709658920764923","1315","1315","1315"
"236699","0.13211724162101746","0.13211724162101746","0.13211724162101746","1316","1316","1316"
"236799","0.14676719903945923","0.14676719903945923","0.14676719903945923","1317","1317","1317"
"236899","0.13531766831874847","0.13531766831874847","0.13531766831874847","1318","1318","1318"
"236999","0.13294245302677155","0.13294245302677155","0.13294245302677155","1319","1319","1319"
"237099","0.13310952484607697","0.13310952484607697","0.13310952484607697","1320","1320","1320"
"237199","0.14415189623832703","0.14415189623832703","0.14415189623832703","1321","1321","1321"
"237299","0.14152278006076813","0.14152278006076813","0.14152278006076813","1322","1322","1322"
"237399","0.1429165005683899","0.1429165005683899","0.1429165005683899","1323","1323","1323"
"237499","0.1472555696964264","0.1472555696964264","0.1472555696964264","1324","1324","1324"
"237599","0.14728660881519318","0.14728660881519318","0.14728660881519318","1325","1325","1325"
"237699","0.1430806964635849","0.1430806964635849","0.1430806964635849","1326","1326","1326"
"237799","0.13731206953525543","0.13731206953525543","0.13731206953525543","1327","1327","1327"
"237899","0.13185985386371613","0.13185985386371613","0.13185985386371613","1328","1328","1328"
"237999","0.13707900047302246","0.13707900047302246","0.13707900047302246","1329","1329","1329"
"238099","0.14101381599903107","0.14101381599903107","0.14101381599903107","1330","1330","1330"
"238199","0.12820100784301758","0.12820100784301758","0.12820100784301758","1331","1331","1331"
"238299","0.1451166421175003","0.1451166421175003","0.1451166421175003","1332","1332","1332"
"238399","0.14652785658836365","0.14652785658836365","0.14652785658836365","1333","1333","1333"
"238499","0.1429986208677292","0.1429986208677292","0.1429986208677292","1334","1334","1334"
"238599","0.1433515101671219","0.1433515101671219","0.1433515101671219","1335","1335","1335"
"238699","0.14190004765987396","0.14190004765987396","0.14190004765987396","1336","1336","1336"
"238799","0.13965022563934326","0.13965022563934326","0.13965022563934326","1337","1337","1337"
"238899","0.1403510868549347","0.1403510868549347","0.1403510868549347","1338","1338","1338"
"238999","0.14582955837249756","0.14582955837249756","0.14582955837249756","1339","1339","1339"
"239099","0.13201527297496796","0.13201527297496796","0.13201527297496796","1340","1340","1340"
"239199","0.14046600461006165","0.14046600461006165","0.14046600461006165","1341","1341","1341"
"239299","0.14061494171619415","0.14061494171619415","0.14061494171619415","1342","1342","1342"
"239399","0.1328791081905365","0.1328791081905365","0.1328791081905365","1343","1343","1343"
"239499","0.13143248856067657","0.13143248856067657","0.13143248856067657","1344","1344","1344"
"239599","0.13908860087394714","0.13908860087394714","0.13908860087394714","1345","1345","1345"
"239699","0.13823242485523224","0.13823242485523224","0.13823242485523224","1346","1346","1346"
"239799","0.13945543766021729","0.13945543766021729","0.13945543766021729","1347","1347","1347"
"239899","0.13919875025749207","0.13919875025749207","0.13919875025749207","1348","1348","1348"
"239999","0.13729089498519897","0.13729089498519897","0.13729089498519897","1349","1349","1349"
"240099","0.14777278900146484","0.14777278900146484","0.14777278900146484","1350","1350","1350"
"240199","0.1490311324596405","0.1490311324596405","0.1490311324596405","1351","1351","1351"
"240299","0.144473135471344","0.144473135471344","0.144473135471344","1352","1352","1352"
"240399","0.12874789535999298","0.12874789535999298","0.12874789535999298","1353","1353","1353"
"240499","0.1361038237810135","0.1361038237810135","0.1361038237810135","1354","1354","1354"
"240599","0.14180289208889008","0.14180289208889008","0.14180289208889008","1355","1355","1355"
"240699","0.1425360143184662","0.1425360143184662","0.1425360143184662","1356","1356","1356"
"240799","0.1414894014596939","0.1414894014596939","0.1414894014596939","1357","1357","1357"
"240899","0.14413224160671234","0.14413224160671234","0.14413224160671234","1358","1358","1358"
"240999","0.1415950506925583","0.1415950506925583","0.1415950506925583","1359","1359","1359"
"241099","0.1461324244737625","0.1461324244737625","0.1461324244737625","1360","1360","1360"
"241199","0.13265004754066467","0.13265004754066467","0.13265004754066467","1361","1361","1361"
"241299","0.14139753580093384","0.14139753580093384","0.14139753580093384","1362","1362","1362"
"241399","0.13337665796279907","0.13337665796279907","0.13337665796279907","1363","1363","1363"
"241499","0.14075852930545807","0.14075852930545807","0.14075852930545807","1364","1364","1364"
"241599","0.14525504410266876","0.14525504410266876","0.14525504410266876","1365","1365","1365"
"241699","0.1321069598197937","0.1321069598197937","0.1321069598197937","1366","1366","1366"
"241799","0.1433294415473938","0.1433294415473938","0.1433294415473938","1367","1367","1367"
"241899","0.1488036811351776","0.1488036811351776","0.1488036811351776","1368","1368","1368"
"241999","0.14288191497325897","0.14288191497325897","0.14288191497325897","1369","1369","1369"
"242099","0.13666783273220062","0.13666783273220062","0.13666783273220062","1370","1370","1370"
"242199","0.13811545073986053","0.13811545073986053","0.13811545073986053","1371","1371","1371"
"242299","0.13155461847782135","0.13155461847782135","0.13155461847782135","1372","1372","1372"
"242399","0.14113688468933105","0.14113688468933105","0.14113688468933105","1373","1373","1373"
"242499","0.1449470967054367","0.1449470967054367","0.1449470967054367","1374","1374","1374"
"242599","0.13728508353233337","0.13728508353233337","0.13728508353233337","1375","1375","1375"
"242699","0.14323703944683075","0.14323703944683075","0.14323703944683075","1376","1376","1376"
"242799","0.14129145443439484","0.14129145443439484","0.14129145443439484","1377","1377","1377"
"242899","0.13979418575763702","0.13979418575763702","0.13979418575763702","1378","1378","1378"
"242999","0.13281187415122986","0.13281187415122986","0.13281187415122986","1379","1379","1379"
"243099","0.13277633488178253","0.13277633488178253","0.13277633488178253","1380","1380","1380"
"243199","0.13881048560142517","0.13881048560142517","0.13881048560142517","1381","1381","1381"
"243299","0.1305520236492157","0.1305520236492157","0.1305520236492157","1382","1382","1382"
"243399","0.13667453825473785","0.13667453825473785","0.13667453825473785","1383","1383","1383"
"243499","0.14315392076969147","0.14315392076969147","0.14315392076969147","1384","1384","1384"
"243599","0.1515892595052719","0.1515892595052719","0.1515892595052719","1385","1385","1385"
"243699","0.1312136948108673","0.1312136948108673","0.1312136948108673","1386","1386","1386"
"243799","0.14481833577156067","0.14481833577156067","0.14481833577156067","1387","1387","1387"
"243899","0.1400575488805771","0.1400575488805771","0.1400575488805771","1388","1388","1388"
"243999","0.1424548625946045","0.1424548625946045","0.1424548625946045","1389","1389","1389"
"244099","0.14259739220142365","0.14259739220142365","0.14259739220142365","1390","1390","1390"
"244199","0.13452675938606262","0.13452675938606262","0.13452675938606262","1391","1391","1391"
"244299","0.1341247260570526","0.1341247260570526","0.1341247260570526","1392","1392","1392"
"244399","0.14256545901298523","0.14256545901298523","0.14256545901298523","1393","1393","1393"
"244499","0.1399369239807129","0.1399369239807129","0.1399369239807129","1394","1394","1394"
"244599","0.1375286728143692","0.1375286728143692","0.1375286728143692","1395","1395","1395"
"244699","0.14298105239868164","0.14298105239868164","0.14298105239868164","1396","1396","1396"
"244799","0.13524122536182404","0.13524122536182404","0.13524122536182404","1397","1397","1397"
"244899","0.14387059211730957","0.14387059211730957","0.14387059211730957","1398","1398","1398"
"244999","0.14414647221565247","0.14414647221565247","0.14414647221565247","1399","1399","1399"
"245099","0.1379079669713974","0.1379079669713974","0.1379079669713974","1400","1400","1400"
"245199","0.13906246423721313","0.13906246423721313","0.13906246423721313","1401","1401","1401"
"245299","0.13776357471942902","0.13776357471942902","0.13776357471942902","1402","1402","1402"
"245399","0.12963521480560303","0.12963521480560303","0.12963521480560303","1403","1403","1403"
"245499","0.13978339731693268","0.13978339731693268","0.13978339731693268","1404","1404","1404"
"245599","0.14337268471717834","0.14337268471717834","0.14337268471717834","1405","1405","1405"
"245699","0.13859333097934723","0.13859333097934723","0.13859333097934723","1406","1406","1406"
"245799","0.1447858214378357","0.1447858214378357","0.1447858214378357","1407","1407","1407"
"245899","0.1379339098930359","0.1379339098930359","0.1379339098930359","1408","1408","1408"
"245999","0.13810276985168457","0.13810276985168457","0.13810276985168457","1409","1409","1409"
"246099","0.13599619269371033","0.13599619269371033","0.13599619269371033","1410","1410","1410"
"246199","0.16174526512622833","0.16174526512622833","0.16174526512622833","1411","1411","1411"
"246299","0.14436957240104675","0.14436957240104675","0.14436957240104675","1412","1412","1412"
"246399","0.13571983575820923","0.13571983575820923","0.13571983575820923","1413","1413","1413"
"246499","0.13585682213306427","0.13585682213306427","0.13585682213306427","1414","1414","1414"
"246599","0.14183421432971954","0.14183421432971954","0.14183421432971954","1415","1415","1415"
"246699","0.13449627161026","0.13449627161026","0.13449627161026","1416","1416","1416"
"246799","0.1357918083667755","0.1357918083667755","0.1357918083667755","1417","1417","1417"
"246899","0.14843744039535522","0.14843744039535522","0.14843744039535522","1418","1418","1418"
"246999","0.14064927399158478","0.14064927399158478","0.14064927399158478","1419","1419","1419"
"247099","0.14643417298793793","0.14643417298793793","0.14643417298793793","1420","1420","1420"
"247199","0.14220848679542542","0.14220848679542542","0.14220848679542542","1421","1421","1421"
"247299","0.14221303164958954","0.14221303164958954","0.14221303164958954","1422","1422","1422"
"247399","0.13468772172927856","0.13468772172927856","0.13468772172927856","1423","1423","1423"
"247499","0.13699336349964142","0.13699336349964142","0.13699336349964142","1424","1424","1424"
"247599","0.14017216861248016","0.14017216861248016","0.14017216861248016","1425","1425","1425"
"247699","0.12999214231967926","0.12999214231967926","0.12999214231967926","1426","1426","1426"
"247799","0.1404258757829666","0.1404258757829666","0.1404258757829666","1427","1427","1427"
"247899","0.14343105256557465","0.14343105256557465","0.14343105256557465","1428","1428","1428"
"247999","0.14264442026615143","0.14264442026615143","0.14264442026615143","1429","1429","1429"
"248099","0.13284912705421448","0.13284912705421448","0.13284912705421448","1430","1430","1430"
"248199","0.1431085765361786","0.1431085765361786","0.1431085765361786","1431","1431","1431"
"248299","0.14721179008483887","0.14721179008483887","0.14721179008483887","1432","1432","1432"
"248399","0.13828900456428528","0.13828900456428528","0.13828900456428528","1433","1433","1433"
"248499","0.13936631381511688","0.13936631381511688","0.13936631381511688","1434","1434","1434"
"248599","0.13625530898571014","0.13625530898571014","0.13625530898571014","1435","1435","1435"
"248699","0.1331225037574768","0.1331225037574768","0.1331225037574768","1436","1436","1436"
"248799","0.13313892483711243","0.13313892483711243","0.13313892483711243","1437","1437","1437"
"248899","0.14111076295375824","0.14111076295375824","0.14111076295375824","1438","1438","1438"
"248999","0.1388969123363495","0.1388969123363495","0.1388969123363495","1439","1439","1439"
"249099","0.14222921431064606","0.14222921431064606","0.14222921431064606","1440","1440","1440"
"249199","0.1443639099597931","0.1443639099597931","0.1443639099597931","1441","1441","1441"
"249299","0.13946324586868286","0.13946324586868286","0.13946324586868286","1442","1442","1442"
"249399","0.136502206325531","0.136502206325531","0.136502206325531","1443","1443","1443"
"249499","0.14611412584781647","0.14611412584781647","0.14611412584781647","1444","1444","1444"
"249599","0.14843614399433136","0.14843614399433136","0.14843614399433136","1445","1445","1445"
"249699","0.1509658396244049","0.1509658396244049","0.1509658396244049","1446","1446","1446"
"249799","0.1308497190475464","0.1308497190475464","0.1308497190475464","1447","1447","1447"
"249899","0.14459992945194244","0.14459992945194244","0.14459992945194244","1448","1448","1448"
"249999","0.13830073177814484","0.13830073177814484","0.13830073177814484","1449","1449","1449"
"250099","0.14003612101078033","0.14003612101078033","0.14003612101078033","1450","1450","1450"
"250199","0.15029998123645782","0.15029998123645782","0.15029998123645782","1451","1451","1451"
"250299","0.1385563760995865","0.1385563760995865","0.1385563760995865","1452","1452","1452"
"250399","0.13857129216194153","0.13857129216194153","0.13857129216194153","1453","1453","1453"
"250499","0.14011399447917938","0.14011399447917938","0.14011399447917938","1454","1454","1454"
"250599","0.14169526100158691","0.14169526100158691","0.14169526100158691","1455","1455","1455"
"250699","0.1479746401309967","0.1479746401309967","0.1479746401309967","1456","1456","1456"
"250799","0.14358825981616974","0.14358825981616974","0.14358825981616974","1457","1457","1457"
"250899","0.1490350365638733","0.1490350365638733","0.1490350365638733","1458","1458","1458"
"250999","0.1392035335302353","0.1392035335302353","0.1392035335302353","1459","1459","1459"
"251099","0.13964903354644775","0.13964903354644775","0.13964903354644775","1460","1460","1460"
"251199","0.14700210094451904","0.14700210094451904","0.14700210094451904","1461","1461","1461"
"251299","0.13566498458385468","0.13566498458385468","0.13566498458385468","1462","1462","1462"
"251399","0.13600145280361176","0.13600145280361176","0.13600145280361176","1463","1463","1463"
"251499","0.13423694670200348","0.13423694670200348","0.13423694670200348","1464","1464","1464"
"251599","0.1387704759836197","0.1387704759836197","0.1387704759836197","1465","1465","1465"
"251699","0.14316757023334503","0.14316757023334503","0.14316757023334503","1466","1466","1466"
"251799","0.14332011342048645","0.14332011342048645","0.14332011342048645","1467","1467","1467"
"251899","0.13533218204975128","0.13533218204975128","0.13533218204975128","1468","1468","1468"
"251999","0.13128188252449036","0.13128188252449036","0.13128188252449036","1469","1469","1469"
"252099","0.13841429352760315","0.13841429352760315","0.13841429352760315","1470","1470","1470"
"252199","0.1487644612789154","0.1487644612789154","0.1487644612789154","1471","1471","1471"
"252299","0.14378981292247772","0.14378981292247772","0.14378981292247772","1472","1472","1472"
"252399","0.13592937588691711","0.13592937588691711","0.13592937588691711","1473","1473","1473"
"252499","0.14206814765930176","0.14206814765930176","0.14206814765930176","1474","1474","1474"
"252599","0.13363930583000183","0.13363930583000183","0.13363930583000183","1475","1475","1475"
"252699","0.1310541331768036","0.1310541331768036","0.1310541331768036","1476","1476","1476"
"252799","0.13652461767196655","0.13652461767196655","0.13652461767196655","1477","1477","1477"
"252899","0.14137734472751617","0.14137734472751617","0.14137734472751617","1478","1478","1478"
"252999","0.1488242894411087","0.1488242894411087","0.1488242894411087","1479","1479","1479"
"253099","0.14090019464492798","0.14090019464492798","0.14090019464492798","1480","1480","1480"
"253199","0.14580324292182922","0.14580324292182922","0.14580324292182922","1481","1481","1481"
"253299","0.13686175644397736","0.13686175644397736","0.13686175644397736","1482","1482","1482"
"253399","0.13324713706970215","0.13324713706970215","0.13324713706970215","1483","1483","1483"
"253499","0.14353741705417633","0.14353741705417633","0.14353741705417633","1484","1484","1484"
"253599","0.1386197954416275","0.1386197954416275","0.1386197954416275","1485","1485","1485"
"253699","0.13577546179294586","0.13577546179294586","0.13577546179294586","1486","1486","1486"
"253799","0.1335407793521881","0.1335407793521881","0.1335407793521881","1487","1487","1487"
"253899","0.12999509274959564","0.12999509274959564","0.12999509274959564","1488","1488","1488"
"253999","0.14520502090454102","0.14520502090454102","0.14520502090454102","1489","1489","1489"
"254099","0.14362020790576935","0.14362020790576935","0.14362020790576935","1490","1490","1490"
"254199","0.14076706767082214","0.14076706767082214","0.14076706767082214","1491","1491","1491"
"254299","0.14132684469223022","0.14132684469223022","0.14132684469223022","1492","1492","1492"
"254399","0.13427101075649261","0.13427101075649261","0.13427101075649261","1493","1493","1493"
"254499","0.14434386789798737","0.14434386789798737","0.14434386789798737","1494","1494","1494"
"254599","0.1385784149169922","0.1385784149169922","0.1385784149169922","1495","1495","1495"
"254699","0.1346796303987503","0.1346796303987503","0.1346796303987503","1496","1496","1496"
"254799","0.1475926786661148","0.1475926786661148","0.1475926786661148","1497","1497","1497"
"254899","0.14457805454730988","0.14457805454730988","0.14457805454730988","1498","1498","1498"
"254999","0.1313457489013672","0.1313457489013672","0.1313457489013672","1499","1499","1499"
"255099","0.1442050039768219","0.1442050039768219","0.1442050039768219","1500","1500","1500"
"255199","0.1353551596403122","0.1353551596403122","0.1353551596403122","1501","1501","1501"
"255299","0.13763931393623352","0.13763931393623352","0.13763931393623352","1502","1502","1502"
"255399","0.13676591217517853","0.13676591217517853","0.13676591217517853","1503","1503","1503"
"255499","0.13769742846488953","0.13769742846488953","0.13769742846488953","1504","1504","1504"
"255599","0.13533759117126465","0.13533759117126465","0.13533759117126465","1505","1505","1505"
"255699","0.1413457691669464","0.1413457691669464","0.1413457691669464","1506","1506","1506"
"255799","0.13632313907146454","0.13632313907146454","0.13632313907146454","1507","1507","1507"
"255899","0.14090599119663239","0.14090599119663239","0.14090599119663239","1508","1508","1508"
"255999","0.14597275853157043","0.14597275853157043","0.14597275853157043","1509","1509","1509"
"256099","0.13483251631259918","0.13483251631259918","0.13483251631259918","1510","1510","1510"
"256199","0.13998234272003174","0.13998234272003174","0.13998234272003174","1511","1511","1511"
"256299","0.14005202054977417","0.14005202054977417","0.14005202054977417","1512","1512","1512"
"256399","0.14722414314746857","0.14722414314746857","0.14722414314746857","1513","1513","1513"
"256499","0.14442873001098633","0.14442873001098633","0.14442873001098633","1514","1514","1514"
"256599","0.14131708443164825","0.14131708443164825","0.14131708443164825","1515","1515","1515"
"256699","0.1411397010087967","0.1411397010087967","0.1411397010087967","1516","1516","1516"
"256799","0.13310931622982025","0.13310931622982025","0.13310931622982025","1517","1517","1517"
"256899","0.13579347729682922","0.13579347729682922","0.13579347729682922","1518","1518","1518"
"256999","0.14126525819301605","0.14126525819301605","0.14126525819301605","1519","1519","1519"
"257099","0.13877911865711212","0.13877911865711212","0.13877911865711212","1520","1520","1520"
"257199","0.14552262425422668","0.14552262425422668","0.14552262425422668","1521","1521","1521"
"257299","0.13456588983535767","0.13456588983535767","0.13456588983535767","1522","1522","1522"
"257399","0.1315096914768219","0.1315096914768219","0.1315096914768219","1523","1523","1523"
"257499","0.14053811132907867","0.14053811132907867","0.14053811132907867","1524","1524","1524"
"257599","0.13170325756072998","0.13170325756072998","0.13170325756072998","1525","1525","1525"
"257699","0.1337866187095642","0.1337866187095642","0.1337866187095642","1526","1526","1526"
"257799","0.14404991269111633","0.14404991269111633","0.14404991269111633","1527","1527","1527"
"257899","0.14873960614204407","0.14873960614204407","0.14873960614204407","1528","1528","1528"
"257999","0.14584748446941376","0.14584748446941376","0.14584748446941376","1529","1529","1529"
"258099","0.13417287170886993","0.13417287170886993","0.13417287170886993","1530","1530","1530"
"258199","0.13787589967250824","0.13787589967250824","0.13787589967250824","1531","1531","1531"
"258299","0.13994164764881134","0.13994164764881134","0.13994164764881134","1532","1532","1532"
"258399","0.15379752218723297","0.15379752218723297","0.15379752218723297","1533","1533","1533"
"258499","0.1439778208732605","0.1439778208732605","0.1439778208732605","1534","1534","1534"
"258599","0.1412324160337448","0.1412324160337448","0.1412324160337448","1535","1535","1535"
"258699","0.145076721906662","0.145076721906662","0.145076721906662","1536","1536","1536"
"258799","0.13115663826465607","0.13115663826465607","0.13115663826465607","1537","1537","1537"
"258899","0.1420116126537323","0.1420116126537323","0.1420116126537323","1538","1538","1538"
"258999","0.13937264680862427","0.13937264680862427","0.13937264680862427","1539","1539","1539"
"259099","0.13762247562408447","0.13762247562408447","0.13762247562408447","1540","1540","1540"
"259199","0.1418064385652542","0.1418064385652542","0.1418064385652542","1541","1541","1541"
"259299","0.14483018219470978","0.14483018219470978","0.14483018219470978","1542","1542","1542"
"259399","0.14614461362361908","0.14614461362361908","0.14614461362361908","1543","1543","1543"
"259499","0.14568081498146057","0.14568081498146057","0.14568081498146057","1544","1544","1544"
"259599","0.13542668521404266","0.13542668521404266","0.13542668521404266","1545","1545","1545"
"259699","0.13311520218849182","0.13311520218849182","0.13311520218849182","1546","1546","1546"
"259799","0.13961216807365417","0.13961216807365417","0.13961216807365417","1547","1547","1547"
"259899","0.13316579163074493","0.13316579163074493","0.13316579163074493","1548","1548","1548"
"259999","0.13984504342079163","0.13984504342079163","0.13984504342079163","1549","1549","1549"
"260099","0.13233636319637299","0.13233636319637299","0.13233636319637299","1550","1550","1550"
"260199","0.13833262026309967","0.13833262026309967","0.13833262026309967","1551","1551","1551"
"260299","0.13518328964710236","0.13518328964710236","0.13518328964710236","1552","1552","1552"
"260399","0.13114555180072784","0.13114555180072784","0.13114555180072784","1553","1553","1553"
"260499","0.1462172418832779","0.1462172418832779","0.1462172418832779","1554","1554","1554"
"260599","0.13454650342464447","0.13454650342464447","0.13454650342464447","1555","1555","1555"
"260699","0.13696660101413727","0.13696660101413727","0.13696660101413727","1556","1556","1556"
"260799","0.14475394785404205","0.14475394785404205","0.14475394785404205","1557","1557","1557"
"260899","0.14109694957733154","0.14109694957733154","0.14109694957733154","1558","1558","1558"
"260999","0.14232893288135529","0.14232893288135529","0.14232893288135529","1559","1559","1559"
"261099","0.1330462396144867","0.1330462396144867","0.1330462396144867","1560","1560","1560"
"261199","0.1400901824235916","0.1400901824235916","0.1400901824235916","1561","1561","1561"
"261299","0.1440776288509369","0.1440776288509369","0.1440776288509369","1562","1562","1562"
"261399","0.13893406093120575","0.13893406093120575","0.13893406093120575","1563","1563","1563"
"261499","0.13994663953781128","0.13994663953781128","0.13994663953781128","1564","1564","1564"
"261599","0.13097453117370605","0.13097453117370605","0.13097453117370605","1565","1565","1565"
"261699","0.14585575461387634","0.14585575461387634","0.14585575461387634","1566","1566","1566"
"261799","0.13869895040988922","0.13869895040988922","0.13869895040988922","1567","1567","1567"
"261899","0.13215087354183197","0.13215087354183197","0.13215087354183197","1568","1568","1568"
"261999","0.14913463592529297","0.14913463592529297","0.14913463592529297","1569","1569","1569"
"262099","0.1465408354997635","0.1465408354997635","0.1465408354997635","1570","1570","1570"
"262199","0.14113329350948334","0.14113329350948334","0.14113329350948334","1571","1571","1571"
"262299","0.14454035460948944","0.14454035460948944","0.14454035460948944","1572","1572","1572"
"262399","0.14045102894306183","0.14045102894306183","0.14045102894306183","1573","1573","1573"
"262499","0.1523878574371338","0.1523878574371338","0.1523878574371338","1574","1574","1574"
"262599","0.1513613909482956","0.1513613909482956","0.1513613909482956","1575","1575","1575"
"262699","0.1380944699048996","0.1380944699048996","0.1380944699048996","1576","1576","1576"
"262799","0.14650525152683258","0.14650525152683258","0.14650525152683258","1577","1577","1577"
"262899","0.13694852590560913","0.13694852590560913","0.13694852590560913","1578","1578","1578"
"262999","0.14313386380672455","0.14313386380672455","0.14313386380672455","1579","1579","1579"
"263099","0.144386425614357","0.144386425614357","0.144386425614357","1580","1580","1580"
"263199","0.14423972368240356","0.14423972368240356","0.14423972368240356","1581","1581","1581"
"263299","0.1350862830877304","0.1350862830877304","0.1350862830877304","1582","1582","1582"
"263399","0.1428927630186081","0.1428927630186081","0.1428927630186081","1583","1583","1583"
"263499","0.13899172842502594","0.13899172842502594","0.13899172842502594","1584","1584","1584"
"263599","0.13118760287761688","0.13118760287761688","0.13118760287761688","1585","1585","1585"
"263699","0.13119782507419586","0.13119782507419586","0.13119782507419586","1586","1586","1586"
"263799","0.1333356648683548","0.1333356648683548","0.1333356648683548","1587","1587","1587"
"263899","0.14393466711044312","0.14393466711044312","0.14393466711044312","1588","1588","1588"
"263999","0.1328621804714203","0.1328621804714203","0.1328621804714203","1589","1589","1589"
"264099","0.13829649984836578","0.13829649984836578","0.13829649984836578","1590","1590","1590"
"264199","0.14014671742916107","0.14014671742916107","0.14014671742916107","1591","1591","1591"
"264299","0.14333657920360565","0.14333657920360565","0.14333657920360565","1592","1592","1592"
"264399","0.14324109256267548","0.14324109256267548","0.14324109256267548","1593","1593","1593"
"264499","0.14210015535354614","0.14210015535354614","0.14210015535354614","1594","1594","1594"
"264599","0.13350574672222137","0.13350574672222137","0.13350574672222137","1595","1595","1595"
"264699","0.13907046616077423","0.13907046616077423","0.13907046616077423","1596","1596","1596"
"264799","0.1378626674413681","0.1378626674413681","0.1378626674413681","1597","1597","1597"
"264899","0.14304305613040924","0.14304305613040924","0.14304305613040924","1598","1598","1598"
"264999","0.14463482797145844","0.14463482797145844","0.14463482797145844","1599","1599","1599"
"265099","0.1429125815629959","0.1429125815629959","0.1429125815629959","1600","1600","1600"
"265199","0.13722050189971924","0.13722050189971924","0.13722050189971924","1601","1601","1601"
"265299","0.13327091932296753","0.13327091932296753","0.13327091932296753","1602","1602","1602"
"265399","0.1439378559589386","0.1439378559589386","0.1439378559589386","1603","1603","1603"
"265499","0.1410101056098938","0.1410101056098938","0.1410101056098938","1604","1604","1604"
"265599","0.14206908643245697","0.14206908643245697","0.14206908643245697","1605","1605","1605"
"265699","0.14171025156974792","0.14171025156974792","0.14171025156974792","1606","1606","1606"
"265799","0.13849784433841705","0.13849784433841705","0.13849784433841705","1607","1607","1607"
"265899","0.13692283630371094","0.13692283630371094","0.13692283630371094","1608","1608","1608"
"265999","0.14627914130687714","0.14627914130687714","0.14627914130687714","1609","1609","1609"
"266099","0.13490693271160126","0.13490693271160126","0.13490693271160126","1610","1610","1610"
"266199","0.1301959753036499","0.1301959753036499","0.1301959753036499","1611","1611","1611"
"266299","0.13682465255260468","0.13682465255260468","0.13682465255260468","1612","1612","1612"
"266399","0.14773450791835785","0.14773450791835785","0.14773450791835785","1613","1613","1613"
"266499","0.13259585201740265","0.13259585201740265","0.13259585201740265","1614","1614","1614"
"266599","0.14449279010295868","0.14449279010295868","0.14449279010295868","1615","1615","1615"
"266699","0.13807468116283417","0.13807468116283417","0.13807468116283417","1616","1616","1616"
"266799","0.14112484455108643","0.14112484455108643","0.14112484455108643","1617","1617","1617"
"266899","0.13537931442260742","0.13537931442260742","0.13537931442260742","1618","1618","1618"
"266999","0.13746292889118195","0.13746292889118195","0.13746292889118195","1619","1619","1619"
"267099","0.13823014497756958","0.13823014497756958","0.13823014497756958","1620","1620","1620"
"267199","0.1405850052833557","0.1405850052833557","0.1405850052833557","1621","1621","1621"
"267299","0.14075744152069092","0.14075744152069092","0.14075744152069092","1622","1622","1622"
"267399","0.13878773152828217","0.13878773152828217","0.13878773152828217","1623","1623","1623"
"267499","0.13303373754024506","0.13303373754024506","0.13303373754024506","1624","1624","1624"
"267599","0.13863277435302734","0.13863277435302734","0.13863277435302734","1625","1625","1625"
"267699","0.1319921314716339","0.1319921314716339","0.1319921314716339","1626","1626","1626"
"267799","0.1378771811723709","0.1378771811723709","0.1378771811723709","1627","1627","1627"
"267899","0.13332022726535797","0.13332022726535797","0.13332022726535797","1628","1628","1628"
"267999","0.14757472276687622","0.14757472276687622","0.14757472276687622","1629","1629","1629"
"268099","0.14024430513381958","0.14024430513381958","0.14024430513381958","1630","1630","1630"
"268199","0.1392308473587036","0.1392308473587036","0.1392308473587036","1631","1631","1631"
"268299","0.14380715787410736","0.14380715787410736","0.14380715787410736","1632","1632","1632"
"268399","0.13901551067829132","0.13901551067829132","0.13901551067829132","1633","1633","1633"
"268499","0.13386793434619904","0.13386793434619904","0.13386793434619904","1634","1634","1634"
"268599","0.1348429024219513","0.1348429024219513","0.1348429024219513","1635","1635","1635"
"268699","0.13810911774635315","0.13810911774635315","0.13810911774635315","1636","1636","1636"
"268799","0.13516779243946075","0.13516779243946075","0.13516779243946075","1637","1637","1637"
"268899","0.13110102713108063","0.13110102713108063","0.13110102713108063","1638","1638","1638"
"268999","0.13585491478443146","0.13585491478443146","0.13585491478443146","1639","1639","1639"
"269099","0.13527190685272217","0.13527190685272217","0.13527190685272217","1640","1640","1640"
"269199","0.13620154559612274","0.13620154559612274","0.13620154559612274","1641","1641","1641"
"269299","0.14385434985160828","0.14385434985160828","0.14385434985160828","1642","1642","1642"
"269399","0.14004042744636536","0.14004042744636536","0.14004042744636536","1643","1643","1643"
"269499","0.14005619287490845","0.14005619287490845","0.14005619287490845","1644","1644","1644"
"269599","0.1424090415239334","0.1424090415239334","0.1424090415239334","1645","1645","1645"
"269699","0.13154065608978271","0.13154065608978271","0.13154065608978271","1646","1646","1646"
"269799","0.14370514452457428","0.14370514452457428","0.14370514452457428","1647","1647","1647"
"269899","0.1331760436296463","0.1331760436296463","0.1331760436296463","1648","1648","1648"
"269999","0.12904587388038635","0.12904587388038635","0.12904587388038635","1649","1649","1649"
"270099","0.13741159439086914","0.13741159439086914","0.13741159439086914","1650","1650","1650"
"270199","0.13573113083839417","0.13573113083839417","0.13573113083839417","1651","1651","1651"
"270299","0.1406126320362091","0.1406126320362091","0.1406126320362091","1652","1652","1652"
"270399","0.1405520737171173","0.1405520737171173","0.1405520737171173","1653","1653","1653"
"270499","0.13942866027355194","0.13942866027355194","0.13942866027355194","1654","1654","1654"
"270599","0.12846074998378754","0.12846074998378754","0.12846074998378754","1655","1655","1655"
"270699","0.13581950962543488","0.13581950962543488","0.13581950962543488","1656","1656","1656"
"270799","0.14006389677524567","0.14006389677524567","0.14006389677524567","1657","1657","1657"
"270899","0.14197076857089996","0.14197076857089996","0.14197076857089996","1658","1658","1658"
"270999","0.14219900965690613","0.14219900965690613","0.14219900965690613","1659","1659","1659"
"271099","0.14610396325588226","0.14610396325588226","0.14610396325588226","1660","1660","1660"
"271199","0.1401955634355545","0.1401955634355545","0.1401955634355545","1661","1661","1661"
"271299","0.14516450464725494","0.14516450464725494","0.14516450464725494","1662","1662","1662"
"271399","0.14269356429576874","0.14269356429576874","0.14269356429576874","1663","1663","1663"
"271499","0.14714384078979492","0.14714384078979492","0.14714384078979492","1664","1664","1664"
"271599","0.14181238412857056","0.14181238412857056","0.14181238412857056","1665","1665","1665"
"271699","0.14162971079349518","0.14162971079349518","0.14162971079349518","1666","1666","1666"
"271799","0.13846611976623535","0.13846611976623535","0.13846611976623535","1667","1667","1667"
"271899","0.1392805576324463","0.1392805576324463","0.1392805576324463","1668","1668","1668"
"271999","0.13908988237380981","0.13908988237380981","0.13908988237380981","1669","1669","1669"
"272099","0.1366022378206253","0.1366022378206253","0.1366022378206253","1670","1670","1670"
"272199","0.13283471763134003","0.13283471763134003","0.13283471763134003","1671","1671","1671"
"272299","0.14253415167331696","0.14253415167331696","0.14253415167331696","1672","1672","1672"
"272399","0.13083148002624512","0.13083148002624512","0.13083148002624512","1673","1673","1673"
"272499","0.14968639612197876","0.14968639612197876","0.14968639612197876","1674","1674","1674"
"272599","0.136763334274292","0.136763334274292","0.136763334274292","1675","1675","1675"
"272699","0.12951622903347015","0.12951622903347015","0.12951622903347015","1676","1676","1676"
"272799","0.13822463154792786","0.13822463154792786","0.13822463154792786","1677","1677","1677"
"272899","0.13562080264091492","0.13562080264091492","0.13562080264091492","1678","1678","1678"
"272999","0.15089549124240875","0.15089549124240875","0.15089549124240875","1679","1679","1679"
"273099","0.13809598982334137","0.13809598982334137","0.13809598982334137","1680","1680","1680"
"273199","0.1417291760444641","0.1417291760444641","0.1417291760444641","1681","1681","1681"
"273299","0.13756997883319855","0.13756997883319855","0.13756997883319855","1682","1682","1682"
"273399","0.14146561920642853","0.14146561920642853","0.14146561920642853","1683","1683","1683"
"273499","0.14028847217559814","0.14028847217559814","0.14028847217559814","1684","1684","1684"
"273599","0.13612571358680725","0.13612571358680725","0.13612571358680725","1685","1685","1685"
"273699","0.1458994746208191","0.1458994746208191","0.1458994746208191","1686","1686","1686"
"273799","0.13875406980514526","0.13875406980514526","0.13875406980514526","1687","1687","1687"
"273899","0.14016127586364746","0.14016127586364746","0.14016127586364746","1688","1688","1688"
"273999","0.1418759822845459","0.1418759822845459","0.1418759822845459","1689","1689","1689"
"274099","0.13932158052921295","0.13932158052921295","0.13932158052921295","1690","1690","1690"
"274199","0.13831257820129395","0.13831257820129395","0.13831257820129395","1691","1691","1691"
"274299","0.13472653925418854","0.13472653925418854","0.13472653925418854","1692","1692","1692"
"274399","0.13851626217365265","0.13851626217365265","0.13851626217365265","1693","1693","1693"
"274499","0.14455802738666534","0.14455802738666534","0.14455802738666534","1694","1694","1694"
"274599","0.1388496309518814","0.1388496309518814","0.1388496309518814","1695","1695","1695"
"274699","0.13129311800003052","0.13129311800003052","0.13129311800003052","1696","1696","1696"
"274799","0.13342058658599854","0.13342058658599854","0.13342058658599854","1697","1697","1697"
"274899","0.14475500583648682","0.14475500583648682","0.14475500583648682","1698","1698","1698"
"274999","0.13439418375492096","0.13439418375492096","0.13439418375492096","1699","1699","1699"
"275099","0.13117602467536926","0.13117602467536926","0.13117602467536926","1700","1700","1700"
"275199","0.15019257366657257","0.15019257366657257","0.15019257366657257","1701","1701","1701"
"275299","0.13254216313362122","0.13254216313362122","0.13254216313362122","1702","1702","1702"
"275399","0.1308557689189911","0.1308557689189911","0.1308557689189911","1703","1703","1703"
"275499","0.13491590321063995","0.13491590321063995","0.13491590321063995","1704","1704","1704"
"275599","0.13949453830718994","0.13949453830718994","0.13949453830718994","1705","1705","1705"
"275699","0.13725705444812775","0.13725705444812775","0.13725705444812775","1706","1706","1706"
"275799","0.14034287631511688","0.14034287631511688","0.14034287631511688","1707","1707","1707"
"275899","0.15393534302711487","0.15393534302711487","0.15393534302711487","1708","1708","1708"
"275999","0.138608917593956","0.138608917593956","0.138608917593956","1709","1709","1709"
"276099","0.13829560577869415","0.13829560577869415","0.13829560577869415","1710","1710","1710"
"276199","0.14211298525333405","0.14211298525333405","0.14211298525333405","1711","1711","1711"
"276299","0.13676296174526215","0.13676296174526215","0.13676296174526215","1712","1712","1712"
"276399","0.13374462723731995","0.13374462723731995","0.13374462723731995","1713","1713","1713"
"276499","0.14042021334171295","0.14042021334171295","0.14042021334171295","1714","1714","1714"
"276599","0.14239290356636047","0.14239290356636047","0.14239290356636047","1715","1715","1715"
"276699","0.14978249371051788","0.14978249371051788","0.14978249371051788","1716","1716","1716"
"276799","0.14279474318027496","0.14279474318027496","0.14279474318027496","1717","1717","1717"
"276899","0.13264043629169464","0.13264043629169464","0.13264043629169464","1718","1718","1718"
"276999","0.13350635766983032","0.13350635766983032","0.13350635766983032","1719","1719","1719"
"277099","0.13973304629325867","0.13973304629325867","0.13973304629325867","1720","1720","1720"
"277199","0.14349327981472015","0.14349327981472015","0.14349327981472015","1721","1721","1721"
"277299","0.1363867074251175","0.1363867074251175","0.1363867074251175","1722","1722","1722"
"277399","0.13878166675567627","0.13878166675567627","0.13878166675567627","1723","1723","1723"
"277499","0.14304105937480927","0.14304105937480927","0.14304105937480927","1724","1724","1724"
"277599","0.1458372324705124","0.1458372324705124","0.1458372324705124","1725","1725","1725"
"277699","0.1320909708738327","0.1320909708738327","0.1320909708738327","1726","1726","1726"
"277799","0.13276661932468414","0.13276661932468414","0.13276661932468414","1727","1727","1727"
"277899","0.14059901237487793","0.14059901237487793","0.14059901237487793","1728","1728","1728"
"277999","0.13630636036396027","0.13630636036396027","0.13630636036396027","1729","1729","1729"
"278099","0.13359922170639038","0.13359922170639038","0.13359922170639038","1730","1730","1730"
"278199","0.13916796445846558","0.13916796445846558","0.13916796445846558","1731","1731","1731"
"278299","0.14853282272815704","0.14853282272815704","0.14853282272815704","1732","1732","1732"
"278399","0.1399277001619339","0.1399277001619339","0.1399277001619339","1733","1733","1733"
"278499","0.1359335482120514","0.1359335482120514","0.1359335482120514","1734","1734","1734"
"278599","0.13576796650886536","0.13576796650886536","0.13576796650886536","1735","1735","1735"
"278699","0.1344866156578064","0.1344866156578064","0.1344866156578064","1736","1736","1736"
"278799","0.14364364743232727","0.14364364743232727","0.14364364743232727","1737","1737","1737"
"278899","0.14560745656490326","0.14560745656490326","0.14560745656490326","1738","1738","1738"
"278999","0.13478311896324158","0.13478311896324158","0.13478311896324158","1739","1739","1739"
"279099","0.13352958858013153","0.13352958858013153","0.13352958858013153","1740","1740","1740"
"279199","0.1218504011631012","0.1218504011631012","0.1218504011631012","1741","1741","1741"
"279299","0.14118090271949768","0.14118090271949768","0.14118090271949768","1742","1742","1742"
"279399","0.15060141682624817","0.15060141682624817","0.15060141682624817","1743","1743","1743"
"279499","0.14046451449394226","0.14046451449394226","0.14046451449394226","1744","1744","1744"
"279599","0.1355196088552475","0.1355196088552475","0.1355196088552475","1745","1745","1745"
"279699","0.1353461593389511","0.1353461593389511","0.1353461593389511","1746","1746","1746"
"279799","0.1290920525789261","0.1290920525789261","0.1290920525789261","1747","1747","1747"
"279899","0.1334921270608902","0.1334921270608902","0.1334921270608902","1748","1748","1748"
"279999","0.1362789422273636","0.1362789422273636","0.1362789422273636","1749","1749","1749"
"280099","0.12935370206832886","0.12935370206832886","0.12935370206832886","1750","1750","1750"
"280199","0.1402054727077484","0.1402054727077484","0.1402054727077484","1751","1751","1751"
"280299","0.13702352344989777","0.13702352344989777","0.13702352344989777","1752","1752","1752"
"280399","0.1443956196308136","0.1443956196308136","0.1443956196308136","1753","1753","1753"
"280499","0.13140173256397247","0.13140173256397247","0.13140173256397247","1754","1754","1754"
"280599","0.1446654349565506","0.1446654349565506","0.1446654349565506","1755","1755","1755"
"280699","0.1404932141304016","0.1404932141304016","0.1404932141304016","1756","1756","1756"
"280799","0.14203384518623352","0.14203384518623352","0.14203384518623352","1757","1757","1757"
"280899","0.14192844927310944","0.14192844927310944","0.14192844927310944","1758","1758","1758"
"280999","0.136649951338768","0.136649951338768","0.136649951338768","1759","1759","1759"
"281099","0.14970718324184418","0.14970718324184418","0.14970718324184418","1760","1760","1760"
"281199","0.1353224366903305","0.1353224366903305","0.1353224366903305","1761","1761","1761"
"281299","0.1430717557668686","0.1430717557668686","0.1430717557668686","1762","1762","1762"
"281399","0.14510174095630646","0.14510174095630646","0.14510174095630646","1763","1763","1763"
"281499","0.1423381119966507","0.1423381119966507","0.1423381119966507","1764","1764","1764"
"281599","0.14351072907447815","0.14351072907447815","0.14351072907447815","1765","1765","1765"
"281699","0.14130555093288422","0.14130555093288422","0.14130555093288422","1766","1766","1766"
"281799","0.14325442910194397","0.14325442910194397","0.14325442910194397","1767","1767","1767"
"281899","0.14453549683094025","0.14453549683094025","0.14453549683094025","1768","1768","1768"
"281999","0.14222852885723114","0.14222852885723114","0.14222852885723114","1769","1769","1769"
"282099","0.13687965273857117","0.13687965273857117","0.13687965273857117","1770","1770","1770"
"282199","0.1381448358297348","0.1381448358297348","0.1381448358297348","1771","1771","1771"
"282299","0.12458671629428864","0.12458671629428864","0.12458671629428864","1772","1772","1772"
"282399","0.14307855069637299","0.14307855069637299","0.14307855069637299","1773","1773","1773"
"282499","0.1341935098171234","0.1341935098171234","0.1341935098171234","1774","1774","1774"
"282599","0.13687764108181","0.13687764108181","0.13687764108181","1775","1775","1775"
"282699","0.13872992992401123","0.13872992992401123","0.13872992992401123","1776","1776","1776"
"282799","0.137176975607872","0.137176975607872","0.137176975607872","1777","1777","1777"
"282899","0.13320012390613556","0.13320012390613556","0.13320012390613556","1778","1778","1778"
"282999","0.14593584835529327","0.14593584835529327","0.14593584835529327","1779","1779","1779"
"283099","0.13484390079975128","0.13484390079975128","0.13484390079975128","1780","1780","1780"
"283199","0.13803939521312714","0.13803939521312714","0.13803939521312714","1781","1781","1781"
"283299","0.140172079205513","0.140172079205513","0.140172079205513","1782","1782","1782"
"283399","0.14262989163398743","0.14262989163398743","0.14262989163398743","1783","1783","1783"
"283499","0.1404789239168167","0.1404789239168167","0.1404789239168167","1784","1784","1784"
"283599","0.1370510756969452","0.1370510756969452","0.1370510756969452","1785","1785","1785"
"283699","0.1263684630393982","0.1263684630393982","0.1263684630393982","1786","1786","1786"
"283799","0.13582484424114227","0.13582484424114227","0.13582484424114227","1787","1787","1787"
"283899","0.1454618275165558","0.1454618275165558","0.1454618275165558","1788","1788","1788"
"283999","0.1441260427236557","0.1441260427236557","0.1441260427236557","1789","1789","1789"
"284099","0.13400910794734955","0.13400910794734955","0.13400910794734955","1790","1790","1790"
"284199","0.14383596181869507","0.14383596181869507","0.14383596181869507","1791","1791","1791"
"284299","0.1353578418493271","0.1353578418493271","0.1353578418493271","1792","1792","1792"
"284399","0.14300470054149628","0.14300470054149628","0.14300470054149628","1793","1793","1793"
"284499","0.1376914530992508","0.1376914530992508","0.1376914530992508","1794","1794","1794"
"284599","0.13164666295051575","0.13164666295051575","0.13164666295051575","1795","1795","1795"
"284699","0.14009226858615875","0.14009226858615875","0.14009226858615875","1796","1796","1796"
"284799","0.1459752470254898","0.1459752470254898","0.1459752470254898","1797","1797","1797"
"284899","0.13516120612621307","0.13516120612621307","0.13516120612621307","1798","1798","1798"
"284999","0.14325043559074402","0.14325043559074402","0.14325043559074402","1799","1799","1799"
"285099","0.1382879763841629","0.1382879763841629","0.1382879763841629","1800","1800","1800"
"285199","0.14537584781646729","0.14537584781646729","0.14537584781646729","1801","1801","1801"
"285299","0.13145361840724945","0.13145361840724945","0.13145361840724945","1802","1802","1802"
"285399","0.1427280455827713","0.1427280455827713","0.1427280455827713","1803","1803","1803"
"285499","0.14228938519954681","0.14228938519954681","0.14228938519954681","1804","1804","1804"
"285599","0.1368642896413803","0.1368642896413803","0.1368642896413803","1805","1805","1805"
"285699","0.14170889556407928","0.14170889556407928","0.14170889556407928","1806","1806","1806"
"285799","0.14567334949970245","0.14567334949970245","0.14567334949970245","1807","1807","1807"
"285899","0.143954336643219","0.143954336643219","0.143954336643219","1808","1808","1808"
"285999","0.1445227861404419","0.1445227861404419","0.1445227861404419","1809","1809","1809"
"286099","0.13199390470981598","0.13199390470981598","0.13199390470981598","1810","1810","1810"
"286199","0.14472796022891998","0.14472796022891998","0.14472796022891998","1811","1811","1811"
"286299","0.1467626839876175","0.1467626839876175","0.1467626839876175","1812","1812","1812"
"286399","0.13262037932872772","0.13262037932872772","0.13262037932872772","1813","1813","1813"
"286499","0.13468918204307556","0.13468918204307556","0.13468918204307556","1814","1814","1814"
"286599","0.138833150267601","0.138833150267601","0.138833150267601","1815","1815","1815"
"286699","0.15116702020168304","0.15116702020168304","0.15116702020168304","1816","1816","1816"
"286799","0.14627869427204132","0.14627869427204132","0.14627869427204132","1817","1817","1817"
"286899","0.14438819885253906","0.14438819885253906","0.14438819885253906","1818","1818","1818"
"286999","0.14280648529529572","0.14280648529529572","0.14280648529529572","1819","1819","1819"
"287099","0.14090855419635773","0.14090855419635773","0.14090855419635773","1820","1820","1820"
"287199","0.1442442238330841","0.1442442238330841","0.1442442238330841","1821","1821","1821"
"287299","0.14478854835033417","0.14478854835033417","0.14478854835033417","1822","1822","1822"
"287399","0.1429092437028885","0.1429092437028885","0.1429092437028885","1823","1823","1823"
"287499","0.12961067259311676","0.12961067259311676","0.12961067259311676","1824","1824","1824"
"287599","0.1334303766489029","0.1334303766489029","0.1334303766489029","1825","1825","1825"
"287699","0.14289017021656036","0.14289017021656036","0.14289017021656036","1826","1826","1826"
"287799","0.13737179338932037","0.13737179338932037","0.13737179338932037","1827","1827","1827"
"287899","0.1274029165506363","0.1274029165506363","0.1274029165506363","1828","1828","1828"
"287999","0.14712996780872345","0.14712996780872345","0.14712996780872345","1829","1829","1829"
"288099","0.14677590131759644","0.14677590131759644","0.14677590131759644","1830","1830","1830"
"288199","0.1356281191110611","0.1356281191110611","0.1356281191110611","1831","1831","1831"
"288299","0.14013950526714325","0.14013950526714325","0.14013950526714325","1832","1832","1832"
"288399","0.14280965924263","0.14280965924263","0.14280965924263","1833","1833","1833"
"288499","0.14056725800037384","0.14056725800037384","0.14056725800037384","1834","1834","1834"
"288599","0.12375063449144363","0.12375063449144363","0.12375063449144363","1835","1835","1835"
"288699","0.13856300711631775","0.13856300711631775","0.13856300711631775","1836","1836","1836"
"288799","0.13548330962657928","0.13548330962657928","0.13548330962657928","1837","1837","1837"
"288899","0.1421792060136795","0.1421792060136795","0.1421792060136795","1838","1838","1838"
"288999","0.14596571028232574","0.14596571028232574","0.14596571028232574","1839","1839","1839"
"289099","0.1358637511730194","0.1358637511730194","0.1358637511730194","1840","1840","1840"
"289199","0.14037097990512848","0.14037097990512848","0.14037097990512848","1841","1841","1841"
"289299","0.139659121632576","0.139659121632576","0.139659121632576","1842","1842","1842"
"289399","0.13974465429782867","0.13974465429782867","0.13974465429782867","1843","1843","1843"
"289499","0.1449941098690033","0.1449941098690033","0.1449941098690033","1844","1844","1844"
"289599","0.1443292647600174","0.1443292647600174","0.1443292647600174","1845","1845","1845"
"289699","0.13773280382156372","0.13773280382156372","0.13773280382156372","1846","1846","1846"
"289799","0.1410156935453415","0.1410156935453415","0.1410156935453415","1847","1847","1847"
"289899","0.1329105943441391","0.1329105943441391","0.1329105943441391","1848","1848","1848"
"289999","0.12992946803569794","0.12992946803569794","0.12992946803569794","1849","1849","1849"
"290099","0.14601393043994904","0.14601393043994904","0.14601393043994904","1850","1850","1850"
"290199","0.1512046456336975","0.1512046456336975","0.1512046456336975","1851","1851","1851"
"290299","0.13752621412277222","0.13752621412277222","0.13752621412277222","1852","1852","1852"
"290399","0.14250989258289337","0.14250989258289337","0.14250989258289337","1853","1853","1853"
"290499","0.14615049958229065","0.14615049958229065","0.14615049958229065","1854","1854","1854"
"290599","0.14840154349803925","0.14840154349803925","0.14840154349803925","1855","1855","1855"
"290699","0.12994787096977234","0.12994787096977234","0.12994787096977234","1856","1856","1856"
"290799","0.12726719677448273","0.12726719677448273","0.12726719677448273","1857","1857","1857"
"290899","0.14293213188648224","0.14293213188648224","0.14293213188648224","1858","1858","1858"
"290999","0.13449785113334656","0.13449785113334656","0.13449785113334656","1859","1859","1859"
"291099","0.1520709991455078","0.1520709991455078","0.1520709991455078","1860","1860","1860"
"291199","0.14041420817375183","0.14041420817375183","0.14041420817375183","1861","1861","1861"
"291299","0.13573379814624786","0.13573379814624786","0.13573379814624786","1862","1862","1862"
"291399","0.14056269824504852","0.14056269824504852","0.14056269824504852","1863","1863","1863"
"291499","0.1365164965391159","0.1365164965391159","0.1365164965391159","1864","1864","1864"
"291599","0.13988414406776428","0.13988414406776428","0.13988414406776428","1865","1865","1865"
"291699","0.12994599342346191","0.12994599342346191","0.12994599342346191","1866","1866","1866"
"291799","0.14939114451408386","0.14939114451408386","0.14939114451408386","1867","1867","1867"
"291899","0.13151341676712036","0.13151341676712036","0.13151341676712036","1868","1868","1868"
"291999","0.13520069420337677","0.13520069420337677","0.13520069420337677","1869","1869","1869"
"292099","0.13380759954452515","0.13380759954452515","0.13380759954452515","1870","1870","1870"
"292199","0.14058251678943634","0.14058251678943634","0.14058251678943634","1871","1871","1871"
"292299","0.13466547429561615","0.13466547429561615","0.13466547429561615","1872","1872","1872"
"292399","0.14366169273853302","0.14366169273853302","0.14366169273853302","1873","1873","1873"
"292499","0.13810262084007263","0.13810262084007263","0.13810262084007263","1874","1874","1874"
"292599","0.13749559223651886","0.13749559223651886","0.13749559223651886","1875","1875","1875"
"292699","0.14067788422107697","0.14067788422107697","0.14067788422107697","1876","1876","1876"
"292799","0.13877706229686737","0.13877706229686737","0.13877706229686737","1877","1877","1877"
"292899","0.13498610258102417","0.13498610258102417","0.13498610258102417","1878","1878","1878"
"292999","0.13899199664592743","0.13899199664592743","0.13899199664592743","1879","1879","1879"
"293099","0.1262689232826233","0.1262689232826233","0.1262689232826233","1880","1880","1880"
"293199","0.15182794630527496","0.15182794630527496","0.15182794630527496","1881","1881","1881"
"293299","0.1388084590435028","0.1388084590435028","0.1388084590435028","1882","1882","1882"
"293399","0.1360657811164856","0.1360657811164856","0.1360657811164856","1883","1883","1883"
"293499","0.1429653912782669","0.1429653912782669","0.1429653912782669","1884","1884","1884"
"293599","0.14270377159118652","0.14270377159118652","0.14270377159118652","1885","1885","1885"
"293699","0.13584893941879272","0.13584893941879272","0.13584893941879272","1886","1886","1886"
"293799","0.13886381685733795","0.13886381685733795","0.13886381685733795","1887","1887","1887"
"293899","0.13240520656108856","0.13240520656108856","0.13240520656108856","1888","1888","1888"
"293999","0.13599558174610138","0.13599558174610138","0.13599558174610138","1889","1889","1889"
"294099","0.13909581303596497","0.13909581303596497","0.13909581303596497","1890","1890","1890"
"294199","0.1365847885608673","0.1365847885608673","0.1365847885608673","1891","1891","1891"
"294299","0.14007559418678284","0.14007559418678284","0.14007559418678284","1892","1892","1892"
"294399","0.14038828015327454","0.14038828015327454","0.14038828015327454","1893","1893","1893"
"294499","0.14602190256118774","0.14602190256118774","0.14602190256118774","1894","1894","1894"
"294599","0.14299745857715607","0.14299745857715607","0.14299745857715607","1895","1895","1895"
"294699","0.13975687325000763","0.13975687325000763","0.13975687325000763","1896","1896","1896"
"294799","0.15033988654613495","0.15033988654613495","0.15033988654613495","1897","1897","1897"
"294899","0.1507190316915512","0.1507190316915512","0.1507190316915512","1898","1898","1898"
"294999","0.14755578339099884","0.14755578339099884","0.14755578339099884","1899","1899","1899"
"295099","0.13504880666732788","0.13504880666732788","0.13504880666732788","1900","1900","1900"
"295199","0.1266045719385147","0.1266045719385147","0.1266045719385147","1901","1901","1901"
"295299","0.13715305924415588","0.13715305924415588","0.13715305924415588","1902","1902","1902"
"295399","0.14317971467971802","0.14317971467971802","0.14317971467971802","1903","1903","1903"
"295499","0.14279861748218536","0.14279861748218536","0.14279861748218536","1904","1904","1904"
"295599","0.1386110931634903","0.1386110931634903","0.1386110931634903","1905","1905","1905"
"295699","0.14599546790122986","0.14599546790122986","0.14599546790122986","1906","1906","1906"
"295799","0.13384723663330078","0.13384723663330078","0.13384723663330078","1907","1907","1907"
"295899","0.13750813901424408","0.13750813901424408","0.13750813901424408","1908","1908","1908"
"295999","0.14754489064216614","0.14754489064216614","0.14754489064216614","1909","1909","1909"
"296099","0.1400274634361267","0.1400274634361267","0.1400274634361267","1910","1910","1910"
"296199","0.14155909419059753","0.14155909419059753","0.14155909419059753","1911","1911","1911"
"296299","0.1416662335395813","0.1416662335395813","0.1416662335395813","1912","1912","1912"
"296399","0.13828179240226746","0.13828179240226746","0.13828179240226746","1913","1913","1913"
"296499","0.1447959691286087","0.1447959691286087","0.1447959691286087","1914","1914","1914"
"296599","0.1473383605480194","0.1473383605480194","0.1473383605480194","1915","1915","1915"
"296699","0.13493871688842773","0.13493871688842773","0.13493871688842773","1916","1916","1916"
"296799","0.14809046685695648","0.14809046685695648","0.14809046685695648","1917","1917","1917"
"296899","0.13487236201763153","0.13487236201763153","0.13487236201763153","1918","1918","1918"
"296999","0.13934433460235596","0.13934433460235596","0.13934433460235596","1919","1919","1919"
"297099","0.1326751559972763","0.1326751559972763","0.1326751559972763","1920","1920","1920"
"297199","0.13589593768119812","0.13589593768119812","0.13589593768119812","1921","1921","1921"
"297299","0.14073307812213898","0.14073307812213898","0.14073307812213898","1922","1922","1922"
"297399","0.13982181251049042","0.13982181251049042","0.13982181251049042","1923","1923","1923"
"297499","0.13763751089572906","0.13763751089572906","0.13763751089572906","1924","1924","1924"
"297599","0.1349301040172577","0.1349301040172577","0.1349301040172577","1925","1925","1925"
"297699","0.13465674221515656","0.13465674221515656","0.13465674221515656","1926","1926","1926"
"297799","0.14036889374256134","0.14036889374256134","0.14036889374256134","1927","1927","1927"
"297899","0.1390419751405716","0.1390419751405716","0.1390419751405716","1928","1928","1928"
"297999","0.14311480522155762","0.14311480522155762","0.14311480522155762","1929","1929","1929"
"298099","0.14716418087482452","0.14716418087482452","0.14716418087482452","1930","1930","1930"
"298199","0.1404542624950409","0.1404542624950409","0.1404542624950409","1931","1931","1931"
"298299","0.13036057353019714","0.13036057353019714","0.13036057353019714","1932","1932","1932"
"298399","0.13890138268470764","0.13890138268470764","0.13890138268470764","1933","1933","1933"
"298499","0.13516177237033844","0.13516177237033844","0.13516177237033844","1934","1934","1934"
"298599","0.14020390808582306","0.14020390808582306","0.14020390808582306","1935","1935","1935"
"298699","0.1354568600654602","0.1354568600654602","0.1354568600654602","1936","1936","1936"
"298799","0.14379997551441193","0.14379997551441193","0.14379997551441193","1937","1937","1937"
"298899","0.13944555819034576","0.13944555819034576","0.13944555819034576","1938","1938","1938"
"298999","0.13282310962677002","0.13282310962677002","0.13282310962677002","1939","1939","1939"
"299099","0.13935667276382446","0.13935667276382446","0.13935667276382446","1940","1940","1940"
"299199","0.1350228488445282","0.1350228488445282","0.1350228488445282","1941","1941","1941"
"299299","0.13265153765678406","0.13265153765678406","0.13265153765678406","1942","1942","1942"
"299399","0.14080341160297394","0.14080341160297394","0.14080341160297394","1943","1943","1943"
"299499","0.14645162224769592","0.14645162224769592","0.14645162224769592","1944","1944","1944"
"299599","0.14484518766403198","0.14484518766403198","0.14484518766403198","1945","1945","1945"
"299699","0.14064921438694","0.14064921438694","0.14064921438694","1946","1946","1946"
"299799","0.14548532664775848","0.14548532664775848","0.14548532664775848","1947","1947","1947"
"299899","0.1387370228767395","0.1387370228767395","0.1387370228767395","1948","1948","1948"
"299999","0.14032375812530518","0.14032375812530518","0.14032375812530518","1949","1949","1949"
"300099","0.14340469241142273","0.14340469241142273","0.14340469241142273","1950","1950","1950"
"300199","0.14136160910129547","0.14136160910129547","0.14136160910129547","1951","1951","1951"
"300299","0.13580133020877838","0.13580133020877838","0.13580133020877838","1952","1952","1952"
"300399","0.14676611125469208","0.14676611125469208","0.14676611125469208","1953","1953","1953"
"300499","0.14561162889003754","0.14561162889003754","0.14561162889003754","1954","1954","1954"
"300599","0.14050202071666718","0.14050202071666718","0.14050202071666718","1955","1955","1955"
"300699","0.14611472189426422","0.14611472189426422","0.14611472189426422","1956","1956","1956"
"300799","0.13559722900390625","0.13559722900390625","0.13559722900390625","1957","1957","1957"
"300899","0.14186975359916687","0.14186975359916687","0.14186975359916687","1958","1958","1958"
"300999","0.13325412571430206","0.13325412571430206","0.13325412571430206","1959","1959","1959"
"301099","0.13749034702777863","0.13749034702777863","0.13749034702777863","1960","1960","1960"
"301199","0.14329512417316437","0.14329512417316437","0.14329512417316437","1961","1961","1961"
"301299","0.1439887136220932","0.1439887136220932","0.1439887136220932","1962","1962","1962"
"301399","0.13265939056873322","0.13265939056873322","0.13265939056873322","1963","1963","1963"
"301499","0.1494513601064682","0.1494513601064682","0.1494513601064682","1964","1964","1964"
"301599","0.13752281665802002","0.13752281665802002","0.13752281665802002","1965","1965","1965"
"301699","0.1373639702796936","0.1373639702796936","0.1373639702796936","1966","1966","1966"
"301799","0.13158848881721497","0.13158848881721497","0.13158848881721497","1967","1967","1967"
"301899","0.13819511234760284","0.13819511234760284","0.13819511234760284","1968","1968","1968"
"301999","0.14617425203323364","0.14617425203323364","0.14617425203323364","1969","1969","1969"
"302099","0.13876931369304657","0.13876931369304657","0.13876931369304657","1970","1970","1970"
"302199","0.14858923852443695","0.14858923852443695","0.14858923852443695","1971","1971","1971"
"302299","0.14354047179222107","0.14354047179222107","0.14354047179222107","1972","1972","1972"
"302399","0.14665737748146057","0.14665737748146057","0.14665737748146057","1973","1973","1973"
"302499","0.1303195208311081","0.1303195208311081","0.1303195208311081","1974","1974","1974"
"302599","0.14243288338184357","0.14243288338184357","0.14243288338184357","1975","1975","1975"
"302699","0.13465666770935059","0.13465666770935059","0.13465666770935059","1976","1976","1976"
"302799","0.139285147190094","0.139285147190094","0.139285147190094","1977","1977","1977"
"302899","0.1340217888355255","0.1340217888355255","0.1340217888355255","1978","1978","1978"
"302999","0.1497018188238144","0.1497018188238144","0.1497018188238144","1979","1979","1979"
"303099","0.1369229108095169","0.1369229108095169","0.1369229108095169","1980","1980","1980"
"303199","0.13510890305042267","0.13510890305042267","0.13510890305042267","1981","1981","1981"
"303299","0.1294950246810913","0.1294950246810913","0.1294950246810913","1982","1982","1982"
"303399","0.14116469025611877","0.14116469025611877","0.14116469025611877","1983","1983","1983"
"303499","0.14141587913036346","0.14141587913036346","0.14141587913036346","1984","1984","1984"
"303599","0.14005085825920105","0.14005085825920105","0.14005085825920105","1985","1985","1985"
"303699","0.1378733515739441","0.1378733515739441","0.1378733515739441","1986","1986","1986"
"303799","0.13086950778961182","0.13086950778961182","0.13086950778961182","1987","1987","1987"
"303899","0.1492508500814438","0.1492508500814438","0.1492508500814438","1988","1988","1988"
"303999","0.14442475140094757","0.14442475140094757","0.14442475140094757","1989","1989","1989"
"304099","0.1386898308992386","0.1386898308992386","0.1386898308992386","1990","1990","1990"
"304199","0.14104634523391724","0.14104634523391724","0.14104634523391724","1991","1991","1991"
"304299","0.13939599692821503","0.13939599692821503","0.13939599692821503","1992","1992","1992"
"304399","0.1313995122909546","0.1313995122909546","0.1313995122909546","1993","1993","1993"
"304499","0.14518602192401886","0.14518602192401886","0.14518602192401886","1994","1994","1994"
"304599","0.1333468109369278","0.1333468109369278","0.1333468109369278","1995","1995","1995"
"304699","0.1454196721315384","0.1454196721315384","0.1454196721315384","1996","1996","1996"
"304799","0.13334737718105316","0.13334737718105316","0.13334737718105316","1997","1997","1997"
"304899","0.1376267969608307","0.1376267969608307","0.1376267969608307","1998","1998","1998"
"304999","0.13658270239830017","0.13658270239830017","0.13658270239830017","1999","1999","1999"
"305099","0.13059017062187195","0.13059017062187195","0.13059017062187195","2000","2000","2000"
"305199","0.14725978672504425","0.14725978672504425","0.14725978672504425","2001","2001","2001"
"305299","0.13583843410015106","0.13583843410015106","0.13583843410015106","2002","2002","2002"
"305399","0.1314825564622879","0.1314825564622879","0.1314825564622879","2003","2003","2003"
"305499","0.1358681172132492","0.1358681172132492","0.1358681172132492","2004","2004","2004"
"305599","0.14376120269298553","0.14376120269298553","0.14376120269298553","2005","2005","2005"
"305699","0.13245172798633575","0.13245172798633575","0.13245172798633575","2006","2006","2006"
"305799","0.13953958451747894","0.13953958451747894","0.13953958451747894","2007","2007","2007"
"305899","0.1432795375585556","0.1432795375585556","0.1432795375585556","2008","2008","2008"
"305999","0.137013778090477","0.137013778090477","0.137013778090477","2009","2009","2009"
"306099","0.14230304956436157","0.14230304956436157","0.14230304956436157","2010","2010","2010"
"306199","0.1372862160205841","0.1372862160205841","0.1372862160205841","2011","2011","2011"
"306299","0.1399260014295578","0.1399260014295578","0.1399260014295578","2012","2012","2012"
"306399","0.13972947001457214","0.13972947001457214","0.13972947001457214","2013","2013","2013"
"306499","0.13773879408836365","0.13773879408836365","0.13773879408836365","2014","2014","2014"
"306599","0.1395115703344345","0.1395115703344345","0.1395115703344345","2015","2015","2015"
"306699","0.13904209434986115","0.13904209434986115","0.13904209434986115","2016","2016","2016"
"306799","0.13410933315753937","0.13410933315753937","0.13410933315753937","2017","2017","2017"
"306899","0.13875135779380798","0.13875135779380798","0.13875135779380798","2018","2018","2018"
"306999","0.13738876581192017","0.13738876581192017","0.13738876581192017","2019","2019","2019"
"307099","0.14084643125534058","0.14084643125534058","0.14084643125534058","2020","2020","2020"
"307199","0.1496039181947708","0.1496039181947708","0.1496039181947708","2021","2021","2021"
"307299","0.14108403027057648","0.14108403027057648","0.14108403027057648","2022","2022","2022"
"307399","0.13574416935443878","0.13574416935443878","0.13574416935443878","2023","2023","2023"
"307499","0.14688590168952942","0.14688590168952942","0.14688590168952942","2024","2024","2024"
"307599","0.14016488194465637","0.14016488194465637","0.14016488194465637","2025","2025","2025"
"307699","0.13584890961647034","0.13584890961647034","0.13584890961647034","2026","2026","2026"
"307799","0.13893556594848633","0.13893556594848633","0.13893556594848633","2027","2027","2027"
"307899","0.1354723423719406","0.1354723423719406","0.1354723423719406","2028","2028","2028"
"307999","0.13843633234500885","0.13843633234500885","0.13843633234500885","2029","2029","2029"
"308099","0.14096423983573914","0.14096423983573914","0.14096423983573914","2030","2030","2030"
"308199","0.14692887663841248","0.14692887663841248","0.14692887663841248","2031","2031","2031"
"308299","0.1429060995578766","0.1429060995578766","0.1429060995578766","2032","2032","2032"
"308399","0.13906393945217133","0.13906393945217133","0.13906393945217133","2033","2033","2033"
"308499","0.14263077080249786","0.14263077080249786","0.14263077080249786","2034","2034","2034"
"308599","0.14182911813259125","0.14182911813259125","0.14182911813259125","2035","2035","2035"
"308699","0.13891690969467163","0.13891690969467163","0.13891690969467163","2036","2036","2036"
"308799","0.13889510929584503","0.13889510929584503","0.13889510929584503","2037","2037","2037"
"308899","0.1405739188194275","0.1405739188194275","0.1405739188194275","2038","2038","2038"
"308999","0.1445055603981018","0.1445055603981018","0.1445055603981018","2039","2039","2039"
"309099","0.13943369686603546","0.13943369686603546","0.13943369686603546","2040","2040","2040"
"309199","0.13530036807060242","0.13530036807060242","0.13530036807060242","2041","2041","2041"
"309299","0.14615480601787567","0.14615480601787567","0.14615480601787567","2042","2042","2042"
"309399","0.14528918266296387","0.14528918266296387","0.14528918266296387","2043","2043","2043"
"309499","0.14481820166110992","0.14481820166110992","0.14481820166110992","2044","2044","2044"
"309599","0.14330299198627472","0.14330299198627472","0.14330299198627472","2045","2045","2045"
"309699","0.1528032124042511","0.1528032124042511","0.1528032124042511","2046","2046","2046"
"309799","0.13375885784626007","0.13375885784626007","0.13375885784626007","2047","2047","2047"
"309899","0.13853976130485535","0.13853976130485535","0.13853976130485535","2048","2048","2048"
"309999","0.13692623376846313","0.13692623376846313","0.13692623376846313","2049","2049","2049"
"310099","0.13722635805606842","0.13722635805606842","0.13722635805606842","2050","2050","2050"
"310199","0.1307125836610794","0.1307125836610794","0.1307125836610794","2051","2051","2051"
"310299","0.13914743065834045","0.13914743065834045","0.13914743065834045","2052","2052","2052"
"310399","0.13623203337192535","0.13623203337192535","0.13623203337192535","2053","2053","2053"
"310499","0.14114853739738464","0.14114853739738464","0.14114853739738464","2054","2054","2054"
"310599","0.13842278718948364","0.13842278718948364","0.13842278718948364","2055","2055","2055"
"310699","0.13778680562973022","0.13778680562973022","0.13778680562973022","2056","2056","2056"
"310799","0.13790608942508698","0.13790608942508698","0.13790608942508698","2057","2057","2057"
"310899","0.13682478666305542","0.13682478666305542","0.13682478666305542","2058","2058","2058"
"310999","0.1379721611738205","0.1379721611738205","0.1379721611738205","2059","2059","2059"
"311099","0.12816090881824493","0.12816090881824493","0.12816090881824493","2060","2060","2060"
"311199","0.1383735090494156","0.1383735090494156","0.1383735090494156","2061","2061","2061"
"311299","0.14111396670341492","0.14111396670341492","0.14111396670341492","2062","2062","2062"
"311399","0.14069385826587677","0.14069385826587677","0.14069385826587677","2063","2063","2063"
"311499","0.14406442642211914","0.14406442642211914","0.14406442642211914","2064","2064","2064"
"311599","0.14464829862117767","0.14464829862117767","0.14464829862117767","2065","2065","2065"
"311699","0.1497059017419815","0.1497059017419815","0.1497059017419815","2066","2066","2066"
"311799","0.13556155562400818","0.13556155562400818","0.13556155562400818","2067","2067","2067"
"311899","0.1315172016620636","0.1315172016620636","0.1315172016620636","2068","2068","2068"
"311999","0.14622528851032257","0.14622528851032257","0.14622528851032257","2069","2069","2069"
"312099","0.13603825867176056","0.13603825867176056","0.13603825867176056","2070","2070","2070"
"312199","0.14159351587295532","0.14159351587295532","0.14159351587295532","2071","2071","2071"
"312299","0.139439657330513","0.139439657330513","0.139439657330513","2072","2072","2072"
"312399","0.13768190145492554","0.13768190145492554","0.13768190145492554","2073","2073","2073"
"312499","0.1405797302722931","0.1405797302722931","0.1405797302722931","2074","2074","2074"
"312599","0.1345231533050537","0.1345231533050537","0.1345231533050537","2075","2075","2075"
"312699","0.14827033877372742","0.14827033877372742","0.14827033877372742","2076","2076","2076"
"312799","0.1310553103685379","0.1310553103685379","0.1310553103685379","2077","2077","2077"
"312899","0.14492161571979523","0.14492161571979523","0.14492161571979523","2078","2078","2078"
"312999","0.13367220759391785","0.13367220759391785","0.13367220759391785","2079","2079","2079"
"313099","0.13795553147792816","0.13795553147792816","0.13795553147792816","2080","2080","2080"
"313199","0.13796865940093994","0.13796865940093994","0.13796865940093994","2081","2081","2081"
"313299","0.13848386704921722","0.13848386704921722","0.13848386704921722","2082","2082","2082"
"313399","0.1366644650697708","0.1366644650697708","0.1366644650697708","2083","2083","2083"
"313499","0.1390521079301834","0.1390521079301834","0.1390521079301834","2084","2084","2084"
"313599","0.13122573494911194","0.13122573494911194","0.13122573494911194","2085","2085","2085"
"313699","0.13536398112773895","0.13536398112773895","0.13536398112773895","2086","2086","2086"
"313799","0.14381353557109833","0.14381353557109833","0.14381353557109833","2087","2087","2087"
"313899","0.13838158547878265","0.13838158547878265","0.13838158547878265","2088","2088","2088"
"313999","0.1468174010515213","0.1468174010515213","0.1468174010515213","2089","2089","2089"
"314099","0.13446016609668732","0.13446016609668732","0.13446016609668732","2090","2090","2090"
"314199","0.1458214670419693","0.1458214670419693","0.1458214670419693","2091","2091","2091"
"314299","0.14178574085235596","0.14178574085235596","0.14178574085235596","2092","2092","2092"
"314399","0.14394599199295044","0.14394599199295044","0.14394599199295044","2093","2093","2093"
"314499","0.1413782387971878","0.1413782387971878","0.1413782387971878","2094","2094","2094"
"314599","0.14785867929458618","0.14785867929458618","0.14785867929458618","2095","2095","2095"
"314699","0.1377454549074173","0.1377454549074173","0.1377454549074173","2096","2096","2096"
"314799","0.13680359721183777","0.13680359721183777","0.13680359721183777","2097","2097","2097"
"314899","0.13703830540180206","0.13703830540180206","0.13703830540180206","2098","2098","2098"
"314999","0.13672329485416412","0.13672329485416412","0.13672329485416412","2099","2099","2099"
"315099","0.14221392571926117","0.14221392571926117","0.14221392571926117","2100","2100","2100"
"315199","0.1402209997177124","0.1402209997177124","0.1402209997177124","2101","2101","2101"