"trainer/global_step","prefix4sinh - train_loss","prefix4sinh - train_loss__MIN","prefix4sinh - train_loss__MAX","prefix4sinh - _step","prefix4sinh - _step__MIN","prefix4sinh - _step__MAX"
"99","0.2645200192928314","0.2645200192928314","0.2645200192928314","0","0","0"
"199","0.23410512506961823","0.23410512506961823","0.23410512506961823","1","1","1"
"299","0.22248466312885284","0.22248466312885284","0.22248466312885284","2","2","2"
"399","0.21147005259990692","0.21147005259990692","0.21147005259990692","3","3","3"
"499","0.20626075565814972","0.20626075565814972","0.20626075565814972","4","4","4"
"599","0.20303526520729065","0.20303526520729065","0.20303526520729065","5","5","5"
"699","0.2052999585866928","0.2052999585866928","0.2052999585866928","6","6","6"
"799","0.1984795480966568","0.1984795480966568","0.1984795480966568","7","7","7"
"899","0.19449764490127563","0.19449764490127563","0.19449764490127563","8","8","8"
"999","0.19600722193717957","0.19600722193717957","0.19600722193717957","9","9","9"
"1099","0.19593936204910278","0.19593936204910278","0.19593936204910278","10","10","10"
"1199","0.19192564487457275","0.19192564487457275","0.19192564487457275","11","11","11"
"1299","0.18724575638771057","0.18724575638771057","0.18724575638771057","12","12","12"
"1399","0.18189628422260284","0.18189628422260284","0.18189628422260284","13","13","13"
"1499","0.18108627200126648","0.18108627200126648","0.18108627200126648","14","14","14"
"1599","0.1847468763589859","0.1847468763589859","0.1847468763589859","15","15","15"
"1699","0.185302272439003","0.185302272439003","0.185302272439003","16","16","16"
"1799","0.18747760355472565","0.18747760355472565","0.18747760355472565","17","17","17"
"1899","0.17364972829818726","0.17364972829818726","0.17364972829818726","18","18","18"
"1999","0.17840179800987244","0.17840179800987244","0.17840179800987244","19","19","19"
"2099","0.17611508071422577","0.17611508071422577","0.17611508071422577","20","20","20"
"2199","0.17542493343353271","0.17542493343353271","0.17542493343353271","21","21","21"
"2299","0.17826682329177856","0.17826682329177856","0.17826682329177856","22","22","22"
"2399","0.17260684072971344","0.17260684072971344","0.17260684072971344","23","23","23"
"2499","0.16790463030338287","0.16790463030338287","0.16790463030338287","24","24","24"
"2599","0.17508871853351593","0.17508871853351593","0.17508871853351593","25","25","25"
"2699","0.17047880589962006","0.17047880589962006","0.17047880589962006","26","26","26"
"2799","0.1755400151014328","0.1755400151014328","0.1755400151014328","27","27","27"
"2899","0.1688825786113739","0.1688825786113739","0.1688825786113739","28","28","28"
"2999","0.16692280769348145","0.16692280769348145","0.16692280769348145","29","29","29"
"3099","0.15803030133247375","0.15803030133247375","0.15803030133247375","30","30","30"
"3199","0.17336289584636688","0.17336289584636688","0.17336289584636688","31","31","31"
"3299","0.16604028642177582","0.16604028642177582","0.16604028642177582","32","32","32"
"3399","0.17058216035366058","0.17058216035366058","0.17058216035366058","33","33","33"
"3499","0.1661023050546646","0.1661023050546646","0.1661023050546646","34","34","34"
"3599","0.18052002787590027","0.18052002787590027","0.18052002787590027","35","35","35"
"3699","0.16553397476673126","0.16553397476673126","0.16553397476673126","36","36","36"
"3799","0.15847653150558472","0.15847653150558472","0.15847653150558472","37","37","37"
"3899","0.16585032641887665","0.16585032641887665","0.16585032641887665","38","38","38"
"3999","0.1608685404062271","0.1608685404062271","0.1608685404062271","39","39","39"
"4099","0.16583691537380219","0.16583691537380219","0.16583691537380219","40","40","40"
"4199","0.15661586821079254","0.15661586821079254","0.15661586821079254","41","41","41"
"4299","0.1632155328989029","0.1632155328989029","0.1632155328989029","42","42","42"
"4399","0.16287054121494293","0.16287054121494293","0.16287054121494293","43","43","43"
"4499","0.15902593731880188","0.15902593731880188","0.15902593731880188","44","44","44"
"4599","0.15930934250354767","0.15930934250354767","0.15930934250354767","45","45","45"
"4699","0.17351177334785461","0.17351177334785461","0.17351177334785461","46","46","46"
"4799","0.17249353229999542","0.17249353229999542","0.17249353229999542","47","47","47"
"4899","0.16285103559494019","0.16285103559494019","0.16285103559494019","48","48","48"
"4999","0.15902870893478394","0.15902870893478394","0.15902870893478394","49","49","49"
"5099","0.16576725244522095","0.16576725244522095","0.16576725244522095","50","50","50"
"5199","0.1626337319612503","0.1626337319612503","0.1626337319612503","51","51","51"
"5299","0.16134485602378845","0.16134485602378845","0.16134485602378845","52","52","52"
"5399","0.15714988112449646","0.15714988112449646","0.15714988112449646","53","53","53"
"5499","0.1614270806312561","0.1614270806312561","0.1614270806312561","54","54","54"
"5599","0.16123686730861664","0.16123686730861664","0.16123686730861664","55","55","55"
"5699","0.1614522486925125","0.1614522486925125","0.1614522486925125","56","56","56"
"5799","0.1654190868139267","0.1654190868139267","0.1654190868139267","57","57","57"
"5899","0.16244159638881683","0.16244159638881683","0.16244159638881683","58","58","58"
"5999","0.153251513838768","0.153251513838768","0.153251513838768","59","59","59"
"6099","0.16234412789344788","0.16234412789344788","0.16234412789344788","60","60","60"
"6199","0.1628042459487915","0.1628042459487915","0.1628042459487915","61","61","61"
"6299","0.15428782999515533","0.15428782999515533","0.15428782999515533","62","62","62"
"6399","0.15882831811904907","0.15882831811904907","0.15882831811904907","63","63","63"
"6499","0.16043685376644135","0.16043685376644135","0.16043685376644135","64","64","64"
"6599","0.15236696600914001","0.15236696600914001","0.15236696600914001","65","65","65"
"6699","0.1537710577249527","0.1537710577249527","0.1537710577249527","66","66","66"
"6799","0.16164910793304443","0.16164910793304443","0.16164910793304443","67","67","67"
"6899","0.1587495356798172","0.1587495356798172","0.1587495356798172","68","68","68"
"6999","0.15742509067058563","0.15742509067058563","0.15742509067058563","69","69","69"
"7099","0.1512787789106369","0.1512787789106369","0.1512787789106369","70","70","70"
"7199","0.1582830548286438","0.1582830548286438","0.1582830548286438","71","71","71"
"7299","0.14653463661670685","0.14653463661670685","0.14653463661670685","72","72","72"
"7399","0.1621088683605194","0.1621088683605194","0.1621088683605194","73","73","73"
"7499","0.15338008105754852","0.15338008105754852","0.15338008105754852","74","74","74"
"7599","0.15758445858955383","0.15758445858955383","0.15758445858955383","75","75","75"
"7699","0.15333987772464752","0.15333987772464752","0.15333987772464752","76","76","76"
"7799","0.14901387691497803","0.14901387691497803","0.14901387691497803","77","77","77"
"7899","0.1588037759065628","0.1588037759065628","0.1588037759065628","78","78","78"
"7999","0.15208160877227783","0.15208160877227783","0.15208160877227783","79","79","79"
"8099","0.15051890909671783","0.15051890909671783","0.15051890909671783","80","80","80"
"8199","0.15347380936145782","0.15347380936145782","0.15347380936145782","81","81","81"
"8299","0.1528480052947998","0.1528480052947998","0.1528480052947998","82","82","82"
"8399","0.15518489480018616","0.15518489480018616","0.15518489480018616","83","83","83"
"8499","0.15150591731071472","0.15150591731071472","0.15150591731071472","84","84","84"
"8599","0.15546424686908722","0.15546424686908722","0.15546424686908722","85","85","85"
"8699","0.15237179398536682","0.15237179398536682","0.15237179398536682","86","86","86"
"8799","0.15330734848976135","0.15330734848976135","0.15330734848976135","87","87","87"
"8899","0.1554613560438156","0.1554613560438156","0.1554613560438156","88","88","88"
"8999","0.1551968902349472","0.1551968902349472","0.1551968902349472","89","89","89"
"9099","0.15460218489170074","0.15460218489170074","0.15460218489170074","90","90","90"
"9199","0.14840705692768097","0.14840705692768097","0.14840705692768097","91","91","91"
"9299","0.14722856879234314","0.14722856879234314","0.14722856879234314","92","92","92"
"9399","0.15192611515522003","0.15192611515522003","0.15192611515522003","93","93","93"
"9499","0.14858320355415344","0.14858320355415344","0.14858320355415344","94","94","94"
"9599","0.14775393903255463","0.14775393903255463","0.14775393903255463","95","95","95"
"9699","0.16068261861801147","0.16068261861801147","0.16068261861801147","96","96","96"
"9799","0.24843239784240723","0.24843239784240723","0.24843239784240723","97","97","97"
"9899","0.19197651743888855","0.19197651743888855","0.19197651743888855","98","98","98"
"9999","0.17568281292915344","0.17568281292915344","0.17568281292915344","99","99","99"
"10099","0.17637832462787628","0.17637832462787628","0.17637832462787628","100","100","100"
"10199","0.17249707877635956","0.17249707877635956","0.17249707877635956","101","101","101"
"10299","0.15894590318202972","0.15894590318202972","0.15894590318202972","102","102","102"
"10399","0.15529215335845947","0.15529215335845947","0.15529215335845947","103","103","103"
"10499","0.1589508354663849","0.1589508354663849","0.1589508354663849","104","104","104"
"10599","0.1622922420501709","0.1622922420501709","0.1622922420501709","105","105","105"
"10699","0.1577845960855484","0.1577845960855484","0.1577845960855484","106","106","106"
"10799","0.14974431693553925","0.14974431693553925","0.14974431693553925","107","107","107"
"10899","0.1546940952539444","0.1546940952539444","0.1546940952539444","108","108","108"
"10999","0.14717863500118256","0.14717863500118256","0.14717863500118256","109","109","109"
"11099","0.1508994698524475","0.1508994698524475","0.1508994698524475","110","110","110"
"11199","0.15486450493335724","0.15486450493335724","0.15486450493335724","111","111","111"
"11299","0.1554529368877411","0.1554529368877411","0.1554529368877411","112","112","112"
"11399","0.14461731910705566","0.14461731910705566","0.14461731910705566","113","113","113"
"11499","0.1462010145187378","0.1462010145187378","0.1462010145187378","114","114","114"
"11599","0.15334708988666534","0.15334708988666534","0.15334708988666534","115","115","115"
"11699","0.15455715358257294","0.15455715358257294","0.15455715358257294","116","116","116"
"11799","0.15294867753982544","0.15294867753982544","0.15294867753982544","117","117","117"
"11899","0.14852365851402283","0.14852365851402283","0.14852365851402283","118","118","118"
"11999","0.14439857006072998","0.14439857006072998","0.14439857006072998","119","119","119"
"12099","0.15435948967933655","0.15435948967933655","0.15435948967933655","120","120","120"
"12199","0.1485697478055954","0.1485697478055954","0.1485697478055954","121","121","121"
"12299","0.15071429312229156","0.15071429312229156","0.15071429312229156","122","122","122"
"12399","0.1425415426492691","0.1425415426492691","0.1425415426492691","123","123","123"
"12499","0.15077988803386688","0.15077988803386688","0.15077988803386688","124","124","124"
"12599","0.15231657028198242","0.15231657028198242","0.15231657028198242","125","125","125"
"12699","0.15180344879627228","0.15180344879627228","0.15180344879627228","126","126","126"
"12799","0.1454533338546753","0.1454533338546753","0.1454533338546753","127","127","127"
"12899","0.145711749792099","0.145711749792099","0.145711749792099","128","128","128"
"12999","0.15258745849132538","0.15258745849132538","0.15258745849132538","129","129","129"
"13099","0.14438694715499878","0.14438694715499878","0.14438694715499878","130","130","130"
"13199","0.14417938888072968","0.14417938888072968","0.14417938888072968","131","131","131"
"13299","0.14108820259571075","0.14108820259571075","0.14108820259571075","132","132","132"
"13399","0.14390908181667328","0.14390908181667328","0.14390908181667328","133","133","133"
"13499","0.14191292226314545","0.14191292226314545","0.14191292226314545","134","134","134"
"13599","0.14421120285987854","0.14421120285987854","0.14421120285987854","135","135","135"
"13699","0.14311721920967102","0.14311721920967102","0.14311721920967102","136","136","136"
"13799","0.14384567737579346","0.14384567737579346","0.14384567737579346","137","137","137"
"13899","0.13884125649929047","0.13884125649929047","0.13884125649929047","138","138","138"
"13999","0.14165762066841125","0.14165762066841125","0.14165762066841125","139","139","139"
"14099","0.1410922259092331","0.1410922259092331","0.1410922259092331","140","140","140"
"14199","0.14737701416015625","0.14737701416015625","0.14737701416015625","141","141","141"
"14299","0.14227618277072906","0.14227618277072906","0.14227618277072906","142","142","142"
"14399","0.14307479560375214","0.14307479560375214","0.14307479560375214","143","143","143"
"14499","0.1399858593940735","0.1399858593940735","0.1399858593940735","144","144","144"
"14599","0.14321692287921906","0.14321692287921906","0.14321692287921906","145","145","145"
"14699","0.14325125515460968","0.14325125515460968","0.14325125515460968","146","146","146"
"14799","0.14577893912792206","0.14577893912792206","0.14577893912792206","147","147","147"
"14899","0.1445668786764145","0.1445668786764145","0.1445668786764145","148","148","148"
"14999","0.1394006311893463","0.1394006311893463","0.1394006311893463","149","149","149"
"15099","0.14139533042907715","0.14139533042907715","0.14139533042907715","150","150","150"
"15199","0.144327312707901","0.144327312707901","0.144327312707901","151","151","151"
"15299","0.13534994423389435","0.13534994423389435","0.13534994423389435","152","152","152"
"15399","0.1389026939868927","0.1389026939868927","0.1389026939868927","153","153","153"
"15499","0.14422789216041565","0.14422789216041565","0.14422789216041565","154","154","154"
"15599","0.13922198116779327","0.13922198116779327","0.13922198116779327","155","155","155"
"15699","0.14985109865665436","0.14985109865665436","0.14985109865665436","156","156","156"
"15799","0.21669930219650269","0.21669930219650269","0.21669930219650269","157","157","157"
"15899","0.15467138588428497","0.15467138588428497","0.15467138588428497","158","158","158"
"15999","0.14783523976802826","0.14783523976802826","0.14783523976802826","159","159","159"
"16099","0.14928321540355682","0.14928321540355682","0.14928321540355682","160","160","160"
"16199","0.14277657866477966","0.14277657866477966","0.14277657866477966","161","161","161"
"16299","0.13968658447265625","0.13968658447265625","0.13968658447265625","162","162","162"
"16399","0.14092284440994263","0.14092284440994263","0.14092284440994263","163","163","163"
"16499","0.13956792652606964","0.13956792652606964","0.13956792652606964","164","164","164"
"16599","0.14900563657283783","0.14900563657283783","0.14900563657283783","165","165","165"
"16699","0.14130064845085144","0.14130064845085144","0.14130064845085144","166","166","166"
"16799","0.13406607508659363","0.13406607508659363","0.13406607508659363","167","167","167"
"16899","0.14378945529460907","0.14378945529460907","0.14378945529460907","168","168","168"
"16999","0.1393175572156906","0.1393175572156906","0.1393175572156906","169","169","169"
"17099","0.1411803662776947","0.1411803662776947","0.1411803662776947","170","170","170"
"17199","0.14019572734832764","0.14019572734832764","0.14019572734832764","171","171","171"
"17299","0.14286163449287415","0.14286163449287415","0.14286163449287415","172","172","172"
"17399","0.13723739981651306","0.13723739981651306","0.13723739981651306","173","173","173"
"17499","0.1345149278640747","0.1345149278640747","0.1345149278640747","174","174","174"
"17599","0.1422901153564453","0.1422901153564453","0.1422901153564453","175","175","175"
"17699","0.14093813300132751","0.14093813300132751","0.14093813300132751","176","176","176"
"17799","0.14080093801021576","0.14080093801021576","0.14080093801021576","177","177","177"
"17899","0.13810718059539795","0.13810718059539795","0.13810718059539795","178","178","178"
"17999","0.13629592955112457","0.13629592955112457","0.13629592955112457","179","179","179"
"18099","0.141412615776062","0.141412615776062","0.141412615776062","180","180","180"
"18199","0.13739554584026337","0.13739554584026337","0.13739554584026337","181","181","181"
"18299","0.14224782586097717","0.14224782586097717","0.14224782586097717","182","182","182"
"18399","0.13528335094451904","0.13528335094451904","0.13528335094451904","183","183","183"
"18499","0.13450376689434052","0.13450376689434052","0.13450376689434052","184","184","184"
"18599","0.1400459110736847","0.1400459110736847","0.1400459110736847","185","185","185"
"18699","0.14374695718288422","0.14374695718288422","0.14374695718288422","186","186","186"
"18799","0.13824491202831268","0.13824491202831268","0.13824491202831268","187","187","187"
"18899","0.14153875410556793","0.14153875410556793","0.14153875410556793","188","188","188"
"18999","0.13631953299045563","0.13631953299045563","0.13631953299045563","189","189","189"
"19099","0.13283014297485352","0.13283014297485352","0.13283014297485352","190","190","190"
"19199","0.13835357129573822","0.13835357129573822","0.13835357129573822","191","191","191"
"19299","0.13489562273025513","0.13489562273025513","0.13489562273025513","192","192","192"
"19399","0.13787713646888733","0.13787713646888733","0.13787713646888733","193","193","193"
"19499","0.13736505806446075","0.13736505806446075","0.13736505806446075","194","194","194"
"19599","0.14420096576213837","0.14420096576213837","0.14420096576213837","195","195","195"
"19699","0.13787302374839783","0.13787302374839783","0.13787302374839783","196","196","196"
"19799","0.13915181159973145","0.13915181159973145","0.13915181159973145","197","197","197"
"19899","0.14090313017368317","0.14090313017368317","0.14090313017368317","198","198","198"
"19999","0.13558626174926758","0.13558626174926758","0.13558626174926758","199","199","199"
"20099","0.13778041303157806","0.13778041303157806","0.13778041303157806","200","200","200"
"20199","0.13852334022521973","0.13852334022521973","0.13852334022521973","201","201","201"
"20299","0.13842330873012543","0.13842330873012543","0.13842330873012543","202","202","202"
"20399","0.1805184781551361","0.1805184781551361","0.1805184781551361","203","203","203"
"20499","0.17515987157821655","0.17515987157821655","0.17515987157821655","204","204","204"
"20599","0.16968019306659698","0.16968019306659698","0.16968019306659698","205","205","205"
"20699","0.16750513017177582","0.16750513017177582","0.16750513017177582","206","206","206"
"20799","0.16133253276348114","0.16133253276348114","0.16133253276348114","207","207","207"
"20899","0.1568034142255783","0.1568034142255783","0.1568034142255783","208","208","208"
"20999","0.15721039474010468","0.15721039474010468","0.15721039474010468","209","209","209"
"21099","0.15627428889274597","0.15627428889274597","0.15627428889274597","210","210","210"
"21199","0.15138588845729828","0.15138588845729828","0.15138588845729828","211","211","211"
"21299","0.1565675288438797","0.1565675288438797","0.1565675288438797","212","212","212"
"21399","0.15330025553703308","0.15330025553703308","0.15330025553703308","213","213","213"
"21499","0.14848794043064117","0.14848794043064117","0.14848794043064117","214","214","214"
"21599","0.14809264242649078","0.14809264242649078","0.14809264242649078","215","215","215"
"21699","0.15071368217468262","0.15071368217468262","0.15071368217468262","216","216","216"
"21799","0.15184833109378815","0.15184833109378815","0.15184833109378815","217","217","217"
"21899","0.14954739809036255","0.14954739809036255","0.14954739809036255","218","218","218"
"21999","0.14797213673591614","0.14797213673591614","0.14797213673591614","219","219","219"
"22099","0.14584673941135406","0.14584673941135406","0.14584673941135406","220","220","220"
"22199","0.13822311162948608","0.13822311162948608","0.13822311162948608","221","221","221"
"22299","0.14778238534927368","0.14778238534927368","0.14778238534927368","222","222","222"
"22399","0.1432378888130188","0.1432378888130188","0.1432378888130188","223","223","223"
"22499","0.1459660679101944","0.1459660679101944","0.1459660679101944","224","224","224"
"22599","0.15061253309249878","0.15061253309249878","0.15061253309249878","225","225","225"
"22699","0.1457289308309555","0.1457289308309555","0.1457289308309555","226","226","226"
"22799","0.14257842302322388","0.14257842302322388","0.14257842302322388","227","227","227"
"22899","0.1425694227218628","0.1425694227218628","0.1425694227218628","228","228","228"
"22999","0.14147135615348816","0.14147135615348816","0.14147135615348816","229","229","229"
"23099","0.1435578316450119","0.1435578316450119","0.1435578316450119","230","230","230"
"23199","0.14035850763320923","0.14035850763320923","0.14035850763320923","231","231","231"
"23299","0.1501021534204483","0.1501021534204483","0.1501021534204483","232","232","232"
"23399","0.14813902974128723","0.14813902974128723","0.14813902974128723","233","233","233"
"23499","0.142913818359375","0.142913818359375","0.142913818359375","234","234","234"
"23599","0.13992153108119965","0.13992153108119965","0.13992153108119965","235","235","235"
"23699","0.14267569780349731","0.14267569780349731","0.14267569780349731","236","236","236"
"23799","0.14311890304088593","0.14311890304088593","0.14311890304088593","237","237","237"
"23899","0.1422869712114334","0.1422869712114334","0.1422869712114334","238","238","238"
"23999","0.1466081142425537","0.1466081142425537","0.1466081142425537","239","239","239"
"24099","0.1437012255191803","0.1437012255191803","0.1437012255191803","240","240","240"
"24199","0.13515456020832062","0.13515456020832062","0.13515456020832062","241","241","241"
"24299","0.14305691421031952","0.14305691421031952","0.14305691421031952","242","242","242"
"24399","0.13441182672977448","0.13441182672977448","0.13441182672977448","243","243","243"
"24499","0.1377955675125122","0.1377955675125122","0.1377955675125122","244","244","244"
"24599","0.13294419646263123","0.13294419646263123","0.13294419646263123","245","245","245"
"24699","0.1338750422000885","0.1338750422000885","0.1338750422000885","246","246","246"
"24799","0.14240914583206177","0.14240914583206177","0.14240914583206177","247","247","247"
"24899","0.14296263456344604","0.14296263456344604","0.14296263456344604","248","248","248"
"24999","0.1423017829656601","0.1423017829656601","0.1423017829656601","249","249","249"
"25099","0.14337880909442902","0.14337880909442902","0.14337880909442902","250","250","250"
"25199","0.1361977905035019","0.1361977905035019","0.1361977905035019","251","251","251"
"25299","0.13925038278102875","0.13925038278102875","0.13925038278102875","252","252","252"
"25399","0.1391502320766449","0.1391502320766449","0.1391502320766449","253","253","253"
"25499","0.1367495357990265","0.1367495357990265","0.1367495357990265","254","254","254"
"25599","0.13406488299369812","0.13406488299369812","0.13406488299369812","255","255","255"
"25699","0.14680013060569763","0.14680013060569763","0.14680013060569763","256","256","256"
"25799","0.13175536692142487","0.13175536692142487","0.13175536692142487","257","257","257"
"25899","0.13881470263004303","0.13881470263004303","0.13881470263004303","258","258","258"
"25999","0.13956084847450256","0.13956084847450256","0.13956084847450256","259","259","259"
"26099","0.1405867338180542","0.1405867338180542","0.1405867338180542","260","260","260"
"26199","0.1381801813840866","0.1381801813840866","0.1381801813840866","261","261","261"
"26299","0.13741587102413177","0.13741587102413177","0.13741587102413177","262","262","262"
"26399","0.13296380639076233","0.13296380639076233","0.13296380639076233","263","263","263"
"26499","0.13613660633563995","0.13613660633563995","0.13613660633563995","264","264","264"
"26599","0.1370464563369751","0.1370464563369751","0.1370464563369751","265","265","265"
"26699","0.14096878468990326","0.14096878468990326","0.14096878468990326","266","266","266"
"26799","0.1390889436006546","0.1390889436006546","0.1390889436006546","267","267","267"
"26899","0.1407432109117508","0.1407432109117508","0.1407432109117508","268","268","268"
"26999","0.1354219913482666","0.1354219913482666","0.1354219913482666","269","269","269"
"27099","0.13896198570728302","0.13896198570728302","0.13896198570728302","270","270","270"
"27199","0.1421741545200348","0.1421741545200348","0.1421741545200348","271","271","271"
"27299","0.13763739168643951","0.13763739168643951","0.13763739168643951","272","272","272"
"27399","0.13189946115016937","0.13189946115016937","0.13189946115016937","273","273","273"
"27499","0.1351546198129654","0.1351546198129654","0.1351546198129654","274","274","274"
"27599","0.13891632854938507","0.13891632854938507","0.13891632854938507","275","275","275"
"27699","0.1358759105205536","0.1358759105205536","0.1358759105205536","276","276","276"
"27799","0.13660171627998352","0.13660171627998352","0.13660171627998352","277","277","277"
"27899","0.13664373755455017","0.13664373755455017","0.13664373755455017","278","278","278"
"27999","0.13491016626358032","0.13491016626358032","0.13491016626358032","279","279","279"
"28099","0.13714361190795898","0.13714361190795898","0.13714361190795898","280","280","280"
"28199","0.13649983704090118","0.13649983704090118","0.13649983704090118","281","281","281"
"28299","0.13733896613121033","0.13733896613121033","0.13733896613121033","282","282","282"
"28399","0.1351199746131897","0.1351199746131897","0.1351199746131897","283","283","283"
"28499","0.13566693663597107","0.13566693663597107","0.13566693663597107","284","284","284"
"28599","0.12823644280433655","0.12823644280433655","0.12823644280433655","285","285","285"
"28699","0.13887923955917358","0.13887923955917358","0.13887923955917358","286","286","286"
"28799","0.13560262322425842","0.13560262322425842","0.13560262322425842","287","287","287"
"28899","0.13551272451877594","0.13551272451877594","0.13551272451877594","288","288","288"
"28999","0.13461363315582275","0.13461363315582275","0.13461363315582275","289","289","289"
"29099","0.1374242901802063","0.1374242901802063","0.1374242901802063","290","290","290"
"29199","0.13924847543239594","0.13924847543239594","0.13924847543239594","291","291","291"
"29299","0.13841654360294342","0.13841654360294342","0.13841654360294342","292","292","292"
"29399","0.1349494457244873","0.1349494457244873","0.1349494457244873","293","293","293"
"29499","0.1368623971939087","0.1368623971939087","0.1368623971939087","294","294","294"
"29599","0.12863731384277344","0.12863731384277344","0.12863731384277344","295","295","295"
"29699","0.1370130479335785","0.1370130479335785","0.1370130479335785","296","296","296"
"29799","0.13477195799350739","0.13477195799350739","0.13477195799350739","297","297","297"
"29899","0.13623125851154327","0.13623125851154327","0.13623125851154327","298","298","298"
"29999","0.1383654922246933","0.1383654922246933","0.1383654922246933","299","299","299"
"30099","0.1336587518453598","0.1336587518453598","0.1336587518453598","300","300","300"
"30199","0.13523799180984497","0.13523799180984497","0.13523799180984497","301","301","301"
"30299","0.13436195254325867","0.13436195254325867","0.13436195254325867","302","302","302"
"30399","0.13801923394203186","0.13801923394203186","0.13801923394203186","303","303","303"
"30499","0.13513727486133575","0.13513727486133575","0.13513727486133575","304","304","304"
"30599","0.1311633437871933","0.1311633437871933","0.1311633437871933","305","305","305"
"30699","0.13853520154953003","0.13853520154953003","0.13853520154953003","306","306","306"
"30799","0.1351979672908783","0.1351979672908783","0.1351979672908783","307","307","307"
"30899","0.13079361617565155","0.13079361617565155","0.13079361617565155","308","308","308"
"30999","0.1374773383140564","0.1374773383140564","0.1374773383140564","309","309","309"
"31099","0.13061004877090454","0.13061004877090454","0.13061004877090454","310","310","310"
"31199","0.13468390703201294","0.13468390703201294","0.13468390703201294","311","311","311"
"31299","0.13459636270999908","0.13459636270999908","0.13459636270999908","312","312","312"
"31399","0.13855989277362823","0.13855989277362823","0.13855989277362823","313","313","313"
"31499","0.1304445117712021","0.1304445117712021","0.1304445117712021","314","314","314"
"31599","0.13586772978305817","0.13586772978305817","0.13586772978305817","315","315","315"
"31699","0.14100217819213867","0.14100217819213867","0.14100217819213867","316","316","316"
"31799","0.13601651787757874","0.13601651787757874","0.13601651787757874","317","317","317"
"31899","0.1424337476491928","0.1424337476491928","0.1424337476491928","318","318","318"
"31999","0.13241593539714813","0.13241593539714813","0.13241593539714813","319","319","319"
"32099","0.13445651531219482","0.13445651531219482","0.13445651531219482","320","320","320"
"32199","0.1397213339805603","0.1397213339805603","0.1397213339805603","321","321","321"
"32299","0.13468916714191437","0.13468916714191437","0.13468916714191437","322","322","322"
"32399","0.1387096643447876","0.1387096643447876","0.1387096643447876","323","323","323"
"32499","0.13382641971111298","0.13382641971111298","0.13382641971111298","324","324","324"
"32599","0.1305781751871109","0.1305781751871109","0.1305781751871109","325","325","325"
"32699","0.14035502076148987","0.14035502076148987","0.14035502076148987","326","326","326"
"32799","0.13450577855110168","0.13450577855110168","0.13450577855110168","327","327","327"
"32899","0.13724377751350403","0.13724377751350403","0.13724377751350403","328","328","328"
"32999","0.12759040296077728","0.12759040296077728","0.12759040296077728","329","329","329"
"33099","0.1350734531879425","0.1350734531879425","0.1350734531879425","330","330","330"
"33199","0.13320189714431763","0.13320189714431763","0.13320189714431763","331","331","331"
"33299","0.13404865562915802","0.13404865562915802","0.13404865562915802","332","332","332"
"33399","0.12944810092449188","0.12944810092449188","0.12944810092449188","333","333","333"
"33499","0.13418611884117126","0.13418611884117126","0.13418611884117126","334","334","334"
"33599","0.13351045548915863","0.13351045548915863","0.13351045548915863","335","335","335"
"33699","0.1383611261844635","0.1383611261844635","0.1383611261844635","336","336","336"
"33799","0.13244056701660156","0.13244056701660156","0.13244056701660156","337","337","337"
"33899","0.13207857310771942","0.13207857310771942","0.13207857310771942","338","338","338"
"33999","0.13556672632694244","0.13556672632694244","0.13556672632694244","339","339","339"
"34099","0.13631215691566467","0.13631215691566467","0.13631215691566467","340","340","340"
"34199","0.1358853131532669","0.1358853131532669","0.1358853131532669","341","341","341"
"34299","0.13507485389709473","0.13507485389709473","0.13507485389709473","342","342","342"
"34399","0.13430160284042358","0.13430160284042358","0.13430160284042358","343","343","343"
"34499","0.13130247592926025","0.13130247592926025","0.13130247592926025","344","344","344"
"34599","0.13520605862140656","0.13520605862140656","0.13520605862140656","345","345","345"
"34699","0.1359570324420929","0.1359570324420929","0.1359570324420929","346","346","346"
"34799","0.12795022130012512","0.12795022130012512","0.12795022130012512","347","347","347"
"34899","0.1307806819677353","0.1307806819677353","0.1307806819677353","348","348","348"
"34999","0.13308657705783844","0.13308657705783844","0.13308657705783844","349","349","349"
"35099","0.13181298971176147","0.13181298971176147","0.13181298971176147","350","350","350"
"35199","0.13315650820732117","0.13315650820732117","0.13315650820732117","351","351","351"
"35299","0.13823005557060242","0.13823005557060242","0.13823005557060242","352","352","352"
"35399","0.1316877007484436","0.1316877007484436","0.1316877007484436","353","353","353"
"35499","0.13429751992225647","0.13429751992225647","0.13429751992225647","354","354","354"
"35599","0.1365085393190384","0.1365085393190384","0.1365085393190384","355","355","355"
"35699","0.1353805959224701","0.1353805959224701","0.1353805959224701","356","356","356"
"35799","0.13160355389118195","0.13160355389118195","0.13160355389118195","357","357","357"
"35899","0.12644945085048676","0.12644945085048676","0.12644945085048676","358","358","358"
"35999","0.13335426151752472","0.13335426151752472","0.13335426151752472","359","359","359"
"36099","0.1334182322025299","0.1334182322025299","0.1334182322025299","360","360","360"
"36199","0.13290844857692719","0.13290844857692719","0.13290844857692719","361","361","361"
"36299","0.1381259560585022","0.1381259560585022","0.1381259560585022","362","362","362"
"36399","0.12936829030513763","0.12936829030513763","0.12936829030513763","363","363","363"
"36499","0.13427619636058807","0.13427619636058807","0.13427619636058807","364","364","364"
"36599","0.12556639313697815","0.12556639313697815","0.12556639313697815","365","365","365"
"36699","0.13183949887752533","0.13183949887752533","0.13183949887752533","366","366","366"
"36799","0.13279715180397034","0.13279715180397034","0.13279715180397034","367","367","367"
"36899","0.1277962476015091","0.1277962476015091","0.1277962476015091","368","368","368"
"36999","0.13451921939849854","0.13451921939849854","0.13451921939849854","369","369","369"
"37099","0.12975555658340454","0.12975555658340454","0.12975555658340454","370","370","370"
"37199","0.1336825042963028","0.1336825042963028","0.1336825042963028","371","371","371"
"37299","0.13737471401691437","0.13737471401691437","0.13737471401691437","372","372","372"
"37399","0.13508866727352142","0.13508866727352142","0.13508866727352142","373","373","373"
"37499","0.1353234052658081","0.1353234052658081","0.1353234052658081","374","374","374"
"37599","0.13560885190963745","0.13560885190963745","0.13560885190963745","375","375","375"
"37699","0.13278286159038544","0.13278286159038544","0.13278286159038544","376","376","376"
"37799","0.12749263644218445","0.12749263644218445","0.12749263644218445","377","377","377"
"37899","0.1332893818616867","0.1332893818616867","0.1332893818616867","378","378","378"
"37999","0.13271711766719818","0.13271711766719818","0.13271711766719818","379","379","379"
"38099","0.13118883967399597","0.13118883967399597","0.13118883967399597","380","380","380"
"38199","0.13142414391040802","0.13142414391040802","0.13142414391040802","381","381","381"
"38299","0.13181033730506897","0.13181033730506897","0.13181033730506897","382","382","382"
"38399","0.12933197617530823","0.12933197617530823","0.12933197617530823","383","383","383"
"38499","0.13994012773036957","0.13994012773036957","0.13994012773036957","384","384","384"
"38599","0.1367829442024231","0.1367829442024231","0.1367829442024231","385","385","385"
"38699","0.12887859344482422","0.12887859344482422","0.12887859344482422","386","386","386"
"38799","0.13233941793441772","0.13233941793441772","0.13233941793441772","387","387","387"
"38899","0.1426350474357605","0.1426350474357605","0.1426350474357605","388","388","388"
"38999","0.13437291979789734","0.13437291979789734","0.13437291979789734","389","389","389"
"39099","0.1313350796699524","0.1313350796699524","0.1313350796699524","390","390","390"
"39199","0.1395922154188156","0.1395922154188156","0.1395922154188156","391","391","391"
"39299","0.13035455346107483","0.13035455346107483","0.13035455346107483","392","392","392"
"39399","0.1298464685678482","0.1298464685678482","0.1298464685678482","393","393","393"
"39499","0.13223741948604584","0.13223741948604584","0.13223741948604584","394","394","394"
"39599","0.13448099792003632","0.13448099792003632","0.13448099792003632","395","395","395"
"39699","0.13750164210796356","0.13750164210796356","0.13750164210796356","396","396","396"
"39799","0.1294792741537094","0.1294792741537094","0.1294792741537094","397","397","397"
"39899","0.13332673907279968","0.13332673907279968","0.13332673907279968","398","398","398"
"39999","0.1374647468328476","0.1374647468328476","0.1374647468328476","399","399","399"
"40099","0.13755252957344055","0.13755252957344055","0.13755252957344055","400","400","400"
"40199","0.13524477183818817","0.13524477183818817","0.13524477183818817","401","401","401"
"40299","0.1272798329591751","0.1272798329591751","0.1272798329591751","402","402","402"
"40399","0.12573134899139404","0.12573134899139404","0.12573134899139404","403","403","403"
"40499","0.13239794969558716","0.13239794969558716","0.13239794969558716","404","404","404"
"40599","0.1276904195547104","0.1276904195547104","0.1276904195547104","405","405","405"
"40699","0.13690592348575592","0.13690592348575592","0.13690592348575592","406","406","406"
"40799","0.14302657544612885","0.14302657544612885","0.14302657544612885","407","407","407"
"40899","0.13743536174297333","0.13743536174297333","0.13743536174297333","408","408","408"
"40999","0.13804355263710022","0.13804355263710022","0.13804355263710022","409","409","409"
"41099","0.12949489057064056","0.12949489057064056","0.12949489057064056","410","410","410"
"41199","0.13507463037967682","0.13507463037967682","0.13507463037967682","411","411","411"
"41299","0.13087977468967438","0.13087977468967438","0.13087977468967438","412","412","412"
"41399","0.1279226690530777","0.1279226690530777","0.1279226690530777","413","413","413"
"41499","0.12635666131973267","0.12635666131973267","0.12635666131973267","414","414","414"
"41599","0.1328459233045578","0.1328459233045578","0.1328459233045578","415","415","415"
"41699","0.13338221609592438","0.13338221609592438","0.13338221609592438","416","416","416"
"41799","0.12969693541526794","0.12969693541526794","0.12969693541526794","417","417","417"
"41899","0.1291903853416443","0.1291903853416443","0.1291903853416443","418","418","418"
"41999","0.13355247676372528","0.13355247676372528","0.13355247676372528","419","419","419"
"42099","0.13640201091766357","0.13640201091766357","0.13640201091766357","420","420","420"
"42199","0.13579991459846497","0.13579991459846497","0.13579991459846497","421","421","421"
"42299","0.13305017352104187","0.13305017352104187","0.13305017352104187","422","422","422"
"42399","0.1335896998643875","0.1335896998643875","0.1335896998643875","423","423","423"
"42499","0.1428251713514328","0.1428251713514328","0.1428251713514328","424","424","424"
"42599","0.13223198056221008","0.13223198056221008","0.13223198056221008","425","425","425"
"42699","0.12743686139583588","0.12743686139583588","0.12743686139583588","426","426","426"
"42799","0.13496960699558258","0.13496960699558258","0.13496960699558258","427","427","427"
"42899","0.13298319280147552","0.13298319280147552","0.13298319280147552","428","428","428"
"42999","0.13183468580245972","0.13183468580245972","0.13183468580245972","429","429","429"
"43099","0.1324949860572815","0.1324949860572815","0.1324949860572815","430","430","430"
"43199","0.1346687525510788","0.1346687525510788","0.1346687525510788","431","431","431"
"43299","0.1279674768447876","0.1279674768447876","0.1279674768447876","432","432","432"
"43399","0.1286894828081131","0.1286894828081131","0.1286894828081131","433","433","433"
"43499","0.13689815998077393","0.13689815998077393","0.13689815998077393","434","434","434"
"43599","0.13435238599777222","0.13435238599777222","0.13435238599777222","435","435","435"
"43699","0.12772288918495178","0.12772288918495178","0.12772288918495178","436","436","436"
"43799","0.1352756768465042","0.1352756768465042","0.1352756768465042","437","437","437"
"43899","0.14674727618694305","0.14674727618694305","0.14674727618694305","438","438","438"
"43999","0.13097542524337769","0.13097542524337769","0.13097542524337769","439","439","439"
"44099","0.13156454265117645","0.13156454265117645","0.13156454265117645","440","440","440"
"44199","0.13775907456874847","0.13775907456874847","0.13775907456874847","441","441","441"
"44299","0.12876872718334198","0.12876872718334198","0.12876872718334198","442","442","442"
"44399","0.13109606504440308","0.13109606504440308","0.13109606504440308","443","443","443"
"44499","0.1340872049331665","0.1340872049331665","0.1340872049331665","444","444","444"
"44599","0.13108327984809875","0.13108327984809875","0.13108327984809875","445","445","445"
"44699","0.1376083791255951","0.1376083791255951","0.1376083791255951","446","446","446"
"44799","0.13000935316085815","0.13000935316085815","0.13000935316085815","447","447","447"
"44899","0.12961414456367493","0.12961414456367493","0.12961414456367493","448","448","448"
"44999","0.1325717717409134","0.1325717717409134","0.1325717717409134","449","449","449"
"45099","0.13234956562519073","0.13234956562519073","0.13234956562519073","450","450","450"
"45199","0.13001073896884918","0.13001073896884918","0.13001073896884918","451","451","451"
"45299","0.13204160332679749","0.13204160332679749","0.13204160332679749","452","452","452"
"45399","0.13621382415294647","0.13621382415294647","0.13621382415294647","453","453","453"
"45499","0.1341426521539688","0.1341426521539688","0.1341426521539688","454","454","454"
"45599","0.13431257009506226","0.13431257009506226","0.13431257009506226","455","455","455"
"45699","0.13208365440368652","0.13208365440368652","0.13208365440368652","456","456","456"
"45799","0.13128148019313812","0.13128148019313812","0.13128148019313812","457","457","457"
"45899","0.13188953697681427","0.13188953697681427","0.13188953697681427","458","458","458"
"45999","0.13603007793426514","0.13603007793426514","0.13603007793426514","459","459","459"
"46099","0.132215678691864","0.132215678691864","0.132215678691864","460","460","460"
"46199","0.13005055487155914","0.13005055487155914","0.13005055487155914","461","461","461"
"46299","0.12990841269493103","0.12990841269493103","0.12990841269493103","462","462","462"
"46399","0.12769275903701782","0.12769275903701782","0.12769275903701782","463","463","463"
"46499","0.13192257285118103","0.13192257285118103","0.13192257285118103","464","464","464"
"46599","0.13666509091854095","0.13666509091854095","0.13666509091854095","465","465","465"
"46699","0.1370382308959961","0.1370382308959961","0.1370382308959961","466","466","466"
"46799","0.13409842550754547","0.13409842550754547","0.13409842550754547","467","467","467"
"46899","0.1289021223783493","0.1289021223783493","0.1289021223783493","468","468","468"
"46999","0.12449993193149567","0.12449993193149567","0.12449993193149567","469","469","469"
"47099","0.1316399872303009","0.1316399872303009","0.1316399872303009","470","470","470"
"47199","0.13163065910339355","0.13163065910339355","0.13163065910339355","471","471","471"
"47299","0.13149285316467285","0.13149285316467285","0.13149285316467285","472","472","472"
"47399","0.12938018143177032","0.12938018143177032","0.12938018143177032","473","473","473"
"47499","0.13329541683197021","0.13329541683197021","0.13329541683197021","474","474","474"
"47599","0.12418360263109207","0.12418360263109207","0.12418360263109207","475","475","475"
"47699","0.12980422377586365","0.12980422377586365","0.12980422377586365","476","476","476"
"47799","0.12752772867679596","0.12752772867679596","0.12752772867679596","477","477","477"
"47899","0.12331081181764603","0.12331081181764603","0.12331081181764603","478","478","478"
"47999","0.129411518573761","0.129411518573761","0.129411518573761","479","479","479"
"48099","0.13662827014923096","0.13662827014923096","0.13662827014923096","480","480","480"
"48199","0.12808513641357422","0.12808513641357422","0.12808513641357422","481","481","481"
"48299","0.13477063179016113","0.13477063179016113","0.13477063179016113","482","482","482"
"48399","0.13298098742961884","0.13298098742961884","0.13298098742961884","483","483","483"
"48499","0.1286160796880722","0.1286160796880722","0.1286160796880722","484","484","484"
"48599","0.12809015810489655","0.12809015810489655","0.12809015810489655","485","485","485"
"48699","0.1298554241657257","0.1298554241657257","0.1298554241657257","486","486","486"
"48799","0.1352699249982834","0.1352699249982834","0.1352699249982834","487","487","487"
"48899","0.12779265642166138","0.12779265642166138","0.12779265642166138","488","488","488"
"48999","0.13165509700775146","0.13165509700775146","0.13165509700775146","489","489","489"
"49099","0.13101541996002197","0.13101541996002197","0.13101541996002197","490","490","490"
"49199","0.13009442389011383","0.13009442389011383","0.13009442389011383","491","491","491"
"49299","0.1320481151342392","0.1320481151342392","0.1320481151342392","492","492","492"
"49399","0.1266377568244934","0.1266377568244934","0.1266377568244934","493","493","493"
"49499","0.13396002352237701","0.13396002352237701","0.13396002352237701","494","494","494"
"49599","0.13063687086105347","0.13063687086105347","0.13063687086105347","495","495","495"
"49699","0.1376209259033203","0.1376209259033203","0.1376209259033203","496","496","496"
"49799","0.12761728465557098","0.12761728465557098","0.12761728465557098","497","497","497"
"49899","0.12866900861263275","0.12866900861263275","0.12866900861263275","498","498","498"
"49999","0.12773774564266205","0.12773774564266205","0.12773774564266205","499","499","499"
"50099","0.12548498809337616","0.12548498809337616","0.12548498809337616","500","500","500"
"50199","0.13093656301498413","0.13093656301498413","0.13093656301498413","501","501","501"
"50299","0.12757541239261627","0.12757541239261627","0.12757541239261627","502","502","502"
"50399","0.1314678192138672","0.1314678192138672","0.1314678192138672","503","503","503"
"50499","0.13149811327457428","0.13149811327457428","0.13149811327457428","504","504","504"
"50599","0.13006818294525146","0.13006818294525146","0.13006818294525146","505","505","505"
"50699","0.13341018557548523","0.13341018557548523","0.13341018557548523","506","506","506"
"50799","0.13299553096294403","0.13299553096294403","0.13299553096294403","507","507","507"
"50899","0.13599438965320587","0.13599438965320587","0.13599438965320587","508","508","508"
"50999","0.13153330981731415","0.13153330981731415","0.13153330981731415","509","509","509"
"51099","0.12622830271720886","0.12622830271720886","0.12622830271720886","510","510","510"
"51199","0.12917421758174896","0.12917421758174896","0.12917421758174896","511","511","511"
"51299","0.13391107320785522","0.13391107320785522","0.13391107320785522","512","512","512"
"51399","0.13042239844799042","0.13042239844799042","0.13042239844799042","513","513","513"
"51499","0.1253369003534317","0.1253369003534317","0.1253369003534317","514","514","514"
"51599","0.13814595341682434","0.13814595341682434","0.13814595341682434","515","515","515"
"51699","0.12680095434188843","0.12680095434188843","0.12680095434188843","516","516","516"
"51799","0.12381435185670853","0.12381435185670853","0.12381435185670853","517","517","517"
"51899","0.12810207903385162","0.12810207903385162","0.12810207903385162","518","518","518"
"51999","0.12455005943775177","0.12455005943775177","0.12455005943775177","519","519","519"
"52099","0.12980052828788757","0.12980052828788757","0.12980052828788757","520","520","520"
"52199","0.1329832226037979","0.1329832226037979","0.1329832226037979","521","521","521"
"52299","0.12968562543392181","0.12968562543392181","0.12968562543392181","522","522","522"
"52399","0.13207797706127167","0.13207797706127167","0.13207797706127167","523","523","523"
"52499","0.12955239415168762","0.12955239415168762","0.12955239415168762","524","524","524"
"52599","0.12928873300552368","0.12928873300552368","0.12928873300552368","525","525","525"
"52699","0.12301456928253174","0.12301456928253174","0.12301456928253174","526","526","526"
"52799","0.13028323650360107","0.13028323650360107","0.13028323650360107","527","527","527"
"52899","0.12749724090099335","0.12749724090099335","0.12749724090099335","528","528","528"
"52999","0.1284008026123047","0.1284008026123047","0.1284008026123047","529","529","529"
"53099","0.12598468363285065","0.12598468363285065","0.12598468363285065","530","530","530"
"53199","0.1283046454191208","0.1283046454191208","0.1283046454191208","531","531","531"
"53299","0.13053716719150543","0.13053716719150543","0.13053716719150543","532","532","532"
"53399","0.13361725211143494","0.13361725211143494","0.13361725211143494","533","533","533"
"53499","0.12658001482486725","0.12658001482486725","0.12658001482486725","534","534","534"
"53599","0.12268052995204926","0.12268052995204926","0.12268052995204926","535","535","535"
"53699","0.12414427846670151","0.12414427846670151","0.12414427846670151","536","536","536"
"53799","0.13075219094753265","0.13075219094753265","0.13075219094753265","537","537","537"
"53899","0.1306256204843521","0.1306256204843521","0.1306256204843521","538","538","538"
"53999","0.13342000544071198","0.13342000544071198","0.13342000544071198","539","539","539"
"54099","0.12946923077106476","0.12946923077106476","0.12946923077106476","540","540","540"
"54199","0.1286458671092987","0.1286458671092987","0.1286458671092987","541","541","541"
"54299","0.12586551904678345","0.12586551904678345","0.12586551904678345","542","542","542"
"54399","0.13106055557727814","0.13106055557727814","0.13106055557727814","543","543","543"
"54499","0.12708289921283722","0.12708289921283722","0.12708289921283722","544","544","544"
"54599","0.1309870481491089","0.1309870481491089","0.1309870481491089","545","545","545"
"54699","0.12356395274400711","0.12356395274400711","0.12356395274400711","546","546","546"
"54799","0.13244985044002533","0.13244985044002533","0.13244985044002533","547","547","547"
"54899","0.12878218293190002","0.12878218293190002","0.12878218293190002","548","548","548"
"54999","0.12766340374946594","0.12766340374946594","0.12766340374946594","549","549","549"
"55099","0.12621888518333435","0.12621888518333435","0.12621888518333435","550","550","550"
"55199","0.12608608603477478","0.12608608603477478","0.12608608603477478","551","551","551"
"55299","0.12750443816184998","0.12750443816184998","0.12750443816184998","552","552","552"
"55399","0.12532828748226166","0.12532828748226166","0.12532828748226166","553","553","553"
"55499","0.12964953482151031","0.12964953482151031","0.12964953482151031","554","554","554"
"55599","0.13357925415039062","0.13357925415039062","0.13357925415039062","555","555","555"
"55699","0.12997959554195404","0.12997959554195404","0.12997959554195404","556","556","556"
"55799","0.13493658602237701","0.13493658602237701","0.13493658602237701","557","557","557"
"55899","0.12845952808856964","0.12845952808856964","0.12845952808856964","558","558","558"
"55999","0.12650154531002045","0.12650154531002045","0.12650154531002045","559","559","559"
"56099","0.13032253086566925","0.13032253086566925","0.13032253086566925","560","560","560"
"56199","0.12647531926631927","0.12647531926631927","0.12647531926631927","561","561","561"
"56299","0.13131317496299744","0.13131317496299744","0.13131317496299744","562","562","562"
"56399","0.1241421177983284","0.1241421177983284","0.1241421177983284","563","563","563"
"56499","0.12628795206546783","0.12628795206546783","0.12628795206546783","564","564","564"
"56599","0.12859554588794708","0.12859554588794708","0.12859554588794708","565","565","565"
"56699","0.1270132213830948","0.1270132213830948","0.1270132213830948","566","566","566"
"56799","0.12915806472301483","0.12915806472301483","0.12915806472301483","567","567","567"
"56899","0.12730690836906433","0.12730690836906433","0.12730690836906433","568","568","568"
"56999","0.1357230693101883","0.1357230693101883","0.1357230693101883","569","569","569"
"57099","0.1278657466173172","0.1278657466173172","0.1278657466173172","570","570","570"
"57199","0.12530413269996643","0.12530413269996643","0.12530413269996643","571","571","571"
"57299","0.12654297053813934","0.12654297053813934","0.12654297053813934","572","572","572"
"57399","0.12702399492263794","0.12702399492263794","0.12702399492263794","573","573","573"
"57499","0.12962186336517334","0.12962186336517334","0.12962186336517334","574","574","574"
"57599","0.1289241909980774","0.1289241909980774","0.1289241909980774","575","575","575"
"57699","0.12549100816249847","0.12549100816249847","0.12549100816249847","576","576","576"
"57799","0.1327659636735916","0.1327659636735916","0.1327659636735916","577","577","577"
"57899","0.12344761192798615","0.12344761192798615","0.12344761192798615","578","578","578"
"57999","0.1278807669878006","0.1278807669878006","0.1278807669878006","579","579","579"
"58099","0.1210319772362709","0.1210319772362709","0.1210319772362709","580","580","580"
"58199","0.12942010164260864","0.12942010164260864","0.12942010164260864","581","581","581"
"58299","0.13026034832000732","0.13026034832000732","0.13026034832000732","582","582","582"
"58399","0.12353592365980148","0.12353592365980148","0.12353592365980148","583","583","583"
"58499","0.1299431025981903","0.1299431025981903","0.1299431025981903","584","584","584"
"58599","0.12695415318012238","0.12695415318012238","0.12695415318012238","585","585","585"
"58699","0.13272729516029358","0.13272729516029358","0.13272729516029358","586","586","586"
"58799","0.12424232810735703","0.12424232810735703","0.12424232810735703","587","587","587"
"58899","0.12700793147087097","0.12700793147087097","0.12700793147087097","588","588","588"
"58999","0.12801550328731537","0.12801550328731537","0.12801550328731537","589","589","589"
"59099","0.12732714414596558","0.12732714414596558","0.12732714414596558","590","590","590"
"59199","0.13082489371299744","0.13082489371299744","0.13082489371299744","591","591","591"
"59299","0.12334033101797104","0.12334033101797104","0.12334033101797104","592","592","592"
"59399","0.12931135296821594","0.12931135296821594","0.12931135296821594","593","593","593"
"59499","0.12478894740343094","0.12478894740343094","0.12478894740343094","594","594","594"
"59599","0.12857124209403992","0.12857124209403992","0.12857124209403992","595","595","595"
"59699","0.12256452441215515","0.12256452441215515","0.12256452441215515","596","596","596"
"59799","0.12630188465118408","0.12630188465118408","0.12630188465118408","597","597","597"
"59899","0.1225430890917778","0.1225430890917778","0.1225430890917778","598","598","598"
"59999","0.12489472329616547","0.12489472329616547","0.12489472329616547","599","599","599"
"60099","0.12287981808185577","0.12287981808185577","0.12287981808185577","600","600","600"
"60199","0.12761400640010834","0.12761400640010834","0.12761400640010834","601","601","601"
"60299","0.12973041832447052","0.12973041832447052","0.12973041832447052","602","602","602"
"60399","0.12151998281478882","0.12151998281478882","0.12151998281478882","603","603","603"
"60499","0.12815642356872559","0.12815642356872559","0.12815642356872559","604","604","604"
"60599","0.11942236870527267","0.11942236870527267","0.11942236870527267","605","605","605"
"60699","0.12240409106016159","0.12240409106016159","0.12240409106016159","606","606","606"
"60799","0.12366116791963577","0.12366116791963577","0.12366116791963577","607","607","607"
"60899","0.12491145730018616","0.12491145730018616","0.12491145730018616","608","608","608"
"60999","0.12268216907978058","0.12268216907978058","0.12268216907978058","609","609","609"
"61099","0.12690292298793793","0.12690292298793793","0.12690292298793793","610","610","610"
"61199","0.1230866089463234","0.1230866089463234","0.1230866089463234","611","611","611"
"61299","0.13112780451774597","0.13112780451774597","0.13112780451774597","612","612","612"
"61399","0.1245981976389885","0.1245981976389885","0.1245981976389885","613","613","613"
"61499","0.1257769912481308","0.1257769912481308","0.1257769912481308","614","614","614"
"61599","0.12820088863372803","0.12820088863372803","0.12820088863372803","615","615","615"
"61699","0.13344839215278625","0.13344839215278625","0.13344839215278625","616","616","616"
"61799","0.13378694653511047","0.13378694653511047","0.13378694653511047","617","617","617"
"61899","0.12740665674209595","0.12740665674209595","0.12740665674209595","618","618","618"
"61999","0.1304718554019928","0.1304718554019928","0.1304718554019928","619","619","619"
"62099","0.1270981729030609","0.1270981729030609","0.1270981729030609","620","620","620"
"62199","0.12605436146259308","0.12605436146259308","0.12605436146259308","621","621","621"
"62299","0.12239163368940353","0.12239163368940353","0.12239163368940353","622","622","622"
"62399","0.1242857500910759","0.1242857500910759","0.1242857500910759","623","623","623"
"62499","0.12802840769290924","0.12802840769290924","0.12802840769290924","624","624","624"
"62599","0.12090712040662766","0.12090712040662766","0.12090712040662766","625","625","625"
"62699","0.1272326558828354","0.1272326558828354","0.1272326558828354","626","626","626"
"62799","0.12295643240213394","0.12295643240213394","0.12295643240213394","627","627","627"
"62899","0.12139150500297546","0.12139150500297546","0.12139150500297546","628","628","628"
"62999","0.12379329651594162","0.12379329651594162","0.12379329651594162","629","629","629"
"63099","0.12903083860874176","0.12903083860874176","0.12903083860874176","630","630","630"
"63199","0.1335604339838028","0.1335604339838028","0.1335604339838028","631","631","631"
"63299","0.12897147238254547","0.12897147238254547","0.12897147238254547","632","632","632"
"63399","0.12620852887630463","0.12620852887630463","0.12620852887630463","633","633","633"
"63499","0.12438792735338211","0.12438792735338211","0.12438792735338211","634","634","634"
"63599","0.12163862586021423","0.12163862586021423","0.12163862586021423","635","635","635"
"63699","0.1335638463497162","0.1335638463497162","0.1335638463497162","636","636","636"
"63799","0.1308067888021469","0.1308067888021469","0.1308067888021469","637","637","637"
"63899","0.12072885036468506","0.12072885036468506","0.12072885036468506","638","638","638"
"63999","0.12514245510101318","0.12514245510101318","0.12514245510101318","639","639","639"
"64099","0.12538959085941315","0.12538959085941315","0.12538959085941315","640","640","640"
"64199","0.1232234463095665","0.1232234463095665","0.1232234463095665","641","641","641"
"64299","0.13155916333198547","0.13155916333198547","0.13155916333198547","642","642","642"
"64399","0.12710106372833252","0.12710106372833252","0.12710106372833252","643","643","643"
"64499","0.12283819913864136","0.12283819913864136","0.12283819913864136","644","644","644"
"64599","0.1280789077281952","0.1280789077281952","0.1280789077281952","645","645","645"
"64699","0.13093997538089752","0.13093997538089752","0.13093997538089752","646","646","646"
"64799","0.121204674243927","0.121204674243927","0.121204674243927","647","647","647"
"64899","0.134364053606987","0.134364053606987","0.134364053606987","648","648","648"
"64999","0.1216370090842247","0.1216370090842247","0.1216370090842247","649","649","649"
"65099","0.12783491611480713","0.12783491611480713","0.12783491611480713","650","650","650"
"65199","0.12810097634792328","0.12810097634792328","0.12810097634792328","651","651","651"
"65299","0.12807556986808777","0.12807556986808777","0.12807556986808777","652","652","652"
"65399","0.13234128057956696","0.13234128057956696","0.13234128057956696","653","653","653"
"65499","0.12753646075725555","0.12753646075725555","0.12753646075725555","654","654","654"
"65599","0.12995727360248566","0.12995727360248566","0.12995727360248566","655","655","655"
"65699","0.12375734001398087","0.12375734001398087","0.12375734001398087","656","656","656"
"65799","0.12359889596700668","0.12359889596700668","0.12359889596700668","657","657","657"
"65899","0.13122372329235077","0.13122372329235077","0.13122372329235077","658","658","658"
"65999","0.1254081279039383","0.1254081279039383","0.1254081279039383","659","659","659"
"66099","0.12602083384990692","0.12602083384990692","0.12602083384990692","660","660","660"
"66199","0.1264696568250656","0.1264696568250656","0.1264696568250656","661","661","661"
"66299","0.12054670602083206","0.12054670602083206","0.12054670602083206","662","662","662"
"66399","0.12469914555549622","0.12469914555549622","0.12469914555549622","663","663","663"
"66499","0.12469030916690826","0.12469030916690826","0.12469030916690826","664","664","664"
"66599","0.1257299780845642","0.1257299780845642","0.1257299780845642","665","665","665"
"66699","0.1334029883146286","0.1334029883146286","0.1334029883146286","666","666","666"
"66799","0.12287164479494095","0.12287164479494095","0.12287164479494095","667","667","667"
"66899","0.12760600447654724","0.12760600447654724","0.12760600447654724","668","668","668"
"66999","0.12415026873350143","0.12415026873350143","0.12415026873350143","669","669","669"
"67099","0.13004255294799805","0.13004255294799805","0.13004255294799805","670","670","670"
"67199","0.1281016319990158","0.1281016319990158","0.1281016319990158","671","671","671"
"67299","0.12735341489315033","0.12735341489315033","0.12735341489315033","672","672","672"
"67399","0.12114864587783813","0.12114864587783813","0.12114864587783813","673","673","673"
"67499","0.12743410468101501","0.12743410468101501","0.12743410468101501","674","674","674"
"67599","0.12469618767499924","0.12469618767499924","0.12469618767499924","675","675","675"
"67699","0.1250394582748413","0.1250394582748413","0.1250394582748413","676","676","676"
"67799","0.13369858264923096","0.13369858264923096","0.13369858264923096","677","677","677"
"67899","0.13023433089256287","0.13023433089256287","0.13023433089256287","678","678","678"
"67999","0.12287267297506332","0.12287267297506332","0.12287267297506332","679","679","679"
"68099","0.12799279391765594","0.12799279391765594","0.12799279391765594","680","680","680"
"68199","0.12366515398025513","0.12366515398025513","0.12366515398025513","681","681","681"
"68299","0.11943303048610687","0.11943303048610687","0.11943303048610687","682","682","682"
"68399","0.13242845237255096","0.13242845237255096","0.13242845237255096","683","683","683"
"68499","0.12421777844429016","0.12421777844429016","0.12421777844429016","684","684","684"
"68599","0.12719406187534332","0.12719406187534332","0.12719406187534332","685","685","685"
"68699","0.12091963738203049","0.12091963738203049","0.12091963738203049","686","686","686"
"68799","0.123604916036129","0.123604916036129","0.123604916036129","687","687","687"
"68899","0.1289508193731308","0.1289508193731308","0.1289508193731308","688","688","688"
"68999","0.1247396469116211","0.1247396469116211","0.1247396469116211","689","689","689"
"69099","0.11871989071369171","0.11871989071369171","0.11871989071369171","690","690","690"
"69199","0.12474720180034637","0.12474720180034637","0.12474720180034637","691","691","691"
"69299","0.1246190071105957","0.1246190071105957","0.1246190071105957","692","692","692"
"69399","0.12212193757295609","0.12212193757295609","0.12212193757295609","693","693","693"
"69499","0.11835682392120361","0.11835682392120361","0.11835682392120361","694","694","694"
"69599","0.12732025980949402","0.12732025980949402","0.12732025980949402","695","695","695"
"69699","0.11980755627155304","0.11980755627155304","0.11980755627155304","696","696","696"
"69799","0.13026781380176544","0.13026781380176544","0.13026781380176544","697","697","697"
"69899","0.12742771208286285","0.12742771208286285","0.12742771208286285","698","698","698"
"69999","0.12146788090467453","0.12146788090467453","0.12146788090467453","699","699","699"
"70099","0.12500585615634918","0.12500585615634918","0.12500585615634918","700","700","700"
"70199","0.12447576969861984","0.12447576969861984","0.12447576969861984","701","701","701"
"70299","0.12003421783447266","0.12003421783447266","0.12003421783447266","702","702","702"
"70399","0.1279873549938202","0.1279873549938202","0.1279873549938202","703","703","703"
"70499","0.12252237647771835","0.12252237647771835","0.12252237647771835","704","704","704"
"70599","0.12059292942285538","0.12059292942285538","0.12059292942285538","705","705","705"
"70699","0.12433291971683502","0.12433291971683502","0.12433291971683502","706","706","706"
"70799","0.12201577425003052","0.12201577425003052","0.12201577425003052","707","707","707"
"70899","0.12673254311084747","0.12673254311084747","0.12673254311084747","708","708","708"
"70999","0.12146113812923431","0.12146113812923431","0.12146113812923431","709","709","709"
"71099","0.12625421583652496","0.12625421583652496","0.12625421583652496","710","710","710"
"71199","0.12383509427309036","0.12383509427309036","0.12383509427309036","711","711","711"
"71299","0.12721028923988342","0.12721028923988342","0.12721028923988342","712","712","712"
"71399","0.12491260468959808","0.12491260468959808","0.12491260468959808","713","713","713"
"71499","0.12262485176324844","0.12262485176324844","0.12262485176324844","714","714","714"
"71599","0.1282605677843094","0.1282605677843094","0.1282605677843094","715","715","715"
"71699","0.12974129617214203","0.12974129617214203","0.12974129617214203","716","716","716"
"71799","0.12106975167989731","0.12106975167989731","0.12106975167989731","717","717","717"
"71899","0.12817060947418213","0.12817060947418213","0.12817060947418213","718","718","718"
"71999","0.11946633458137512","0.11946633458137512","0.11946633458137512","719","719","719"
"72099","0.12497600167989731","0.12497600167989731","0.12497600167989731","720","720","720"
"72199","0.13146556913852692","0.13146556913852692","0.13146556913852692","721","721","721"
"72299","0.13003332912921906","0.13003332912921906","0.13003332912921906","722","722","722"
"72399","0.13211177289485931","0.13211177289485931","0.13211177289485931","723","723","723"
"72499","0.12425803393125534","0.12425803393125534","0.12425803393125534","724","724","724"
"72599","0.1243133544921875","0.1243133544921875","0.1243133544921875","725","725","725"
"72699","0.12883098423480988","0.12883098423480988","0.12883098423480988","726","726","726"
"72799","0.12056529521942139","0.12056529521942139","0.12056529521942139","727","727","727"
"72899","0.1226099357008934","0.1226099357008934","0.1226099357008934","728","728","728"
"72999","0.1300257444381714","0.1300257444381714","0.1300257444381714","729","729","729"
"73099","0.12672796845436096","0.12672796845436096","0.12672796845436096","730","730","730"
"73199","0.12559367716312408","0.12559367716312408","0.12559367716312408","731","731","731"
"73299","0.1302107274532318","0.1302107274532318","0.1302107274532318","732","732","732"
"73399","0.12462011724710464","0.12462011724710464","0.12462011724710464","733","733","733"
"73499","0.1266331821680069","0.1266331821680069","0.1266331821680069","734","734","734"
"73599","0.1202898770570755","0.1202898770570755","0.1202898770570755","735","735","735"
"73699","0.12057700008153915","0.12057700008153915","0.12057700008153915","736","736","736"
"73799","0.11808965355157852","0.11808965355157852","0.11808965355157852","737","737","737"
"73899","0.12247208505868912","0.12247208505868912","0.12247208505868912","738","738","738"
"73999","0.12445346266031265","0.12445346266031265","0.12445346266031265","739","739","739"
"74099","0.1269654929637909","0.1269654929637909","0.1269654929637909","740","740","740"
"74199","0.12099579721689224","0.12099579721689224","0.12099579721689224","741","741","741"
"74299","0.12939217686653137","0.12939217686653137","0.12939217686653137","742","742","742"
"74399","0.1266287863254547","0.1266287863254547","0.1266287863254547","743","743","743"
"74499","0.12211322039365768","0.12211322039365768","0.12211322039365768","744","744","744"
"74599","0.12236101925373077","0.12236101925373077","0.12236101925373077","745","745","745"
"74699","0.1226394847035408","0.1226394847035408","0.1226394847035408","746","746","746"
"74799","0.11958236247301102","0.11958236247301102","0.11958236247301102","747","747","747"
"74899","0.12148842960596085","0.12148842960596085","0.12148842960596085","748","748","748"
"74999","0.12514734268188477","0.12514734268188477","0.12514734268188477","749","749","749"
"75099","0.12132849544286728","0.12132849544286728","0.12132849544286728","750","750","750"
"75199","0.12053067982196808","0.12053067982196808","0.12053067982196808","751","751","751"
"75299","0.12333788722753525","0.12333788722753525","0.12333788722753525","752","752","752"
"75399","0.12350530922412872","0.12350530922412872","0.12350530922412872","753","753","753"
"75499","0.12755340337753296","0.12755340337753296","0.12755340337753296","754","754","754"
"75599","0.11929956823587418","0.11929956823587418","0.11929956823587418","755","755","755"
"75699","0.1253562569618225","0.1253562569618225","0.1253562569618225","756","756","756"
"75799","0.11274649202823639","0.11274649202823639","0.11274649202823639","757","757","757"
"75899","0.12468608468770981","0.12468608468770981","0.12468608468770981","758","758","758"
"75999","0.1236259713768959","0.1236259713768959","0.1236259713768959","759","759","759"
"76099","0.1248915046453476","0.1248915046453476","0.1248915046453476","760","760","760"
"76199","0.12145822495222092","0.12145822495222092","0.12145822495222092","761","761","761"
"76299","0.1305326223373413","0.1305326223373413","0.1305326223373413","762","762","762"
"76399","0.12458760291337967","0.12458760291337967","0.12458760291337967","763","763","763"
"76499","0.11888451874256134","0.11888451874256134","0.11888451874256134","764","764","764"
"76599","0.12005336582660675","0.12005336582660675","0.12005336582660675","765","765","765"
"76699","0.1272008717060089","0.1272008717060089","0.1272008717060089","766","766","766"
"76799","0.12578608095645905","0.12578608095645905","0.12578608095645905","767","767","767"
"76899","0.12174771726131439","0.12174771726131439","0.12174771726131439","768","768","768"
"76999","0.12514542043209076","0.12514542043209076","0.12514542043209076","769","769","769"
"77099","0.12473362684249878","0.12473362684249878","0.12473362684249878","770","770","770"
"77199","0.12502393126487732","0.12502393126487732","0.12502393126487732","771","771","771"
"77299","0.11961369961500168","0.11961369961500168","0.11961369961500168","772","772","772"
"77399","0.12215451151132584","0.12215451151132584","0.12215451151132584","773","773","773"
"77499","0.12701484560966492","0.12701484560966492","0.12701484560966492","774","774","774"
"77599","0.12951137125492096","0.12951137125492096","0.12951137125492096","775","775","775"
"77699","0.12249475717544556","0.12249475717544556","0.12249475717544556","776","776","776"
"77799","0.12689654529094696","0.12689654529094696","0.12689654529094696","777","777","777"
"77899","0.12930701673030853","0.12930701673030853","0.12930701673030853","778","778","778"
"77999","0.12292157858610153","0.12292157858610153","0.12292157858610153","779","779","779"
"78099","0.12547890841960907","0.12547890841960907","0.12547890841960907","780","780","780"
"78199","0.12552525103092194","0.12552525103092194","0.12552525103092194","781","781","781"
"78299","0.12869220972061157","0.12869220972061157","0.12869220972061157","782","782","782"
"78399","0.12135127931833267","0.12135127931833267","0.12135127931833267","783","783","783"
"78499","0.12870103120803833","0.12870103120803833","0.12870103120803833","784","784","784"
"78599","0.1204838901758194","0.1204838901758194","0.1204838901758194","785","785","785"
"78699","0.12451165169477463","0.12451165169477463","0.12451165169477463","786","786","786"
"78799","0.11957569420337677","0.11957569420337677","0.11957569420337677","787","787","787"
"78899","0.12268511950969696","0.12268511950969696","0.12268511950969696","788","788","788"
"78999","0.11945680528879166","0.11945680528879166","0.11945680528879166","789","789","789"
"79099","0.12394361943006516","0.12394361943006516","0.12394361943006516","790","790","790"
"79199","0.12095776200294495","0.12095776200294495","0.12095776200294495","791","791","791"
"79299","0.1267278790473938","0.1267278790473938","0.1267278790473938","792","792","792"
"79399","0.12659107148647308","0.12659107148647308","0.12659107148647308","793","793","793"
"79499","0.11935370415449142","0.11935370415449142","0.11935370415449142","794","794","794"
"79599","0.12332507222890854","0.12332507222890854","0.12332507222890854","795","795","795"
"79699","0.11793247610330582","0.11793247610330582","0.11793247610330582","796","796","796"
"79799","0.12530864775180817","0.12530864775180817","0.12530864775180817","797","797","797"
"79899","0.1256759762763977","0.1256759762763977","0.1256759762763977","798","798","798"
"79999","0.12165386974811554","0.12165386974811554","0.12165386974811554","799","799","799"
"80099","0.11711649596691132","0.11711649596691132","0.11711649596691132","800","800","800"
"80199","0.12051694840192795","0.12051694840192795","0.12051694840192795","801","801","801"
"80299","0.12712867558002472","0.12712867558002472","0.12712867558002472","802","802","802"
"80399","0.12215729802846909","0.12215729802846909","0.12215729802846909","803","803","803"
"80499","0.12492406368255615","0.12492406368255615","0.12492406368255615","804","804","804"
"80599","0.12227562069892883","0.12227562069892883","0.12227562069892883","805","805","805"
"80699","0.12160313874483109","0.12160313874483109","0.12160313874483109","806","806","806"
"80799","0.11955612897872925","0.11955612897872925","0.11955612897872925","807","807","807"
"80899","0.11968674510717392","0.11968674510717392","0.11968674510717392","808","808","808"
"80999","0.1266653686761856","0.1266653686761856","0.1266653686761856","809","809","809"
"81099","0.12554636597633362","0.12554636597633362","0.12554636597633362","810","810","810"
"81199","0.12251424044370651","0.12251424044370651","0.12251424044370651","811","811","811"
"81299","0.1259612739086151","0.1259612739086151","0.1259612739086151","812","812","812"
"81399","0.11848676949739456","0.11848676949739456","0.11848676949739456","813","813","813"
"81499","0.1251571774482727","0.1251571774482727","0.1251571774482727","814","814","814"
"81599","0.11744684725999832","0.11744684725999832","0.11744684725999832","815","815","815"
"81699","0.12645423412322998","0.12645423412322998","0.12645423412322998","816","816","816"
"81799","0.11718226224184036","0.11718226224184036","0.11718226224184036","817","817","817"
"81899","0.11966770887374878","0.11966770887374878","0.11966770887374878","818","818","818"
"81999","0.12078876793384552","0.12078876793384552","0.12078876793384552","819","819","819"
"82099","0.11256827414035797","0.11256827414035797","0.11256827414035797","820","820","820"
"82199","0.12509417533874512","0.12509417533874512","0.12509417533874512","821","821","821"
"82299","0.12199537456035614","0.12199537456035614","0.12199537456035614","822","822","822"
"82399","0.1278817504644394","0.1278817504644394","0.1278817504644394","823","823","823"
"82499","0.11802884191274643","0.11802884191274643","0.11802884191274643","824","824","824"
"82599","0.1254940629005432","0.1254940629005432","0.1254940629005432","825","825","825"
"82699","0.12224839627742767","0.12224839627742767","0.12224839627742767","826","826","826"
"82799","0.12144690006971359","0.12144690006971359","0.12144690006971359","827","827","827"
"82899","0.12562629580497742","0.12562629580497742","0.12562629580497742","828","828","828"
"82999","0.12832589447498322","0.12832589447498322","0.12832589447498322","829","829","829"
"83099","0.12129539251327515","0.12129539251327515","0.12129539251327515","830","830","830"
"83199","0.12564705312252045","0.12564705312252045","0.12564705312252045","831","831","831"
"83299","0.11798210442066193","0.11798210442066193","0.11798210442066193","832","832","832"
"83399","0.12104343622922897","0.12104343622922897","0.12104343622922897","833","833","833"
"83499","0.1279771625995636","0.1279771625995636","0.1279771625995636","834","834","834"
"83599","0.12127289175987244","0.12127289175987244","0.12127289175987244","835","835","835"
"83699","0.1266431361436844","0.1266431361436844","0.1266431361436844","836","836","836"
"83799","0.12431666254997253","0.12431666254997253","0.12431666254997253","837","837","837"
"83899","0.1298099011182785","0.1298099011182785","0.1298099011182785","838","838","838"
"83999","0.12203085422515869","0.12203085422515869","0.12203085422515869","839","839","839"
"84099","0.12391045689582825","0.12391045689582825","0.12391045689582825","840","840","840"
"84199","0.12420223653316498","0.12420223653316498","0.12420223653316498","841","841","841"
"84299","0.12291586399078369","0.12291586399078369","0.12291586399078369","842","842","842"
"84399","0.11955326795578003","0.11955326795578003","0.11955326795578003","843","843","843"
"84499","0.1262407749891281","0.1262407749891281","0.1262407749891281","844","844","844"
"84599","0.1250697374343872","0.1250697374343872","0.1250697374343872","845","845","845"
"84699","0.12178526073694229","0.12178526073694229","0.12178526073694229","846","846","846"
"84799","0.12501850724220276","0.12501850724220276","0.12501850724220276","847","847","847"
"84899","0.12442287057638168","0.12442287057638168","0.12442287057638168","848","848","848"
"84999","0.1241723895072937","0.1241723895072937","0.1241723895072937","849","849","849"
"85099","0.1234809160232544","0.1234809160232544","0.1234809160232544","850","850","850"
"85199","0.12466054409742355","0.12466054409742355","0.12466054409742355","851","851","851"
"85299","0.1206086277961731","0.1206086277961731","0.1206086277961731","852","852","852"
"85399","0.12689408659934998","0.12689408659934998","0.12689408659934998","853","853","853"
"85499","0.1238190159201622","0.1238190159201622","0.1238190159201622","854","854","854"
"85599","0.12341958284378052","0.12341958284378052","0.12341958284378052","855","855","855"
"85699","0.1143643781542778","0.1143643781542778","0.1143643781542778","856","856","856"
"85799","0.12282657623291016","0.12282657623291016","0.12282657623291016","857","857","857"
"85899","0.12372749298810959","0.12372749298810959","0.12372749298810959","858","858","858"
"85999","0.1242050901055336","0.1242050901055336","0.1242050901055336","859","859","859"
"86099","0.1185053363442421","0.1185053363442421","0.1185053363442421","860","860","860"
"86199","0.12074553221464157","0.12074553221464157","0.12074553221464157","861","861","861"
"86299","0.12135609239339828","0.12135609239339828","0.12135609239339828","862","862","862"
"86399","0.12059607356786728","0.12059607356786728","0.12059607356786728","863","863","863"
"86499","0.12607330083847046","0.12607330083847046","0.12607330083847046","864","864","864"
"86599","0.12941084802150726","0.12941084802150726","0.12941084802150726","865","865","865"
"86699","0.1219218522310257","0.1219218522310257","0.1219218522310257","866","866","866"
"86799","0.11648181825876236","0.11648181825876236","0.11648181825876236","867","867","867"
"86899","0.12424886226654053","0.12424886226654053","0.12424886226654053","868","868","868"
"86999","0.12293130159378052","0.12293130159378052","0.12293130159378052","869","869","869"
"87099","0.12344961613416672","0.12344961613416672","0.12344961613416672","870","870","870"
"87199","0.12579669058322906","0.12579669058322906","0.12579669058322906","871","871","871"
"87299","0.1247502937912941","0.1247502937912941","0.1247502937912941","872","872","872"
"87399","0.12652526795864105","0.12652526795864105","0.12652526795864105","873","873","873"
"87499","0.1257709264755249","0.1257709264755249","0.1257709264755249","874","874","874"
"87599","0.1272919625043869","0.1272919625043869","0.1272919625043869","875","875","875"
"87699","0.1250956505537033","0.1250956505537033","0.1250956505537033","876","876","876"
"87799","0.12527111172676086","0.12527111172676086","0.12527111172676086","877","877","877"
"87899","0.12237650156021118","0.12237650156021118","0.12237650156021118","878","878","878"
"87999","0.12843021750450134","0.12843021750450134","0.12843021750450134","879","879","879"
"88099","0.1233203262090683","0.1233203262090683","0.1233203262090683","880","880","880"
"88199","0.1226615235209465","0.1226615235209465","0.1226615235209465","881","881","881"
"88299","0.11773170530796051","0.11773170530796051","0.11773170530796051","882","882","882"
"88399","0.11693736910820007","0.11693736910820007","0.11693736910820007","883","883","883"
"88499","0.12396711856126785","0.12396711856126785","0.12396711856126785","884","884","884"
"88599","0.12136061489582062","0.12136061489582062","0.12136061489582062","885","885","885"
"88699","0.12999150156974792","0.12999150156974792","0.12999150156974792","886","886","886"
"88799","0.1223253384232521","0.1223253384232521","0.1223253384232521","887","887","887"
"88899","0.11963709443807602","0.11963709443807602","0.11963709443807602","888","888","888"
"88999","0.1288657933473587","0.1288657933473587","0.1288657933473587","889","889","889"
"89099","0.12382040917873383","0.12382040917873383","0.12382040917873383","890","890","890"
"89199","0.12709999084472656","0.12709999084472656","0.12709999084472656","891","891","891"
"89299","0.12518124282360077","0.12518124282360077","0.12518124282360077","892","892","892"
"89399","0.11933425813913345","0.11933425813913345","0.11933425813913345","893","893","893"
"89499","0.1193259209394455","0.1193259209394455","0.1193259209394455","894","894","894"
"89599","0.12248656898736954","0.12248656898736954","0.12248656898736954","895","895","895"
"89699","0.12442216277122498","0.12442216277122498","0.12442216277122498","896","896","896"
"89799","0.12612541019916534","0.12612541019916534","0.12612541019916534","897","897","897"
"89899","0.1258324533700943","0.1258324533700943","0.1258324533700943","898","898","898"
"89999","0.12209567427635193","0.12209567427635193","0.12209567427635193","899","899","899"
"90099","0.12150603532791138","0.12150603532791138","0.12150603532791138","900","900","900"
"90199","0.12188876420259476","0.12188876420259476","0.12188876420259476","901","901","901"
"90299","0.12242254614830017","0.12242254614830017","0.12242254614830017","902","902","902"
"90399","0.1231883317232132","0.1231883317232132","0.1231883317232132","903","903","903"
"90499","0.11564979702234268","0.11564979702234268","0.11564979702234268","904","904","904"
"90599","0.11537525802850723","0.11537525802850723","0.11537525802850723","905","905","905"
"90699","0.11461972445249557","0.11461972445249557","0.11461972445249557","906","906","906"
"90799","0.12023775279521942","0.12023775279521942","0.12023775279521942","907","907","907"
"90899","0.12547039985656738","0.12547039985656738","0.12547039985656738","908","908","908"
"90999","0.11853069812059402","0.11853069812059402","0.11853069812059402","909","909","909"
"91099","0.1205730065703392","0.1205730065703392","0.1205730065703392","910","910","910"
"91199","0.12232606112957001","0.12232606112957001","0.12232606112957001","911","911","911"
"91299","0.12441001832485199","0.12441001832485199","0.12441001832485199","912","912","912"
"91399","0.12621191143989563","0.12621191143989563","0.12621191143989563","913","913","913"
"91499","0.12103990465402603","0.12103990465402603","0.12103990465402603","914","914","914"
"91599","0.12636829912662506","0.12636829912662506","0.12636829912662506","915","915","915"
"91699","0.12634214758872986","0.12634214758872986","0.12634214758872986","916","916","916"
"91799","0.12610800564289093","0.12610800564289093","0.12610800564289093","917","917","917"
"91899","0.12658901512622833","0.12658901512622833","0.12658901512622833","918","918","918"
"91999","0.11794111132621765","0.11794111132621765","0.11794111132621765","919","919","919"
"92099","0.12424977868795395","0.12424977868795395","0.12424977868795395","920","920","920"
"92199","0.12260270118713379","0.12260270118713379","0.12260270118713379","921","921","921"
"92299","0.12873496115207672","0.12873496115207672","0.12873496115207672","922","922","922"
"92399","0.12011201679706573","0.12011201679706573","0.12011201679706573","923","923","923"
"92499","0.12231896817684174","0.12231896817684174","0.12231896817684174","924","924","924"
"92599","0.1273435652256012","0.1273435652256012","0.1273435652256012","925","925","925"
"92699","0.12964318692684174","0.12964318692684174","0.12964318692684174","926","926","926"
"92799","0.1224236711859703","0.1224236711859703","0.1224236711859703","927","927","927"
"92899","0.12347874045372009","0.12347874045372009","0.12347874045372009","928","928","928"
"92999","0.12346678972244263","0.12346678972244263","0.12346678972244263","929","929","929"
"93099","0.12068181484937668","0.12068181484937668","0.12068181484937668","930","930","930"
"93199","0.12509392201900482","0.12509392201900482","0.12509392201900482","931","931","931"
"93299","0.12495330721139908","0.12495330721139908","0.12495330721139908","932","932","932"
"93399","0.12318021059036255","0.12318021059036255","0.12318021059036255","933","933","933"
"93499","0.12109383195638657","0.12109383195638657","0.12109383195638657","934","934","934"
"93599","0.11754346638917923","0.11754346638917923","0.11754346638917923","935","935","935"
"93699","0.11633001267910004","0.11633001267910004","0.11633001267910004","936","936","936"
"93799","0.11917133629322052","0.11917133629322052","0.11917133629322052","937","937","937"
"93899","0.12449692189693451","0.12449692189693451","0.12449692189693451","938","938","938"
"93999","0.12683743238449097","0.12683743238449097","0.12683743238449097","939","939","939"
"94099","0.11962684243917465","0.11962684243917465","0.11962684243917465","940","940","940"
"94199","0.11508987843990326","0.11508987843990326","0.11508987843990326","941","941","941"
"94299","0.12362372875213623","0.12362372875213623","0.12362372875213623","942","942","942"
"94399","0.12002328038215637","0.12002328038215637","0.12002328038215637","943","943","943"
"94499","0.12469940632581711","0.12469940632581711","0.12469940632581711","944","944","944"
"94599","0.12018526345491409","0.12018526345491409","0.12018526345491409","945","945","945"
"94699","0.12336818128824234","0.12336818128824234","0.12336818128824234","946","946","946"
"94799","0.1239233911037445","0.1239233911037445","0.1239233911037445","947","947","947"
"94899","0.11706307530403137","0.11706307530403137","0.11706307530403137","948","948","948"
"94999","0.12794268131256104","0.12794268131256104","0.12794268131256104","949","949","949"
"95099","0.1223658099770546","0.1223658099770546","0.1223658099770546","950","950","950"
"95199","0.11654887348413467","0.11654887348413467","0.11654887348413467","951","951","951"
"95299","0.11505154520273209","0.11505154520273209","0.11505154520273209","952","952","952"
"95399","0.1211291179060936","0.1211291179060936","0.1211291179060936","953","953","953"
"95499","0.11809249967336655","0.11809249967336655","0.11809249967336655","954","954","954"
"95599","0.12341248244047165","0.12341248244047165","0.12341248244047165","955","955","955"
"95699","0.1251838207244873","0.1251838207244873","0.1251838207244873","956","956","956"
"95799","0.1238664984703064","0.1238664984703064","0.1238664984703064","957","957","957"
"95899","0.12151074409484863","0.12151074409484863","0.12151074409484863","958","958","958"
"95999","0.12546038627624512","0.12546038627624512","0.12546038627624512","959","959","959"
"96099","0.12138976156711578","0.12138976156711578","0.12138976156711578","960","960","960"
"96199","0.11799413710832596","0.11799413710832596","0.11799413710832596","961","961","961"
"96299","0.11843226850032806","0.11843226850032806","0.11843226850032806","962","962","962"
"96399","0.11843466013669968","0.11843466013669968","0.11843466013669968","963","963","963"
"96499","0.11697029322385788","0.11697029322385788","0.11697029322385788","964","964","964"
"96599","0.12021226435899734","0.12021226435899734","0.12021226435899734","965","965","965"
"96699","0.11955961585044861","0.11955961585044861","0.11955961585044861","966","966","966"
"96799","0.1255582571029663","0.1255582571029663","0.1255582571029663","967","967","967"
"96899","0.1215367466211319","0.1215367466211319","0.1215367466211319","968","968","968"
"96999","0.11834927648305893","0.11834927648305893","0.11834927648305893","969","969","969"
"97099","0.11932545155286789","0.11932545155286789","0.11932545155286789","970","970","970"
"97199","0.12165583670139313","0.12165583670139313","0.12165583670139313","971","971","971"
"97299","0.12570948898792267","0.12570948898792267","0.12570948898792267","972","972","972"
"97399","0.12599438428878784","0.12599438428878784","0.12599438428878784","973","973","973"
"97499","0.12268955260515213","0.12268955260515213","0.12268955260515213","974","974","974"
"97599","0.12266119569540024","0.12266119569540024","0.12266119569540024","975","975","975"
"97699","0.1222221776843071","0.1222221776843071","0.1222221776843071","976","976","976"
"97799","0.12350108474493027","0.12350108474493027","0.12350108474493027","977","977","977"
"97899","0.12788982689380646","0.12788982689380646","0.12788982689380646","978","978","978"
"97999","0.11715061217546463","0.11715061217546463","0.11715061217546463","979","979","979"
"98099","0.12100999057292938","0.12100999057292938","0.12100999057292938","980","980","980"
"98199","0.12216406315565109","0.12216406315565109","0.12216406315565109","981","981","981"
"98299","0.11557181924581528","0.11557181924581528","0.11557181924581528","982","982","982"
"98399","0.12112593650817871","0.12112593650817871","0.12112593650817871","983","983","983"
"98499","0.12203875929117203","0.12203875929117203","0.12203875929117203","984","984","984"
"98599","0.12600594758987427","0.12600594758987427","0.12600594758987427","985","985","985"
"98699","0.1258964240550995","0.1258964240550995","0.1258964240550995","986","986","986"
"98799","0.11813502013683319","0.11813502013683319","0.11813502013683319","987","987","987"
"98899","0.1189117431640625","0.1189117431640625","0.1189117431640625","988","988","988"
"98999","0.12200067937374115","0.12200067937374115","0.12200067937374115","989","989","989"
"99099","0.12182961404323578","0.12182961404323578","0.12182961404323578","990","990","990"
"99199","0.1165246069431305","0.1165246069431305","0.1165246069431305","991","991","991"
"99299","0.12340707331895828","0.12340707331895828","0.12340707331895828","992","992","992"
"99399","0.12298184633255005","0.12298184633255005","0.12298184633255005","993","993","993"
"99499","0.1168222427368164","0.1168222427368164","0.1168222427368164","994","994","994"
"99599","0.11834009736776352","0.11834009736776352","0.11834009736776352","995","995","995"
"99699","0.12403678148984909","0.12403678148984909","0.12403678148984909","996","996","996"
"99799","0.12151774019002914","0.12151774019002914","0.12151774019002914","997","997","997"
"99899","0.12520557641983032","0.12520557641983032","0.12520557641983032","998","998","998"
"99999","0.12129484862089157","0.12129484862089157","0.12129484862089157","999","999","999"
"100099","0.12138283252716064","0.12138283252716064","0.12138283252716064","1000","1000","1000"
"100199","0.12212861329317093","0.12212861329317093","0.12212861329317093","1001","1001","1001"
"100299","0.12015661597251892","0.12015661597251892","0.12015661597251892","1002","1002","1002"
"100399","0.11731122434139252","0.11731122434139252","0.11731122434139252","1003","1003","1003"
"100499","0.11680028587579727","0.11680028587579727","0.11680028587579727","1004","1004","1004"
"100599","0.12130770087242126","0.12130770087242126","0.12130770087242126","1005","1005","1005"
"100699","0.1193087175488472","0.1193087175488472","0.1193087175488472","1006","1006","1006"
"100799","0.12343110889196396","0.12343110889196396","0.12343110889196396","1007","1007","1007"
"100899","0.12290982156991959","0.12290982156991959","0.12290982156991959","1008","1008","1008"
"100999","0.12493899464607239","0.12493899464607239","0.12493899464607239","1009","1009","1009"
"101099","0.11957350373268127","0.11957350373268127","0.11957350373268127","1010","1010","1010"
"101199","0.12257493287324905","0.12257493287324905","0.12257493287324905","1011","1011","1011"
"101299","0.13010746240615845","0.13010746240615845","0.13010746240615845","1012","1012","1012"
"101399","0.11708498001098633","0.11708498001098633","0.11708498001098633","1013","1013","1013"
"101499","0.11781497299671173","0.11781497299671173","0.11781497299671173","1014","1014","1014"
"101599","0.12280839681625366","0.12280839681625366","0.12280839681625366","1015","1015","1015"
"101699","0.1186210885643959","0.1186210885643959","0.1186210885643959","1016","1016","1016"
"101799","0.1336127668619156","0.1336127668619156","0.1336127668619156","1017","1017","1017"
"101899","0.1174607053399086","0.1174607053399086","0.1174607053399086","1018","1018","1018"
"101999","0.11882371455430984","0.11882371455430984","0.11882371455430984","1019","1019","1019"
"102099","0.121014803647995","0.121014803647995","0.121014803647995","1020","1020","1020"
"102199","0.123484306037426","0.123484306037426","0.123484306037426","1021","1021","1021"
"102299","0.12191198021173477","0.12191198021173477","0.12191198021173477","1022","1022","1022"
"102399","0.12526600062847137","0.12526600062847137","0.12526600062847137","1023","1023","1023"
"102499","0.11951091140508652","0.11951091140508652","0.11951091140508652","1024","1024","1024"
"102599","0.12160144746303558","0.12160144746303558","0.12160144746303558","1025","1025","1025"
"102699","0.12054562568664551","0.12054562568664551","0.12054562568664551","1026","1026","1026"
"102799","0.11910007148981094","0.11910007148981094","0.11910007148981094","1027","1027","1027"
"102899","0.11846740543842316","0.11846740543842316","0.11846740543842316","1028","1028","1028"
"102999","0.11189033091068268","0.11189033091068268","0.11189033091068268","1029","1029","1029"
"103099","0.1275409609079361","0.1275409609079361","0.1275409609079361","1030","1030","1030"
"103199","0.1203644722700119","0.1203644722700119","0.1203644722700119","1031","1031","1031"
"103299","0.12653568387031555","0.12653568387031555","0.12653568387031555","1032","1032","1032"
"103399","0.12755946815013885","0.12755946815013885","0.12755946815013885","1033","1033","1033"
"103499","0.12065933644771576","0.12065933644771576","0.12065933644771576","1034","1034","1034"
"103599","0.12212355434894562","0.12212355434894562","0.12212355434894562","1035","1035","1035"
"103699","0.11581356823444366","0.11581356823444366","0.11581356823444366","1036","1036","1036"
"103799","0.12341494858264923","0.12341494858264923","0.12341494858264923","1037","1037","1037"
"103899","0.11956721544265747","0.11956721544265747","0.11956721544265747","1038","1038","1038"
"103999","0.1255369335412979","0.1255369335412979","0.1255369335412979","1039","1039","1039"
"104099","0.12376265972852707","0.12376265972852707","0.12376265972852707","1040","1040","1040"
"104199","0.11738240718841553","0.11738240718841553","0.11738240718841553","1041","1041","1041"
"104299","0.12546131014823914","0.12546131014823914","0.12546131014823914","1042","1042","1042"
"104399","0.1208522617816925","0.1208522617816925","0.1208522617816925","1043","1043","1043"
"104499","0.11342485249042511","0.11342485249042511","0.11342485249042511","1044","1044","1044"
"104599","0.12354212999343872","0.12354212999343872","0.12354212999343872","1045","1045","1045"
"104699","0.1183469220995903","0.1183469220995903","0.1183469220995903","1046","1046","1046"
"104799","0.12582889199256897","0.12582889199256897","0.12582889199256897","1047","1047","1047"
"104899","0.11817673593759537","0.11817673593759537","0.11817673593759537","1048","1048","1048"
"104999","0.1166822612285614","0.1166822612285614","0.1166822612285614","1049","1049","1049"
"105099","0.12128031253814697","0.12128031253814697","0.12128031253814697","1050","1050","1050"
"105199","0.12566693127155304","0.12566693127155304","0.12566693127155304","1051","1051","1051"
"105299","0.11591024696826935","0.11591024696826935","0.11591024696826935","1052","1052","1052"
"105399","0.12572434544563293","0.12572434544563293","0.12572434544563293","1053","1053","1053"
"105499","0.12138429284095764","0.12138429284095764","0.12138429284095764","1054","1054","1054"
"105599","0.12452760338783264","0.12452760338783264","0.12452760338783264","1055","1055","1055"
"105699","0.11729257553815842","0.11729257553815842","0.11729257553815842","1056","1056","1056"
"105799","0.11428605765104294","0.11428605765104294","0.11428605765104294","1057","1057","1057"
"105899","0.11466103792190552","0.11466103792190552","0.11466103792190552","1058","1058","1058"
"105999","0.13337823748588562","0.13337823748588562","0.13337823748588562","1059","1059","1059"
"106099","0.11604957282543182","0.11604957282543182","0.11604957282543182","1060","1060","1060"
"106199","0.11749967932701111","0.11749967932701111","0.11749967932701111","1061","1061","1061"
"106299","0.1224149763584137","0.1224149763584137","0.1224149763584137","1062","1062","1062"
"106399","0.11560133844614029","0.11560133844614029","0.11560133844614029","1063","1063","1063"
"106499","0.1270248144865036","0.1270248144865036","0.1270248144865036","1064","1064","1064"
"106599","0.11700879782438278","0.11700879782438278","0.11700879782438278","1065","1065","1065"
"106699","0.12645943462848663","0.12645943462848663","0.12645943462848663","1066","1066","1066"
"106799","0.11921221762895584","0.11921221762895584","0.11921221762895584","1067","1067","1067"
"106899","0.11742432415485382","0.11742432415485382","0.11742432415485382","1068","1068","1068"
"106999","0.12134250998497009","0.12134250998497009","0.12134250998497009","1069","1069","1069"
"107099","0.12395448237657547","0.12395448237657547","0.12395448237657547","1070","1070","1070"
"107199","0.12552136182785034","0.12552136182785034","0.12552136182785034","1071","1071","1071"
"107299","0.12636320292949677","0.12636320292949677","0.12636320292949677","1072","1072","1072"
"107399","0.11868741363286972","0.11868741363286972","0.11868741363286972","1073","1073","1073"
"107499","0.11894188076257706","0.11894188076257706","0.11894188076257706","1074","1074","1074"
"107599","0.1203007847070694","0.1203007847070694","0.1203007847070694","1075","1075","1075"
"107699","0.1192312240600586","0.1192312240600586","0.1192312240600586","1076","1076","1076"
"107799","0.11714905500411987","0.11714905500411987","0.11714905500411987","1077","1077","1077"
"107899","0.12283170968294144","0.12283170968294144","0.12283170968294144","1078","1078","1078"
"107999","0.12210650742053986","0.12210650742053986","0.12210650742053986","1079","1079","1079"
"108099","0.11869391053915024","0.11869391053915024","0.11869391053915024","1080","1080","1080"
"108199","0.12178553640842438","0.12178553640842438","0.12178553640842438","1081","1081","1081"
"108299","0.11869478225708008","0.11869478225708008","0.11869478225708008","1082","1082","1082"
"108399","0.12039925903081894","0.12039925903081894","0.12039925903081894","1083","1083","1083"
"108499","0.11628181487321854","0.11628181487321854","0.11628181487321854","1084","1084","1084"
"108599","0.12112410366535187","0.12112410366535187","0.12112410366535187","1085","1085","1085"
"108699","0.1177404522895813","0.1177404522895813","0.1177404522895813","1086","1086","1086"
"108799","0.1235528364777565","0.1235528364777565","0.1235528364777565","1087","1087","1087"
"108899","0.12142513692378998","0.12142513692378998","0.12142513692378998","1088","1088","1088"
"108999","0.11888431757688522","0.11888431757688522","0.11888431757688522","1089","1089","1089"
"109099","0.11912908405065536","0.11912908405065536","0.11912908405065536","1090","1090","1090"
"109199","0.12433911114931107","0.12433911114931107","0.12433911114931107","1091","1091","1091"
"109299","0.12215860933065414","0.12215860933065414","0.12215860933065414","1092","1092","1092"
"109399","0.1206885427236557","0.1206885427236557","0.1206885427236557","1093","1093","1093"
"109499","0.12262289971113205","0.12262289971113205","0.12262289971113205","1094","1094","1094"
"109599","0.12580756843090057","0.12580756843090057","0.12580756843090057","1095","1095","1095"
"109699","0.11826008558273315","0.11826008558273315","0.11826008558273315","1096","1096","1096"
"109799","0.1162043884396553","0.1162043884396553","0.1162043884396553","1097","1097","1097"
"109899","0.1144094467163086","0.1144094467163086","0.1144094467163086","1098","1098","1098"
"109999","0.12461687624454498","0.12461687624454498","0.12461687624454498","1099","1099","1099"
"110099","0.1131807267665863","0.1131807267665863","0.1131807267665863","1100","1100","1100"
"110199","0.11879301071166992","0.11879301071166992","0.11879301071166992","1101","1101","1101"
"110299","0.12104340642690659","0.12104340642690659","0.12104340642690659","1102","1102","1102"
"110399","0.12246425449848175","0.12246425449848175","0.12246425449848175","1103","1103","1103"
"110499","0.11964917182922363","0.11964917182922363","0.11964917182922363","1104","1104","1104"
"110599","0.12283765524625778","0.12283765524625778","0.12283765524625778","1105","1105","1105"
"110699","0.12571942806243896","0.12571942806243896","0.12571942806243896","1106","1106","1106"
"110799","0.12061090767383575","0.12061090767383575","0.12061090767383575","1107","1107","1107"
"110899","0.11779798567295074","0.11779798567295074","0.11779798567295074","1108","1108","1108"
"110999","0.12121043354272842","0.12121043354272842","0.12121043354272842","1109","1109","1109"
"111099","0.11738810688257217","0.11738810688257217","0.11738810688257217","1110","1110","1110"
"111199","0.1141621544957161","0.1141621544957161","0.1141621544957161","1111","1111","1111"
"111299","0.12229539453983307","0.12229539453983307","0.12229539453983307","1112","1112","1112"
"111399","0.12053989619016647","0.12053989619016647","0.12053989619016647","1113","1113","1113"
"111499","0.1269202083349228","0.1269202083349228","0.1269202083349228","1114","1114","1114"
"111599","0.12137798219919205","0.12137798219919205","0.12137798219919205","1115","1115","1115"
"111699","0.1201755702495575","0.1201755702495575","0.1201755702495575","1116","1116","1116"
"111799","0.12390606850385666","0.12390606850385666","0.12390606850385666","1117","1117","1117"
"111899","0.11880823969841003","0.11880823969841003","0.11880823969841003","1118","1118","1118"
"111999","0.11778818815946579","0.11778818815946579","0.11778818815946579","1119","1119","1119"
"112099","0.12672582268714905","0.12672582268714905","0.12672582268714905","1120","1120","1120"
"112199","0.11369040608406067","0.11369040608406067","0.11369040608406067","1121","1121","1121"
"112299","0.12172935158014297","0.12172935158014297","0.12172935158014297","1122","1122","1122"
"112399","0.11838916689157486","0.11838916689157486","0.11838916689157486","1123","1123","1123"
"112499","0.12115690112113953","0.12115690112113953","0.12115690112113953","1124","1124","1124"
"112599","0.12136239558458328","0.12136239558458328","0.12136239558458328","1125","1125","1125"
"112699","0.12370762228965759","0.12370762228965759","0.12370762228965759","1126","1126","1126"
"112799","0.11607103794813156","0.11607103794813156","0.11607103794813156","1127","1127","1127"
"112899","0.11769977957010269","0.11769977957010269","0.11769977957010269","1128","1128","1128"
"112999","0.11907004565000534","0.11907004565000534","0.11907004565000534","1129","1129","1129"
"113099","0.12116134911775589","0.12116134911775589","0.12116134911775589","1130","1130","1130"
"113199","0.12010212242603302","0.12010212242603302","0.12010212242603302","1131","1131","1131"
"113299","0.12393586337566376","0.12393586337566376","0.12393586337566376","1132","1132","1132"
"113399","0.12414747476577759","0.12414747476577759","0.12414747476577759","1133","1133","1133"
"113499","0.11502198129892349","0.11502198129892349","0.11502198129892349","1134","1134","1134"
"113599","0.11885499954223633","0.11885499954223633","0.11885499954223633","1135","1135","1135"
"113699","0.11560840904712677","0.11560840904712677","0.11560840904712677","1136","1136","1136"
"113799","0.12530314922332764","0.12530314922332764","0.12530314922332764","1137","1137","1137"
"113899","0.12215004861354828","0.12215004861354828","0.12215004861354828","1138","1138","1138"
"113999","0.12987898290157318","0.12987898290157318","0.12987898290157318","1139","1139","1139"
"114099","0.1180730015039444","0.1180730015039444","0.1180730015039444","1140","1140","1140"
"114199","0.11707697063684464","0.11707697063684464","0.11707697063684464","1141","1141","1141"
"114299","0.12039299309253693","0.12039299309253693","0.12039299309253693","1142","1142","1142"
"114399","0.11248078942298889","0.11248078942298889","0.11248078942298889","1143","1143","1143"
"114499","0.12303872406482697","0.12303872406482697","0.12303872406482697","1144","1144","1144"
"114599","0.11690682917833328","0.11690682917833328","0.11690682917833328","1145","1145","1145"
"114699","0.12474130839109421","0.12474130839109421","0.12474130839109421","1146","1146","1146"
"114799","0.11711683869361877","0.11711683869361877","0.11711683869361877","1147","1147","1147"
"114899","0.11823492497205734","0.11823492497205734","0.11823492497205734","1148","1148","1148"
"114999","0.11776610463857651","0.11776610463857651","0.11776610463857651","1149","1149","1149"
"115099","0.12076125293970108","0.12076125293970108","0.12076125293970108","1150","1150","1150"
"115199","0.12498936057090759","0.12498936057090759","0.12498936057090759","1151","1151","1151"
"115299","0.126370370388031","0.126370370388031","0.126370370388031","1152","1152","1152"
"115399","0.12443088740110397","0.12443088740110397","0.12443088740110397","1153","1153","1153"
"115499","0.12268036603927612","0.12268036603927612","0.12268036603927612","1154","1154","1154"
"115599","0.12243200838565826","0.12243200838565826","0.12243200838565826","1155","1155","1155"
"115699","0.11944373697042465","0.11944373697042465","0.11944373697042465","1156","1156","1156"
"115799","0.1182275339961052","0.1182275339961052","0.1182275339961052","1157","1157","1157"
"115899","0.1154768168926239","0.1154768168926239","0.1154768168926239","1158","1158","1158"
"115999","0.11668688803911209","0.11668688803911209","0.11668688803911209","1159","1159","1159"
"116099","0.12023109197616577","0.12023109197616577","0.12023109197616577","1160","1160","1160"
"116199","0.12258686870336533","0.12258686870336533","0.12258686870336533","1161","1161","1161"
"116299","0.12078113853931427","0.12078113853931427","0.12078113853931427","1162","1162","1162"
"116399","0.12256745249032974","0.12256745249032974","0.12256745249032974","1163","1163","1163"
"116499","0.12057159096002579","0.12057159096002579","0.12057159096002579","1164","1164","1164"
"116599","0.1251867711544037","0.1251867711544037","0.1251867711544037","1165","1165","1165"
"116699","0.12066007405519485","0.12066007405519485","0.12066007405519485","1166","1166","1166"
"116799","0.11758320033550262","0.11758320033550262","0.11758320033550262","1167","1167","1167"
"116899","0.11914214491844177","0.11914214491844177","0.11914214491844177","1168","1168","1168"
"116999","0.11476050317287445","0.11476050317287445","0.11476050317287445","1169","1169","1169"
"117099","0.12488336861133575","0.12488336861133575","0.12488336861133575","1170","1170","1170"
"117199","0.12761695683002472","0.12761695683002472","0.12761695683002472","1171","1171","1171"
"117299","0.1248839721083641","0.1248839721083641","0.1248839721083641","1172","1172","1172"
"117399","0.12598095834255219","0.12598095834255219","0.12598095834255219","1173","1173","1173"
"117499","0.11700544506311417","0.11700544506311417","0.11700544506311417","1174","1174","1174"
"117599","0.12070707231760025","0.12070707231760025","0.12070707231760025","1175","1175","1175"
"117699","0.1202741265296936","0.1202741265296936","0.1202741265296936","1176","1176","1176"
"117799","0.11695773154497147","0.11695773154497147","0.11695773154497147","1177","1177","1177"
"117899","0.1195572093129158","0.1195572093129158","0.1195572093129158","1178","1178","1178"
"117999","0.11769891530275345","0.11769891530275345","0.11769891530275345","1179","1179","1179"
"118099","0.11344223469495773","0.11344223469495773","0.11344223469495773","1180","1180","1180"
"118199","0.11785183101892471","0.11785183101892471","0.11785183101892471","1181","1181","1181"
"118299","0.12486209720373154","0.12486209720373154","0.12486209720373154","1182","1182","1182"
"118399","0.11869484931230545","0.11869484931230545","0.11869484931230545","1183","1183","1183"
"118499","0.11759091168642044","0.11759091168642044","0.11759091168642044","1184","1184","1184"
"118599","0.12292344868183136","0.12292344868183136","0.12292344868183136","1185","1185","1185"
"118699","0.11580491065979004","0.11580491065979004","0.11580491065979004","1186","1186","1186"
"118799","0.11469396948814392","0.11469396948814392","0.11469396948814392","1187","1187","1187"
"118899","0.12114206701517105","0.12114206701517105","0.12114206701517105","1188","1188","1188"
"118999","0.1261858493089676","0.1261858493089676","0.1261858493089676","1189","1189","1189"
"119099","0.11825065314769745","0.11825065314769745","0.11825065314769745","1190","1190","1190"
"119199","0.12184229493141174","0.12184229493141174","0.12184229493141174","1191","1191","1191"
"119299","0.11904792487621307","0.11904792487621307","0.11904792487621307","1192","1192","1192"
"119399","0.1214500367641449","0.1214500367641449","0.1214500367641449","1193","1193","1193"
"119499","0.12119454890489578","0.12119454890489578","0.12119454890489578","1194","1194","1194"
"119599","0.12140119820833206","0.12140119820833206","0.12140119820833206","1195","1195","1195"
"119699","0.11168763786554337","0.11168763786554337","0.11168763786554337","1196","1196","1196"
"119799","0.12184999138116837","0.12184999138116837","0.12184999138116837","1197","1197","1197"
"119899","0.11354590207338333","0.11354590207338333","0.11354590207338333","1198","1198","1198"
"119999","0.12370046228170395","0.12370046228170395","0.12370046228170395","1199","1199","1199"
"120099","0.120030477643013","0.120030477643013","0.120030477643013","1200","1200","1200"
"120199","0.12452626973390579","0.12452626973390579","0.12452626973390579","1201","1201","1201"
"120299","0.11730631440877914","0.11730631440877914","0.11730631440877914","1202","1202","1202"
"120399","0.12493277341127396","0.12493277341127396","0.12493277341127396","1203","1203","1203"
"120499","0.11708391457796097","0.11708391457796097","0.11708391457796097","1204","1204","1204"
"120599","0.12049273401498795","0.12049273401498795","0.12049273401498795","1205","1205","1205"
"120699","0.11379346996545792","0.11379346996545792","0.11379346996545792","1206","1206","1206"
"120799","0.1242188885807991","0.1242188885807991","0.1242188885807991","1207","1207","1207"
"120899","0.11750566214323044","0.11750566214323044","0.11750566214323044","1208","1208","1208"
"120999","0.12137153744697571","0.12137153744697571","0.12137153744697571","1209","1209","1209"
"121099","0.11456979811191559","0.11456979811191559","0.11456979811191559","1210","1210","1210"
"121199","0.11818939447402954","0.11818939447402954","0.11818939447402954","1211","1211","1211"
"121299","0.12672032415866852","0.12672032415866852","0.12672032415866852","1212","1212","1212"
"121399","0.11285199224948883","0.11285199224948883","0.11285199224948883","1213","1213","1213"
"121499","0.11816170811653137","0.11816170811653137","0.11816170811653137","1214","1214","1214"
"121599","0.11823390424251556","0.11823390424251556","0.11823390424251556","1215","1215","1215"
"121699","0.12764373421669006","0.12764373421669006","0.12764373421669006","1216","1216","1216"
"121799","0.11645586788654327","0.11645586788654327","0.11645586788654327","1217","1217","1217"
"121899","0.11614669114351273","0.11614669114351273","0.11614669114351273","1218","1218","1218"
"121999","0.11810160428285599","0.11810160428285599","0.11810160428285599","1219","1219","1219"
"122099","0.11791948229074478","0.11791948229074478","0.11791948229074478","1220","1220","1220"
"122199","0.1263647824525833","0.1263647824525833","0.1263647824525833","1221","1221","1221"
"122299","0.11858119070529938","0.11858119070529938","0.11858119070529938","1222","1222","1222"
"122399","0.11896192282438278","0.11896192282438278","0.11896192282438278","1223","1223","1223"
"122499","0.11860979348421097","0.11860979348421097","0.11860979348421097","1224","1224","1224"
"122599","0.12515753507614136","0.12515753507614136","0.12515753507614136","1225","1225","1225"
"122699","0.12352151423692703","0.12352151423692703","0.12352151423692703","1226","1226","1226"
"122799","0.11783208698034286","0.11783208698034286","0.11783208698034286","1227","1227","1227"
"122899","0.12268117070198059","0.12268117070198059","0.12268117070198059","1228","1228","1228"
"122999","0.1254439651966095","0.1254439651966095","0.1254439651966095","1229","1229","1229"
"123099","0.12147849053144455","0.12147849053144455","0.12147849053144455","1230","1230","1230"
"123199","0.12203093618154526","0.12203093618154526","0.12203093618154526","1231","1231","1231"
"123299","0.112320177257061","0.112320177257061","0.112320177257061","1232","1232","1232"
"123399","0.12050136178731918","0.12050136178731918","0.12050136178731918","1233","1233","1233"
"123499","0.12345142662525177","0.12345142662525177","0.12345142662525177","1234","1234","1234"
"123599","0.1269618272781372","0.1269618272781372","0.1269618272781372","1235","1235","1235"
"123699","0.11891105771064758","0.11891105771064758","0.11891105771064758","1236","1236","1236"
"123799","0.12706704437732697","0.12706704437732697","0.12706704437732697","1237","1237","1237"
"123899","0.12331095337867737","0.12331095337867737","0.12331095337867737","1238","1238","1238"
"123999","0.11836346238851547","0.11836346238851547","0.11836346238851547","1239","1239","1239"
"124099","0.11457331478595734","0.11457331478595734","0.11457331478595734","1240","1240","1240"
"124199","0.1143931895494461","0.1143931895494461","0.1143931895494461","1241","1241","1241"
"124299","0.12149687856435776","0.12149687856435776","0.12149687856435776","1242","1242","1242"
"124399","0.11560443788766861","0.11560443788766861","0.11560443788766861","1243","1243","1243"
"124499","0.12800411880016327","0.12800411880016327","0.12800411880016327","1244","1244","1244"
"124599","0.1170991063117981","0.1170991063117981","0.1170991063117981","1245","1245","1245"
"124699","0.11546017974615097","0.11546017974615097","0.11546017974615097","1246","1246","1246"
"124799","0.1195688247680664","0.1195688247680664","0.1195688247680664","1247","1247","1247"
"124899","0.11876063048839569","0.11876063048839569","0.11876063048839569","1248","1248","1248"
"124999","0.11732432246208191","0.11732432246208191","0.11732432246208191","1249","1249","1249"
"125099","0.11734461039304733","0.11734461039304733","0.11734461039304733","1250","1250","1250"
"125199","0.11942816525697708","0.11942816525697708","0.11942816525697708","1251","1251","1251"
"125299","0.12503372132778168","0.12503372132778168","0.12503372132778168","1252","1252","1252"
"125399","0.11786219477653503","0.11786219477653503","0.11786219477653503","1253","1253","1253"
"125499","0.11960434913635254","0.11960434913635254","0.11960434913635254","1254","1254","1254"
"125599","0.12046655267477036","0.12046655267477036","0.12046655267477036","1255","1255","1255"
"125699","0.11821667850017548","0.11821667850017548","0.11821667850017548","1256","1256","1256"
"125799","0.11485958099365234","0.11485958099365234","0.11485958099365234","1257","1257","1257"
"125899","0.11835242062807083","0.11835242062807083","0.11835242062807083","1258","1258","1258"
"125999","0.12531404197216034","0.12531404197216034","0.12531404197216034","1259","1259","1259"
"126099","0.1180218830704689","0.1180218830704689","0.1180218830704689","1260","1260","1260"
"126199","0.1177017018198967","0.1177017018198967","0.1177017018198967","1261","1261","1261"
"126299","0.12298862636089325","0.12298862636089325","0.12298862636089325","1262","1262","1262"
"126399","0.11855679750442505","0.11855679750442505","0.11855679750442505","1263","1263","1263"
"126499","0.12195415049791336","0.12195415049791336","0.12195415049791336","1264","1264","1264"
"126599","0.11358396708965302","0.11358396708965302","0.11358396708965302","1265","1265","1265"
"126699","0.12170876562595367","0.12170876562595367","0.12170876562595367","1266","1266","1266"
"126799","0.12090156227350235","0.12090156227350235","0.12090156227350235","1267","1267","1267"
"126899","0.12081028521060944","0.12081028521060944","0.12081028521060944","1268","1268","1268"
"126999","0.11818897724151611","0.11818897724151611","0.11818897724151611","1269","1269","1269"
"127099","0.12383931875228882","0.12383931875228882","0.12383931875228882","1270","1270","1270"
"127199","0.12571293115615845","0.12571293115615845","0.12571293115615845","1271","1271","1271"
"127299","0.12183046340942383","0.12183046340942383","0.12183046340942383","1272","1272","1272"
"127399","0.11586298048496246","0.11586298048496246","0.11586298048496246","1273","1273","1273"
"127499","0.12640580534934998","0.12640580534934998","0.12640580534934998","1274","1274","1274"
"127599","0.12126408517360687","0.12126408517360687","0.12126408517360687","1275","1275","1275"
"127699","0.12256892770528793","0.12256892770528793","0.12256892770528793","1276","1276","1276"
"127799","0.11906822770833969","0.11906822770833969","0.11906822770833969","1277","1277","1277"
"127899","0.12005224078893661","0.12005224078893661","0.12005224078893661","1278","1278","1278"
"127999","0.12133775651454926","0.12133775651454926","0.12133775651454926","1279","1279","1279"
"128099","0.11945472657680511","0.11945472657680511","0.11945472657680511","1280","1280","1280"
"128199","0.12380751967430115","0.12380751967430115","0.12380751967430115","1281","1281","1281"
"128299","0.1256997436285019","0.1256997436285019","0.1256997436285019","1282","1282","1282"
"128399","0.12459102272987366","0.12459102272987366","0.12459102272987366","1283","1283","1283"
"128499","0.12110727280378342","0.12110727280378342","0.12110727280378342","1284","1284","1284"
"128599","0.11839330196380615","0.11839330196380615","0.11839330196380615","1285","1285","1285"
"128699","0.1209985613822937","0.1209985613822937","0.1209985613822937","1286","1286","1286"
"128799","0.11711429804563522","0.11711429804563522","0.11711429804563522","1287","1287","1287"
"128899","0.11439909040927887","0.11439909040927887","0.11439909040927887","1288","1288","1288"
"128999","0.12049458175897598","0.12049458175897598","0.12049458175897598","1289","1289","1289"
"129099","0.1268872767686844","0.1268872767686844","0.1268872767686844","1290","1290","1290"
"129199","0.12223587930202484","0.12223587930202484","0.12223587930202484","1291","1291","1291"
"129299","0.12202523648738861","0.12202523648738861","0.12202523648738861","1292","1292","1292"
"129399","0.12508085370063782","0.12508085370063782","0.12508085370063782","1293","1293","1293"
"129499","0.12429731339216232","0.12429731339216232","0.12429731339216232","1294","1294","1294"
"129599","0.12222070246934891","0.12222070246934891","0.12222070246934891","1295","1295","1295"
"129699","0.12151004374027252","0.12151004374027252","0.12151004374027252","1296","1296","1296"
"129799","0.12021631747484207","0.12021631747484207","0.12021631747484207","1297","1297","1297"
"129899","0.12070435285568237","0.12070435285568237","0.12070435285568237","1298","1298","1298"
"129999","0.11968925595283508","0.11968925595283508","0.11968925595283508","1299","1299","1299"
"130099","0.11612708121538162","0.11612708121538162","0.11612708121538162","1300","1300","1300"
"130199","0.11677621304988861","0.11677621304988861","0.11677621304988861","1301","1301","1301"
"130299","0.11710133403539658","0.11710133403539658","0.11710133403539658","1302","1302","1302"
"130399","0.11604627966880798","0.11604627966880798","0.11604627966880798","1303","1303","1303"
"130499","0.11455851048231125","0.11455851048231125","0.11455851048231125","1304","1304","1304"
"130599","0.11345910280942917","0.11345910280942917","0.11345910280942917","1305","1305","1305"
"130699","0.11593257635831833","0.11593257635831833","0.11593257635831833","1306","1306","1306"
"130799","0.11474134773015976","0.11474134773015976","0.11474134773015976","1307","1307","1307"
"130899","0.12311220169067383","0.12311220169067383","0.12311220169067383","1308","1308","1308"
"130999","0.12408566474914551","0.12408566474914551","0.12408566474914551","1309","1309","1309"
"131099","0.12019575387239456","0.12019575387239456","0.12019575387239456","1310","1310","1310"
"131199","0.11969360709190369","0.11969360709190369","0.11969360709190369","1311","1311","1311"
"131299","0.12170659005641937","0.12170659005641937","0.12170659005641937","1312","1312","1312"
"131399","0.1187550500035286","0.1187550500035286","0.1187550500035286","1313","1313","1313"
"131499","0.12404680252075195","0.12404680252075195","0.12404680252075195","1314","1314","1314"
"131599","0.12555959820747375","0.12555959820747375","0.12555959820747375","1315","1315","1315"
"131699","0.11677608639001846","0.11677608639001846","0.11677608639001846","1316","1316","1316"
"131799","0.12052059173583984","0.12052059173583984","0.12052059173583984","1317","1317","1317"
"131899","0.11609701812267303","0.11609701812267303","0.11609701812267303","1318","1318","1318"
"131999","0.1199299767613411","0.1199299767613411","0.1199299767613411","1319","1319","1319"
"132099","0.11343635618686676","0.11343635618686676","0.11343635618686676","1320","1320","1320"
"132199","0.12257013469934464","0.12257013469934464","0.12257013469934464","1321","1321","1321"
"132299","0.11816348880529404","0.11816348880529404","0.11816348880529404","1322","1322","1322"
"132399","0.12617850303649902","0.12617850303649902","0.12617850303649902","1323","1323","1323"
"132499","0.11612000316381454","0.11612000316381454","0.11612000316381454","1324","1324","1324"
"132599","0.12004740536212921","0.12004740536212921","0.12004740536212921","1325","1325","1325"
"132699","0.12036985903978348","0.12036985903978348","0.12036985903978348","1326","1326","1326"
"132799","0.12323996424674988","0.12323996424674988","0.12323996424674988","1327","1327","1327"
"132899","0.1183733344078064","0.1183733344078064","0.1183733344078064","1328","1328","1328"
"132999","0.12002433836460114","0.12002433836460114","0.12002433836460114","1329","1329","1329"
"133099","0.11665613949298859","0.11665613949298859","0.11665613949298859","1330","1330","1330"
"133199","0.11870196461677551","0.11870196461677551","0.11870196461677551","1331","1331","1331"
"133299","0.11960776895284653","0.11960776895284653","0.11960776895284653","1332","1332","1332"
"133399","0.12292180955410004","0.12292180955410004","0.12292180955410004","1333","1333","1333"
"133499","0.11408507078886032","0.11408507078886032","0.11408507078886032","1334","1334","1334"
"133599","0.11706976592540741","0.11706976592540741","0.11706976592540741","1335","1335","1335"
"133699","0.11530685424804688","0.11530685424804688","0.11530685424804688","1336","1336","1336"
"133799","0.11868379265069962","0.11868379265069962","0.11868379265069962","1337","1337","1337"
"133899","0.12397968769073486","0.12397968769073486","0.12397968769073486","1338","1338","1338"
"133999","0.12262564152479172","0.12262564152479172","0.12262564152479172","1339","1339","1339"
"134099","0.12606437504291534","0.12606437504291534","0.12606437504291534","1340","1340","1340"
"134199","0.11804598569869995","0.11804598569869995","0.11804598569869995","1341","1341","1341"
"134299","0.11554939299821854","0.11554939299821854","0.11554939299821854","1342","1342","1342"
"134399","0.11771819740533829","0.11771819740533829","0.11771819740533829","1343","1343","1343"
"134499","0.12226226180791855","0.12226226180791855","0.12226226180791855","1344","1344","1344"
"134599","0.11840102821588516","0.11840102821588516","0.11840102821588516","1345","1345","1345"
"134699","0.1152334213256836","0.1152334213256836","0.1152334213256836","1346","1346","1346"
"134799","0.11855853348970413","0.11855853348970413","0.11855853348970413","1347","1347","1347"
"134899","0.11197718232870102","0.11197718232870102","0.11197718232870102","1348","1348","1348"
"134999","0.12529943883419037","0.12529943883419037","0.12529943883419037","1349","1349","1349"
"135099","0.11948058754205704","0.11948058754205704","0.11948058754205704","1350","1350","1350"
"135199","0.11884121596813202","0.11884121596813202","0.11884121596813202","1351","1351","1351"
"135299","0.12035927921533585","0.12035927921533585","0.12035927921533585","1352","1352","1352"
"135399","0.12340594828128815","0.12340594828128815","0.12340594828128815","1353","1353","1353"
"135499","0.12373551726341248","0.12373551726341248","0.12373551726341248","1354","1354","1354"
"135599","0.11625365167856216","0.11625365167856216","0.11625365167856216","1355","1355","1355"
"135699","0.12534520030021667","0.12534520030021667","0.12534520030021667","1356","1356","1356"
"135799","0.11779861897230148","0.11779861897230148","0.11779861897230148","1357","1357","1357"
"135899","0.12234508246183395","0.12234508246183395","0.12234508246183395","1358","1358","1358"
"135999","0.12098664045333862","0.12098664045333862","0.12098664045333862","1359","1359","1359"
"136099","0.11885638535022736","0.11885638535022736","0.11885638535022736","1360","1360","1360"
"136199","0.1200442835688591","0.1200442835688591","0.1200442835688591","1361","1361","1361"
"136299","0.12063981592655182","0.12063981592655182","0.12063981592655182","1362","1362","1362"
"136399","0.12130113691091537","0.12130113691091537","0.12130113691091537","1363","1363","1363"
"136499","0.11774247884750366","0.11774247884750366","0.11774247884750366","1364","1364","1364"
"136599","0.11590510606765747","0.11590510606765747","0.11590510606765747","1365","1365","1365"
"136699","0.1188405379652977","0.1188405379652977","0.1188405379652977","1366","1366","1366"
"136799","0.1224537119269371","0.1224537119269371","0.1224537119269371","1367","1367","1367"
"136899","0.11885401606559753","0.11885401606559753","0.11885401606559753","1368","1368","1368"
"136999","0.11945255845785141","0.11945255845785141","0.11945255845785141","1369","1369","1369"
"137099","0.12039034068584442","0.12039034068584442","0.12039034068584442","1370","1370","1370"
"137199","0.11888725310564041","0.11888725310564041","0.11888725310564041","1371","1371","1371"
"137299","0.11256520450115204","0.11256520450115204","0.11256520450115204","1372","1372","1372"
"137399","0.11730313301086426","0.11730313301086426","0.11730313301086426","1373","1373","1373"
"137499","0.11721798777580261","0.11721798777580261","0.11721798777580261","1374","1374","1374"
"137599","0.12276026606559753","0.12276026606559753","0.12276026606559753","1375","1375","1375"
"137699","0.12555766105651855","0.12555766105651855","0.12555766105651855","1376","1376","1376"
"137799","0.11972715705633163","0.11972715705633163","0.11972715705633163","1377","1377","1377"
"137899","0.12047109007835388","0.12047109007835388","0.12047109007835388","1378","1378","1378"
"137999","0.12085234373807907","0.12085234373807907","0.12085234373807907","1379","1379","1379"
"138099","0.12270936369895935","0.12270936369895935","0.12270936369895935","1380","1380","1380"
"138199","0.12091021984815598","0.12091021984815598","0.12091021984815598","1381","1381","1381"
"138299","0.12104422599077225","0.12104422599077225","0.12104422599077225","1382","1382","1382"
"138399","0.11823934316635132","0.11823934316635132","0.11823934316635132","1383","1383","1383"
"138499","0.11977610737085342","0.11977610737085342","0.11977610737085342","1384","1384","1384"
"138599","0.1196189820766449","0.1196189820766449","0.1196189820766449","1385","1385","1385"
"138699","0.11592661589384079","0.11592661589384079","0.11592661589384079","1386","1386","1386"
"138799","0.11632108688354492","0.11632108688354492","0.11632108688354492","1387","1387","1387"
"138899","0.12520848214626312","0.12520848214626312","0.12520848214626312","1388","1388","1388"
"138999","0.11858894675970078","0.11858894675970078","0.11858894675970078","1389","1389","1389"
"139099","0.12459565699100494","0.12459565699100494","0.12459565699100494","1390","1390","1390"
"139199","0.11567234247922897","0.11567234247922897","0.11567234247922897","1391","1391","1391"
"139299","0.11076591163873672","0.11076591163873672","0.11076591163873672","1392","1392","1392"
"139399","0.11477266997098923","0.11477266997098923","0.11477266997098923","1393","1393","1393"
"139499","0.11489922553300858","0.11489922553300858","0.11489922553300858","1394","1394","1394"
"139599","0.11676348000764847","0.11676348000764847","0.11676348000764847","1395","1395","1395"
"139699","0.12065170705318451","0.12065170705318451","0.12065170705318451","1396","1396","1396"
"139799","0.1244550570845604","0.1244550570845604","0.1244550570845604","1397","1397","1397"
"139899","0.1217116191983223","0.1217116191983223","0.1217116191983223","1398","1398","1398"
"139999","0.11967027932405472","0.11967027932405472","0.11967027932405472","1399","1399","1399"
"140099","0.11664655059576035","0.11664655059576035","0.11664655059576035","1400","1400","1400"
"140199","0.12510015070438385","0.12510015070438385","0.12510015070438385","1401","1401","1401"
"140299","0.1145394966006279","0.1145394966006279","0.1145394966006279","1402","1402","1402"
"140399","0.12076149135828018","0.12076149135828018","0.12076149135828018","1403","1403","1403"
"140499","0.11948666721582413","0.11948666721582413","0.11948666721582413","1404","1404","1404"
"140599","0.11896377801895142","0.11896377801895142","0.11896377801895142","1405","1405","1405"
"140699","0.11716901510953903","0.11716901510953903","0.11716901510953903","1406","1406","1406"
"140799","0.12428917735815048","0.12428917735815048","0.12428917735815048","1407","1407","1407"
"140899","0.1128767654299736","0.1128767654299736","0.1128767654299736","1408","1408","1408"
"140999","0.11943740397691727","0.11943740397691727","0.11943740397691727","1409","1409","1409"
"141099","0.11509384959936142","0.11509384959936142","0.11509384959936142","1410","1410","1410"
"141199","0.11514595150947571","0.11514595150947571","0.11514595150947571","1411","1411","1411"
"141299","0.1209203377366066","0.1209203377366066","0.1209203377366066","1412","1412","1412"
"141399","0.1219058558344841","0.1219058558344841","0.1219058558344841","1413","1413","1413"
"141499","0.11183540523052216","0.11183540523052216","0.11183540523052216","1414","1414","1414"
"141599","0.11832220107316971","0.11832220107316971","0.11832220107316971","1415","1415","1415"
"141699","0.11583469063043594","0.11583469063043594","0.11583469063043594","1416","1416","1416"
"141799","0.11968020349740982","0.11968020349740982","0.11968020349740982","1417","1417","1417"
"141899","0.11476285755634308","0.11476285755634308","0.11476285755634308","1418","1418","1418"
"141999","0.12348315864801407","0.12348315864801407","0.12348315864801407","1419","1419","1419"
"142099","0.11628750711679459","0.11628750711679459","0.11628750711679459","1420","1420","1420"
"142199","0.11992380023002625","0.11992380023002625","0.11992380023002625","1421","1421","1421"
"142299","0.11920509487390518","0.11920509487390518","0.11920509487390518","1422","1422","1422"
"142399","0.1230110228061676","0.1230110228061676","0.1230110228061676","1423","1423","1423"
"142499","0.11722131073474884","0.11722131073474884","0.11722131073474884","1424","1424","1424"
"142599","0.11996160447597504","0.11996160447597504","0.11996160447597504","1425","1425","1425"
"142699","0.1128179207444191","0.1128179207444191","0.1128179207444191","1426","1426","1426"
"142799","0.12702932953834534","0.12702932953834534","0.12702932953834534","1427","1427","1427"
"142899","0.12396503984928131","0.12396503984928131","0.12396503984928131","1428","1428","1428"
"142999","0.12337666004896164","0.12337666004896164","0.12337666004896164","1429","1429","1429"
"143099","0.1248401403427124","0.1248401403427124","0.1248401403427124","1430","1430","1430"
"143199","0.11256193369626999","0.11256193369626999","0.11256193369626999","1431","1431","1431"
"143299","0.11897523701190948","0.11897523701190948","0.11897523701190948","1432","1432","1432"
"143399","0.11798355728387833","0.11798355728387833","0.11798355728387833","1433","1433","1433"
"143499","0.11854399740695953","0.11854399740695953","0.11854399740695953","1434","1434","1434"
"143599","0.12140484899282455","0.12140484899282455","0.12140484899282455","1435","1435","1435"
"143699","0.11662793904542923","0.11662793904542923","0.11662793904542923","1436","1436","1436"
"143799","0.11700146645307541","0.11700146645307541","0.11700146645307541","1437","1437","1437"
"143899","0.11790099740028381","0.11790099740028381","0.11790099740028381","1438","1438","1438"
"143999","0.11547450721263885","0.11547450721263885","0.11547450721263885","1439","1439","1439"
"144099","0.12151943892240524","0.12151943892240524","0.12151943892240524","1440","1440","1440"
"144199","0.11818500608205795","0.11818500608205795","0.11818500608205795","1441","1441","1441"
"144299","0.12125210464000702","0.12125210464000702","0.12125210464000702","1442","1442","1442"
"144399","0.12264836579561234","0.12264836579561234","0.12264836579561234","1443","1443","1443"
"144499","0.11639076471328735","0.11639076471328735","0.11639076471328735","1444","1444","1444"
"144599","0.1114061176776886","0.1114061176776886","0.1114061176776886","1445","1445","1445"
"144699","0.11699498444795609","0.11699498444795609","0.11699498444795609","1446","1446","1446"
"144799","0.11910554021596909","0.11910554021596909","0.11910554021596909","1447","1447","1447"
"144899","0.12293075025081635","0.12293075025081635","0.12293075025081635","1448","1448","1448"
"144999","0.12151716649532318","0.12151716649532318","0.12151716649532318","1449","1449","1449"
"145099","0.12250269949436188","0.12250269949436188","0.12250269949436188","1450","1450","1450"
"145199","0.11983797699213028","0.11983797699213028","0.11983797699213028","1451","1451","1451"
"145299","0.11950430274009705","0.11950430274009705","0.11950430274009705","1452","1452","1452"
"145399","0.12054657936096191","0.12054657936096191","0.12054657936096191","1453","1453","1453"
"145499","0.12505441904067993","0.12505441904067993","0.12505441904067993","1454","1454","1454"
"145599","0.12215980142354965","0.12215980142354965","0.12215980142354965","1455","1455","1455"
"145699","0.1180824339389801","0.1180824339389801","0.1180824339389801","1456","1456","1456"
"145799","0.107467420399189","0.107467420399189","0.107467420399189","1457","1457","1457"
"145899","0.11255886405706406","0.11255886405706406","0.11255886405706406","1458","1458","1458"
"145999","0.11558549106121063","0.11558549106121063","0.11558549106121063","1459","1459","1459"
"146099","0.1224205270409584","0.1224205270409584","0.1224205270409584","1460","1460","1460"
"146199","0.118143729865551","0.118143729865551","0.118143729865551","1461","1461","1461"
"146299","0.11818641424179077","0.11818641424179077","0.11818641424179077","1462","1462","1462"
"146399","0.1176886036992073","0.1176886036992073","0.1176886036992073","1463","1463","1463"
"146499","0.12076455354690552","0.12076455354690552","0.12076455354690552","1464","1464","1464"
"146599","0.11701277643442154","0.11701277643442154","0.11701277643442154","1465","1465","1465"
"146699","0.1155300885438919","0.1155300885438919","0.1155300885438919","1466","1466","1466"
"146799","0.11914516240358353","0.11914516240358353","0.11914516240358353","1467","1467","1467"
"146899","0.11411100625991821","0.11411100625991821","0.11411100625991821","1468","1468","1468"
"146999","0.12375590205192566","0.12375590205192566","0.12375590205192566","1469","1469","1469"
"147099","0.12194503098726273","0.12194503098726273","0.12194503098726273","1470","1470","1470"
"147199","0.11616454273462296","0.11616454273462296","0.11616454273462296","1471","1471","1471"
"147299","0.12138702720403671","0.12138702720403671","0.12138702720403671","1472","1472","1472"
"147399","0.11766065657138824","0.11766065657138824","0.11766065657138824","1473","1473","1473"
"147499","0.11971209198236465","0.11971209198236465","0.11971209198236465","1474","1474","1474"
"147599","0.11286559700965881","0.11286559700965881","0.11286559700965881","1475","1475","1475"
"147699","0.1193339005112648","0.1193339005112648","0.1193339005112648","1476","1476","1476"
"147799","0.1141827329993248","0.1141827329993248","0.1141827329993248","1477","1477","1477"
"147899","0.11624380946159363","0.11624380946159363","0.11624380946159363","1478","1478","1478"
"147999","0.12105333060026169","0.12105333060026169","0.12105333060026169","1479","1479","1479"
"148099","0.1167345643043518","0.1167345643043518","0.1167345643043518","1480","1480","1480"
"148199","0.11584451049566269","0.11584451049566269","0.11584451049566269","1481","1481","1481"
"148299","0.11620741337537766","0.11620741337537766","0.11620741337537766","1482","1482","1482"
"148399","0.12328872084617615","0.12328872084617615","0.12328872084617615","1483","1483","1483"
"148499","0.12041477113962173","0.12041477113962173","0.12041477113962173","1484","1484","1484"
"148599","0.12160789966583252","0.12160789966583252","0.12160789966583252","1485","1485","1485"
"148699","0.11712129414081573","0.11712129414081573","0.11712129414081573","1486","1486","1486"
"148799","0.11859560012817383","0.11859560012817383","0.11859560012817383","1487","1487","1487"
"148899","0.12195701897144318","0.12195701897144318","0.12195701897144318","1488","1488","1488"
"148999","0.1211518868803978","0.1211518868803978","0.1211518868803978","1489","1489","1489"
"149099","0.11643556505441666","0.11643556505441666","0.11643556505441666","1490","1490","1490"
"149199","0.12055682390928268","0.12055682390928268","0.12055682390928268","1491","1491","1491"
"149299","0.11602389067411423","0.11602389067411423","0.11602389067411423","1492","1492","1492"
"149399","0.11924568563699722","0.11924568563699722","0.11924568563699722","1493","1493","1493"
"149499","0.11898043751716614","0.11898043751716614","0.11898043751716614","1494","1494","1494"
"149599","0.11686781793832779","0.11686781793832779","0.11686781793832779","1495","1495","1495"
"149699","0.11654280126094818","0.11654280126094818","0.11654280126094818","1496","1496","1496"
"149799","0.11658644676208496","0.11658644676208496","0.11658644676208496","1497","1497","1497"
"149899","0.11965305358171463","0.11965305358171463","0.11965305358171463","1498","1498","1498"
"149999","0.12402398139238358","0.12402398139238358","0.12402398139238358","1499","1499","1499"
"150099","0.12203362584114075","0.12203362584114075","0.12203362584114075","1500","1500","1500"
"150199","0.11397392302751541","0.11397392302751541","0.11397392302751541","1501","1501","1501"
"150299","0.1204267367720604","0.1204267367720604","0.1204267367720604","1502","1502","1502"
"150399","0.11417882144451141","0.11417882144451141","0.11417882144451141","1503","1503","1503"
"150499","0.12200454622507095","0.12200454622507095","0.12200454622507095","1504","1504","1504"
"150599","0.11445694416761398","0.11445694416761398","0.11445694416761398","1505","1505","1505"
"150699","0.11610201746225357","0.11610201746225357","0.11610201746225357","1506","1506","1506"
"150799","0.11977576464414597","0.11977576464414597","0.11977576464414597","1507","1507","1507"
"150899","0.11774148046970367","0.11774148046970367","0.11774148046970367","1508","1508","1508"
"150999","0.12470685690641403","0.12470685690641403","0.12470685690641403","1509","1509","1509"
"151099","0.11910375952720642","0.11910375952720642","0.11910375952720642","1510","1510","1510"
"151199","0.11998635530471802","0.11998635530471802","0.11998635530471802","1511","1511","1511"
"151299","0.1206798180937767","0.1206798180937767","0.1206798180937767","1512","1512","1512"
"151399","0.11955243349075317","0.11955243349075317","0.11955243349075317","1513","1513","1513"
"151499","0.10913123190402985","0.10913123190402985","0.10913123190402985","1514","1514","1514"
"151599","0.1254553347826004","0.1254553347826004","0.1254553347826004","1515","1515","1515"
"151699","0.11718155443668365","0.11718155443668365","0.11718155443668365","1516","1516","1516"
"151799","0.11388318240642548","0.11388318240642548","0.11388318240642548","1517","1517","1517"
"151899","0.11650408059358597","0.11650408059358597","0.11650408059358597","1518","1518","1518"
"151999","0.12257374078035355","0.12257374078035355","0.12257374078035355","1519","1519","1519"
"152099","0.11615098267793655","0.11615098267793655","0.11615098267793655","1520","1520","1520"
"152199","0.11944779753684998","0.11944779753684998","0.11944779753684998","1521","1521","1521"
"152299","0.11820487678050995","0.11820487678050995","0.11820487678050995","1522","1522","1522"
"152399","0.11892066895961761","0.11892066895961761","0.11892066895961761","1523","1523","1523"
"152499","0.11731315404176712","0.11731315404176712","0.11731315404176712","1524","1524","1524"
"152599","0.11566920578479767","0.11566920578479767","0.11566920578479767","1525","1525","1525"
"152699","0.11380474269390106","0.11380474269390106","0.11380474269390106","1526","1526","1526"
"152799","0.12433820962905884","0.12433820962905884","0.12433820962905884","1527","1527","1527"
"152899","0.119930200278759","0.119930200278759","0.119930200278759","1528","1528","1528"
"152999","0.1170562133193016","0.1170562133193016","0.1170562133193016","1529","1529","1529"
"153099","0.11936406791210175","0.11936406791210175","0.11936406791210175","1530","1530","1530"
"153199","0.1171800047159195","0.1171800047159195","0.1171800047159195","1531","1531","1531"
"153299","0.11880891025066376","0.11880891025066376","0.11880891025066376","1532","1532","1532"
"153399","0.12039926648139954","0.12039926648139954","0.12039926648139954","1533","1533","1533"
"153499","0.118258036673069","0.118258036673069","0.118258036673069","1534","1534","1534"
"153599","0.11950355768203735","0.11950355768203735","0.11950355768203735","1535","1535","1535"
"153699","0.12391302734613419","0.12391302734613419","0.12391302734613419","1536","1536","1536"
"153799","0.11818957328796387","0.11818957328796387","0.11818957328796387","1537","1537","1537"
"153899","0.12030075490474701","0.12030075490474701","0.12030075490474701","1538","1538","1538"
"153999","0.11558835953474045","0.11558835953474045","0.11558835953474045","1539","1539","1539"
"154099","0.12045463174581528","0.12045463174581528","0.12045463174581528","1540","1540","1540"
"154199","0.12296614050865173","0.12296614050865173","0.12296614050865173","1541","1541","1541"
"154299","0.1157030463218689","0.1157030463218689","0.1157030463218689","1542","1542","1542"
"154399","0.11853255331516266","0.11853255331516266","0.11853255331516266","1543","1543","1543"
"154499","0.12364166975021362","0.12364166975021362","0.12364166975021362","1544","1544","1544"
"154599","0.12210367619991302","0.12210367619991302","0.12210367619991302","1545","1545","1545"
"154699","0.12428811192512512","0.12428811192512512","0.12428811192512512","1546","1546","1546"
"154799","0.12082324922084808","0.12082324922084808","0.12082324922084808","1547","1547","1547"
"154899","0.11484207957983017","0.11484207957983017","0.11484207957983017","1548","1548","1548"
"154999","0.12231089919805527","0.12231089919805527","0.12231089919805527","1549","1549","1549"
"155099","0.11566315591335297","0.11566315591335297","0.11566315591335297","1550","1550","1550"
"155199","0.12484199553728104","0.12484199553728104","0.12484199553728104","1551","1551","1551"
"155299","0.11596255749464035","0.11596255749464035","0.11596255749464035","1552","1552","1552"
"155399","0.1249980553984642","0.1249980553984642","0.1249980553984642","1553","1553","1553"
"155499","0.11732567846775055","0.11732567846775055","0.11732567846775055","1554","1554","1554"
"155599","0.11754511296749115","0.11754511296749115","0.11754511296749115","1555","1555","1555"
"155699","0.11920423060655594","0.11920423060655594","0.11920423060655594","1556","1556","1556"
"155799","0.11907278001308441","0.11907278001308441","0.11907278001308441","1557","1557","1557"
"155899","0.1200188547372818","0.1200188547372818","0.1200188547372818","1558","1558","1558"
"155999","0.1232270821928978","0.1232270821928978","0.1232270821928978","1559","1559","1559"
"156099","0.12050199508666992","0.12050199508666992","0.12050199508666992","1560","1560","1560"
"156199","0.11722635477781296","0.11722635477781296","0.11722635477781296","1561","1561","1561"
"156299","0.12294788658618927","0.12294788658618927","0.12294788658618927","1562","1562","1562"
"156399","0.11873579025268555","0.11873579025268555","0.11873579025268555","1563","1563","1563"
"156499","0.12188725918531418","0.12188725918531418","0.12188725918531418","1564","1564","1564"
"156599","0.11939637362957001","0.11939637362957001","0.11939637362957001","1565","1565","1565"
"156699","0.12320265918970108","0.12320265918970108","0.12320265918970108","1566","1566","1566"
"156799","0.11372467130422592","0.11372467130422592","0.11372467130422592","1567","1567","1567"
"156899","0.12130771577358246","0.12130771577358246","0.12130771577358246","1568","1568","1568"
"156999","0.11722168326377869","0.11722168326377869","0.11722168326377869","1569","1569","1569"
"157099","0.11636363714933395","0.11636363714933395","0.11636363714933395","1570","1570","1570"
"157199","0.11165742576122284","0.11165742576122284","0.11165742576122284","1571","1571","1571"
"157299","0.12480923533439636","0.12480923533439636","0.12480923533439636","1572","1572","1572"
"157399","0.12095357477664948","0.12095357477664948","0.12095357477664948","1573","1573","1573"
"157499","0.1180979385972023","0.1180979385972023","0.1180979385972023","1574","1574","1574"
"157599","0.11248696595430374","0.11248696595430374","0.11248696595430374","1575","1575","1575"
"157699","0.12264462560415268","0.12264462560415268","0.12264462560415268","1576","1576","1576"
"157799","0.12052088975906372","0.12052088975906372","0.12052088975906372","1577","1577","1577"
"157899","0.12359288334846497","0.12359288334846497","0.12359288334846497","1578","1578","1578"
"157999","0.12518444657325745","0.12518444657325745","0.12518444657325745","1579","1579","1579"
"158099","0.12264504283666611","0.12264504283666611","0.12264504283666611","1580","1580","1580"
"158199","0.11780944466590881","0.11780944466590881","0.11780944466590881","1581","1581","1581"
"158299","0.11777512729167938","0.11777512729167938","0.11777512729167938","1582","1582","1582"
"158399","0.11815255135297775","0.11815255135297775","0.11815255135297775","1583","1583","1583"
"158499","0.1230122447013855","0.1230122447013855","0.1230122447013855","1584","1584","1584"
"158599","0.12303336709737778","0.12303336709737778","0.12303336709737778","1585","1585","1585"
"158699","0.1213340312242508","0.1213340312242508","0.1213340312242508","1586","1586","1586"
"158799","0.11357337981462479","0.11357337981462479","0.11357337981462479","1587","1587","1587"
"158899","0.11462994664907455","0.11462994664907455","0.11462994664907455","1588","1588","1588"
"158999","0.11983029544353485","0.11983029544353485","0.11983029544353485","1589","1589","1589"
"159099","0.12420361489057541","0.12420361489057541","0.12420361489057541","1590","1590","1590"
"159199","0.12313014268875122","0.12313014268875122","0.12313014268875122","1591","1591","1591"
"159299","0.11871591955423355","0.11871591955423355","0.11871591955423355","1592","1592","1592"
"159399","0.11499401926994324","0.11499401926994324","0.11499401926994324","1593","1593","1593"
"159499","0.1190437376499176","0.1190437376499176","0.1190437376499176","1594","1594","1594"
"159599","0.1202511116862297","0.1202511116862297","0.1202511116862297","1595","1595","1595"
"159699","0.12104324251413345","0.12104324251413345","0.12104324251413345","1596","1596","1596"
"159799","0.12523429095745087","0.12523429095745087","0.12523429095745087","1597","1597","1597"
"159899","0.123719722032547","0.123719722032547","0.123719722032547","1598","1598","1598"
"159999","0.11429230123758316","0.11429230123758316","0.11429230123758316","1599","1599","1599"
"160099","0.11936455965042114","0.11936455965042114","0.11936455965042114","1600","1600","1600"
"160199","0.12089281529188156","0.12089281529188156","0.12089281529188156","1601","1601","1601"
"160299","0.12274325639009476","0.12274325639009476","0.12274325639009476","1602","1602","1602"
"160399","0.11657785624265671","0.11657785624265671","0.11657785624265671","1603","1603","1603"
"160499","0.11896038055419922","0.11896038055419922","0.11896038055419922","1604","1604","1604"
"160599","0.11625641584396362","0.11625641584396362","0.11625641584396362","1605","1605","1605"
"160699","0.11970317363739014","0.11970317363739014","0.11970317363739014","1606","1606","1606"
"160799","0.12237696349620819","0.12237696349620819","0.12237696349620819","1607","1607","1607"
"160899","0.11766384541988373","0.11766384541988373","0.11766384541988373","1608","1608","1608"
"160999","0.11611805856227875","0.11611805856227875","0.11611805856227875","1609","1609","1609"
"161099","0.1195848286151886","0.1195848286151886","0.1195848286151886","1610","1610","1610"
"161199","0.11984036862850189","0.11984036862850189","0.11984036862850189","1611","1611","1611"
"161299","0.12308070063591003","0.12308070063591003","0.12308070063591003","1612","1612","1612"
"161399","0.11554518342018127","0.11554518342018127","0.11554518342018127","1613","1613","1613"
"161499","0.11845597624778748","0.11845597624778748","0.11845597624778748","1614","1614","1614"
"161599","0.11682142317295074","0.11682142317295074","0.11682142317295074","1615","1615","1615"
"161699","0.11323542892932892","0.11323542892932892","0.11323542892932892","1616","1616","1616"
"161799","0.11103357374668121","0.11103357374668121","0.11103357374668121","1617","1617","1617"
"161899","0.11317109316587448","0.11317109316587448","0.11317109316587448","1618","1618","1618"
"161999","0.12044451385736465","0.12044451385736465","0.12044451385736465","1619","1619","1619"
"162099","0.12173169106245041","0.12173169106245041","0.12173169106245041","1620","1620","1620"
"162199","0.12595213949680328","0.12595213949680328","0.12595213949680328","1621","1621","1621"
"162299","0.11946453154087067","0.11946453154087067","0.11946453154087067","1622","1622","1622"
"162399","0.11773989349603653","0.11773989349603653","0.11773989349603653","1623","1623","1623"
"162499","0.11297668516635895","0.11297668516635895","0.11297668516635895","1624","1624","1624"
"162599","0.11942821741104126","0.11942821741104126","0.11942821741104126","1625","1625","1625"
"162699","0.12278102338314056","0.12278102338314056","0.12278102338314056","1626","1626","1626"
"162799","0.12261674553155899","0.12261674553155899","0.12261674553155899","1627","1627","1627"
"162899","0.11755171418190002","0.11755171418190002","0.11755171418190002","1628","1628","1628"
"162999","0.11494152992963791","0.11494152992963791","0.11494152992963791","1629","1629","1629"
"163099","0.12496013194322586","0.12496013194322586","0.12496013194322586","1630","1630","1630"
"163199","0.11943517625331879","0.11943517625331879","0.11943517625331879","1631","1631","1631"
"163299","0.12023265659809113","0.12023265659809113","0.12023265659809113","1632","1632","1632"
"163399","0.11726338416337967","0.11726338416337967","0.11726338416337967","1633","1633","1633"
"163499","0.11901012063026428","0.11901012063026428","0.11901012063026428","1634","1634","1634"
"163599","0.11868223547935486","0.11868223547935486","0.11868223547935486","1635","1635","1635"
"163699","0.12189117074012756","0.12189117074012756","0.12189117074012756","1636","1636","1636"
"163799","0.1245398297905922","0.1245398297905922","0.1245398297905922","1637","1637","1637"
"163899","0.12344830483198166","0.12344830483198166","0.12344830483198166","1638","1638","1638"
"163999","0.113370381295681","0.113370381295681","0.113370381295681","1639","1639","1639"
"164099","0.11575618386268616","0.11575618386268616","0.11575618386268616","1640","1640","1640"
"164199","0.11837076395750046","0.11837076395750046","0.11837076395750046","1641","1641","1641"
"164299","0.12103214114904404","0.12103214114904404","0.12103214114904404","1642","1642","1642"
"164399","0.11248111724853516","0.11248111724853516","0.11248111724853516","1643","1643","1643"
"164499","0.12621812522411346","0.12621812522411346","0.12621812522411346","1644","1644","1644"
"164599","0.11731380969285965","0.11731380969285965","0.11731380969285965","1645","1645","1645"
"164699","0.11244098842144012","0.11244098842144012","0.11244098842144012","1646","1646","1646"
"164799","0.12274987250566483","0.12274987250566483","0.12274987250566483","1647","1647","1647"
"164899","0.11957848072052002","0.11957848072052002","0.11957848072052002","1648","1648","1648"
"164999","0.122291699051857","0.122291699051857","0.122291699051857","1649","1649","1649"
"165099","0.12048118561506271","0.12048118561506271","0.12048118561506271","1650","1650","1650"
"165199","0.11859456449747086","0.11859456449747086","0.11859456449747086","1651","1651","1651"
"165299","0.11667048931121826","0.11667048931121826","0.11667048931121826","1652","1652","1652"
"165399","0.12183351069688797","0.12183351069688797","0.12183351069688797","1653","1653","1653"
"165499","0.12002327293157578","0.12002327293157578","0.12002327293157578","1654","1654","1654"
"165599","0.1148504987359047","0.1148504987359047","0.1148504987359047","1655","1655","1655"
"165699","0.1231549009680748","0.1231549009680748","0.1231549009680748","1656","1656","1656"
"165799","0.11928139626979828","0.11928139626979828","0.11928139626979828","1657","1657","1657"
"165899","0.1162048801779747","0.1162048801779747","0.1162048801779747","1658","1658","1658"
"165999","0.11386533826589584","0.11386533826589584","0.11386533826589584","1659","1659","1659"
"166099","0.12229956686496735","0.12229956686496735","0.12229956686496735","1660","1660","1660"
"166199","0.12266779690980911","0.12266779690980911","0.12266779690980911","1661","1661","1661"
"166299","0.12001368403434753","0.12001368403434753","0.12001368403434753","1662","1662","1662"
"166399","0.1220092624425888","0.1220092624425888","0.1220092624425888","1663","1663","1663"
"166499","0.11591798812150955","0.11591798812150955","0.11591798812150955","1664","1664","1664"
"166599","0.11569096148014069","0.11569096148014069","0.11569096148014069","1665","1665","1665"
"166699","0.11881161481142044","0.11881161481142044","0.11881161481142044","1666","1666","1666"
"166799","0.12545202672481537","0.12545202672481537","0.12545202672481537","1667","1667","1667"
"166899","0.12516191601753235","0.12516191601753235","0.12516191601753235","1668","1668","1668"
"166999","0.11836045980453491","0.11836045980453491","0.11836045980453491","1669","1669","1669"
"167099","0.12624818086624146","0.12624818086624146","0.12624818086624146","1670","1670","1670"
"167199","0.1221679076552391","0.1221679076552391","0.1221679076552391","1671","1671","1671"
"167299","0.11869929730892181","0.11869929730892181","0.11869929730892181","1672","1672","1672"
"167399","0.1192241683602333","0.1192241683602333","0.1192241683602333","1673","1673","1673"
"167499","0.1217648908495903","0.1217648908495903","0.1217648908495903","1674","1674","1674"
"167599","0.11978195607662201","0.11978195607662201","0.11978195607662201","1675","1675","1675"
"167699","0.11911696940660477","0.11911696940660477","0.11911696940660477","1676","1676","1676"
"167799","0.12513241171836853","0.12513241171836853","0.12513241171836853","1677","1677","1677"
"167899","0.11683384329080582","0.11683384329080582","0.11683384329080582","1678","1678","1678"
"167999","0.11711788177490234","0.11711788177490234","0.11711788177490234","1679","1679","1679"
"168099","0.11851978302001953","0.11851978302001953","0.11851978302001953","1680","1680","1680"
"168199","0.1193501353263855","0.1193501353263855","0.1193501353263855","1681","1681","1681"
"168299","0.11962692439556122","0.11962692439556122","0.11962692439556122","1682","1682","1682"
"168399","0.1230592206120491","0.1230592206120491","0.1230592206120491","1683","1683","1683"
"168499","0.1141054630279541","0.1141054630279541","0.1141054630279541","1684","1684","1684"
"168599","0.11942694336175919","0.11942694336175919","0.11942694336175919","1685","1685","1685"
"168699","0.1203124076128006","0.1203124076128006","0.1203124076128006","1686","1686","1686"
"168799","0.1145535409450531","0.1145535409450531","0.1145535409450531","1687","1687","1687"
"168899","0.11863654851913452","0.11863654851913452","0.11863654851913452","1688","1688","1688"
"168999","0.11870714277029037","0.11870714277029037","0.11870714277029037","1689","1689","1689"
"169099","0.11629384756088257","0.11629384756088257","0.11629384756088257","1690","1690","1690"
"169199","0.11314777284860611","0.11314777284860611","0.11314777284860611","1691","1691","1691"
"169299","0.12082521617412567","0.12082521617412567","0.12082521617412567","1692","1692","1692"
"169399","0.12564584612846375","0.12564584612846375","0.12564584612846375","1693","1693","1693"
"169499","0.1165861189365387","0.1165861189365387","0.1165861189365387","1694","1694","1694"
"169599","0.1168617457151413","0.1168617457151413","0.1168617457151413","1695","1695","1695"
"169699","0.12428710609674454","0.12428710609674454","0.12428710609674454","1696","1696","1696"
"169799","0.12778645753860474","0.12778645753860474","0.12778645753860474","1697","1697","1697"
"169899","0.12501280009746552","0.12501280009746552","0.12501280009746552","1698","1698","1698"
"169999","0.11948468536138535","0.11948468536138535","0.11948468536138535","1699","1699","1699"
"170099","0.11881707608699799","0.11881707608699799","0.11881707608699799","1700","1700","1700"
"170199","0.1210079938173294","0.1210079938173294","0.1210079938173294","1701","1701","1701"
"170299","0.12378748506307602","0.12378748506307602","0.12378748506307602","1702","1702","1702"
"170399","0.12019173055887222","0.12019173055887222","0.12019173055887222","1703","1703","1703"
"170499","0.12388386577367783","0.12388386577367783","0.12388386577367783","1704","1704","1704"
"170599","0.11616044491529465","0.11616044491529465","0.11616044491529465","1705","1705","1705"
"170699","0.11327560245990753","0.11327560245990753","0.11327560245990753","1706","1706","1706"
"170799","0.12356102466583252","0.12356102466583252","0.12356102466583252","1707","1707","1707"
"170899","0.10914979875087738","0.10914979875087738","0.10914979875087738","1708","1708","1708"
"170999","0.12234975397586823","0.12234975397586823","0.12234975397586823","1709","1709","1709"
"171099","0.1188957616686821","0.1188957616686821","0.1188957616686821","1710","1710","1710"
"171199","0.11555006355047226","0.11555006355047226","0.11555006355047226","1711","1711","1711"
"171299","0.11837426573038101","0.11837426573038101","0.11837426573038101","1712","1712","1712"
"171399","0.12454517930746078","0.12454517930746078","0.12454517930746078","1713","1713","1713"
"171499","0.11883282661437988","0.11883282661437988","0.11883282661437988","1714","1714","1714"
"171599","0.12152951210737228","0.12152951210737228","0.12152951210737228","1715","1715","1715"
"171699","0.1241164281964302","0.1241164281964302","0.1241164281964302","1716","1716","1716"
"171799","0.11638545989990234","0.11638545989990234","0.11638545989990234","1717","1717","1717"
"171899","0.11738705635070801","0.11738705635070801","0.11738705635070801","1718","1718","1718"
"171999","0.11964963376522064","0.11964963376522064","0.11964963376522064","1719","1719","1719"
"172099","0.1183561235666275","0.1183561235666275","0.1183561235666275","1720","1720","1720"
"172199","0.1262367069721222","0.1262367069721222","0.1262367069721222","1721","1721","1721"
"172299","0.1245240792632103","0.1245240792632103","0.1245240792632103","1722","1722","1722"
"172399","0.11845723539590836","0.11845723539590836","0.11845723539590836","1723","1723","1723"
"172499","0.12022913992404938","0.12022913992404938","0.12022913992404938","1724","1724","1724"
"172599","0.11268752068281174","0.11268752068281174","0.11268752068281174","1725","1725","1725"
"172699","0.12661047279834747","0.12661047279834747","0.12661047279834747","1726","1726","1726"
"172799","0.11985510587692261","0.11985510587692261","0.11985510587692261","1727","1727","1727"
"172899","0.11901259422302246","0.11901259422302246","0.11901259422302246","1728","1728","1728"
"172999","0.11780069768428802","0.11780069768428802","0.11780069768428802","1729","1729","1729"
"173099","0.11907171458005905","0.11907171458005905","0.11907171458005905","1730","1730","1730"
"173199","0.11861322820186615","0.11861322820186615","0.11861322820186615","1731","1731","1731"
"173299","0.12027329206466675","0.12027329206466675","0.12027329206466675","1732","1732","1732"
"173399","0.1191195696592331","0.1191195696592331","0.1191195696592331","1733","1733","1733"
"173499","0.11408362537622452","0.11408362537622452","0.11408362537622452","1734","1734","1734"
"173599","0.11735333502292633","0.11735333502292633","0.11735333502292633","1735","1735","1735"
"173699","0.1282091587781906","0.1282091587781906","0.1282091587781906","1736","1736","1736"
"173799","0.12261571735143661","0.12261571735143661","0.12261571735143661","1737","1737","1737"
"173899","0.11692129075527191","0.11692129075527191","0.11692129075527191","1738","1738","1738"
"173999","0.11407656222581863","0.11407656222581863","0.11407656222581863","1739","1739","1739"
"174099","0.11556387692689896","0.11556387692689896","0.11556387692689896","1740","1740","1740"
"174199","0.11450488120317459","0.11450488120317459","0.11450488120317459","1741","1741","1741"
"174299","0.1203087717294693","0.1203087717294693","0.1203087717294693","1742","1742","1742"
"174399","0.12063533067703247","0.12063533067703247","0.12063533067703247","1743","1743","1743"
"174499","0.11608287692070007","0.11608287692070007","0.11608287692070007","1744","1744","1744"
"174599","0.1152033656835556","0.1152033656835556","0.1152033656835556","1745","1745","1745"
"174699","0.11756867170333862","0.11756867170333862","0.11756867170333862","1746","1746","1746"
"174799","0.11938658356666565","0.11938658356666565","0.11938658356666565","1747","1747","1747"
"174899","0.11978437751531601","0.11978437751531601","0.11978437751531601","1748","1748","1748"
"174999","0.12288267910480499","0.12288267910480499","0.12288267910480499","1749","1749","1749"
"175099","0.11434035003185272","0.11434035003185272","0.11434035003185272","1750","1750","1750"
"175199","0.11835251748561859","0.11835251748561859","0.11835251748561859","1751","1751","1751"
"175299","0.12258975207805634","0.12258975207805634","0.12258975207805634","1752","1752","1752"
"175399","0.11281976848840714","0.11281976848840714","0.11281976848840714","1753","1753","1753"
"175499","0.1187020018696785","0.1187020018696785","0.1187020018696785","1754","1754","1754"
"175599","0.1219557374715805","0.1219557374715805","0.1219557374715805","1755","1755","1755"
"175699","0.11910326778888702","0.11910326778888702","0.11910326778888702","1756","1756","1756"
"175799","0.12160526216030121","0.12160526216030121","0.12160526216030121","1757","1757","1757"
"175899","0.12193183600902557","0.12193183600902557","0.12193183600902557","1758","1758","1758"
"175999","0.11794719845056534","0.11794719845056534","0.11794719845056534","1759","1759","1759"
"176099","0.12158150970935822","0.12158150970935822","0.12158150970935822","1760","1760","1760"
"176199","0.1172717809677124","0.1172717809677124","0.1172717809677124","1761","1761","1761"
"176299","0.12127053737640381","0.12127053737640381","0.12127053737640381","1762","1762","1762"
"176399","0.11564750969409943","0.11564750969409943","0.11564750969409943","1763","1763","1763"
"176499","0.11272726953029633","0.11272726953029633","0.11272726953029633","1764","1764","1764"
"176599","0.11963421106338501","0.11963421106338501","0.11963421106338501","1765","1765","1765"
"176699","0.11747561395168304","0.11747561395168304","0.11747561395168304","1766","1766","1766"
"176799","0.11890064179897308","0.11890064179897308","0.11890064179897308","1767","1767","1767"
"176899","0.12346567213535309","0.12346567213535309","0.12346567213535309","1768","1768","1768"
"176999","0.12069805711507797","0.12069805711507797","0.12069805711507797","1769","1769","1769"
"177099","0.12227660417556763","0.12227660417556763","0.12227660417556763","1770","1770","1770"
"177199","0.11996021121740341","0.11996021121740341","0.11996021121740341","1771","1771","1771"
"177299","0.11470750719308853","0.11470750719308853","0.11470750719308853","1772","1772","1772"
"177399","0.12487740814685822","0.12487740814685822","0.12487740814685822","1773","1773","1773"
"177499","0.11940084397792816","0.11940084397792816","0.11940084397792816","1774","1774","1774"
"177599","0.11936800181865692","0.11936800181865692","0.11936800181865692","1775","1775","1775"
"177699","0.1216355636715889","0.1216355636715889","0.1216355636715889","1776","1776","1776"
"177799","0.11209341883659363","0.11209341883659363","0.11209341883659363","1777","1777","1777"
"177899","0.12142998725175858","0.12142998725175858","0.12142998725175858","1778","1778","1778"
"177999","0.11990531533956528","0.11990531533956528","0.11990531533956528","1779","1779","1779"
"178099","0.12065020948648453","0.12065020948648453","0.12065020948648453","1780","1780","1780"
"178199","0.11241603642702103","0.11241603642702103","0.11241603642702103","1781","1781","1781"
"178299","0.11926224082708359","0.11926224082708359","0.11926224082708359","1782","1782","1782"
"178399","0.11935829371213913","0.11935829371213913","0.11935829371213913","1783","1783","1783"
"178499","0.11331035196781158","0.11331035196781158","0.11331035196781158","1784","1784","1784"
"178599","0.12031102925539017","0.12031102925539017","0.12031102925539017","1785","1785","1785"
"178699","0.11928246915340424","0.11928246915340424","0.11928246915340424","1786","1786","1786"
"178799","0.11301449686288834","0.11301449686288834","0.11301449686288834","1787","1787","1787"
"178899","0.12426140159368515","0.12426140159368515","0.12426140159368515","1788","1788","1788"
"178999","0.12177804112434387","0.12177804112434387","0.12177804112434387","1789","1789","1789"
"179099","0.12201947718858719","0.12201947718858719","0.12201947718858719","1790","1790","1790"
"179199","0.11843138188123703","0.11843138188123703","0.11843138188123703","1791","1791","1791"
"179299","0.11751378327608109","0.11751378327608109","0.11751378327608109","1792","1792","1792"
"179399","0.1157078891992569","0.1157078891992569","0.1157078891992569","1793","1793","1793"
"179499","0.12057226896286011","0.12057226896286011","0.12057226896286011","1794","1794","1794"
"179599","0.11796591430902481","0.11796591430902481","0.11796591430902481","1795","1795","1795"
"179699","0.12334927171468735","0.12334927171468735","0.12334927171468735","1796","1796","1796"
"179799","0.12436245381832123","0.12436245381832123","0.12436245381832123","1797","1797","1797"
"179899","0.12860512733459473","0.12860512733459473","0.12860512733459473","1798","1798","1798"
"179999","0.12292708456516266","0.12292708456516266","0.12292708456516266","1799","1799","1799"
"180099","0.11728542298078537","0.11728542298078537","0.11728542298078537","1800","1800","1800"
"180199","0.12067898362874985","0.12067898362874985","0.12067898362874985","1801","1801","1801"
"180299","0.11352811008691788","0.11352811008691788","0.11352811008691788","1802","1802","1802"
"180399","0.1189219132065773","0.1189219132065773","0.1189219132065773","1803","1803","1803"
"180499","0.11796542257070541","0.11796542257070541","0.11796542257070541","1804","1804","1804"
"180599","0.11842791736125946","0.11842791736125946","0.11842791736125946","1805","1805","1805"
"180699","0.12313076853752136","0.12313076853752136","0.12313076853752136","1806","1806","1806"
"180799","0.12183994054794312","0.12183994054794312","0.12183994054794312","1807","1807","1807"
"180899","0.11940193921327591","0.11940193921327591","0.11940193921327591","1808","1808","1808"
"180999","0.12001845985651016","0.12001845985651016","0.12001845985651016","1809","1809","1809"
"181099","0.12943510711193085","0.12943510711193085","0.12943510711193085","1810","1810","1810"
"181199","0.1198122426867485","0.1198122426867485","0.1198122426867485","1811","1811","1811"
"181299","0.12159612774848938","0.12159612774848938","0.12159612774848938","1812","1812","1812"
"181399","0.11468646675348282","0.11468646675348282","0.11468646675348282","1813","1813","1813"
"181499","0.12428594380617142","0.12428594380617142","0.12428594380617142","1814","1814","1814"
"181599","0.11983878165483475","0.11983878165483475","0.11983878165483475","1815","1815","1815"
"181699","0.11353252828121185","0.11353252828121185","0.11353252828121185","1816","1816","1816"
"181799","0.11575246602296829","0.11575246602296829","0.11575246602296829","1817","1817","1817"
"181899","0.11396431177854538","0.11396431177854538","0.11396431177854538","1818","1818","1818"
"181999","0.11653564125299454","0.11653564125299454","0.11653564125299454","1819","1819","1819"
"182099","0.12133125960826874","0.12133125960826874","0.12133125960826874","1820","1820","1820"
"182199","0.12411616742610931","0.12411616742610931","0.12411616742610931","1821","1821","1821"
"182299","0.11342675238847733","0.11342675238847733","0.11342675238847733","1822","1822","1822"
"182399","0.12177383154630661","0.12177383154630661","0.12177383154630661","1823","1823","1823"
"182499","0.11717243492603302","0.11717243492603302","0.11717243492603302","1824","1824","1824"
"182599","0.12287331372499466","0.12287331372499466","0.12287331372499466","1825","1825","1825"
"182699","0.12095311284065247","0.12095311284065247","0.12095311284065247","1826","1826","1826"
"182799","0.11783692985773087","0.11783692985773087","0.11783692985773087","1827","1827","1827"
"182899","0.12169377505779266","0.12169377505779266","0.12169377505779266","1828","1828","1828"
"182999","0.11932610720396042","0.11932610720396042","0.11932610720396042","1829","1829","1829"
"183099","0.1135822981595993","0.1135822981595993","0.1135822981595993","1830","1830","1830"
"183199","0.1158163994550705","0.1158163994550705","0.1158163994550705","1831","1831","1831"
"183299","0.1160876601934433","0.1160876601934433","0.1160876601934433","1832","1832","1832"
"183399","0.12129712849855423","0.12129712849855423","0.12129712849855423","1833","1833","1833"
"183499","0.1174149438738823","0.1174149438738823","0.1174149438738823","1834","1834","1834"
"183599","0.11925739049911499","0.11925739049911499","0.11925739049911499","1835","1835","1835"
"183699","0.11670712381601334","0.11670712381601334","0.11670712381601334","1836","1836","1836"
"183799","0.11313316226005554","0.11313316226005554","0.11313316226005554","1837","1837","1837"
"183899","0.11907819658517838","0.11907819658517838","0.11907819658517838","1838","1838","1838"
"183999","0.1190510168671608","0.1190510168671608","0.1190510168671608","1839","1839","1839"
"184099","0.11657550930976868","0.11657550930976868","0.11657550930976868","1840","1840","1840"
"184199","0.11484914273023605","0.11484914273023605","0.11484914273023605","1841","1841","1841"
"184299","0.1190534234046936","0.1190534234046936","0.1190534234046936","1842","1842","1842"
"184399","0.11743388324975967","0.11743388324975967","0.11743388324975967","1843","1843","1843"
"184499","0.11752446740865707","0.11752446740865707","0.11752446740865707","1844","1844","1844"
"184599","0.10704333335161209","0.10704333335161209","0.10704333335161209","1845","1845","1845"
"184699","0.12070104479789734","0.12070104479789734","0.12070104479789734","1846","1846","1846"
"184799","0.12191274762153625","0.12191274762153625","0.12191274762153625","1847","1847","1847"
"184899","0.11450917273759842","0.11450917273759842","0.11450917273759842","1848","1848","1848"
"184999","0.11508399993181229","0.11508399993181229","0.11508399993181229","1849","1849","1849"
"185099","0.11413886398077011","0.11413886398077011","0.11413886398077011","1850","1850","1850"
"185199","0.11796703934669495","0.11796703934669495","0.11796703934669495","1851","1851","1851"
"185299","0.12023668736219406","0.12023668736219406","0.12023668736219406","1852","1852","1852"
"185399","0.11543167382478714","0.11543167382478714","0.11543167382478714","1853","1853","1853"
"185499","0.12345492094755173","0.12345492094755173","0.12345492094755173","1854","1854","1854"
"185599","0.11777277290821075","0.11777277290821075","0.11777277290821075","1855","1855","1855"
"185699","0.12043590098619461","0.12043590098619461","0.12043590098619461","1856","1856","1856"
"185799","0.12443835288286209","0.12443835288286209","0.12443835288286209","1857","1857","1857"
"185899","0.12065425515174866","0.12065425515174866","0.12065425515174866","1858","1858","1858"
"185999","0.11775636672973633","0.11775636672973633","0.11775636672973633","1859","1859","1859"
"186099","0.12051677703857422","0.12051677703857422","0.12051677703857422","1860","1860","1860"
"186199","0.12926945090293884","0.12926945090293884","0.12926945090293884","1861","1861","1861"
"186299","0.11396422982215881","0.11396422982215881","0.11396422982215881","1862","1862","1862"
"186399","0.11001960188150406","0.11001960188150406","0.11001960188150406","1863","1863","1863"
"186499","0.11764203757047653","0.11764203757047653","0.11764203757047653","1864","1864","1864"
"186599","0.11738403141498566","0.11738403141498566","0.11738403141498566","1865","1865","1865"
"186699","0.1151885837316513","0.1151885837316513","0.1151885837316513","1866","1866","1866"
"186799","0.12053485959768295","0.12053485959768295","0.12053485959768295","1867","1867","1867"
"186899","0.11797083914279938","0.11797083914279938","0.11797083914279938","1868","1868","1868"
"186999","0.11977506428956985","0.11977506428956985","0.11977506428956985","1869","1869","1869"
"187099","0.12164123356342316","0.12164123356342316","0.12164123356342316","1870","1870","1870"
"187199","0.12555114924907684","0.12555114924907684","0.12555114924907684","1871","1871","1871"
"187299","0.11197945475578308","0.11197945475578308","0.11197945475578308","1872","1872","1872"
"187399","0.11749432981014252","0.11749432981014252","0.11749432981014252","1873","1873","1873"
"187499","0.11698313057422638","0.11698313057422638","0.11698313057422638","1874","1874","1874"
"187599","0.11750641465187073","0.11750641465187073","0.11750641465187073","1875","1875","1875"
"187699","0.11733412742614746","0.11733412742614746","0.11733412742614746","1876","1876","1876"
"187799","0.11096420139074326","0.11096420139074326","0.11096420139074326","1877","1877","1877"
"187899","0.11882477253675461","0.11882477253675461","0.11882477253675461","1878","1878","1878"
"187999","0.11954319477081299","0.11954319477081299","0.11954319477081299","1879","1879","1879"
"188099","0.1143905371427536","0.1143905371427536","0.1143905371427536","1880","1880","1880"
"188199","0.11885557323694229","0.11885557323694229","0.11885557323694229","1881","1881","1881"
"188299","0.11710160970687866","0.11710160970687866","0.11710160970687866","1882","1882","1882"
"188399","0.11428430676460266","0.11428430676460266","0.11428430676460266","1883","1883","1883"
"188499","0.11823852360248566","0.11823852360248566","0.11823852360248566","1884","1884","1884"
"188599","0.12249865382909775","0.12249865382909775","0.12249865382909775","1885","1885","1885"
"188699","0.1182386577129364","0.1182386577129364","0.1182386577129364","1886","1886","1886"
"188799","0.12085530906915665","0.12085530906915665","0.12085530906915665","1887","1887","1887"
"188899","0.1227477416396141","0.1227477416396141","0.1227477416396141","1888","1888","1888"
"188999","0.12422236055135727","0.12422236055135727","0.12422236055135727","1889","1889","1889"
"189099","0.11770590394735336","0.11770590394735336","0.11770590394735336","1890","1890","1890"
"189199","0.11757922172546387","0.11757922172546387","0.11757922172546387","1891","1891","1891"
"189299","0.11431242525577545","0.11431242525577545","0.11431242525577545","1892","1892","1892"
"189399","0.12228827178478241","0.12228827178478241","0.12228827178478241","1893","1893","1893"
"189499","0.1179242730140686","0.1179242730140686","0.1179242730140686","1894","1894","1894"
"189599","0.11797614395618439","0.11797614395618439","0.11797614395618439","1895","1895","1895"
"189699","0.12071262300014496","0.12071262300014496","0.12071262300014496","1896","1896","1896"
"189799","0.11764547973871231","0.11764547973871231","0.11764547973871231","1897","1897","1897"
"189899","0.115941122174263","0.115941122174263","0.115941122174263","1898","1898","1898"
"189999","0.12302105873823166","0.12302105873823166","0.12302105873823166","1899","1899","1899"
"190099","0.11651835590600967","0.11651835590600967","0.11651835590600967","1900","1900","1900"
"190199","0.1162121519446373","0.1162121519446373","0.1162121519446373","1901","1901","1901"
"190299","0.11694956570863724","0.11694956570863724","0.11694956570863724","1902","1902","1902"
"190399","0.1176091656088829","0.1176091656088829","0.1176091656088829","1903","1903","1903"
"190499","0.11605101823806763","0.11605101823806763","0.11605101823806763","1904","1904","1904"
"190599","0.12051337957382202","0.12051337957382202","0.12051337957382202","1905","1905","1905"
"190699","0.1215876117348671","0.1215876117348671","0.1215876117348671","1906","1906","1906"
"190799","0.11479593068361282","0.11479593068361282","0.11479593068361282","1907","1907","1907"
"190899","0.11778601258993149","0.11778601258993149","0.11778601258993149","1908","1908","1908"
"190999","0.11815399676561356","0.11815399676561356","0.11815399676561356","1909","1909","1909"
"191099","0.12798963487148285","0.12798963487148285","0.12798963487148285","1910","1910","1910"
"191199","0.11817935109138489","0.11817935109138489","0.11817935109138489","1911","1911","1911"
"191299","0.12188582867383957","0.12188582867383957","0.12188582867383957","1912","1912","1912"
"191399","0.12140436470508575","0.12140436470508575","0.12140436470508575","1913","1913","1913"
"191499","0.12185688316822052","0.12185688316822052","0.12185688316822052","1914","1914","1914"
"191599","0.12477316707372665","0.12477316707372665","0.12477316707372665","1915","1915","1915"
"191699","0.11306274682283401","0.11306274682283401","0.11306274682283401","1916","1916","1916"
"191799","0.1226215809583664","0.1226215809583664","0.1226215809583664","1917","1917","1917"
"191899","0.11542323976755142","0.11542323976755142","0.11542323976755142","1918","1918","1918"
"191999","0.11828233301639557","0.11828233301639557","0.11828233301639557","1919","1919","1919"
"192099","0.1200561672449112","0.1200561672449112","0.1200561672449112","1920","1920","1920"
"192199","0.11928753554821014","0.11928753554821014","0.11928753554821014","1921","1921","1921"
"192299","0.12493904680013657","0.12493904680013657","0.12493904680013657","1922","1922","1922"
"192399","0.12402047216892242","0.12402047216892242","0.12402047216892242","1923","1923","1923"
"192499","0.11864631623029709","0.11864631623029709","0.11864631623029709","1924","1924","1924"
"192599","0.12454036623239517","0.12454036623239517","0.12454036623239517","1925","1925","1925"
"192699","0.11631539463996887","0.11631539463996887","0.11631539463996887","1926","1926","1926"
"192799","0.1199961006641388","0.1199961006641388","0.1199961006641388","1927","1927","1927"
"192899","0.11243712902069092","0.11243712902069092","0.11243712902069092","1928","1928","1928"
"192999","0.12068307399749756","0.12068307399749756","0.12068307399749756","1929","1929","1929"
"193099","0.12284094840288162","0.12284094840288162","0.12284094840288162","1930","1930","1930"
"193199","0.11764110624790192","0.11764110624790192","0.11764110624790192","1931","1931","1931"
"193299","0.11565585434436798","0.11565585434436798","0.11565585434436798","1932","1932","1932"
"193399","0.1211237758398056","0.1211237758398056","0.1211237758398056","1933","1933","1933"
"193499","0.12197279930114746","0.12197279930114746","0.12197279930114746","1934","1934","1934"
"193599","0.11348249018192291","0.11348249018192291","0.11348249018192291","1935","1935","1935"
"193699","0.12067580223083496","0.12067580223083496","0.12067580223083496","1936","1936","1936"
"193799","0.1124151274561882","0.1124151274561882","0.1124151274561882","1937","1937","1937"
"193899","0.11556238681077957","0.11556238681077957","0.11556238681077957","1938","1938","1938"
"193999","0.11838947236537933","0.11838947236537933","0.11838947236537933","1939","1939","1939"
"194099","0.11472739279270172","0.11472739279270172","0.11472739279270172","1940","1940","1940"
"194199","0.11886667460203171","0.11886667460203171","0.11886667460203171","1941","1941","1941"
"194299","0.12024087458848953","0.12024087458848953","0.12024087458848953","1942","1942","1942"
"194399","0.11676319688558578","0.11676319688558578","0.11676319688558578","1943","1943","1943"
"194499","0.11642904579639435","0.11642904579639435","0.11642904579639435","1944","1944","1944"
"194599","0.12026643753051758","0.12026643753051758","0.12026643753051758","1945","1945","1945"
"194699","0.11547891050577164","0.11547891050577164","0.11547891050577164","1946","1946","1946"
"194799","0.12402313947677612","0.12402313947677612","0.12402313947677612","1947","1947","1947"
"194899","0.11562779545783997","0.11562779545783997","0.11562779545783997","1948","1948","1948"
"194999","0.11789179593324661","0.11789179593324661","0.11789179593324661","1949","1949","1949"
"195099","0.11452838778495789","0.11452838778495789","0.11452838778495789","1950","1950","1950"
"195199","0.1156919077038765","0.1156919077038765","0.1156919077038765","1951","1951","1951"
"195299","0.11132998764514923","0.11132998764514923","0.11132998764514923","1952","1952","1952"
"195399","0.12048795074224472","0.12048795074224472","0.12048795074224472","1953","1953","1953"
"195499","0.11574570834636688","0.11574570834636688","0.11574570834636688","1954","1954","1954"
"195599","0.11320583522319794","0.11320583522319794","0.11320583522319794","1955","1955","1955"
"195699","0.11664427816867828","0.11664427816867828","0.11664427816867828","1956","1956","1956"
"195799","0.1198141872882843","0.1198141872882843","0.1198141872882843","1957","1957","1957"
"195899","0.11661701649427414","0.11661701649427414","0.11661701649427414","1958","1958","1958"
"195999","0.1184350848197937","0.1184350848197937","0.1184350848197937","1959","1959","1959"
"196099","0.11833664029836655","0.11833664029836655","0.11833664029836655","1960","1960","1960"
"196199","0.11896136403083801","0.11896136403083801","0.11896136403083801","1961","1961","1961"
"196299","0.11573583632707596","0.11573583632707596","0.11573583632707596","1962","1962","1962"
"196399","0.1272265613079071","0.1272265613079071","0.1272265613079071","1963","1963","1963"
"196499","0.11878456920385361","0.11878456920385361","0.11878456920385361","1964","1964","1964"
"196599","0.12138273566961288","0.12138273566961288","0.12138273566961288","1965","1965","1965"
"196699","0.12157636880874634","0.12157636880874634","0.12157636880874634","1966","1966","1966"
"196799","0.1263192743062973","0.1263192743062973","0.1263192743062973","1967","1967","1967"
"196899","0.11077918112277985","0.11077918112277985","0.11077918112277985","1968","1968","1968"
"196999","0.12252200394868851","0.12252200394868851","0.12252200394868851","1969","1969","1969"
"197099","0.11840049177408218","0.11840049177408218","0.11840049177408218","1970","1970","1970"
"197199","0.11877740919589996","0.11877740919589996","0.11877740919589996","1971","1971","1971"
"197299","0.11678088456392288","0.11678088456392288","0.11678088456392288","1972","1972","1972"
"197399","0.1160089373588562","0.1160089373588562","0.1160089373588562","1973","1973","1973"
"197499","0.12569214403629303","0.12569214403629303","0.12569214403629303","1974","1974","1974"
"197599","0.11595569550991058","0.11595569550991058","0.11595569550991058","1975","1975","1975"
"197699","0.11802111566066742","0.11802111566066742","0.11802111566066742","1976","1976","1976"
"197799","0.12165829539299011","0.12165829539299011","0.12165829539299011","1977","1977","1977"
"197899","0.11839789152145386","0.11839789152145386","0.11839789152145386","1978","1978","1978"
"197999","0.11852558702230453","0.11852558702230453","0.11852558702230453","1979","1979","1979"
"198099","0.11857766658067703","0.11857766658067703","0.11857766658067703","1980","1980","1980"
"198199","0.12465041130781174","0.12465041130781174","0.12465041130781174","1981","1981","1981"
"198299","0.12415704876184464","0.12415704876184464","0.12415704876184464","1982","1982","1982"
"198399","0.11662495136260986","0.11662495136260986","0.11662495136260986","1983","1983","1983"
"198499","0.11742553114891052","0.11742553114891052","0.11742553114891052","1984","1984","1984"
"198599","0.11596187204122543","0.11596187204122543","0.11596187204122543","1985","1985","1985"
"198699","0.11945564299821854","0.11945564299821854","0.11945564299821854","1986","1986","1986"
"198799","0.11660654842853546","0.11660654842853546","0.11660654842853546","1987","1987","1987"
"198899","0.11613395810127258","0.11613395810127258","0.11613395810127258","1988","1988","1988"
"198999","0.12077952176332474","0.12077952176332474","0.12077952176332474","1989","1989","1989"
"199099","0.11685711145401001","0.11685711145401001","0.11685711145401001","1990","1990","1990"
"199199","0.11821743845939636","0.11821743845939636","0.11821743845939636","1991","1991","1991"
"199299","0.1261288970708847","0.1261288970708847","0.1261288970708847","1992","1992","1992"
"199399","0.11625419557094574","0.11625419557094574","0.11625419557094574","1993","1993","1993"
"199499","0.11501777172088623","0.11501777172088623","0.11501777172088623","1994","1994","1994"
"199599","0.12110511213541031","0.12110511213541031","0.12110511213541031","1995","1995","1995"
"199699","0.11674100160598755","0.11674100160598755","0.11674100160598755","1996","1996","1996"
"199799","0.1194424107670784","0.1194424107670784","0.1194424107670784","1997","1997","1997"
"199899","0.12154879420995712","0.12154879420995712","0.12154879420995712","1998","1998","1998"
"199999","0.11352203041315079","0.11352203041315079","0.11352203041315079","1999","1999","1999"
"200099","0.11544758826494217","0.11544758826494217","0.11544758826494217","2000","2000","2000"
"200199","0.11612769961357117","0.11612769961357117","0.11612769961357117","2001","2001","2001"
"200299","0.11947887390851974","0.11947887390851974","0.11947887390851974","2002","2002","2002"
"200399","0.11450962722301483","0.11450962722301483","0.11450962722301483","2003","2003","2003"
"200499","0.11715203523635864","0.11715203523635864","0.11715203523635864","2004","2004","2004"
"200599","0.11693227291107178","0.11693227291107178","0.11693227291107178","2005","2005","2005"
"200699","0.12622486054897308","0.12622486054897308","0.12622486054897308","2006","2006","2006"
"200799","0.12381184101104736","0.12381184101104736","0.12381184101104736","2007","2007","2007"
"200899","0.1251527965068817","0.1251527965068817","0.1251527965068817","2008","2008","2008"
"200999","0.12003252655267715","0.12003252655267715","0.12003252655267715","2009","2009","2009"
"201099","0.114291712641716","0.114291712641716","0.114291712641716","2010","2010","2010"
"201199","0.11804087460041046","0.11804087460041046","0.11804087460041046","2011","2011","2011"
"201299","0.11615609377622604","0.11615609377622604","0.11615609377622604","2012","2012","2012"
"201399","0.11850708723068237","0.11850708723068237","0.11850708723068237","2013","2013","2013"
"201499","0.12824279069900513","0.12824279069900513","0.12824279069900513","2014","2014","2014"
"201599","0.12367051839828491","0.12367051839828491","0.12367051839828491","2015","2015","2015"
"201699","0.11795946210622787","0.11795946210622787","0.11795946210622787","2016","2016","2016"
"201799","0.11897709965705872","0.11897709965705872","0.11897709965705872","2017","2017","2017"
"201899","0.11505560576915741","0.11505560576915741","0.11505560576915741","2018","2018","2018"
"201999","0.11729442328214645","0.11729442328214645","0.11729442328214645","2019","2019","2019"
"202099","0.1168610230088234","0.1168610230088234","0.1168610230088234","2020","2020","2020"
"202199","0.1200300082564354","0.1200300082564354","0.1200300082564354","2021","2021","2021"
"202299","0.12241635471582413","0.12241635471582413","0.12241635471582413","2022","2022","2022"
"202399","0.11908162385225296","0.11908162385225296","0.11908162385225296","2023","2023","2023"
"202499","0.12211862951517105","0.12211862951517105","0.12211862951517105","2024","2024","2024"
"202599","0.11890290677547455","0.11890290677547455","0.11890290677547455","2025","2025","2025"
"202699","0.12221650034189224","0.12221650034189224","0.12221650034189224","2026","2026","2026"
"202799","0.11245860159397125","0.11245860159397125","0.11245860159397125","2027","2027","2027"
"202899","0.11855786293745041","0.11855786293745041","0.11855786293745041","2028","2028","2028"
"202999","0.12443386763334274","0.12443386763334274","0.12443386763334274","2029","2029","2029"
"203099","0.11532694101333618","0.11532694101333618","0.11532694101333618","2030","2030","2030"
"203199","0.11512073874473572","0.11512073874473572","0.11512073874473572","2031","2031","2031"
"203299","0.1176951453089714","0.1176951453089714","0.1176951453089714","2032","2032","2032"
"203399","0.12021325528621674","0.12021325528621674","0.12021325528621674","2033","2033","2033"
"203499","0.12050598859786987","0.12050598859786987","0.12050598859786987","2034","2034","2034"
"203599","0.11785479635000229","0.11785479635000229","0.11785479635000229","2035","2035","2035"
"203699","0.11879094690084457","0.11879094690084457","0.11879094690084457","2036","2036","2036"
"203799","0.12257185578346252","0.12257185578346252","0.12257185578346252","2037","2037","2037"
"203899","0.1187809482216835","0.1187809482216835","0.1187809482216835","2038","2038","2038"
"203999","0.11656012386083603","0.11656012386083603","0.11656012386083603","2039","2039","2039"
"204099","0.12342566251754761","0.12342566251754761","0.12342566251754761","2040","2040","2040"
"204199","0.11871311813592911","0.11871311813592911","0.11871311813592911","2041","2041","2041"
"204299","0.11449791491031647","0.11449791491031647","0.11449791491031647","2042","2042","2042"
"204399","0.11675316095352173","0.11675316095352173","0.11675316095352173","2043","2043","2043"
"204499","0.1141333058476448","0.1141333058476448","0.1141333058476448","2044","2044","2044"
"204599","0.12525613605976105","0.12525613605976105","0.12525613605976105","2045","2045","2045"
"204699","0.11946510523557663","0.11946510523557663","0.11946510523557663","2046","2046","2046"
"204799","0.1222483441233635","0.1222483441233635","0.1222483441233635","2047","2047","2047"
"204899","0.12197165191173553","0.12197165191173553","0.12197165191173553","2048","2048","2048"
"204999","0.11722727119922638","0.11722727119922638","0.11722727119922638","2049","2049","2049"
"205099","0.1157398596405983","0.1157398596405983","0.1157398596405983","2050","2050","2050"
"205199","0.1177869513630867","0.1177869513630867","0.1177869513630867","2051","2051","2051"
"205299","0.12224588543176651","0.12224588543176651","0.12224588543176651","2052","2052","2052"
"205399","0.12046775966882706","0.12046775966882706","0.12046775966882706","2053","2053","2053"
"205499","0.12105836719274521","0.12105836719274521","0.12105836719274521","2054","2054","2054"
"205599","0.12354579567909241","0.12354579567909241","0.12354579567909241","2055","2055","2055"
"205699","0.12204449623823166","0.12204449623823166","0.12204449623823166","2056","2056","2056"
"205799","0.12071458995342255","0.12071458995342255","0.12071458995342255","2057","2057","2057"
"205899","0.12096913903951645","0.12096913903951645","0.12096913903951645","2058","2058","2058"
"205999","0.12117534875869751","0.12117534875869751","0.12117534875869751","2059","2059","2059"
"206099","0.11935167759656906","0.11935167759656906","0.11935167759656906","2060","2060","2060"
"206199","0.12160282582044601","0.12160282582044601","0.12160282582044601","2061","2061","2061"
"206299","0.1162126436829567","0.1162126436829567","0.1162126436829567","2062","2062","2062"
"206399","0.12060674279928207","0.12060674279928207","0.12060674279928207","2063","2063","2063"
"206499","0.11881238222122192","0.11881238222122192","0.11881238222122192","2064","2064","2064"
"206599","0.1171954870223999","0.1171954870223999","0.1171954870223999","2065","2065","2065"
"206699","0.12638796865940094","0.12638796865940094","0.12638796865940094","2066","2066","2066"
"206799","0.1174762099981308","0.1174762099981308","0.1174762099981308","2067","2067","2067"
"206899","0.11864782869815826","0.11864782869815826","0.11864782869815826","2068","2068","2068"
"206999","0.11539843678474426","0.11539843678474426","0.11539843678474426","2069","2069","2069"
"207099","0.12420550733804703","0.12420550733804703","0.12420550733804703","2070","2070","2070"
"207199","0.11742055416107178","0.11742055416107178","0.11742055416107178","2071","2071","2071"
"207299","0.12077651172876358","0.12077651172876358","0.12077651172876358","2072","2072","2072"
"207399","0.11879222840070724","0.11879222840070724","0.11879222840070724","2073","2073","2073"
"207499","0.12232046574354172","0.12232046574354172","0.12232046574354172","2074","2074","2074"
"207599","0.11900146305561066","0.11900146305561066","0.11900146305561066","2075","2075","2075"
"207699","0.11969874799251556","0.11969874799251556","0.11969874799251556","2076","2076","2076"
"207799","0.1159495934844017","0.1159495934844017","0.1159495934844017","2077","2077","2077"
"207899","0.11997658014297485","0.11997658014297485","0.11997658014297485","2078","2078","2078"
"207999","0.12083551287651062","0.12083551287651062","0.12083551287651062","2079","2079","2079"
"208099","0.11642459034919739","0.11642459034919739","0.11642459034919739","2080","2080","2080"
"208199","0.12077467888593674","0.12077467888593674","0.12077467888593674","2081","2081","2081"
"208299","0.11880484968423843","0.11880484968423843","0.11880484968423843","2082","2082","2082"
"208399","0.11881864815950394","0.11881864815950394","0.11881864815950394","2083","2083","2083"
"208499","0.12213131785392761","0.12213131785392761","0.12213131785392761","2084","2084","2084"
"208599","0.11949070543050766","0.11949070543050766","0.11949070543050766","2085","2085","2085"
"208699","0.11619004607200623","0.11619004607200623","0.11619004607200623","2086","2086","2086"
"208799","0.12096722424030304","0.12096722424030304","0.12096722424030304","2087","2087","2087"
"208899","0.1130485087633133","0.1130485087633133","0.1130485087633133","2088","2088","2088"
"208999","0.11626770347356796","0.11626770347356796","0.11626770347356796","2089","2089","2089"
"209099","0.11462215334177017","0.11462215334177017","0.11462215334177017","2090","2090","2090"
"209199","0.12435110658407211","0.12435110658407211","0.12435110658407211","2091","2091","2091"
"209299","0.11411243677139282","0.11411243677139282","0.11411243677139282","2092","2092","2092"
"209399","0.11855357140302658","0.11855357140302658","0.11855357140302658","2093","2093","2093"
"209499","0.11707094311714172","0.11707094311714172","0.11707094311714172","2094","2094","2094"
"209599","0.10824526846408844","0.10824526846408844","0.10824526846408844","2095","2095","2095"
"209699","0.12275274842977524","0.12275274842977524","0.12275274842977524","2096","2096","2096"
"209799","0.11731700599193573","0.11731700599193573","0.11731700599193573","2097","2097","2097"
"209899","0.11604377627372742","0.11604377627372742","0.11604377627372742","2098","2098","2098"
"209999","0.11341975629329681","0.11341975629329681","0.11341975629329681","2099","2099","2099"
"210099","0.1232612207531929","0.1232612207531929","0.1232612207531929","2100","2100","2100"
"210199","0.11276578158140182","0.11276578158140182","0.11276578158140182","2101","2101","2101"
"210299","0.11208298057317734","0.11208298057317734","0.11208298057317734","2102","2102","2102"
"210399","0.11618569493293762","0.11618569493293762","0.11618569493293762","2103","2103","2103"
"210499","0.12276174128055573","0.12276174128055573","0.12276174128055573","2104","2104","2104"
"210599","0.11833885312080383","0.11833885312080383","0.11833885312080383","2105","2105","2105"
"210699","0.12084499001502991","0.12084499001502991","0.12084499001502991","2106","2106","2106"
"210799","0.11621717363595963","0.11621717363595963","0.11621717363595963","2107","2107","2107"
"210899","0.12273701280355453","0.12273701280355453","0.12273701280355453","2108","2108","2108"
"210999","0.11349578201770782","0.11349578201770782","0.11349578201770782","2109","2109","2109"
"211099","0.12021440267562866","0.12021440267562866","0.12021440267562866","2110","2110","2110"
"211199","0.1181417927145958","0.1181417927145958","0.1181417927145958","2111","2111","2111"
"211299","0.12098164856433868","0.12098164856433868","0.12098164856433868","2112","2112","2112"
"211399","0.1179179921746254","0.1179179921746254","0.1179179921746254","2113","2113","2113"
"211499","0.12099991738796234","0.12099991738796234","0.12099991738796234","2114","2114","2114"
"211599","0.12251929938793182","0.12251929938793182","0.12251929938793182","2115","2115","2115"
"211699","0.1191345676779747","0.1191345676779747","0.1191345676779747","2116","2116","2116"
"211799","0.12697945535182953","0.12697945535182953","0.12697945535182953","2117","2117","2117"
"211899","0.11229000240564346","0.11229000240564346","0.11229000240564346","2118","2118","2118"
"211999","0.11928178369998932","0.11928178369998932","0.11928178369998932","2119","2119","2119"
"212099","0.11422845721244812","0.11422845721244812","0.11422845721244812","2120","2120","2120"
"212199","0.11480796337127686","0.11480796337127686","0.11480796337127686","2121","2121","2121"
"212299","0.11905599385499954","0.11905599385499954","0.11905599385499954","2122","2122","2122"
"212399","0.11339803040027618","0.11339803040027618","0.11339803040027618","2123","2123","2123"
"212499","0.12414233386516571","0.12414233386516571","0.12414233386516571","2124","2124","2124"
"212599","0.12074510753154755","0.12074510753154755","0.12074510753154755","2125","2125","2125"
"212699","0.11512075364589691","0.11512075364589691","0.11512075364589691","2126","2126","2126"
"212799","0.11499057710170746","0.11499057710170746","0.11499057710170746","2127","2127","2127"
"212899","0.1240927055478096","0.1240927055478096","0.1240927055478096","2128","2128","2128"
"212999","0.11532435566186905","0.11532435566186905","0.11532435566186905","2129","2129","2129"
"213099","0.11937402933835983","0.11937402933835983","0.11937402933835983","2130","2130","2130"
"213199","0.12069155275821686","0.12069155275821686","0.12069155275821686","2131","2131","2131"
"213299","0.1139821857213974","0.1139821857213974","0.1139821857213974","2132","2132","2132"
"213399","0.11795885115861893","0.11795885115861893","0.11795885115861893","2133","2133","2133"
"213499","0.12326803058385849","0.12326803058385849","0.12326803058385849","2134","2134","2134"
"213599","0.11950135231018066","0.11950135231018066","0.11950135231018066","2135","2135","2135"
"213699","0.11512576043605804","0.11512576043605804","0.11512576043605804","2136","2136","2136"
"213799","0.11673504114151001","0.11673504114151001","0.11673504114151001","2137","2137","2137"
"213899","0.12095438688993454","0.12095438688993454","0.12095438688993454","2138","2138","2138"
"213999","0.12348101288080215","0.12348101288080215","0.12348101288080215","2139","2139","2139"
"214099","0.12020980566740036","0.12020980566740036","0.12020980566740036","2140","2140","2140"
"214199","0.12372197955846786","0.12372197955846786","0.12372197955846786","2141","2141","2141"
"214299","0.12392428517341614","0.12392428517341614","0.12392428517341614","2142","2142","2142"
"214399","0.11985854059457779","0.11985854059457779","0.11985854059457779","2143","2143","2143"
"214499","0.11949403584003448","0.11949403584003448","0.11949403584003448","2144","2144","2144"
"214599","0.11475671827793121","0.11475671827793121","0.11475671827793121","2145","2145","2145"
"214699","0.11592856794595718","0.11592856794595718","0.11592856794595718","2146","2146","2146"
"214799","0.12602625787258148","0.12602625787258148","0.12602625787258148","2147","2147","2147"
"214899","0.11513684689998627","0.11513684689998627","0.11513684689998627","2148","2148","2148"
"214999","0.10838699340820312","0.10838699340820312","0.10838699340820312","2149","2149","2149"
"215099","0.12620632350444794","0.12620632350444794","0.12620632350444794","2150","2150","2150"
"215199","0.12650573253631592","0.12650573253631592","0.12650573253631592","2151","2151","2151"
"215299","0.12687215209007263","0.12687215209007263","0.12687215209007263","2152","2152","2152"
"215399","0.10979069769382477","0.10979069769382477","0.10979069769382477","2153","2153","2153"
"215499","0.12126071006059647","0.12126071006059647","0.12126071006059647","2154","2154","2154"
"215599","0.12648533284664154","0.12648533284664154","0.12648533284664154","2155","2155","2155"
"215699","0.12508726119995117","0.12508726119995117","0.12508726119995117","2156","2156","2156"
"215799","0.11742057651281357","0.11742057651281357","0.11742057651281357","2157","2157","2157"
"215899","0.1178668886423111","0.1178668886423111","0.1178668886423111","2158","2158","2158"
"215999","0.1233367770910263","0.1233367770910263","0.1233367770910263","2159","2159","2159"
"216099","0.12217548489570618","0.12217548489570618","0.12217548489570618","2160","2160","2160"
"216199","0.11958132684230804","0.11958132684230804","0.11958132684230804","2161","2161","2161"
"216299","0.11752281337976456","0.11752281337976456","0.11752281337976456","2162","2162","2162"
"216399","0.12020626664161682","0.12020626664161682","0.12020626664161682","2163","2163","2163"
"216499","0.12382452934980392","0.12382452934980392","0.12382452934980392","2164","2164","2164"
"216599","0.11532751470804214","0.11532751470804214","0.11532751470804214","2165","2165","2165"
"216699","0.11585685610771179","0.11585685610771179","0.11585685610771179","2166","2166","2166"
"216799","0.12018655240535736","0.12018655240535736","0.12018655240535736","2167","2167","2167"
"216899","0.12207285314798355","0.12207285314798355","0.12207285314798355","2168","2168","2168"
"216999","0.11576152592897415","0.11576152592897415","0.11576152592897415","2169","2169","2169"
"217099","0.11850180476903915","0.11850180476903915","0.11850180476903915","2170","2170","2170"
"217199","0.12354204803705215","0.12354204803705215","0.12354204803705215","2171","2171","2171"
"217299","0.1195799857378006","0.1195799857378006","0.1195799857378006","2172","2172","2172"
"217399","0.11711408942937851","0.11711408942937851","0.11711408942937851","2173","2173","2173"
"217499","0.11611621081829071","0.11611621081829071","0.11611621081829071","2174","2174","2174"
"217599","0.11805687099695206","0.11805687099695206","0.11805687099695206","2175","2175","2175"
"217699","0.11496256291866302","0.11496256291866302","0.11496256291866302","2176","2176","2176"
"217799","0.11868223547935486","0.11868223547935486","0.11868223547935486","2177","2177","2177"
"217899","0.11901046335697174","0.11901046335697174","0.11901046335697174","2178","2178","2178"
"217999","0.11550698429346085","0.11550698429346085","0.11550698429346085","2179","2179","2179"
"218099","0.11781477928161621","0.11781477928161621","0.11781477928161621","2180","2180","2180"
"218199","0.1157454177737236","0.1157454177737236","0.1157454177737236","2181","2181","2181"
"218299","0.1197066381573677","0.1197066381573677","0.1197066381573677","2182","2182","2182"
"218399","0.12532778084278107","0.12532778084278107","0.12532778084278107","2183","2183","2183"
"218499","0.11552683264017105","0.11552683264017105","0.11552683264017105","2184","2184","2184"
"218599","0.11892344802618027","0.11892344802618027","0.11892344802618027","2185","2185","2185"
"218699","0.11462513357400894","0.11462513357400894","0.11462513357400894","2186","2186","2186"
"218799","0.1203533187508583","0.1203533187508583","0.1203533187508583","2187","2187","2187"
"218899","0.11711593717336655","0.11711593717336655","0.11711593717336655","2188","2188","2188"
"218999","0.12469852715730667","0.12469852715730667","0.12469852715730667","2189","2189","2189"
"219099","0.11617539823055267","0.11617539823055267","0.11617539823055267","2190","2190","2190"
"219199","0.1181631088256836","0.1181631088256836","0.1181631088256836","2191","2191","2191"
"219299","0.11900597810745239","0.11900597810745239","0.11900597810745239","2192","2192","2192"
"219399","0.11523915827274323","0.11523915827274323","0.11523915827274323","2193","2193","2193"
"219499","0.11232864111661911","0.11232864111661911","0.11232864111661911","2194","2194","2194"
"219599","0.11213986575603485","0.11213986575603485","0.11213986575603485","2195","2195","2195"
"219699","0.12812501192092896","0.12812501192092896","0.12812501192092896","2196","2196","2196"
"219799","0.11792044341564178","0.11792044341564178","0.11792044341564178","2197","2197","2197"
"219899","0.1130332350730896","0.1130332350730896","0.1130332350730896","2198","2198","2198"
"219999","0.11825381219387054","0.11825381219387054","0.11825381219387054","2199","2199","2199"
"220099","0.11992861330509186","0.11992861330509186","0.11992861330509186","2200","2200","2200"
"220199","0.11189231276512146","0.11189231276512146","0.11189231276512146","2201","2201","2201"
"220299","0.11462388187646866","0.11462388187646866","0.11462388187646866","2202","2202","2202"
"220399","0.11706513911485672","0.11706513911485672","0.11706513911485672","2203","2203","2203"
"220499","0.11815746873617172","0.11815746873617172","0.11815746873617172","2204","2204","2204"
"220599","0.11607494950294495","0.11607494950294495","0.11607494950294495","2205","2205","2205"
"220699","0.12095900624990463","0.12095900624990463","0.12095900624990463","2206","2206","2206"
"220799","0.11838927865028381","0.11838927865028381","0.11838927865028381","2207","2207","2207"
"220899","0.11968326568603516","0.11968326568603516","0.11968326568603516","2208","2208","2208"
"220999","0.12561823427677155","0.12561823427677155","0.12561823427677155","2209","2209","2209"
"221099","0.11712069809436798","0.11712069809436798","0.11712069809436798","2210","2210","2210"
"221199","0.12124520540237427","0.12124520540237427","0.12124520540237427","2211","2211","2211"
"221299","0.1203676164150238","0.1203676164150238","0.1203676164150238","2212","2212","2212"
"221399","0.1180599182844162","0.1180599182844162","0.1180599182844162","2213","2213","2213"
"221499","0.11461693048477173","0.11461693048477173","0.11461693048477173","2214","2214","2214"
"221599","0.11718758195638657","0.11718758195638657","0.11718758195638657","2215","2215","2215"
"221699","0.11822737008333206","0.11822737008333206","0.11822737008333206","2216","2216","2216"
"221799","0.1214217022061348","0.1214217022061348","0.1214217022061348","2217","2217","2217"
"221899","0.12134578078985214","0.12134578078985214","0.12134578078985214","2218","2218","2218"
"221999","0.11878718435764313","0.11878718435764313","0.11878718435764313","2219","2219","2219"
"222099","0.11192777007818222","0.11192777007818222","0.11192777007818222","2220","2220","2220"
"222199","0.11088418960571289","0.11088418960571289","0.11088418960571289","2221","2221","2221"
"222299","0.11826474964618683","0.11826474964618683","0.11826474964618683","2222","2222","2222"
"222399","0.11446403712034225","0.11446403712034225","0.11446403712034225","2223","2223","2223"
"222499","0.11610832065343857","0.11610832065343857","0.11610832065343857","2224","2224","2224"
"222599","0.1183430552482605","0.1183430552482605","0.1183430552482605","2225","2225","2225"
"222699","0.12108158320188522","0.12108158320188522","0.12108158320188522","2226","2226","2226"
"222799","0.12356247752904892","0.12356247752904892","0.12356247752904892","2227","2227","2227"
"222899","0.11536196619272232","0.11536196619272232","0.11536196619272232","2228","2228","2228"
"222999","0.11872877180576324","0.11872877180576324","0.11872877180576324","2229","2229","2229"
"223099","0.12376747280359268","0.12376747280359268","0.12376747280359268","2230","2230","2230"
"223199","0.11369961500167847","0.11369961500167847","0.11369961500167847","2231","2231","2231"
"223299","0.11420774459838867","0.11420774459838867","0.11420774459838867","2232","2232","2232"
"223399","0.12121924012899399","0.12121924012899399","0.12121924012899399","2233","2233","2233"
"223499","0.1182451844215393","0.1182451844215393","0.1182451844215393","2234","2234","2234"
"223599","0.12301693111658096","0.12301693111658096","0.12301693111658096","2235","2235","2235"
"223699","0.11684491485357285","0.11684491485357285","0.11684491485357285","2236","2236","2236"
"223799","0.11120341718196869","0.11120341718196869","0.11120341718196869","2237","2237","2237"
"223899","0.11662330478429794","0.11662330478429794","0.11662330478429794","2238","2238","2238"
"223999","0.12510114908218384","0.12510114908218384","0.12510114908218384","2239","2239","2239"
"224099","0.11618710309267044","0.11618710309267044","0.11618710309267044","2240","2240","2240"
"224199","0.11657899618148804","0.11657899618148804","0.11657899618148804","2241","2241","2241"
"224299","0.12603817880153656","0.12603817880153656","0.12603817880153656","2242","2242","2242"
"224399","0.11443005502223969","0.11443005502223969","0.11443005502223969","2243","2243","2243"
"224499","0.11960415542125702","0.11960415542125702","0.11960415542125702","2244","2244","2244"
"224599","0.11968044936656952","0.11968044936656952","0.11968044936656952","2245","2245","2245"
"224699","0.11724542826414108","0.11724542826414108","0.11724542826414108","2246","2246","2246"
"224799","0.11530555784702301","0.11530555784702301","0.11530555784702301","2247","2247","2247"
"224899","0.1239309310913086","0.1239309310913086","0.1239309310913086","2248","2248","2248"
"224999","0.11460614949464798","0.11460614949464798","0.11460614949464798","2249","2249","2249"
"225099","0.12168432027101517","0.12168432027101517","0.12168432027101517","2250","2250","2250"
"225199","0.11857753992080688","0.11857753992080688","0.11857753992080688","2251","2251","2251"
"225299","0.11393249779939651","0.11393249779939651","0.11393249779939651","2252","2252","2252"
"225399","0.12310189753770828","0.12310189753770828","0.12310189753770828","2253","2253","2253"
"225499","0.11429933458566666","0.11429933458566666","0.11429933458566666","2254","2254","2254"
"225599","0.1195756122469902","0.1195756122469902","0.1195756122469902","2255","2255","2255"
"225699","0.11353476345539093","0.11353476345539093","0.11353476345539093","2256","2256","2256"
"225799","0.11826794594526291","0.11826794594526291","0.11826794594526291","2257","2257","2257"
"225899","0.1112934798002243","0.1112934798002243","0.1112934798002243","2258","2258","2258"
"225999","0.12697039544582367","0.12697039544582367","0.12697039544582367","2259","2259","2259"
"226099","0.12273092567920685","0.12273092567920685","0.12273092567920685","2260","2260","2260"
"226199","0.12254136800765991","0.12254136800765991","0.12254136800765991","2261","2261","2261"
"226299","0.11333387345075607","0.11333387345075607","0.11333387345075607","2262","2262","2262"
"226399","0.12464465945959091","0.12464465945959091","0.12464465945959091","2263","2263","2263"
"226499","0.11895734071731567","0.11895734071731567","0.11895734071731567","2264","2264","2264"
"226599","0.11734829097986221","0.11734829097986221","0.11734829097986221","2265","2265","2265"
"226699","0.12057416141033173","0.12057416141033173","0.12057416141033173","2266","2266","2266"
"226799","0.12110195308923721","0.12110195308923721","0.12110195308923721","2267","2267","2267"
"226899","0.11779747158288956","0.11779747158288956","0.11779747158288956","2268","2268","2268"
"226999","0.11419909447431564","0.11419909447431564","0.11419909447431564","2269","2269","2269"
"227099","0.12332991510629654","0.12332991510629654","0.12332991510629654","2270","2270","2270"
"227199","0.11941011250019073","0.11941011250019073","0.11941011250019073","2271","2271","2271"
"227299","0.11795548349618912","0.11795548349618912","0.11795548349618912","2272","2272","2272"
"227399","0.12256127595901489","0.12256127595901489","0.12256127595901489","2273","2273","2273"
"227499","0.11213171482086182","0.11213171482086182","0.11213171482086182","2274","2274","2274"
"227599","0.12399976700544357","0.12399976700544357","0.12399976700544357","2275","2275","2275"
"227699","0.11481546610593796","0.11481546610593796","0.11481546610593796","2276","2276","2276"
"227799","0.1262989044189453","0.1262989044189453","0.1262989044189453","2277","2277","2277"
"227899","0.12069469690322876","0.12069469690322876","0.12069469690322876","2278","2278","2278"
"227999","0.11511173099279404","0.11511173099279404","0.11511173099279404","2279","2279","2279"
"228099","0.1216982901096344","0.1216982901096344","0.1216982901096344","2280","2280","2280"
"228199","0.12110257148742676","0.12110257148742676","0.12110257148742676","2281","2281","2281"
"228299","0.11927356570959091","0.11927356570959091","0.11927356570959091","2282","2282","2282"
"228399","0.11840013414621353","0.11840013414621353","0.11840013414621353","2283","2283","2283"
"228499","0.11816198378801346","0.11816198378801346","0.11816198378801346","2284","2284","2284"
"228599","0.11965683847665787","0.11965683847665787","0.11965683847665787","2285","2285","2285"
"228699","0.11630186438560486","0.11630186438560486","0.11630186438560486","2286","2286","2286"
"228799","0.10984508693218231","0.10984508693218231","0.10984508693218231","2287","2287","2287"
"228899","0.11671020835638046","0.11671020835638046","0.11671020835638046","2288","2288","2288"
"228999","0.12168391793966293","0.12168391793966293","0.12168391793966293","2289","2289","2289"
"229099","0.11918150633573532","0.11918150633573532","0.11918150633573532","2290","2290","2290"
"229199","0.1189504936337471","0.1189504936337471","0.1189504936337471","2291","2291","2291"
"229299","0.12231248617172241","0.12231248617172241","0.12231248617172241","2292","2292","2292"
"229399","0.1164662092924118","0.1164662092924118","0.1164662092924118","2293","2293","2293"
"229499","0.11243785917758942","0.11243785917758942","0.11243785917758942","2294","2294","2294"
"229599","0.12140123546123505","0.12140123546123505","0.12140123546123505","2295","2295","2295"
"229699","0.11419746279716492","0.11419746279716492","0.11419746279716492","2296","2296","2296"
"229799","0.12418485432863235","0.12418485432863235","0.12418485432863235","2297","2297","2297"
"229899","0.12264528125524521","0.12264528125524521","0.12264528125524521","2298","2298","2298"
"229999","0.1181609183549881","0.1181609183549881","0.1181609183549881","2299","2299","2299"
"230099","0.11789480596780777","0.11789480596780777","0.11789480596780777","2300","2300","2300"
"230199","0.1155947595834732","0.1155947595834732","0.1155947595834732","2301","2301","2301"
"230299","0.12248530983924866","0.12248530983924866","0.12248530983924866","2302","2302","2302"
"230399","0.11467232555150986","0.11467232555150986","0.11467232555150986","2303","2303","2303"
"230499","0.11948072165250778","0.11948072165250778","0.11948072165250778","2304","2304","2304"
"230599","0.12026409059762955","0.12026409059762955","0.12026409059762955","2305","2305","2305"
"230699","0.1200748160481453","0.1200748160481453","0.1200748160481453","2306","2306","2306"
"230799","0.1167430505156517","0.1167430505156517","0.1167430505156517","2307","2307","2307"
"230899","0.11346708983182907","0.11346708983182907","0.11346708983182907","2308","2308","2308"
"230999","0.1258906126022339","0.1258906126022339","0.1258906126022339","2309","2309","2309"
"231099","0.12371028959751129","0.12371028959751129","0.12371028959751129","2310","2310","2310"
"231199","0.12156734615564346","0.12156734615564346","0.12156734615564346","2311","2311","2311"
"231299","0.11271411180496216","0.11271411180496216","0.11271411180496216","2312","2312","2312"
"231399","0.11734684556722641","0.11734684556722641","0.11734684556722641","2313","2313","2313"
"231499","0.12631376087665558","0.12631376087665558","0.12631376087665558","2314","2314","2314"
"231599","0.1178213432431221","0.1178213432431221","0.1178213432431221","2315","2315","2315"
"231699","0.12033015489578247","0.12033015489578247","0.12033015489578247","2316","2316","2316"
"231799","0.10999956727027893","0.10999956727027893","0.10999956727027893","2317","2317","2317"
"231899","0.11740091443061829","0.11740091443061829","0.11740091443061829","2318","2318","2318"
"231999","0.11497122794389725","0.11497122794389725","0.11497122794389725","2319","2319","2319"
"232099","0.12390954047441483","0.12390954047441483","0.12390954047441483","2320","2320","2320"
"232199","0.11437937617301941","0.11437937617301941","0.11437937617301941","2321","2321","2321"
"232299","0.11944261193275452","0.11944261193275452","0.11944261193275452","2322","2322","2322"
"232399","0.11912141740322113","0.11912141740322113","0.11912141740322113","2323","2323","2323"
"232499","0.11847513169050217","0.11847513169050217","0.11847513169050217","2324","2324","2324"
"232599","0.12428344041109085","0.12428344041109085","0.12428344041109085","2325","2325","2325"
"232699","0.11592140048742294","0.11592140048742294","0.11592140048742294","2326","2326","2326"
"232799","0.11628156900405884","0.11628156900405884","0.11628156900405884","2327","2327","2327"
"232899","0.11685259640216827","0.11685259640216827","0.11685259640216827","2328","2328","2328"
"232999","0.12426438182592392","0.12426438182592392","0.12426438182592392","2329","2329","2329"
"233099","0.1207042932510376","0.1207042932510376","0.1207042932510376","2330","2330","2330"
"233199","0.11333701759576797","0.11333701759576797","0.11333701759576797","2331","2331","2331"
"233299","0.12312909215688705","0.12312909215688705","0.12312909215688705","2332","2332","2332"
"233399","0.12086065858602524","0.12086065858602524","0.12086065858602524","2333","2333","2333"
"233499","0.1199842095375061","0.1199842095375061","0.1199842095375061","2334","2334","2334"
"233599","0.11946341395378113","0.11946341395378113","0.11946341395378113","2335","2335","2335"
"233699","0.11944659054279327","0.11944659054279327","0.11944659054279327","2336","2336","2336"
"233799","0.11733192205429077","0.11733192205429077","0.11733192205429077","2337","2337","2337"
"233899","0.11852983385324478","0.11852983385324478","0.11852983385324478","2338","2338","2338"
"233999","0.11911223828792572","0.11911223828792572","0.11911223828792572","2339","2339","2339"
"234099","0.12275835126638412","0.12275835126638412","0.12275835126638412","2340","2340","2340"
"234199","0.1242869421839714","0.1242869421839714","0.1242869421839714","2341","2341","2341"
"234299","0.11473321169614792","0.11473321169614792","0.11473321169614792","2342","2342","2342"
"234399","0.11921565979719162","0.11921565979719162","0.11921565979719162","2343","2343","2343"
"234499","0.12231983989477158","0.12231983989477158","0.12231983989477158","2344","2344","2344"
"234599","0.12292540818452835","0.12292540818452835","0.12292540818452835","2345","2345","2345"
"234699","0.11774241924285889","0.11774241924285889","0.11774241924285889","2346","2346","2346"
"234799","0.12266964465379715","0.12266964465379715","0.12266964465379715","2347","2347","2347"
"234899","0.11753373593091965","0.11753373593091965","0.11753373593091965","2348","2348","2348"
"234999","0.1194121241569519","0.1194121241569519","0.1194121241569519","2349","2349","2349"
"235099","0.11807562410831451","0.11807562410831451","0.11807562410831451","2350","2350","2350"
"235199","0.1208852231502533","0.1208852231502533","0.1208852231502533","2351","2351","2351"
"235299","0.11519375443458557","0.11519375443458557","0.11519375443458557","2352","2352","2352"
"235399","0.11734957993030548","0.11734957993030548","0.11734957993030548","2353","2353","2353"
"235499","0.12044355273246765","0.12044355273246765","0.12044355273246765","2354","2354","2354"
"235599","0.11460527777671814","0.11460527777671814","0.11460527777671814","2355","2355","2355"
"235699","0.12021831423044205","0.12021831423044205","0.12021831423044205","2356","2356","2356"
"235799","0.11372283846139908","0.11372283846139908","0.11372283846139908","2357","2357","2357"
"235899","0.11630835384130478","0.11630835384130478","0.11630835384130478","2358","2358","2358"
"235999","0.12127359956502914","0.12127359956502914","0.12127359956502914","2359","2359","2359"
"236099","0.11238107085227966","0.11238107085227966","0.11238107085227966","2360","2360","2360"
"236199","0.12165762484073639","0.12165762484073639","0.12165762484073639","2361","2361","2361"
"236299","0.12098313868045807","0.12098313868045807","0.12098313868045807","2362","2362","2362"
"236399","0.10819076001644135","0.10819076001644135","0.10819076001644135","2363","2363","2363"
"236499","0.1258874088525772","0.1258874088525772","0.1258874088525772","2364","2364","2364"
"236599","0.11943349242210388","0.11943349242210388","0.11943349242210388","2365","2365","2365"
"236699","0.1112096831202507","0.1112096831202507","0.1112096831202507","2366","2366","2366"
"236799","0.1238255649805069","0.1238255649805069","0.1238255649805069","2367","2367","2367"
"236899","0.11613724380731583","0.11613724380731583","0.11613724380731583","2368","2368","2368"
"236999","0.12012525647878647","0.12012525647878647","0.12012525647878647","2369","2369","2369"
"237099","0.12332069873809814","0.12332069873809814","0.12332069873809814","2370","2370","2370"
"237199","0.11924014985561371","0.11924014985561371","0.11924014985561371","2371","2371","2371"
"237299","0.12241579592227936","0.12241579592227936","0.12241579592227936","2372","2372","2372"
"237399","0.10872552543878555","0.10872552543878555","0.10872552543878555","2373","2373","2373"
"237499","0.12369687855243683","0.12369687855243683","0.12369687855243683","2374","2374","2374"
"237599","0.12132356315851212","0.12132356315851212","0.12132356315851212","2375","2375","2375"
"237699","0.12222013622522354","0.12222013622522354","0.12222013622522354","2376","2376","2376"
"237799","0.11873361468315125","0.11873361468315125","0.11873361468315125","2377","2377","2377"
"237899","0.12221181392669678","0.12221181392669678","0.12221181392669678","2378","2378","2378"
"237999","0.11491911858320236","0.11491911858320236","0.11491911858320236","2379","2379","2379"
"238099","0.1229928508400917","0.1229928508400917","0.1229928508400917","2380","2380","2380"
"238199","0.11911977082490921","0.11911977082490921","0.11911977082490921","2381","2381","2381"
"238299","0.12431281059980392","0.12431281059980392","0.12431281059980392","2382","2382","2382"
"238399","0.12093514949083328","0.12093514949083328","0.12093514949083328","2383","2383","2383"
"238499","0.11617284268140793","0.11617284268140793","0.11617284268140793","2384","2384","2384"
"238599","0.12755370140075684","0.12755370140075684","0.12755370140075684","2385","2385","2385"
"238699","0.11471032351255417","0.11471032351255417","0.11471032351255417","2386","2386","2386"
"238799","0.11635835468769073","0.11635835468769073","0.11635835468769073","2387","2387","2387"
"238899","0.11483313143253326","0.11483313143253326","0.11483313143253326","2388","2388","2388"
"238999","0.11840087175369263","0.11840087175369263","0.11840087175369263","2389","2389","2389"
"239099","0.11899599432945251","0.11899599432945251","0.11899599432945251","2390","2390","2390"
"239199","0.1189701110124588","0.1189701110124588","0.1189701110124588","2391","2391","2391"
"239299","0.12170770019292831","0.12170770019292831","0.12170770019292831","2392","2392","2392"
"239399","0.11767784506082535","0.11767784506082535","0.11767784506082535","2393","2393","2393"
"239499","0.11948463320732117","0.11948463320732117","0.11948463320732117","2394","2394","2394"
"239599","0.1260557323694229","0.1260557323694229","0.1260557323694229","2395","2395","2395"
"239699","0.11334749311208725","0.11334749311208725","0.11334749311208725","2396","2396","2396"
"239799","0.11271268874406815","0.11271268874406815","0.11271268874406815","2397","2397","2397"
"239899","0.12237558513879776","0.12237558513879776","0.12237558513879776","2398","2398","2398"
"239999","0.11440566927194595","0.11440566927194595","0.11440566927194595","2399","2399","2399"
"240099","0.12215803563594818","0.12215803563594818","0.12215803563594818","2400","2400","2400"
"240199","0.1250738650560379","0.1250738650560379","0.1250738650560379","2401","2401","2401"
"240299","0.11711626499891281","0.11711626499891281","0.11711626499891281","2402","2402","2402"
"240399","0.11279385536909103","0.11279385536909103","0.11279385536909103","2403","2403","2403"
"240499","0.11924515664577484","0.11924515664577484","0.11924515664577484","2404","2404","2404"
"240599","0.11628849059343338","0.11628849059343338","0.11628849059343338","2405","2405","2405"
"240699","0.11452050507068634","0.11452050507068634","0.11452050507068634","2406","2406","2406"
"240799","0.12153065204620361","0.12153065204620361","0.12153065204620361","2407","2407","2407"
"240899","0.1201619952917099","0.1201619952917099","0.1201619952917099","2408","2408","2408"
"240999","0.11608030647039413","0.11608030647039413","0.11608030647039413","2409","2409","2409"
"241099","0.11195293068885803","0.11195293068885803","0.11195293068885803","2410","2410","2410"
"241199","0.12409262359142303","0.12409262359142303","0.12409262359142303","2411","2411","2411"
"241299","0.11367375403642654","0.11367375403642654","0.11367375403642654","2412","2412","2412"
"241399","0.11918164044618607","0.11918164044618607","0.11918164044618607","2413","2413","2413"
"241499","0.12441466748714447","0.12441466748714447","0.12441466748714447","2414","2414","2414"
"241599","0.1193503886461258","0.1193503886461258","0.1193503886461258","2415","2415","2415"
"241699","0.12267216295003891","0.12267216295003891","0.12267216295003891","2416","2416","2416"
"241799","0.11336816102266312","0.11336816102266312","0.11336816102266312","2417","2417","2417"
"241899","0.11627355962991714","0.11627355962991714","0.11627355962991714","2418","2418","2418"
"241999","0.1146356463432312","0.1146356463432312","0.1146356463432312","2419","2419","2419"
"242099","0.11903918534517288","0.11903918534517288","0.11903918534517288","2420","2420","2420"
"242199","0.12244822829961777","0.12244822829961777","0.12244822829961777","2421","2421","2421"
"242299","0.12032360583543777","0.12032360583543777","0.12032360583543777","2422","2422","2422"
"242399","0.11975941061973572","0.11975941061973572","0.11975941061973572","2423","2423","2423"
"242499","0.11336955428123474","0.11336955428123474","0.11336955428123474","2424","2424","2424"
"242599","0.11729157716035843","0.11729157716035843","0.11729157716035843","2425","2425","2425"
"242699","0.11973951756954193","0.11973951756954193","0.11973951756954193","2426","2426","2426"
"242799","0.11814267933368683","0.11814267933368683","0.11814267933368683","2427","2427","2427"
"242899","0.11664127558469772","0.11664127558469772","0.11664127558469772","2428","2428","2428"
"242999","0.12342490255832672","0.12342490255832672","0.12342490255832672","2429","2429","2429"
"243099","0.11711826175451279","0.11711826175451279","0.11711826175451279","2430","2430","2430"
"243199","0.1195652037858963","0.1195652037858963","0.1195652037858963","2431","2431","2431"
"243299","0.1267775148153305","0.1267775148153305","0.1267775148153305","2432","2432","2432"
"243399","0.11517440527677536","0.11517440527677536","0.11517440527677536","2433","2433","2433"
"243499","0.11781603842973709","0.11781603842973709","0.11781603842973709","2434","2434","2434"
"243599","0.12410859018564224","0.12410859018564224","0.12410859018564224","2435","2435","2435"
"243699","0.11876177787780762","0.11876177787780762","0.11876177787780762","2436","2436","2436"
"243799","0.11859787255525589","0.11859787255525589","0.11859787255525589","2437","2437","2437"
"243899","0.11464188992977142","0.11464188992977142","0.11464188992977142","2438","2438","2438"
"243999","0.12105352431535721","0.12105352431535721","0.12105352431535721","2439","2439","2439"
"244099","0.11604659259319305","0.11604659259319305","0.11604659259319305","2440","2440","2440"
"244199","0.12330073863267899","0.12330073863267899","0.12330073863267899","2441","2441","2441"
"244299","0.11651462316513062","0.11651462316513062","0.11651462316513062","2442","2442","2442"
"244399","0.11485183984041214","0.11485183984041214","0.11485183984041214","2443","2443","2443"
"244499","0.11486939340829849","0.11486939340829849","0.11486939340829849","2444","2444","2444"
"244599","0.11553586274385452","0.11553586274385452","0.11553586274385452","2445","2445","2445"
"244699","0.10964187979698181","0.10964187979698181","0.10964187979698181","2446","2446","2446"
"244799","0.11698824912309647","0.11698824912309647","0.11698824912309647","2447","2447","2447"
"244899","0.12350331246852875","0.12350331246852875","0.12350331246852875","2448","2448","2448"
"244999","0.1178629919886589","0.1178629919886589","0.1178629919886589","2449","2449","2449"
"245099","0.12426993995904922","0.12426993995904922","0.12426993995904922","2450","2450","2450"
"245199","0.11903645098209381","0.11903645098209381","0.11903645098209381","2451","2451","2451"
"245299","0.12064451724290848","0.12064451724290848","0.12064451724290848","2452","2452","2452"
"245399","0.120343878865242","0.120343878865242","0.120343878865242","2453","2453","2453"
"245499","0.11846352368593216","0.11846352368593216","0.11846352368593216","2454","2454","2454"
"245599","0.1192302331328392","0.1192302331328392","0.1192302331328392","2455","2455","2455"
"245699","0.12047989666461945","0.12047989666461945","0.12047989666461945","2456","2456","2456"
"245799","0.10887850075960159","0.10887850075960159","0.10887850075960159","2457","2457","2457"
"245899","0.11697963625192642","0.11697963625192642","0.11697963625192642","2458","2458","2458"
"245999","0.11513196676969528","0.11513196676969528","0.11513196676969528","2459","2459","2459"
"246099","0.11861597746610641","0.11861597746610641","0.11861597746610641","2460","2460","2460"
"246199","0.11917489022016525","0.11917489022016525","0.11917489022016525","2461","2461","2461"
"246299","0.11683322489261627","0.11683322489261627","0.11683322489261627","2462","2462","2462"
"246399","0.11497700959444046","0.11497700959444046","0.11497700959444046","2463","2463","2463"
"246499","0.11941223591566086","0.11941223591566086","0.11941223591566086","2464","2464","2464"
"246599","0.11462228745222092","0.11462228745222092","0.11462228745222092","2465","2465","2465"
"246699","0.11707284301519394","0.11707284301519394","0.11707284301519394","2466","2466","2466"
"246799","0.1211254671216011","0.1211254671216011","0.1211254671216011","2467","2467","2467"
"246899","0.11978869885206223","0.11978869885206223","0.11978869885206223","2468","2468","2468"
"246999","0.11471445858478546","0.11471445858478546","0.11471445858478546","2469","2469","2469"
"247099","0.1155276671051979","0.1155276671051979","0.1155276671051979","2470","2470","2470"
"247199","0.1230797991156578","0.1230797991156578","0.1230797991156578","2471","2471","2471"
"247299","0.12075012922286987","0.12075012922286987","0.12075012922286987","2472","2472","2472"
"247399","0.11944065988063812","0.11944065988063812","0.11944065988063812","2473","2473","2473"
"247499","0.12566502392292023","0.12566502392292023","0.12566502392292023","2474","2474","2474"
"247599","0.1144668310880661","0.1144668310880661","0.1144668310880661","2475","2475","2475"
"247699","0.11503951251506805","0.11503951251506805","0.11503951251506805","2476","2476","2476"
"247799","0.11801789700984955","0.11801789700984955","0.11801789700984955","2477","2477","2477"
"247899","0.1092408299446106","0.1092408299446106","0.1092408299446106","2478","2478","2478"
"247999","0.12265823781490326","0.12265823781490326","0.12265823781490326","2479","2479","2479"
"248099","0.11770322173833847","0.11770322173833847","0.11770322173833847","2480","2480","2480"
"248199","0.12260223925113678","0.12260223925113678","0.12260223925113678","2481","2481","2481"
"248299","0.11894267052412033","0.11894267052412033","0.11894267052412033","2482","2482","2482"
"248399","0.11709180474281311","0.11709180474281311","0.11709180474281311","2483","2483","2483"
"248499","0.12273535132408142","0.12273535132408142","0.12273535132408142","2484","2484","2484"
"248599","0.11590536683797836","0.11590536683797836","0.11590536683797836","2485","2485","2485"
"248699","0.1203288808465004","0.1203288808465004","0.1203288808465004","2486","2486","2486"
"248799","0.11598683893680573","0.11598683893680573","0.11598683893680573","2487","2487","2487"
"248899","0.12660092115402222","0.12660092115402222","0.12660092115402222","2488","2488","2488"
"248999","0.11113985627889633","0.11113985627889633","0.11113985627889633","2489","2489","2489"
"249099","0.12072858959436417","0.12072858959436417","0.12072858959436417","2490","2490","2490"
"249199","0.12585963308811188","0.12585963308811188","0.12585963308811188","2491","2491","2491"
"249299","0.12092166393995285","0.12092166393995285","0.12092166393995285","2492","2492","2492"
"249399","0.11537037789821625","0.11537037789821625","0.11537037789821625","2493","2493","2493"
"249499","0.11407742649316788","0.11407742649316788","0.11407742649316788","2494","2494","2494"
"249599","0.1262625753879547","0.1262625753879547","0.1262625753879547","2495","2495","2495"
"249699","0.11800874024629593","0.11800874024629593","0.11800874024629593","2496","2496","2496"
"249799","0.11475372314453125","0.11475372314453125","0.11475372314453125","2497","2497","2497"
"249899","0.12077055126428604","0.12077055126428604","0.12077055126428604","2498","2498","2498"
"249999","0.11685626208782196","0.11685626208782196","0.11685626208782196","2499","2499","2499"
"250099","0.11869597434997559","0.11869597434997559","0.11869597434997559","2500","2500","2500"
"250199","0.11563054472208023","0.11563054472208023","0.11563054472208023","2501","2501","2501"
"250299","0.12373004853725433","0.12373004853725433","0.12373004853725433","2502","2502","2502"
"250399","0.11365935951471329","0.11365935951471329","0.11365935951471329","2503","2503","2503"
"250499","0.11756362020969391","0.11756362020969391","0.11756362020969391","2504","2504","2504"
"250599","0.11349279433488846","0.11349279433488846","0.11349279433488846","2505","2505","2505"
"250699","0.12364889681339264","0.12364889681339264","0.12364889681339264","2506","2506","2506"
"250799","0.11797308176755905","0.11797308176755905","0.11797308176755905","2507","2507","2507"
"250899","0.11693146079778671","0.11693146079778671","0.11693146079778671","2508","2508","2508"
"250999","0.11596719175577164","0.11596719175577164","0.11596719175577164","2509","2509","2509"
"251099","0.11632458865642548","0.11632458865642548","0.11632458865642548","2510","2510","2510"
"251199","0.11772697418928146","0.11772697418928146","0.11772697418928146","2511","2511","2511"
"251299","0.12184804677963257","0.12184804677963257","0.12184804677963257","2512","2512","2512"
"251399","0.1190805733203888","0.1190805733203888","0.1190805733203888","2513","2513","2513"
"251499","0.1153297945857048","0.1153297945857048","0.1153297945857048","2514","2514","2514"
"251599","0.12525522708892822","0.12525522708892822","0.12525522708892822","2515","2515","2515"
"251699","0.12155725806951523","0.12155725806951523","0.12155725806951523","2516","2516","2516"
"251799","0.12632906436920166","0.12632906436920166","0.12632906436920166","2517","2517","2517"
"251899","0.1230236291885376","0.1230236291885376","0.1230236291885376","2518","2518","2518"
"251999","0.11834891885519028","0.11834891885519028","0.11834891885519028","2519","2519","2519"
"252099","0.11804056912660599","0.11804056912660599","0.11804056912660599","2520","2520","2520"
"252199","0.11550307273864746","0.11550307273864746","0.11550307273864746","2521","2521","2521"
"252299","0.11927970498800278","0.11927970498800278","0.11927970498800278","2522","2522","2522"
"252399","0.12374226748943329","0.12374226748943329","0.12374226748943329","2523","2523","2523"
"252499","0.10948793590068817","0.10948793590068817","0.10948793590068817","2524","2524","2524"
"252599","0.11744976788759232","0.11744976788759232","0.11744976788759232","2525","2525","2525"
"252699","0.11937833577394485","0.11937833577394485","0.11937833577394485","2526","2526","2526"
"252799","0.11571166664361954","0.11571166664361954","0.11571166664361954","2527","2527","2527"
"252899","0.11728531122207642","0.11728531122207642","0.11728531122207642","2528","2528","2528"
"252999","0.12865057587623596","0.12865057587623596","0.12865057587623596","2529","2529","2529"
"253099","0.12381312251091003","0.12381312251091003","0.12381312251091003","2530","2530","2530"
"253199","0.11254583299160004","0.11254583299160004","0.11254583299160004","2531","2531","2531"
"253299","0.11881501972675323","0.11881501972675323","0.11881501972675323","2532","2532","2532"
"253399","0.12386631220579147","0.12386631220579147","0.12386631220579147","2533","2533","2533"
"253499","0.12054837495088577","0.12054837495088577","0.12054837495088577","2534","2534","2534"
"253599","0.11458157002925873","0.11458157002925873","0.11458157002925873","2535","2535","2535"
"253699","0.11983560770750046","0.11983560770750046","0.11983560770750046","2536","2536","2536"
"253799","0.11715327948331833","0.11715327948331833","0.11715327948331833","2537","2537","2537"
"253899","0.12194356322288513","0.12194356322288513","0.12194356322288513","2538","2538","2538"
"253999","0.11682380735874176","0.11682380735874176","0.11682380735874176","2539","2539","2539"
"254099","0.11687685549259186","0.11687685549259186","0.11687685549259186","2540","2540","2540"
"254199","0.1171279028058052","0.1171279028058052","0.1171279028058052","2541","2541","2541"
"254299","0.1188712865114212","0.1188712865114212","0.1188712865114212","2542","2542","2542"
"254399","0.12752987444400787","0.12752987444400787","0.12752987444400787","2543","2543","2543"
"254499","0.12241751700639725","0.12241751700639725","0.12241751700639725","2544","2544","2544"
"254599","0.11557561904191971","0.11557561904191971","0.11557561904191971","2545","2545","2545"
"254699","0.11754802614450455","0.11754802614450455","0.11754802614450455","2546","2546","2546"
"254799","0.1170114055275917","0.1170114055275917","0.1170114055275917","2547","2547","2547"
"254899","0.1273033171892166","0.1273033171892166","0.1273033171892166","2548","2548","2548"
"254999","0.11986155062913895","0.11986155062913895","0.11986155062913895","2549","2549","2549"
"255099","0.11883886903524399","0.11883886903524399","0.11883886903524399","2550","2550","2550"
"255199","0.1180148646235466","0.1180148646235466","0.1180148646235466","2551","2551","2551"
"255299","0.11585117876529694","0.11585117876529694","0.11585117876529694","2552","2552","2552"
"255399","0.12013174593448639","0.12013174593448639","0.12013174593448639","2553","2553","2553"
"255499","0.11749003827571869","0.11749003827571869","0.11749003827571869","2554","2554","2554"
"255599","0.12160264700651169","0.12160264700651169","0.12160264700651169","2555","2555","2555"
"255699","0.12211628258228302","0.12211628258228302","0.12211628258228302","2556","2556","2556"
"255799","0.12277407944202423","0.12277407944202423","0.12277407944202423","2557","2557","2557"
"255899","0.11879561841487885","0.11879561841487885","0.11879561841487885","2558","2558","2558"
"255999","0.11637616157531738","0.11637616157531738","0.11637616157531738","2559","2559","2559"
"256099","0.11730721592903137","0.11730721592903137","0.11730721592903137","2560","2560","2560"
"256199","0.11380458623170853","0.11380458623170853","0.11380458623170853","2561","2561","2561"
"256299","0.11712749302387238","0.11712749302387238","0.11712749302387238","2562","2562","2562"
"256399","0.11732923239469528","0.11732923239469528","0.11732923239469528","2563","2563","2563"
"256499","0.11378881335258484","0.11378881335258484","0.11378881335258484","2564","2564","2564"
"256599","0.12059269845485687","0.12059269845485687","0.12059269845485687","2565","2565","2565"
"256699","0.11867175996303558","0.11867175996303558","0.11867175996303558","2566","2566","2566"
"256799","0.11902588605880737","0.11902588605880737","0.11902588605880737","2567","2567","2567"
"256899","0.11810289323329926","0.11810289323329926","0.11810289323329926","2568","2568","2568"
"256999","0.11983665078878403","0.11983665078878403","0.11983665078878403","2569","2569","2569"
"257099","0.12359779328107834","0.12359779328107834","0.12359779328107834","2570","2570","2570"
"257199","0.11922641098499298","0.11922641098499298","0.11922641098499298","2571","2571","2571"
"257299","0.11158858984708786","0.11158858984708786","0.11158858984708786","2572","2572","2572"
"257399","0.11754835397005081","0.11754835397005081","0.11754835397005081","2573","2573","2573"
"257499","0.12052983045578003","0.12052983045578003","0.12052983045578003","2574","2574","2574"
"257599","0.12049248814582825","0.12049248814582825","0.12049248814582825","2575","2575","2575"
"257699","0.11691836267709732","0.11691836267709732","0.11691836267709732","2576","2576","2576"
"257799","0.11635152250528336","0.11635152250528336","0.11635152250528336","2577","2577","2577"
"257899","0.12502628564834595","0.12502628564834595","0.12502628564834595","2578","2578","2578"
"257999","0.12193024903535843","0.12193024903535843","0.12193024903535843","2579","2579","2579"
"258099","0.11789076030254364","0.11789076030254364","0.11789076030254364","2580","2580","2580"
"258199","0.12172723561525345","0.12172723561525345","0.12172723561525345","2581","2581","2581"
"258299","0.11653865873813629","0.11653865873813629","0.11653865873813629","2582","2582","2582"
"258399","0.11584289371967316","0.11584289371967316","0.11584289371967316","2583","2583","2583"
"258499","0.11656932532787323","0.11656932532787323","0.11656932532787323","2584","2584","2584"
"258599","0.1137295588850975","0.1137295588850975","0.1137295588850975","2585","2585","2585"
"258699","0.11635846644639969","0.11635846644639969","0.11635846644639969","2586","2586","2586"
"258799","0.1240326538681984","0.1240326538681984","0.1240326538681984","2587","2587","2587"
"258899","0.11493518948554993","0.11493518948554993","0.11493518948554993","2588","2588","2588"
"258999","0.11664748191833496","0.11664748191833496","0.11664748191833496","2589","2589","2589"
"259099","0.11430817097425461","0.11430817097425461","0.11430817097425461","2590","2590","2590"
"259199","0.11292291432619095","0.11292291432619095","0.11292291432619095","2591","2591","2591"
"259299","0.11775407195091248","0.11775407195091248","0.11775407195091248","2592","2592","2592"
"259399","0.11866673082113266","0.11866673082113266","0.11866673082113266","2593","2593","2593"
"259499","0.12265055626630783","0.12265055626630783","0.12265055626630783","2594","2594","2594"
"259599","0.12220025807619095","0.12220025807619095","0.12220025807619095","2595","2595","2595"
"259699","0.12160603702068329","0.12160603702068329","0.12160603702068329","2596","2596","2596"
"259799","0.1210252195596695","0.1210252195596695","0.1210252195596695","2597","2597","2597"
"259899","0.1197226494550705","0.1197226494550705","0.1197226494550705","2598","2598","2598"
"259999","0.11586085706949234","0.11586085706949234","0.11586085706949234","2599","2599","2599"
"260099","0.11517883837223053","0.11517883837223053","0.11517883837223053","2600","2600","2600"
"260199","0.1193174421787262","0.1193174421787262","0.1193174421787262","2601","2601","2601"
"260299","0.12213758379220963","0.12213758379220963","0.12213758379220963","2602","2602","2602"
"260399","0.12161952257156372","0.12161952257156372","0.12161952257156372","2603","2603","2603"
"260499","0.11333290487527847","0.11333290487527847","0.11333290487527847","2604","2604","2604"
"260599","0.12394334375858307","0.12394334375858307","0.12394334375858307","2605","2605","2605"
"260699","0.11820918321609497","0.11820918321609497","0.11820918321609497","2606","2606","2606"
"260799","0.1216743215918541","0.1216743215918541","0.1216743215918541","2607","2607","2607"
"260899","0.12372777611017227","0.12372777611017227","0.12372777611017227","2608","2608","2608"
"260999","0.11675161123275757","0.11675161123275757","0.11675161123275757","2609","2609","2609"
"261099","0.12439177930355072","0.12439177930355072","0.12439177930355072","2610","2610","2610"
"261199","0.12087245285511017","0.12087245285511017","0.12087245285511017","2611","2611","2611"
"261299","0.12124573439359665","0.12124573439359665","0.12124573439359665","2612","2612","2612"
"261399","0.11769507080316544","0.11769507080316544","0.11769507080316544","2613","2613","2613"
"261499","0.11689278483390808","0.11689278483390808","0.11689278483390808","2614","2614","2614"
"261599","0.11538352072238922","0.11538352072238922","0.11538352072238922","2615","2615","2615"
"261699","0.12014028429985046","0.12014028429985046","0.12014028429985046","2616","2616","2616"
"261799","0.11671462655067444","0.11671462655067444","0.11671462655067444","2617","2617","2617"
"261899","0.12052835524082184","0.12052835524082184","0.12052835524082184","2618","2618","2618"
"261999","0.11822639405727386","0.11822639405727386","0.11822639405727386","2619","2619","2619"
"262099","0.11633598804473877","0.11633598804473877","0.11633598804473877","2620","2620","2620"
"262199","0.11793583631515503","0.11793583631515503","0.11793583631515503","2621","2621","2621"
"262299","0.11513692885637283","0.11513692885637283","0.11513692885637283","2622","2622","2622"
"262399","0.12565496563911438","0.12565496563911438","0.12565496563911438","2623","2623","2623"
"262499","0.11590045690536499","0.11590045690536499","0.11590045690536499","2624","2624","2624"
"262599","0.12204322963953018","0.12204322963953018","0.12204322963953018","2625","2625","2625"
"262699","0.11345988512039185","0.11345988512039185","0.11345988512039185","2626","2626","2626"
"262799","0.11738422513008118","0.11738422513008118","0.11738422513008118","2627","2627","2627"
"262899","0.1224142536520958","0.1224142536520958","0.1224142536520958","2628","2628","2628"
"262999","0.12439312040805817","0.12439312040805817","0.12439312040805817","2629","2629","2629"
"263099","0.11535541713237762","0.11535541713237762","0.11535541713237762","2630","2630","2630"
"263199","0.11781691014766693","0.11781691014766693","0.11781691014766693","2631","2631","2631"
"263299","0.11633551120758057","0.11633551120758057","0.11633551120758057","2632","2632","2632"
"263399","0.11823886632919312","0.11823886632919312","0.11823886632919312","2633","2633","2633"
"263499","0.11858870834112167","0.11858870834112167","0.11858870834112167","2634","2634","2634"
"263599","0.11637800186872482","0.11637800186872482","0.11637800186872482","2635","2635","2635"
"263699","0.11685999482870102","0.11685999482870102","0.11685999482870102","2636","2636","2636"
"263799","0.11799733340740204","0.11799733340740204","0.11799733340740204","2637","2637","2637"
"263899","0.1161855086684227","0.1161855086684227","0.1161855086684227","2638","2638","2638"
"263999","0.11200448870658875","0.11200448870658875","0.11200448870658875","2639","2639","2639"
"264099","0.12242845445871353","0.12242845445871353","0.12242845445871353","2640","2640","2640"
"264199","0.1228492334485054","0.1228492334485054","0.1228492334485054","2641","2641","2641"
"264299","0.12217561900615692","0.12217561900615692","0.12217561900615692","2642","2642","2642"
"264399","0.1181315928697586","0.1181315928697586","0.1181315928697586","2643","2643","2643"
"264499","0.12231237441301346","0.12231237441301346","0.12231237441301346","2644","2644","2644"
"264599","0.11349532753229141","0.11349532753229141","0.11349532753229141","2645","2645","2645"
"264699","0.12069644778966904","0.12069644778966904","0.12069644778966904","2646","2646","2646"
"264799","0.11540880054235458","0.11540880054235458","0.11540880054235458","2647","2647","2647"
"264899","0.11936561018228531","0.11936561018228531","0.11936561018228531","2648","2648","2648"
"264999","0.11549128592014313","0.11549128592014313","0.11549128592014313","2649","2649","2649"
"265099","0.1238180473446846","0.1238180473446846","0.1238180473446846","2650","2650","2650"
"265199","0.11681900918483734","0.11681900918483734","0.11681900918483734","2651","2651","2651"
"265299","0.12003855407238007","0.12003855407238007","0.12003855407238007","2652","2652","2652"
"265399","0.12009462714195251","0.12009462714195251","0.12009462714195251","2653","2653","2653"
"265499","0.11602722853422165","0.11602722853422165","0.11602722853422165","2654","2654","2654"
"265599","0.1193266287446022","0.1193266287446022","0.1193266287446022","2655","2655","2655"
"265699","0.12107911705970764","0.12107911705970764","0.12107911705970764","2656","2656","2656"
"265799","0.11440910398960114","0.11440910398960114","0.11440910398960114","2657","2657","2657"
"265899","0.12200254946947098","0.12200254946947098","0.12200254946947098","2658","2658","2658"
"265999","0.11693479865789413","0.11693479865789413","0.11693479865789413","2659","2659","2659"
"266099","0.11595845967531204","0.11595845967531204","0.11595845967531204","2660","2660","2660"
"266199","0.11633071303367615","0.11633071303367615","0.11633071303367615","2661","2661","2661"
"266299","0.12239459902048111","0.12239459902048111","0.12239459902048111","2662","2662","2662"
"266399","0.1191808208823204","0.1191808208823204","0.1191808208823204","2663","2663","2663"
"266499","0.11565295606851578","0.11565295606851578","0.11565295606851578","2664","2664","2664"
"266599","0.11820600926876068","0.11820600926876068","0.11820600926876068","2665","2665","2665"
"266699","0.1238674595952034","0.1238674595952034","0.1238674595952034","2666","2666","2666"
"266799","0.11752640455961227","0.11752640455961227","0.11752640455961227","2667","2667","2667"
"266899","0.12085805833339691","0.12085805833339691","0.12085805833339691","2668","2668","2668"
"266999","0.11767709255218506","0.11767709255218506","0.11767709255218506","2669","2669","2669"
"267099","0.12285532057285309","0.12285532057285309","0.12285532057285309","2670","2670","2670"
"267199","0.12489374727010727","0.12489374727010727","0.12489374727010727","2671","2671","2671"
"267299","0.12114138901233673","0.12114138901233673","0.12114138901233673","2672","2672","2672"
"267399","0.12710987031459808","0.12710987031459808","0.12710987031459808","2673","2673","2673"
"267499","0.11415765434503555","0.11415765434503555","0.11415765434503555","2674","2674","2674"
"267599","0.12265476584434509","0.12265476584434509","0.12265476584434509","2675","2675","2675"
"267699","0.12047699838876724","0.12047699838876724","0.12047699838876724","2676","2676","2676"
"267799","0.11214098334312439","0.11214098334312439","0.11214098334312439","2677","2677","2677"
"267899","0.11832994222640991","0.11832994222640991","0.11832994222640991","2678","2678","2678"
"267999","0.11755231767892838","0.11755231767892838","0.11755231767892838","2679","2679","2679"
"268099","0.11131350696086884","0.11131350696086884","0.11131350696086884","2680","2680","2680"
"268199","0.11873729526996613","0.11873729526996613","0.11873729526996613","2681","2681","2681"
"268299","0.11415883898735046","0.11415883898735046","0.11415883898735046","2682","2682","2682"
"268399","0.12270951271057129","0.12270951271057129","0.12270951271057129","2683","2683","2683"
"268499","0.12051350623369217","0.12051350623369217","0.12051350623369217","2684","2684","2684"
"268599","0.11957938224077225","0.11957938224077225","0.11957938224077225","2685","2685","2685"
"268699","0.11941096186637878","0.11941096186637878","0.11941096186637878","2686","2686","2686"
"268799","0.11233531683683395","0.11233531683683395","0.11233531683683395","2687","2687","2687"
"268899","0.1139240711927414","0.1139240711927414","0.1139240711927414","2688","2688","2688"
"268999","0.11572838574647903","0.11572838574647903","0.11572838574647903","2689","2689","2689"
"269099","0.11578241735696793","0.11578241735696793","0.11578241735696793","2690","2690","2690"
"269199","0.11652210354804993","0.11652210354804993","0.11652210354804993","2691","2691","2691"
"269299","0.11954734474420547","0.11954734474420547","0.11954734474420547","2692","2692","2692"
"269399","0.12459643185138702","0.12459643185138702","0.12459643185138702","2693","2693","2693"
"269499","0.11644235998392105","0.11644235998392105","0.11644235998392105","2694","2694","2694"
"269599","0.11980842798948288","0.11980842798948288","0.11980842798948288","2695","2695","2695"
"269699","0.1257859170436859","0.1257859170436859","0.1257859170436859","2696","2696","2696"
"269799","0.12084489315748215","0.12084489315748215","0.12084489315748215","2697","2697","2697"
"269899","0.11994979530572891","0.11994979530572891","0.11994979530572891","2698","2698","2698"
"269999","0.12534455955028534","0.12534455955028534","0.12534455955028534","2699","2699","2699"
"270099","0.11391039937734604","0.11391039937734604","0.11391039937734604","2700","2700","2700"
"270199","0.11821626126766205","0.11821626126766205","0.11821626126766205","2701","2701","2701"
"270299","0.11782463639974594","0.11782463639974594","0.11782463639974594","2702","2702","2702"
"270399","0.12174434214830399","0.12174434214830399","0.12174434214830399","2703","2703","2703"
"270499","0.11390846222639084","0.11390846222639084","0.11390846222639084","2704","2704","2704"
"270599","0.12073130905628204","0.12073130905628204","0.12073130905628204","2705","2705","2705"
"270699","0.12029750645160675","0.12029750645160675","0.12029750645160675","2706","2706","2706"
"270799","0.12012796103954315","0.12012796103954315","0.12012796103954315","2707","2707","2707"
"270899","0.11996234208345413","0.11996234208345413","0.11996234208345413","2708","2708","2708"
"270999","0.12578672170639038","0.12578672170639038","0.12578672170639038","2709","2709","2709"
"271099","0.11978825181722641","0.11978825181722641","0.11978825181722641","2710","2710","2710"
"271199","0.11429603397846222","0.11429603397846222","0.11429603397846222","2711","2711","2711"
"271299","0.11909323185682297","0.11909323185682297","0.11909323185682297","2712","2712","2712"
"271399","0.1225660890340805","0.1225660890340805","0.1225660890340805","2713","2713","2713"
"271499","0.114090695977211","0.114090695977211","0.114090695977211","2714","2714","2714"
"271599","0.12492958456277847","0.12492958456277847","0.12492958456277847","2715","2715","2715"
"271699","0.11470873653888702","0.11470873653888702","0.11470873653888702","2716","2716","2716"
"271799","0.11726450175046921","0.11726450175046921","0.11726450175046921","2717","2717","2717"
"271899","0.1199965551495552","0.1199965551495552","0.1199965551495552","2718","2718","2718"
"271999","0.1203620508313179","0.1203620508313179","0.1203620508313179","2719","2719","2719"
"272099","0.12161687016487122","0.12161687016487122","0.12161687016487122","2720","2720","2720"
"272199","0.119579017162323","0.119579017162323","0.119579017162323","2721","2721","2721"
"272299","0.12482520937919617","0.12482520937919617","0.12482520937919617","2722","2722","2722"
"272399","0.1130731850862503","0.1130731850862503","0.1130731850862503","2723","2723","2723"
"272499","0.11800140887498856","0.11800140887498856","0.11800140887498856","2724","2724","2724"
"272599","0.11765401065349579","0.11765401065349579","0.11765401065349579","2725","2725","2725"
"272699","0.12116219848394394","0.12116219848394394","0.12116219848394394","2726","2726","2726"
"272799","0.11840072274208069","0.11840072274208069","0.11840072274208069","2727","2727","2727"
"272899","0.11538786441087723","0.11538786441087723","0.11538786441087723","2728","2728","2728"
"272999","0.11449076980352402","0.11449076980352402","0.11449076980352402","2729","2729","2729"
"273099","0.11617700010538101","0.11617700010538101","0.11617700010538101","2730","2730","2730"
"273199","0.12120930850505829","0.12120930850505829","0.12120930850505829","2731","2731","2731"
"273299","0.11461799591779709","0.11461799591779709","0.11461799591779709","2732","2732","2732"
"273399","0.11822380870580673","0.11822380870580673","0.11822380870580673","2733","2733","2733"
"273499","0.11665038019418716","0.11665038019418716","0.11665038019418716","2734","2734","2734"
"273599","0.12079491466283798","0.12079491466283798","0.12079491466283798","2735","2735","2735"
"273699","0.11947377771139145","0.11947377771139145","0.11947377771139145","2736","2736","2736"
"273799","0.11892865598201752","0.11892865598201752","0.11892865598201752","2737","2737","2737"
"273899","0.11743131279945374","0.11743131279945374","0.11743131279945374","2738","2738","2738"
"273999","0.12092021852731705","0.12092021852731705","0.12092021852731705","2739","2739","2739"
"274099","0.11229386925697327","0.11229386925697327","0.11229386925697327","2740","2740","2740"
"274199","0.1171780377626419","0.1171780377626419","0.1171780377626419","2741","2741","2741"
"274299","0.1178099513053894","0.1178099513053894","0.1178099513053894","2742","2742","2742"
"274399","0.12101104110479355","0.12101104110479355","0.12101104110479355","2743","2743","2743"
"274499","0.11909769475460052","0.11909769475460052","0.11909769475460052","2744","2744","2744"
"274599","0.12404082715511322","0.12404082715511322","0.12404082715511322","2745","2745","2745"
"274699","0.11299563944339752","0.11299563944339752","0.11299563944339752","2746","2746","2746"
"274799","0.11546593904495239","0.11546593904495239","0.11546593904495239","2747","2747","2747"
"274899","0.1273343712091446","0.1273343712091446","0.1273343712091446","2748","2748","2748"
"274999","0.12377513945102692","0.12377513945102692","0.12377513945102692","2749","2749","2749"
"275099","0.11761269718408585","0.11761269718408585","0.11761269718408585","2750","2750","2750"
"275199","0.12011119723320007","0.12011119723320007","0.12011119723320007","2751","2751","2751"
"275299","0.11870427429676056","0.11870427429676056","0.11870427429676056","2752","2752","2752"
"275399","0.11547712236642838","0.11547712236642838","0.11547712236642838","2753","2753","2753"
"275499","0.1154986247420311","0.1154986247420311","0.1154986247420311","2754","2754","2754"
"275599","0.11863459646701813","0.11863459646701813","0.11863459646701813","2755","2755","2755"
"275699","0.12060640007257462","0.12060640007257462","0.12060640007257462","2756","2756","2756"
"275799","0.119542196393013","0.119542196393013","0.119542196393013","2757","2757","2757"
"275899","0.11912655830383301","0.11912655830383301","0.11912655830383301","2758","2758","2758"
"275999","0.11542242765426636","0.11542242765426636","0.11542242765426636","2759","2759","2759"
"276099","0.11560477316379547","0.11560477316379547","0.11560477316379547","2760","2760","2760"
"276199","0.11584725230932236","0.11584725230932236","0.11584725230932236","2761","2761","2761"
"276299","0.11826108396053314","0.11826108396053314","0.11826108396053314","2762","2762","2762"
"276399","0.11770255118608475","0.11770255118608475","0.11770255118608475","2763","2763","2763"
"276499","0.11281073838472366","0.11281073838472366","0.11281073838472366","2764","2764","2764"
"276599","0.11861855536699295","0.11861855536699295","0.11861855536699295","2765","2765","2765"
"276699","0.11781390011310577","0.11781390011310577","0.11781390011310577","2766","2766","2766"
"276799","0.1158352941274643","0.1158352941274643","0.1158352941274643","2767","2767","2767"
"276899","0.11060632765293121","0.11060632765293121","0.11060632765293121","2768","2768","2768"
"276999","0.1184268519282341","0.1184268519282341","0.1184268519282341","2769","2769","2769"
"277099","0.11254843324422836","0.11254843324422836","0.11254843324422836","2770","2770","2770"
"277199","0.1138908788561821","0.1138908788561821","0.1138908788561821","2771","2771","2771"
"277299","0.12198293209075928","0.12198293209075928","0.12198293209075928","2772","2772","2772"
"277399","0.12406355142593384","0.12406355142593384","0.12406355142593384","2773","2773","2773"
"277499","0.11680334806442261","0.11680334806442261","0.11680334806442261","2774","2774","2774"
"277599","0.11426414549350739","0.11426414549350739","0.11426414549350739","2775","2775","2775"
"277699","0.11890195310115814","0.11890195310115814","0.11890195310115814","2776","2776","2776"
"277799","0.1163611188530922","0.1163611188530922","0.1163611188530922","2777","2777","2777"
"277899","0.11985893547534943","0.11985893547534943","0.11985893547534943","2778","2778","2778"
"277999","0.11586029827594757","0.11586029827594757","0.11586029827594757","2779","2779","2779"
"278099","0.12612605094909668","0.12612605094909668","0.12612605094909668","2780","2780","2780"
"278199","0.11815052479505539","0.11815052479505539","0.11815052479505539","2781","2781","2781"
"278299","0.11598911136388779","0.11598911136388779","0.11598911136388779","2782","2782","2782"
"278399","0.11913296580314636","0.11913296580314636","0.11913296580314636","2783","2783","2783"
"278499","0.11533880978822708","0.11533880978822708","0.11533880978822708","2784","2784","2784"
"278599","0.12018313258886337","0.12018313258886337","0.12018313258886337","2785","2785","2785"
"278699","0.12313883751630783","0.12313883751630783","0.12313883751630783","2786","2786","2786"
"278799","0.11477682739496231","0.11477682739496231","0.11477682739496231","2787","2787","2787"
"278899","0.12551115453243256","0.12551115453243256","0.12551115453243256","2788","2788","2788"
"278999","0.11535384505987167","0.11535384505987167","0.11535384505987167","2789","2789","2789"
"279099","0.12496931850910187","0.12496931850910187","0.12496931850910187","2790","2790","2790"
"279199","0.1183660626411438","0.1183660626411438","0.1183660626411438","2791","2791","2791"
"279299","0.12343502044677734","0.12343502044677734","0.12343502044677734","2792","2792","2792"
"279399","0.1173236146569252","0.1173236146569252","0.1173236146569252","2793","2793","2793"
"279499","0.1263161599636078","0.1263161599636078","0.1263161599636078","2794","2794","2794"
"279599","0.11862167716026306","0.11862167716026306","0.11862167716026306","2795","2795","2795"
"279699","0.12179601192474365","0.12179601192474365","0.12179601192474365","2796","2796","2796"
"279799","0.11940734088420868","0.11940734088420868","0.11940734088420868","2797","2797","2797"
"279899","0.11739978194236755","0.11739978194236755","0.11739978194236755","2798","2798","2798"
"279999","0.11484742164611816","0.11484742164611816","0.11484742164611816","2799","2799","2799"
"280099","0.10551053285598755","0.10551053285598755","0.10551053285598755","2800","2800","2800"
"280199","0.12293050438165665","0.12293050438165665","0.12293050438165665","2801","2801","2801"
"280299","0.11743773519992828","0.11743773519992828","0.11743773519992828","2802","2802","2802"
"280399","0.11688181757926941","0.11688181757926941","0.11688181757926941","2803","2803","2803"
"280499","0.12036075443029404","0.12036075443029404","0.12036075443029404","2804","2804","2804"
"280599","0.11795112490653992","0.11795112490653992","0.11795112490653992","2805","2805","2805"
"280699","0.11572909355163574","0.11572909355163574","0.11572909355163574","2806","2806","2806"
"280799","0.11795353144407272","0.11795353144407272","0.11795353144407272","2807","2807","2807"
"280899","0.11713115125894547","0.11713115125894547","0.11713115125894547","2808","2808","2808"
"280999","0.11895699799060822","0.11895699799060822","0.11895699799060822","2809","2809","2809"
"281099","0.11057652533054352","0.11057652533054352","0.11057652533054352","2810","2810","2810"
"281199","0.124778613448143","0.124778613448143","0.124778613448143","2811","2811","2811"
"281299","0.11945446580648422","0.11945446580648422","0.11945446580648422","2812","2812","2812"
"281399","0.12859944999217987","0.12859944999217987","0.12859944999217987","2813","2813","2813"
"281499","0.11992985755205154","0.11992985755205154","0.11992985755205154","2814","2814","2814"
"281599","0.1182786375284195","0.1182786375284195","0.1182786375284195","2815","2815","2815"
"281699","0.11662010848522186","0.11662010848522186","0.11662010848522186","2816","2816","2816"
"281799","0.11655483394861221","0.11655483394861221","0.11655483394861221","2817","2817","2817"
"281899","0.121738500893116","0.121738500893116","0.121738500893116","2818","2818","2818"
"281999","0.12066066265106201","0.12066066265106201","0.12066066265106201","2819","2819","2819"
"282099","0.11705153435468674","0.11705153435468674","0.11705153435468674","2820","2820","2820"
"282199","0.11924795806407928","0.11924795806407928","0.11924795806407928","2821","2821","2821"
"282299","0.12149303406476974","0.12149303406476974","0.12149303406476974","2822","2822","2822"
"282399","0.12399149686098099","0.12399149686098099","0.12399149686098099","2823","2823","2823"
"282499","0.11921828240156174","0.11921828240156174","0.11921828240156174","2824","2824","2824"
"282599","0.11816741526126862","0.11816741526126862","0.11816741526126862","2825","2825","2825"
"282699","0.1217876672744751","0.1217876672744751","0.1217876672744751","2826","2826","2826"
"282799","0.11804667115211487","0.11804667115211487","0.11804667115211487","2827","2827","2827"
"282899","0.11845424026250839","0.11845424026250839","0.11845424026250839","2828","2828","2828"
"282999","0.12374795973300934","0.12374795973300934","0.12374795973300934","2829","2829","2829"
"283099","0.12618203461170197","0.12618203461170197","0.12618203461170197","2830","2830","2830"
"283199","0.1231749877333641","0.1231749877333641","0.1231749877333641","2831","2831","2831"
"283299","0.11866185814142227","0.11866185814142227","0.11866185814142227","2832","2832","2832"
"283399","0.11899875849485397","0.11899875849485397","0.11899875849485397","2833","2833","2833"
"283499","0.1194971576333046","0.1194971576333046","0.1194971576333046","2834","2834","2834"
"283599","0.11866084486246109","0.11866084486246109","0.11866084486246109","2835","2835","2835"
"283699","0.11492635309696198","0.11492635309696198","0.11492635309696198","2836","2836","2836"
"283799","0.11937891691923141","0.11937891691923141","0.11937891691923141","2837","2837","2837"
"283899","0.11836088448762894","0.11836088448762894","0.11836088448762894","2838","2838","2838"
"283999","0.1144508570432663","0.1144508570432663","0.1144508570432663","2839","2839","2839"
"284099","0.11516401171684265","0.11516401171684265","0.11516401171684265","2840","2840","2840"
"284199","0.12105080485343933","0.12105080485343933","0.12105080485343933","2841","2841","2841"
"284299","0.1173926442861557","0.1173926442861557","0.1173926442861557","2842","2842","2842"
"284399","0.11800987273454666","0.11800987273454666","0.11800987273454666","2843","2843","2843"
"284499","0.12080907076597214","0.12080907076597214","0.12080907076597214","2844","2844","2844"
"284599","0.11284152418375015","0.11284152418375015","0.11284152418375015","2845","2845","2845"
"284699","0.12283270806074142","0.12283270806074142","0.12283270806074142","2846","2846","2846"
"284799","0.12352621555328369","0.12352621555328369","0.12352621555328369","2847","2847","2847"
"284899","0.11711228638887405","0.11711228638887405","0.11711228638887405","2848","2848","2848"
"284999","0.12371332943439484","0.12371332943439484","0.12371332943439484","2849","2849","2849"
"285099","0.11692756414413452","0.11692756414413452","0.11692756414413452","2850","2850","2850"
"285199","0.12110087275505066","0.12110087275505066","0.12110087275505066","2851","2851","2851"
"285299","0.11607374250888824","0.11607374250888824","0.11607374250888824","2852","2852","2852"
"285399","0.12170082330703735","0.12170082330703735","0.12170082330703735","2853","2853","2853"
"285499","0.11546299606561661","0.11546299606561661","0.11546299606561661","2854","2854","2854"
"285599","0.11024229973554611","0.11024229973554611","0.11024229973554611","2855","2855","2855"
"285699","0.11617521196603775","0.11617521196603775","0.11617521196603775","2856","2856","2856"
"285799","0.11848292499780655","0.11848292499780655","0.11848292499780655","2857","2857","2857"
"285899","0.11445587873458862","0.11445587873458862","0.11445587873458862","2858","2858","2858"
"285999","0.11618959158658981","0.11618959158658981","0.11618959158658981","2859","2859","2859"
"286099","0.11902988702058792","0.11902988702058792","0.11902988702058792","2860","2860","2860"
"286199","0.11959552764892578","0.11959552764892578","0.11959552764892578","2861","2861","2861"
"286299","0.11666975170373917","0.11666975170373917","0.11666975170373917","2862","2862","2862"
"286399","0.12223989516496658","0.12223989516496658","0.12223989516496658","2863","2863","2863"
"286499","0.12175457924604416","0.12175457924604416","0.12175457924604416","2864","2864","2864"
"286599","0.12143628299236298","0.12143628299236298","0.12143628299236298","2865","2865","2865"
"286699","0.12066140025854111","0.12066140025854111","0.12066140025854111","2866","2866","2866"
"286799","0.1178293228149414","0.1178293228149414","0.1178293228149414","2867","2867","2867"
"286899","0.1164025217294693","0.1164025217294693","0.1164025217294693","2868","2868","2868"
"286999","0.11872950941324234","0.11872950941324234","0.11872950941324234","2869","2869","2869"
"287099","0.12127923220396042","0.12127923220396042","0.12127923220396042","2870","2870","2870"
"287199","0.11483818292617798","0.11483818292617798","0.11483818292617798","2871","2871","2871"
"287299","0.11481016129255295","0.11481016129255295","0.11481016129255295","2872","2872","2872"
"287399","0.11292658746242523","0.11292658746242523","0.11292658746242523","2873","2873","2873"
"287499","0.11879654973745346","0.11879654973745346","0.11879654973745346","2874","2874","2874"
"287599","0.1137782633304596","0.1137782633304596","0.1137782633304596","2875","2875","2875"
"287699","0.12543238699436188","0.12543238699436188","0.12543238699436188","2876","2876","2876"
"287799","0.11831407994031906","0.11831407994031906","0.11831407994031906","2877","2877","2877"
"287899","0.11436249315738678","0.11436249315738678","0.11436249315738678","2878","2878","2878"
"287999","0.11313538998365402","0.11313538998365402","0.11313538998365402","2879","2879","2879"
"288099","0.12155236303806305","0.12155236303806305","0.12155236303806305","2880","2880","2880"
"288199","0.12386942654848099","0.12386942654848099","0.12386942654848099","2881","2881","2881"
"288299","0.11314623057842255","0.11314623057842255","0.11314623057842255","2882","2882","2882"
"288399","0.11535896360874176","0.11535896360874176","0.11535896360874176","2883","2883","2883"
"288499","0.11629483103752136","0.11629483103752136","0.11629483103752136","2884","2884","2884"
"288599","0.11530397087335587","0.11530397087335587","0.11530397087335587","2885","2885","2885"
"288699","0.1180068776011467","0.1180068776011467","0.1180068776011467","2886","2886","2886"
"288799","0.12148566544055939","0.12148566544055939","0.12148566544055939","2887","2887","2887"
"288899","0.11557167023420334","0.11557167023420334","0.11557167023420334","2888","2888","2888"
"288999","0.11705987900495529","0.11705987900495529","0.11705987900495529","2889","2889","2889"
"289099","0.11808683723211288","0.11808683723211288","0.11808683723211288","2890","2890","2890"
"289199","0.11293067038059235","0.11293067038059235","0.11293067038059235","2891","2891","2891"
"289299","0.11321888118982315","0.11321888118982315","0.11321888118982315","2892","2892","2892"
"289399","0.11425242573022842","0.11425242573022842","0.11425242573022842","2893","2893","2893"
"289499","0.11947035789489746","0.11947035789489746","0.11947035789489746","2894","2894","2894"
"289599","0.11761171370744705","0.11761171370744705","0.11761171370744705","2895","2895","2895"
"289699","0.1197424978017807","0.1197424978017807","0.1197424978017807","2896","2896","2896"
"289799","0.11444280296564102","0.11444280296564102","0.11444280296564102","2897","2897","2897"
"289899","0.11448543518781662","0.11448543518781662","0.11448543518781662","2898","2898","2898"
"289999","0.11723252385854721","0.11723252385854721","0.11723252385854721","2899","2899","2899"
"290099","0.11567388474941254","0.11567388474941254","0.11567388474941254","2900","2900","2900"
"290199","0.1176634207367897","0.1176634207367897","0.1176634207367897","2901","2901","2901"
"290299","0.11803705990314484","0.11803705990314484","0.11803705990314484","2902","2902","2902"
"290399","0.1143205463886261","0.1143205463886261","0.1143205463886261","2903","2903","2903"
"290499","0.11990150064229965","0.11990150064229965","0.11990150064229965","2904","2904","2904"
"290599","0.11536962538957596","0.11536962538957596","0.11536962538957596","2905","2905","2905"
"290699","0.12150619179010391","0.12150619179010391","0.12150619179010391","2906","2906","2906"
"290799","0.11377722769975662","0.11377722769975662","0.11377722769975662","2907","2907","2907"
"290899","0.12092726677656174","0.12092726677656174","0.12092726677656174","2908","2908","2908"
"290999","0.12077544629573822","0.12077544629573822","0.12077544629573822","2909","2909","2909"
"291099","0.11576575040817261","0.11576575040817261","0.11576575040817261","2910","2910","2910"
"291199","0.11947467923164368","0.11947467923164368","0.11947467923164368","2911","2911","2911"
"291299","0.1169499084353447","0.1169499084353447","0.1169499084353447","2912","2912","2912"
"291399","0.12066653370857239","0.12066653370857239","0.12066653370857239","2913","2913","2913"
"291499","0.11650492995977402","0.11650492995977402","0.11650492995977402","2914","2914","2914"
"291599","0.1273159682750702","0.1273159682750702","0.1273159682750702","2915","2915","2915"
"291699","0.11397071182727814","0.11397071182727814","0.11397071182727814","2916","2916","2916"
"291799","0.12423571944236755","0.12423571944236755","0.12423571944236755","2917","2917","2917"
"291899","0.1214514821767807","0.1214514821767807","0.1214514821767807","2918","2918","2918"
"291999","0.11981744319200516","0.11981744319200516","0.11981744319200516","2919","2919","2919"
"292099","0.11402663588523865","0.11402663588523865","0.11402663588523865","2920","2920","2920"
"292199","0.11258194595575333","0.11258194595575333","0.11258194595575333","2921","2921","2921"
"292299","0.12474104017019272","0.12474104017019272","0.12474104017019272","2922","2922","2922"
"292399","0.1216975674033165","0.1216975674033165","0.1216975674033165","2923","2923","2923"
"292499","0.11758863180875778","0.11758863180875778","0.11758863180875778","2924","2924","2924"
"292599","0.12013547867536545","0.12013547867536545","0.12013547867536545","2925","2925","2925"
"292699","0.11798588186502457","0.11798588186502457","0.11798588186502457","2926","2926","2926"
"292799","0.11619298160076141","0.11619298160076141","0.11619298160076141","2927","2927","2927"
"292899","0.12034051865339279","0.12034051865339279","0.12034051865339279","2928","2928","2928"
"292999","0.12631148099899292","0.12631148099899292","0.12631148099899292","2929","2929","2929"
"293099","0.12184380739927292","0.12184380739927292","0.12184380739927292","2930","2930","2930"
"293199","0.11100978404283524","0.11100978404283524","0.11100978404283524","2931","2931","2931"
"293299","0.12067342549562454","0.12067342549562454","0.12067342549562454","2932","2932","2932"
"293399","0.11710990965366364","0.11710990965366364","0.11710990965366364","2933","2933","2933"
"293499","0.12222424149513245","0.12222424149513245","0.12222424149513245","2934","2934","2934"
"293599","0.11309068650007248","0.11309068650007248","0.11309068650007248","2935","2935","2935"
"293699","0.11752912402153015","0.11752912402153015","0.11752912402153015","2936","2936","2936"
"293799","0.12094029784202576","0.12094029784202576","0.12094029784202576","2937","2937","2937"
"293899","0.12122905254364014","0.12122905254364014","0.12122905254364014","2938","2938","2938"
"293999","0.11599798500537872","0.11599798500537872","0.11599798500537872","2939","2939","2939"
"294099","0.12066006660461426","0.12066006660461426","0.12066006660461426","2940","2940","2940"
"294199","0.11863968521356583","0.11863968521356583","0.11863968521356583","2941","2941","2941"
"294299","0.12118597328662872","0.12118597328662872","0.12118597328662872","2942","2942","2942"
"294399","0.11621648818254471","0.11621648818254471","0.11621648818254471","2943","2943","2943"
"294499","0.11668551713228226","0.11668551713228226","0.11668551713228226","2944","2944","2944"
"294599","0.11941930651664734","0.11941930651664734","0.11941930651664734","2945","2945","2945"
"294699","0.11505906283855438","0.11505906283855438","0.11505906283855438","2946","2946","2946"
"294799","0.11836715787649155","0.11836715787649155","0.11836715787649155","2947","2947","2947"
"294899","0.1178264170885086","0.1178264170885086","0.1178264170885086","2948","2948","2948"
"294999","0.11779052019119263","0.11779052019119263","0.11779052019119263","2949","2949","2949"
"295099","0.11557720601558685","0.11557720601558685","0.11557720601558685","2950","2950","2950"
"295199","0.11768997460603714","0.11768997460603714","0.11768997460603714","2951","2951","2951"
"295299","0.11750656366348267","0.11750656366348267","0.11750656366348267","2952","2952","2952"
"295399","0.11500081419944763","0.11500081419944763","0.11500081419944763","2953","2953","2953"
"295499","0.12247645854949951","0.12247645854949951","0.12247645854949951","2954","2954","2954"
"295599","0.12354052811861038","0.12354052811861038","0.12354052811861038","2955","2955","2955"
"295699","0.12166212499141693","0.12166212499141693","0.12166212499141693","2956","2956","2956"
"295799","0.11857917904853821","0.11857917904853821","0.11857917904853821","2957","2957","2957"
"295899","0.12667728960514069","0.12667728960514069","0.12667728960514069","2958","2958","2958"
"295999","0.1216077208518982","0.1216077208518982","0.1216077208518982","2959","2959","2959"
"296099","0.12040518969297409","0.12040518969297409","0.12040518969297409","2960","2960","2960"
"296199","0.11274591833353043","0.11274591833353043","0.11274591833353043","2961","2961","2961"
"296299","0.1179087683558464","0.1179087683558464","0.1179087683558464","2962","2962","2962"
"296399","0.11579166352748871","0.11579166352748871","0.11579166352748871","2963","2963","2963"
"296499","0.1141161397099495","0.1141161397099495","0.1141161397099495","2964","2964","2964"
"296599","0.11916827410459518","0.11916827410459518","0.11916827410459518","2965","2965","2965"
"296699","0.11333325505256653","0.11333325505256653","0.11333325505256653","2966","2966","2966"
"296799","0.11759372055530548","0.11759372055530548","0.11759372055530548","2967","2967","2967"
"296899","0.1197451800107956","0.1197451800107956","0.1197451800107956","2968","2968","2968"
"296999","0.12243449687957764","0.12243449687957764","0.12243449687957764","2969","2969","2969"
"297099","0.116126149892807","0.116126149892807","0.116126149892807","2970","2970","2970"
"297199","0.11839853972196579","0.11839853972196579","0.11839853972196579","2971","2971","2971"
"297299","0.11693541705608368","0.11693541705608368","0.11693541705608368","2972","2972","2972"
"297399","0.11946728080511093","0.11946728080511093","0.11946728080511093","2973","2973","2973"
"297499","0.11917515099048615","0.11917515099048615","0.11917515099048615","2974","2974","2974"
"297599","0.1158723458647728","0.1158723458647728","0.1158723458647728","2975","2975","2975"
"297699","0.12109465152025223","0.12109465152025223","0.12109465152025223","2976","2976","2976"
"297799","0.11947467923164368","0.11947467923164368","0.11947467923164368","2977","2977","2977"
"297899","0.115567646920681","0.115567646920681","0.115567646920681","2978","2978","2978"
"297999","0.11708492785692215","0.11708492785692215","0.11708492785692215","2979","2979","2979"
"298099","0.11401337385177612","0.11401337385177612","0.11401337385177612","2980","2980","2980"
"298199","0.12467416375875473","0.12467416375875473","0.12467416375875473","2981","2981","2981"
"298299","0.12539224326610565","0.12539224326610565","0.12539224326610565","2982","2982","2982"
"298399","0.11595535278320312","0.11595535278320312","0.11595535278320312","2983","2983","2983"
"298499","0.11670727282762527","0.11670727282762527","0.11670727282762527","2984","2984","2984"
"298599","0.12134838849306107","0.12134838849306107","0.12134838849306107","2985","2985","2985"
"298699","0.11705651134252548","0.11705651134252548","0.11705651134252548","2986","2986","2986"
"298799","0.11866270750761032","0.11866270750761032","0.11866270750761032","2987","2987","2987"
"298899","0.1216089278459549","0.1216089278459549","0.1216089278459549","2988","2988","2988"
"298999","0.11931970715522766","0.11931970715522766","0.11931970715522766","2989","2989","2989"
"299099","0.11608494073152542","0.11608494073152542","0.11608494073152542","2990","2990","2990"
"299199","0.12052988260984421","0.12052988260984421","0.12052988260984421","2991","2991","2991"
"299299","0.12083399295806885","0.12083399295806885","0.12083399295806885","2992","2992","2992"
"299399","0.12054037302732468","0.12054037302732468","0.12054037302732468","2993","2993","2993"
"299499","0.1140473335981369","0.1140473335981369","0.1140473335981369","2994","2994","2994"
"299599","0.12884782254695892","0.12884782254695892","0.12884782254695892","2995","2995","2995"
"299699","0.1217942163348198","0.1217942163348198","0.1217942163348198","2996","2996","2996"
"299799","0.12521302700042725","0.12521302700042725","0.12521302700042725","2997","2997","2997"
"299899","0.118246890604496","0.118246890604496","0.118246890604496","2998","2998","2998"
"299999","0.11704489588737488","0.11704489588737488","0.11704489588737488","2999","2999","2999"
"300099","0.12575329840183258","0.12575329840183258","0.12575329840183258","3000","3000","3000"
"300199","0.11810486018657684","0.11810486018657684","0.11810486018657684","3001","3001","3001"
"300299","0.11666864901781082","0.11666864901781082","0.11666864901781082","3002","3002","3002"
"300399","0.12195499986410141","0.12195499986410141","0.12195499986410141","3003","3003","3003"
"300499","0.12230657786130905","0.12230657786130905","0.12230657786130905","3004","3004","3004"
"300599","0.12135082483291626","0.12135082483291626","0.12135082483291626","3005","3005","3005"
"300699","0.12223102152347565","0.12223102152347565","0.12223102152347565","3006","3006","3006"
"300799","0.12729910016059875","0.12729910016059875","0.12729910016059875","3007","3007","3007"
"300899","0.11666804552078247","0.11666804552078247","0.11666804552078247","3008","3008","3008"
"300999","0.12293951958417892","0.12293951958417892","0.12293951958417892","3009","3009","3009"
"301099","0.11683540046215057","0.11683540046215057","0.11683540046215057","3010","3010","3010"
"301199","0.11578318476676941","0.11578318476676941","0.11578318476676941","3011","3011","3011"
"301299","0.11762422323226929","0.11762422323226929","0.11762422323226929","3012","3012","3012"
"301399","0.11145935207605362","0.11145935207605362","0.11145935207605362","3013","3013","3013"
"301499","0.12423285096883774","0.12423285096883774","0.12423285096883774","3014","3014","3014"
"301599","0.12037073820829391","0.12037073820829391","0.12037073820829391","3015","3015","3015"
"301699","0.11486488580703735","0.11486488580703735","0.11486488580703735","3016","3016","3016"
"301799","0.1181006208062172","0.1181006208062172","0.1181006208062172","3017","3017","3017"
"301899","0.11356259882450104","0.11356259882450104","0.11356259882450104","3018","3018","3018"
"301999","0.11638560891151428","0.11638560891151428","0.11638560891151428","3019","3019","3019"
"302099","0.11725952476263046","0.11725952476263046","0.11725952476263046","3020","3020","3020"
"302199","0.11796591430902481","0.11796591430902481","0.11796591430902481","3021","3021","3021"
"302299","0.12421263009309769","0.12421263009309769","0.12421263009309769","3022","3022","3022"
"302399","0.11850039660930634","0.11850039660930634","0.11850039660930634","3023","3023","3023"
"302499","0.11464894562959671","0.11464894562959671","0.11464894562959671","3024","3024","3024"
"302599","0.11338956654071808","0.11338956654071808","0.11338956654071808","3025","3025","3025"
"302699","0.1195584088563919","0.1195584088563919","0.1195584088563919","3026","3026","3026"
"302799","0.12263786792755127","0.12263786792755127","0.12263786792755127","3027","3027","3027"
"302899","0.11799223721027374","0.11799223721027374","0.11799223721027374","3028","3028","3028"
"302999","0.11755064874887466","0.11755064874887466","0.11755064874887466","3029","3029","3029"
"303099","0.1213221400976181","0.1213221400976181","0.1213221400976181","3030","3030","3030"
"303199","0.11900565028190613","0.11900565028190613","0.11900565028190613","3031","3031","3031"
"303299","0.11996281147003174","0.11996281147003174","0.11996281147003174","3032","3032","3032"
"303399","0.12078142166137695","0.12078142166137695","0.12078142166137695","3033","3033","3033"
"303499","0.11720965057611465","0.11720965057611465","0.11720965057611465","3034","3034","3034"
"303599","0.1183018833398819","0.1183018833398819","0.1183018833398819","3035","3035","3035"
"303699","0.11363726109266281","0.11363726109266281","0.11363726109266281","3036","3036","3036"
"303799","0.1166187971830368","0.1166187971830368","0.1166187971830368","3037","3037","3037"
"303899","0.11603231728076935","0.11603231728076935","0.11603231728076935","3038","3038","3038"
"303999","0.12102238088846207","0.12102238088846207","0.12102238088846207","3039","3039","3039"
"304099","0.10904888808727264","0.10904888808727264","0.10904888808727264","3040","3040","3040"
"304199","0.12010608613491058","0.12010608613491058","0.12010608613491058","3041","3041","3041"
"304299","0.11647725850343704","0.11647725850343704","0.11647725850343704","3042","3042","3042"
"304399","0.11384884268045425","0.11384884268045425","0.11384884268045425","3043","3043","3043"
"304499","0.12228314578533173","0.12228314578533173","0.12228314578533173","3044","3044","3044"
"304599","0.11632084101438522","0.11632084101438522","0.11632084101438522","3045","3045","3045"
"304699","0.11894053965806961","0.11894053965806961","0.11894053965806961","3046","3046","3046"
"304799","0.12008880078792572","0.12008880078792572","0.12008880078792572","3047","3047","3047"
"304899","0.1168629378080368","0.1168629378080368","0.1168629378080368","3048","3048","3048"
"304999","0.12290386855602264","0.12290386855602264","0.12290386855602264","3049","3049","3049"
"305099","0.11496075242757797","0.11496075242757797","0.11496075242757797","3050","3050","3050"
"305199","0.11828558892011642","0.11828558892011642","0.11828558892011642","3051","3051","3051"
"305299","0.12164460122585297","0.12164460122585297","0.12164460122585297","3052","3052","3052"
"305399","0.1222042515873909","0.1222042515873909","0.1222042515873909","3053","3053","3053"
"305499","0.12278493493795395","0.12278493493795395","0.12278493493795395","3054","3054","3054"
"305599","0.11766009777784348","0.11766009777784348","0.11766009777784348","3055","3055","3055"
"305699","0.11836264282464981","0.11836264282464981","0.11836264282464981","3056","3056","3056"
"305799","0.11957011371850967","0.11957011371850967","0.11957011371850967","3057","3057","3057"
"305899","0.11968851834535599","0.11968851834535599","0.11968851834535599","3058","3058","3058"
"305999","0.11695218831300735","0.11695218831300735","0.11695218831300735","3059","3059","3059"
"306099","0.10838302224874496","0.10838302224874496","0.10838302224874496","3060","3060","3060"
"306199","0.1229073703289032","0.1229073703289032","0.1229073703289032","3061","3061","3061"
"306299","0.1173124834895134","0.1173124834895134","0.1173124834895134","3062","3062","3062"
"306399","0.11540800333023071","0.11540800333023071","0.11540800333023071","3063","3063","3063"
"306499","0.11999665200710297","0.11999665200710297","0.11999665200710297","3064","3064","3064"
"306599","0.11736594140529633","0.11736594140529633","0.11736594140529633","3065","3065","3065"
"306699","0.11696719378232956","0.11696719378232956","0.11696719378232956","3066","3066","3066"
"306799","0.1181241124868393","0.1181241124868393","0.1181241124868393","3067","3067","3067"
"306899","0.12015104293823242","0.12015104293823242","0.12015104293823242","3068","3068","3068"
"306999","0.11615061014890671","0.11615061014890671","0.11615061014890671","3069","3069","3069"
"307099","0.11400162428617477","0.11400162428617477","0.11400162428617477","3070","3070","3070"
"307199","0.11284201592206955","0.11284201592206955","0.11284201592206955","3071","3071","3071"
"307299","0.11862732470035553","0.11862732470035553","0.11862732470035553","3072","3072","3072"
"307399","0.11824660748243332","0.11824660748243332","0.11824660748243332","3073","3073","3073"
"307499","0.11646416783332825","0.11646416783332825","0.11646416783332825","3074","3074","3074"
"307599","0.11784718185663223","0.11784718185663223","0.11784718185663223","3075","3075","3075"
"307699","0.12642495334148407","0.12642495334148407","0.12642495334148407","3076","3076","3076"
"307799","0.11911903321743011","0.11911903321743011","0.11911903321743011","3077","3077","3077"
"307899","0.11289069056510925","0.11289069056510925","0.11289069056510925","3078","3078","3078"
"307999","0.11548123508691788","0.11548123508691788","0.11548123508691788","3079","3079","3079"
"308099","0.11454769223928452","0.11454769223928452","0.11454769223928452","3080","3080","3080"
"308199","0.12038139998912811","0.12038139998912811","0.12038139998912811","3081","3081","3081"
"308299","0.11086490750312805","0.11086490750312805","0.11086490750312805","3082","3082","3082"
"308399","0.11152573674917221","0.11152573674917221","0.11152573674917221","3083","3083","3083"
"308499","0.11328836530447006","0.11328836530447006","0.11328836530447006","3084","3084","3084"
"308599","0.1202891394495964","0.1202891394495964","0.1202891394495964","3085","3085","3085"
"308699","0.11626987904310226","0.11626987904310226","0.11626987904310226","3086","3086","3086"
"308799","0.11887619644403458","0.11887619644403458","0.11887619644403458","3087","3087","3087"
"308899","0.12900228798389435","0.12900228798389435","0.12900228798389435","3088","3088","3088"
"308999","0.11490395665168762","0.11490395665168762","0.11490395665168762","3089","3089","3089"
"309099","0.11973995715379715","0.11973995715379715","0.11973995715379715","3090","3090","3090"
"309199","0.11777783185243607","0.11777783185243607","0.11777783185243607","3091","3091","3091"
"309299","0.11424291878938675","0.11424291878938675","0.11424291878938675","3092","3092","3092"
"309399","0.11807341128587723","0.11807341128587723","0.11807341128587723","3093","3093","3093"
"309499","0.12081367522478104","0.12081367522478104","0.12081367522478104","3094","3094","3094"
"309599","0.1187300756573677","0.1187300756573677","0.1187300756573677","3095","3095","3095"
"309699","0.12013531476259232","0.12013531476259232","0.12013531476259232","3096","3096","3096"
"309799","0.11707628518342972","0.11707628518342972","0.11707628518342972","3097","3097","3097"
"309899","0.12086072564125061","0.12086072564125061","0.12086072564125061","3098","3098","3098"
"309999","0.11557558923959732","0.11557558923959732","0.11557558923959732","3099","3099","3099"
"310099","0.1190049946308136","0.1190049946308136","0.1190049946308136","3100","3100","3100"
"310199","0.11687227338552475","0.11687227338552475","0.11687227338552475","3101","3101","3101"
"310299","0.11628811806440353","0.11628811806440353","0.11628811806440353","3102","3102","3102"
"310399","0.12216413766145706","0.12216413766145706","0.12216413766145706","3103","3103","3103"
"310499","0.12333446741104126","0.12333446741104126","0.12333446741104126","3104","3104","3104"
"310599","0.11483550071716309","0.11483550071716309","0.11483550071716309","3105","3105","3105"
"310699","0.11766443401575089","0.11766443401575089","0.11766443401575089","3106","3106","3106"
"310799","0.1118881031870842","0.1118881031870842","0.1118881031870842","3107","3107","3107"
"310899","0.11629283428192139","0.11629283428192139","0.11629283428192139","3108","3108","3108"
"310999","0.11929140985012054","0.11929140985012054","0.11929140985012054","3109","3109","3109"
"311099","0.11102861166000366","0.11102861166000366","0.11102861166000366","3110","3110","3110"
"311199","0.1209573745727539","0.1209573745727539","0.1209573745727539","3111","3111","3111"
"311299","0.11988792568445206","0.11988792568445206","0.11988792568445206","3112","3112","3112"
"311399","0.12243976444005966","0.12243976444005966","0.12243976444005966","3113","3113","3113"
"311499","0.12077078223228455","0.12077078223228455","0.12077078223228455","3114","3114","3114"
"311599","0.11601853370666504","0.11601853370666504","0.11601853370666504","3115","3115","3115"
"311699","0.11681666970252991","0.11681666970252991","0.11681666970252991","3116","3116","3116"
"311799","0.11145851016044617","0.11145851016044617","0.11145851016044617","3117","3117","3117"
"311899","0.11568263918161392","0.11568263918161392","0.11568263918161392","3118","3118","3118"
"311999","0.11755045503377914","0.11755045503377914","0.11755045503377914","3119","3119","3119"
"312099","0.1168864294886589","0.1168864294886589","0.1168864294886589","3120","3120","3120"
"312199","0.11887114495038986","0.11887114495038986","0.11887114495038986","3121","3121","3121"
"312299","0.12411034107208252","0.12411034107208252","0.12411034107208252","3122","3122","3122"
"312399","0.12004868686199188","0.12004868686199188","0.12004868686199188","3123","3123","3123"
"312499","0.12251888960599899","0.12251888960599899","0.12251888960599899","3124","3124","3124"
"312599","0.11745519936084747","0.11745519936084747","0.11745519936084747","3125","3125","3125"
"312699","0.11502684652805328","0.11502684652805328","0.11502684652805328","3126","3126","3126"
"312799","0.11852133274078369","0.11852133274078369","0.11852133274078369","3127","3127","3127"
"312899","0.11340789496898651","0.11340789496898651","0.11340789496898651","3128","3128","3128"
"312999","0.12162743508815765","0.12162743508815765","0.12162743508815765","3129","3129","3129"
"313099","0.12217840552330017","0.12217840552330017","0.12217840552330017","3130","3130","3130"
"313199","0.11669167131185532","0.11669167131185532","0.11669167131185532","3131","3131","3131"
"313299","0.12116066366434097","0.12116066366434097","0.12116066366434097","3132","3132","3132"
"313399","0.1147611066699028","0.1147611066699028","0.1147611066699028","3133","3133","3133"
"313499","0.11708720028400421","0.11708720028400421","0.11708720028400421","3134","3134","3134"
"313599","0.12463632971048355","0.12463632971048355","0.12463632971048355","3135","3135","3135"
"313699","0.1153784990310669","0.1153784990310669","0.1153784990310669","3136","3136","3136"
"313799","0.11414309591054916","0.11414309591054916","0.11414309591054916","3137","3137","3137"
"313899","0.11691553890705109","0.11691553890705109","0.11691553890705109","3138","3138","3138"
"313999","0.11434368044137955","0.11434368044137955","0.11434368044137955","3139","3139","3139"
"314099","0.11795440316200256","0.11795440316200256","0.11795440316200256","3140","3140","3140"
"314199","0.1198258101940155","0.1198258101940155","0.1198258101940155","3141","3141","3141"
"314299","0.12339677661657333","0.12339677661657333","0.12339677661657333","3142","3142","3142"
"314399","0.11768905818462372","0.11768905818462372","0.11768905818462372","3143","3143","3143"
"314499","0.11834987252950668","0.11834987252950668","0.11834987252950668","3144","3144","3144"
"314599","0.12591107189655304","0.12591107189655304","0.12591107189655304","3145","3145","3145"
"314699","0.12302059680223465","0.12302059680223465","0.12302059680223465","3146","3146","3146"
"314799","0.11984419822692871","0.11984419822692871","0.11984419822692871","3147","3147","3147"
"314899","0.11857965588569641","0.11857965588569641","0.11857965588569641","3148","3148","3148"
"314999","0.11699055880308151","0.11699055880308151","0.11699055880308151","3149","3149","3149"
"315099","0.11969884485006332","0.11969884485006332","0.11969884485006332","3150","3150","3150"
"315199","0.11985491961240768","0.11985491961240768","0.11985491961240768","3151","3151","3151"
"315299","0.11917264759540558","0.11917264759540558","0.11917264759540558","3152","3152","3152"
"315399","0.11946584284305573","0.11946584284305573","0.11946584284305573","3153","3153","3153"
"315499","0.11352767050266266","0.11352767050266266","0.11352767050266266","3154","3154","3154"
"315599","0.11875031888484955","0.11875031888484955","0.11875031888484955","3155","3155","3155"
"315699","0.11510855704545975","0.11510855704545975","0.11510855704545975","3156","3156","3156"
"315799","0.11725791543722153","0.11725791543722153","0.11725791543722153","3157","3157","3157"
"315899","0.12123068422079086","0.12123068422079086","0.12123068422079086","3158","3158","3158"
"315999","0.11723926663398743","0.11723926663398743","0.11723926663398743","3159","3159","3159"
"316099","0.1140502318739891","0.1140502318739891","0.1140502318739891","3160","3160","3160"
"316199","0.11681966483592987","0.11681966483592987","0.11681966483592987","3161","3161","3161"
"316299","0.11658477783203125","0.11658477783203125","0.11658477783203125","3162","3162","3162"
"316399","0.11699840426445007","0.11699840426445007","0.11699840426445007","3163","3163","3163"
"316499","0.11437200754880905","0.11437200754880905","0.11437200754880905","3164","3164","3164"
"316599","0.11835866421461105","0.11835866421461105","0.11835866421461105","3165","3165","3165"
"316699","0.12338469922542572","0.12338469922542572","0.12338469922542572","3166","3166","3166"
"316799","0.10920191556215286","0.10920191556215286","0.10920191556215286","3167","3167","3167"
"316899","0.11583317071199417","0.11583317071199417","0.11583317071199417","3168","3168","3168"
"316999","0.12298644334077835","0.12298644334077835","0.12298644334077835","3169","3169","3169"
"317099","0.1154027134180069","0.1154027134180069","0.1154027134180069","3170","3170","3170"
"317199","0.11638577282428741","0.11638577282428741","0.11638577282428741","3171","3171","3171"
"317299","0.11880681663751602","0.11880681663751602","0.11880681663751602","3172","3172","3172"
"317399","0.12237800657749176","0.12237800657749176","0.12237800657749176","3173","3173","3173"
"317499","0.11854509264230728","0.11854509264230728","0.11854509264230728","3174","3174","3174"
"317599","0.12257655709981918","0.12257655709981918","0.12257655709981918","3175","3175","3175"
"317699","0.11631990969181061","0.11631990969181061","0.11631990969181061","3176","3176","3176"
"317799","0.12090214341878891","0.12090214341878891","0.12090214341878891","3177","3177","3177"
"317899","0.1257399171590805","0.1257399171590805","0.1257399171590805","3178","3178","3178"
"317999","0.1182931438088417","0.1182931438088417","0.1182931438088417","3179","3179","3179"
"318099","0.11569654196500778","0.11569654196500778","0.11569654196500778","3180","3180","3180"
"318199","0.1230352520942688","0.1230352520942688","0.1230352520942688","3181","3181","3181"
"318299","0.11200284957885742","0.11200284957885742","0.11200284957885742","3182","3182","3182"
"318399","0.12285113334655762","0.12285113334655762","0.12285113334655762","3183","3183","3183"
"318499","0.11176908761262894","0.11176908761262894","0.11176908761262894","3184","3184","3184"
"318599","0.11565721780061722","0.11565721780061722","0.11565721780061722","3185","3185","3185"
"318699","0.11488786339759827","0.11488786339759827","0.11488786339759827","3186","3186","3186"
"318799","0.11828362941741943","0.11828362941741943","0.11828362941741943","3187","3187","3187"
"318899","0.11960886418819427","0.11960886418819427","0.11960886418819427","3188","3188","3188"
"318999","0.11852927505970001","0.11852927505970001","0.11852927505970001","3189","3189","3189"
"319099","0.111090749502182","0.111090749502182","0.111090749502182","3190","3190","3190"
"319199","0.11607211828231812","0.11607211828231812","0.11607211828231812","3191","3191","3191"
"319299","0.11618734151124954","0.11618734151124954","0.11618734151124954","3192","3192","3192"
"319399","0.12233564257621765","0.12233564257621765","0.12233564257621765","3193","3193","3193"
"319499","0.12252110242843628","0.12252110242843628","0.12252110242843628","3194","3194","3194"
"319599","0.11678212881088257","0.11678212881088257","0.11678212881088257","3195","3195","3195"
"319699","0.11566093564033508","0.11566093564033508","0.11566093564033508","3196","3196","3196"
"319799","0.11757591366767883","0.11757591366767883","0.11757591366767883","3197","3197","3197"
"319899","0.11253180354833603","0.11253180354833603","0.11253180354833603","3198","3198","3198"
"319999","0.11818670481443405","0.11818670481443405","0.11818670481443405","3199","3199","3199"
"320099","0.1216663345694542","0.1216663345694542","0.1216663345694542","3200","3200","3200"
"320199","0.11410057544708252","0.11410057544708252","0.11410057544708252","3201","3201","3201"
"320299","0.11650621145963669","0.11650621145963669","0.11650621145963669","3202","3202","3202"
"320399","0.11928503960371017","0.11928503960371017","0.11928503960371017","3203","3203","3203"
"320499","0.1184726133942604","0.1184726133942604","0.1184726133942604","3204","3204","3204"
"320599","0.11533907055854797","0.11533907055854797","0.11533907055854797","3205","3205","3205"
"320699","0.12083084881305695","0.12083084881305695","0.12083084881305695","3206","3206","3206"
"320799","0.11814490705728531","0.11814490705728531","0.11814490705728531","3207","3207","3207"
"320899","0.12111901491880417","0.12111901491880417","0.12111901491880417","3208","3208","3208"
"320999","0.11889594793319702","0.11889594793319702","0.11889594793319702","3209","3209","3209"
"321099","0.11774100363254547","0.11774100363254547","0.11774100363254547","3210","3210","3210"
"321199","0.1168743222951889","0.1168743222951889","0.1168743222951889","3211","3211","3211"
"321299","0.11823022365570068","0.11823022365570068","0.11823022365570068","3212","3212","3212"
"321399","0.12048274278640747","0.12048274278640747","0.12048274278640747","3213","3213","3213"
"321499","0.11773956567049026","0.11773956567049026","0.11773956567049026","3214","3214","3214"
"321599","0.11666509509086609","0.11666509509086609","0.11666509509086609","3215","3215","3215"
"321699","0.12265875935554504","0.12265875935554504","0.12265875935554504","3216","3216","3216"
"321799","0.12180604785680771","0.12180604785680771","0.12180604785680771","3217","3217","3217"
"321899","0.1243639811873436","0.1243639811873436","0.1243639811873436","3218","3218","3218"
"321999","0.11622639000415802","0.11622639000415802","0.11622639000415802","3219","3219","3219"
"322099","0.119255930185318","0.119255930185318","0.119255930185318","3220","3220","3220"
"322199","0.12264106422662735","0.12264106422662735","0.12264106422662735","3221","3221","3221"
"322299","0.1276823729276657","0.1276823729276657","0.1276823729276657","3222","3222","3222"
"322399","0.12155099213123322","0.12155099213123322","0.12155099213123322","3223","3223","3223"
"322499","0.12453822791576385","0.12453822791576385","0.12453822791576385","3224","3224","3224"
"322599","0.12177044153213501","0.12177044153213501","0.12177044153213501","3225","3225","3225"
"322699","0.12214504927396774","0.12214504927396774","0.12214504927396774","3226","3226","3226"
"322799","0.11541309207677841","0.11541309207677841","0.11541309207677841","3227","3227","3227"
"322899","0.12173943221569061","0.12173943221569061","0.12173943221569061","3228","3228","3228"
"322999","0.11315251886844635","0.11315251886844635","0.11315251886844635","3229","3229","3229"
"323099","0.11905090510845184","0.11905090510845184","0.11905090510845184","3230","3230","3230"
"323199","0.1208280622959137","0.1208280622959137","0.1208280622959137","3231","3231","3231"
"323299","0.11755718290805817","0.11755718290805817","0.11755718290805817","3232","3232","3232"
"323399","0.1147008091211319","0.1147008091211319","0.1147008091211319","3233","3233","3233"
"323499","0.12053017318248749","0.12053017318248749","0.12053017318248749","3234","3234","3234"
"323599","0.11992117762565613","0.11992117762565613","0.11992117762565613","3235","3235","3235"
"323699","0.12440606951713562","0.12440606951713562","0.12440606951713562","3236","3236","3236"
"323799","0.11203533411026001","0.11203533411026001","0.11203533411026001","3237","3237","3237"
"323899","0.11501436680555344","0.11501436680555344","0.11501436680555344","3238","3238","3238"
"323999","0.12033175677061081","0.12033175677061081","0.12033175677061081","3239","3239","3239"
"324099","0.12235219031572342","0.12235219031572342","0.12235219031572342","3240","3240","3240"
"324199","0.12370245903730392","0.12370245903730392","0.12370245903730392","3241","3241","3241"
"324299","0.12280266731977463","0.12280266731977463","0.12280266731977463","3242","3242","3242"
"324399","0.11849688738584518","0.11849688738584518","0.11849688738584518","3243","3243","3243"
"324499","0.11860722303390503","0.11860722303390503","0.11860722303390503","3244","3244","3244"
"324599","0.11411634087562561","0.11411634087562561","0.11411634087562561","3245","3245","3245"
"324699","0.11967911571264267","0.11967911571264267","0.11967911571264267","3246","3246","3246"
"324799","0.11751458048820496","0.11751458048820496","0.11751458048820496","3247","3247","3247"
"324899","0.12411030381917953","0.12411030381917953","0.12411030381917953","3248","3248","3248"
"324999","0.11339002102613449","0.11339002102613449","0.11339002102613449","3249","3249","3249"
"325099","0.11355913430452347","0.11355913430452347","0.11355913430452347","3250","3250","3250"
"325199","0.12070076912641525","0.12070076912641525","0.12070076912641525","3251","3251","3251"
"325299","0.1151052787899971","0.1151052787899971","0.1151052787899971","3252","3252","3252"
"325399","0.11435958743095398","0.11435958743095398","0.11435958743095398","3253","3253","3253"
"325499","0.11956100910902023","0.11956100910902023","0.11956100910902023","3254","3254","3254"
"325599","0.12588408589363098","0.12588408589363098","0.12588408589363098","3255","3255","3255"
"325699","0.11649300903081894","0.11649300903081894","0.11649300903081894","3256","3256","3256"
"325799","0.1159488707780838","0.1159488707780838","0.1159488707780838","3257","3257","3257"
"325899","0.11610201746225357","0.11610201746225357","0.11610201746225357","3258","3258","3258"
"325999","0.11896771937608719","0.11896771937608719","0.11896771937608719","3259","3259","3259"
"326099","0.11315466463565826","0.11315466463565826","0.11315466463565826","3260","3260","3260"
"326199","0.1213201954960823","0.1213201954960823","0.1213201954960823","3261","3261","3261"
"326299","0.1208004280924797","0.1208004280924797","0.1208004280924797","3262","3262","3262"
"326399","0.1196163147687912","0.1196163147687912","0.1196163147687912","3263","3263","3263"
"326499","0.12386606633663177","0.12386606633663177","0.12386606633663177","3264","3264","3264"
"326599","0.11763311922550201","0.11763311922550201","0.11763311922550201","3265","3265","3265"
"326699","0.1152971163392067","0.1152971163392067","0.1152971163392067","3266","3266","3266"
"326799","0.12071336060762405","0.12071336060762405","0.12071336060762405","3267","3267","3267"
"326899","0.12195710092782974","0.12195710092782974","0.12195710092782974","3268","3268","3268"
"326999","0.11729174107313156","0.11729174107313156","0.11729174107313156","3269","3269","3269"
"327099","0.11672921478748322","0.11672921478748322","0.11672921478748322","3270","3270","3270"
"327199","0.12124352157115936","0.12124352157115936","0.12124352157115936","3271","3271","3271"
"327299","0.11638377606868744","0.11638377606868744","0.11638377606868744","3272","3272","3272"
"327399","0.1183554157614708","0.1183554157614708","0.1183554157614708","3273","3273","3273"
"327499","0.1141340434551239","0.1141340434551239","0.1141340434551239","3274","3274","3274"
"327599","0.11787702888250351","0.11787702888250351","0.11787702888250351","3275","3275","3275"
"327699","0.1135868951678276","0.1135868951678276","0.1135868951678276","3276","3276","3276"
"327799","0.11949470639228821","0.11949470639228821","0.11949470639228821","3277","3277","3277"
"327899","0.1185329258441925","0.1185329258441925","0.1185329258441925","3278","3278","3278"
"327999","0.11148357391357422","0.11148357391357422","0.11148357391357422","3279","3279","3279"
"328099","0.1168108806014061","0.1168108806014061","0.1168108806014061","3280","3280","3280"
"328199","0.11609435081481934","0.11609435081481934","0.11609435081481934","3281","3281","3281"
"328299","0.1199585571885109","0.1199585571885109","0.1199585571885109","3282","3282","3282"
"328399","0.116450235247612","0.116450235247612","0.116450235247612","3283","3283","3283"
"328499","0.11892860382795334","0.11892860382795334","0.11892860382795334","3284","3284","3284"
"328599","0.10930272936820984","0.10930272936820984","0.10930272936820984","3285","3285","3285"
"328699","0.12098554521799088","0.12098554521799088","0.12098554521799088","3286","3286","3286"
"328799","0.12496937066316605","0.12496937066316605","0.12496937066316605","3287","3287","3287"
"328899","0.11309022456407547","0.11309022456407547","0.11309022456407547","3288","3288","3288"
"328999","0.11427309364080429","0.11427309364080429","0.11427309364080429","3289","3289","3289"
"329099","0.11632660776376724","0.11632660776376724","0.11632660776376724","3290","3290","3290"
"329199","0.1284383088350296","0.1284383088350296","0.1284383088350296","3291","3291","3291"
"329299","0.11542703956365585","0.11542703956365585","0.11542703956365585","3292","3292","3292"
"329399","0.11684858053922653","0.11684858053922653","0.11684858053922653","3293","3293","3293"
"329499","0.11712941527366638","0.11712941527366638","0.11712941527366638","3294","3294","3294"
"329599","0.12247288972139359","0.12247288972139359","0.12247288972139359","3295","3295","3295"
"329699","0.12320208549499512","0.12320208549499512","0.12320208549499512","3296","3296","3296"
"329799","0.125006765127182","0.125006765127182","0.125006765127182","3297","3297","3297"
"329899","0.11901801079511642","0.11901801079511642","0.11901801079511642","3298","3298","3298"
"329999","0.121902696788311","0.121902696788311","0.121902696788311","3299","3299","3299"
"330099","0.11790110915899277","0.11790110915899277","0.11790110915899277","3300","3300","3300"
"330199","0.12156287580728531","0.12156287580728531","0.12156287580728531","3301","3301","3301"
"330299","0.12371867150068283","0.12371867150068283","0.12371867150068283","3302","3302","3302"
"330399","0.11166676133871078","0.11166676133871078","0.11166676133871078","3303","3303","3303"
"330499","0.11742977797985077","0.11742977797985077","0.11742977797985077","3304","3304","3304"
"330599","0.12518075108528137","0.12518075108528137","0.12518075108528137","3305","3305","3305"
"330699","0.12187761068344116","0.12187761068344116","0.12187761068344116","3306","3306","3306"
"330799","0.1238803118467331","0.1238803118467331","0.1238803118467331","3307","3307","3307"
"330899","0.1210879236459732","0.1210879236459732","0.1210879236459732","3308","3308","3308"
"330999","0.11503754556179047","0.11503754556179047","0.11503754556179047","3309","3309","3309"
"331099","0.12384004145860672","0.12384004145860672","0.12384004145860672","3310","3310","3310"
"331199","0.1225251629948616","0.1225251629948616","0.1225251629948616","3311","3311","3311"
"331299","0.1202167496085167","0.1202167496085167","0.1202167496085167","3312","3312","3312"
"331399","0.11393246054649353","0.11393246054649353","0.11393246054649353","3313","3313","3313"
"331499","0.11566489934921265","0.11566489934921265","0.11566489934921265","3314","3314","3314"
"331599","0.11931387335062027","0.11931387335062027","0.11931387335062027","3315","3315","3315"
"331699","0.114497110247612","0.114497110247612","0.114497110247612","3316","3316","3316"
"331799","0.12339044362306595","0.12339044362306595","0.12339044362306595","3317","3317","3317"
"331899","0.11542303115129471","0.11542303115129471","0.11542303115129471","3318","3318","3318"
"331999","0.1168176680803299","0.1168176680803299","0.1168176680803299","3319","3319","3319"
"332099","0.12072193622589111","0.12072193622589111","0.12072193622589111","3320","3320","3320"
"332199","0.11073572933673859","0.11073572933673859","0.11073572933673859","3321","3321","3321"
"332299","0.1130383089184761","0.1130383089184761","0.1130383089184761","3322","3322","3322"
"332399","0.11659422516822815","0.11659422516822815","0.11659422516822815","3323","3323","3323"
"332499","0.11534614861011505","0.11534614861011505","0.11534614861011505","3324","3324","3324"
"332599","0.11611045897006989","0.11611045897006989","0.11611045897006989","3325","3325","3325"
"332699","0.11680614203214645","0.11680614203214645","0.11680614203214645","3326","3326","3326"
"332799","0.12231691181659698","0.12231691181659698","0.12231691181659698","3327","3327","3327"
"332899","0.12154152989387512","0.12154152989387512","0.12154152989387512","3328","3328","3328"
"332999","0.12068244814872742","0.12068244814872742","0.12068244814872742","3329","3329","3329"
"333099","0.12582464516162872","0.12582464516162872","0.12582464516162872","3330","3330","3330"
"333199","0.12357474118471146","0.12357474118471146","0.12357474118471146","3331","3331","3331"
"333299","0.11421836167573929","0.11421836167573929","0.11421836167573929","3332","3332","3332"
"333399","0.12099891901016235","0.12099891901016235","0.12099891901016235","3333","3333","3333"
"333499","0.11688657850027084","0.11688657850027084","0.11688657850027084","3334","3334","3334"
"333599","0.12288200855255127","0.12288200855255127","0.12288200855255127","3335","3335","3335"
"333699","0.11736331880092621","0.11736331880092621","0.11736331880092621","3336","3336","3336"
"333799","0.11807724088430405","0.11807724088430405","0.11807724088430405","3337","3337","3337"
"333899","0.12145133316516876","0.12145133316516876","0.12145133316516876","3338","3338","3338"
"333999","0.11543270945549011","0.11543270945549011","0.11543270945549011","3339","3339","3339"
"334099","0.11787576973438263","0.11787576973438263","0.11787576973438263","3340","3340","3340"