"trainer/global_step","prefix1trueV2 - train_loss","prefix1trueV2 - train_loss__MIN","prefix1trueV2 - train_loss__MAX","prefix1trueV2 - _step","prefix1trueV2 - _step__MIN","prefix1trueV2 - _step__MAX"
"99","0.29462960362434387","0.29462960362434387","0.29462960362434387","0","0","0"
"199","0.2468985766172409","0.2468985766172409","0.2468985766172409","1","1","1"
"299","0.23499278724193573","0.23499278724193573","0.23499278724193573","2","2","2"
"399","0.22281280159950256","0.22281280159950256","0.22281280159950256","3","3","3"
"499","0.2175566554069519","0.2175566554069519","0.2175566554069519","4","4","4"
"599","0.21350204944610596","0.21350204944610596","0.21350204944610596","5","5","5"
"699","0.21450400352478027","0.21450400352478027","0.21450400352478027","6","6","6"
"799","0.2102150022983551","0.2102150022983551","0.2102150022983551","7","7","7"
"899","0.20384353399276733","0.20384353399276733","0.20384353399276733","8","8","8"
"999","0.2069876343011856","0.2069876343011856","0.2069876343011856","9","9","9"
"1099","0.2056885063648224","0.2056885063648224","0.2056885063648224","10","10","10"
"1199","0.20276398956775665","0.20276398956775665","0.20276398956775665","11","11","11"
"1299","0.19744274020195007","0.19744274020195007","0.19744274020195007","12","12","12"
"1399","0.1928258091211319","0.1928258091211319","0.1928258091211319","13","13","13"
"1499","0.19939562678337097","0.19939562678337097","0.19939562678337097","14","14","14"
"1599","0.19432958960533142","0.19432958960533142","0.19432958960533142","15","15","15"
"1699","0.19612610340118408","0.19612610340118408","0.19612610340118408","16","16","16"
"1799","0.19805260002613068","0.19805260002613068","0.19805260002613068","17","17","17"
"1899","0.18542127311229706","0.18542127311229706","0.18542127311229706","18","18","18"
"1999","0.18784919381141663","0.18784919381141663","0.18784919381141663","19","19","19"
"2099","0.18734845519065857","0.18734845519065857","0.18734845519065857","20","20","20"
"2199","0.1854478418827057","0.1854478418827057","0.1854478418827057","21","21","21"
"2299","0.1889936923980713","0.1889936923980713","0.1889936923980713","22","22","22"
"2399","0.18619760870933533","0.18619760870933533","0.18619760870933533","23","23","23"
"2499","0.17849214375019073","0.17849214375019073","0.17849214375019073","24","24","24"
"2599","0.18856404721736908","0.18856404721736908","0.18856404721736908","25","25","25"
"2699","0.18297268450260162","0.18297268450260162","0.18297268450260162","26","26","26"
"2799","0.1826549470424652","0.1826549470424652","0.1826549470424652","27","27","27"
"2899","0.17910337448120117","0.17910337448120117","0.17910337448120117","28","28","28"
"2999","0.17906077206134796","0.17906077206134796","0.17906077206134796","29","29","29"
"3099","0.16930340230464935","0.16930340230464935","0.16930340230464935","30","30","30"
"3199","0.1817457377910614","0.1817457377910614","0.1817457377910614","31","31","31"
"3299","0.17779652774333954","0.17779652774333954","0.17779652774333954","32","32","32"
"3399","0.18000344932079315","0.18000344932079315","0.18000344932079315","33","33","33"
"3499","0.1733398735523224","0.1733398735523224","0.1733398735523224","34","34","34"
"3599","0.18157531321048737","0.18157531321048737","0.18157531321048737","35","35","35"
"3699","0.17704418301582336","0.17704418301582336","0.17704418301582336","36","36","36"
"3799","0.17009581625461578","0.17009581625461578","0.17009581625461578","37","37","37"
"3899","0.17509037256240845","0.17509037256240845","0.17509037256240845","38","38","38"
"3999","0.17158463597297668","0.17158463597297668","0.17158463597297668","39","39","39"
"4099","0.18190158903598785","0.18190158903598785","0.18190158903598785","40","40","40"
"4199","0.1757264882326126","0.1757264882326126","0.1757264882326126","41","41","41"
"4299","0.17305418848991394","0.17305418848991394","0.17305418848991394","42","42","42"
"4399","0.17107148468494415","0.17107148468494415","0.17107148468494415","43","43","43"
"4499","0.17050080001354218","0.17050080001354218","0.17050080001354218","44","44","44"
"4599","0.17264169454574585","0.17264169454574585","0.17264169454574585","45","45","45"
"4699","0.17018215358257294","0.17018215358257294","0.17018215358257294","46","46","46"
"4799","0.1784484088420868","0.1784484088420868","0.1784484088420868","47","47","47"
"4899","0.1707383245229721","0.1707383245229721","0.1707383245229721","48","48","48"
"4999","0.1724034994840622","0.1724034994840622","0.1724034994840622","49","49","49"
"5099","0.17632681131362915","0.17632681131362915","0.17632681131362915","50","50","50"
"5199","0.17130666971206665","0.17130666971206665","0.17130666971206665","51","51","51"
"5299","0.1736716777086258","0.1736716777086258","0.1736716777086258","52","52","52"
"5399","0.17295432090759277","0.17295432090759277","0.17295432090759277","53","53","53"
"5499","0.1807876080274582","0.1807876080274582","0.1807876080274582","54","54","54"
"5599","0.1696537286043167","0.1696537286043167","0.1696537286043167","55","55","55"
"5699","0.17225754261016846","0.17225754261016846","0.17225754261016846","56","56","56"
"5799","0.1783439815044403","0.1783439815044403","0.1783439815044403","57","57","57"
"5899","0.17512106895446777","0.17512106895446777","0.17512106895446777","58","58","58"
"5999","0.16291023790836334","0.16291023790836334","0.16291023790836334","59","59","59"
"6099","0.1700458824634552","0.1700458824634552","0.1700458824634552","60","60","60"
"6199","0.17725443840026855","0.17725443840026855","0.17725443840026855","61","61","61"
"6299","0.1672019511461258","0.1672019511461258","0.1672019511461258","62","62","62"
"6399","0.17804495990276337","0.17804495990276337","0.17804495990276337","63","63","63"
"6499","0.16689126193523407","0.16689126193523407","0.16689126193523407","64","64","64"
"6599","0.17627541720867157","0.17627541720867157","0.17627541720867157","65","65","65"
"6699","0.1653306931257248","0.1653306931257248","0.1653306931257248","66","66","66"
"6799","0.1765592247247696","0.1765592247247696","0.1765592247247696","67","67","67"
"6899","0.16723604500293732","0.16723604500293732","0.16723604500293732","68","68","68"
"6999","0.16838370263576508","0.16838370263576508","0.16838370263576508","69","69","69"
"7099","0.15981616079807281","0.15981616079807281","0.15981616079807281","70","70","70"
"7199","0.16879040002822876","0.16879040002822876","0.16879040002822876","71","71","71"
"7299","0.1641281098127365","0.1641281098127365","0.1641281098127365","72","72","72"
"7399","0.1683482974767685","0.1683482974767685","0.1683482974767685","73","73","73"
"7499","0.16913554072380066","0.16913554072380066","0.16913554072380066","74","74","74"
"7599","0.1682671457529068","0.1682671457529068","0.1682671457529068","75","75","75"
"7699","0.16020244359970093","0.16020244359970093","0.16020244359970093","76","76","76"
"7799","0.16195142269134521","0.16195142269134521","0.16195142269134521","77","77","77"
"7899","0.1723940521478653","0.1723940521478653","0.1723940521478653","78","78","78"
"7999","0.15906979143619537","0.15906979143619537","0.15906979143619537","79","79","79"
"8099","0.1726391762495041","0.1726391762495041","0.1726391762495041","80","80","80"
"8199","0.17035770416259766","0.17035770416259766","0.17035770416259766","81","81","81"
"8299","0.16608114540576935","0.16608114540576935","0.16608114540576935","82","82","82"
"8399","0.35190460085868835","0.35190460085868835","0.35190460085868835","83","83","83"
"8499","0.2852134704589844","0.2852134704589844","0.2852134704589844","84","84","84"
"8599","0.2620495855808258","0.2620495855808258","0.2620495855808258","85","85","85"
"8699","0.26235446333885193","0.26235446333885193","0.26235446333885193","86","86","86"
"8799","0.23412951827049255","0.23412951827049255","0.23412951827049255","87","87","87"
"8899","0.23639298975467682","0.23639298975467682","0.23639298975467682","88","88","88"
"8999","0.2439568042755127","0.2439568042755127","0.2439568042755127","89","89","89"
"9099","0.22876198589801788","0.22876198589801788","0.22876198589801788","90","90","90"
"9199","0.21608543395996094","0.21608543395996094","0.21608543395996094","91","91","91"
"9299","0.20832042396068573","0.20832042396068573","0.20832042396068573","92","92","92"
"9399","0.2181866317987442","0.2181866317987442","0.2181866317987442","93","93","93"
"9499","0.22491922974586487","0.22491922974586487","0.22491922974586487","94","94","94"
"9599","0.21368512511253357","0.21368512511253357","0.21368512511253357","95","95","95"
"9699","0.2085830569267273","0.2085830569267273","0.2085830569267273","96","96","96"
"9799","0.21040461957454681","0.21040461957454681","0.21040461957454681","97","97","97"
"9899","0.19629931449890137","0.19629931449890137","0.19629931449890137","98","98","98"
"9999","0.18818894028663635","0.18818894028663635","0.18818894028663635","99","99","99"
"10099","0.19027768075466156","0.19027768075466156","0.19027768075466156","100","100","100"
"10199","0.19355788826942444","0.19355788826942444","0.19355788826942444","101","101","101"
"10299","0.19249381124973297","0.19249381124973297","0.19249381124973297","102","102","102"
"10399","0.18360479176044464","0.18360479176044464","0.18360479176044464","103","103","103"
"10499","0.18325458467006683","0.18325458467006683","0.18325458467006683","104","104","104"
"10599","0.1855635941028595","0.1855635941028595","0.1855635941028595","105","105","105"
"10699","0.18734318017959595","0.18734318017959595","0.18734318017959595","106","106","106"
"10799","0.18090446293354034","0.18090446293354034","0.18090446293354034","107","107","107"
"10899","0.1848841905593872","0.1848841905593872","0.1848841905593872","108","108","108"
"10999","0.1776890605688095","0.1776890605688095","0.1776890605688095","109","109","109"
"11099","0.18675506114959717","0.18675506114959717","0.18675506114959717","110","110","110"
"11199","0.17889778316020966","0.17889778316020966","0.17889778316020966","111","111","111"
"11299","0.18066304922103882","0.18066304922103882","0.18066304922103882","112","112","112"
"11399","0.17269016802310944","0.17269016802310944","0.17269016802310944","113","113","113"
"11499","0.17357508838176727","0.17357508838176727","0.17357508838176727","114","114","114"
"11599","0.19055390357971191","0.19055390357971191","0.19055390357971191","115","115","115"
"11699","0.17951980233192444","0.17951980233192444","0.17951980233192444","116","116","116"
"11799","0.17507852613925934","0.17507852613925934","0.17507852613925934","117","117","117"
"11899","0.1712888479232788","0.1712888479232788","0.1712888479232788","118","118","118"
"11999","0.17660696804523468","0.17660696804523468","0.17660696804523468","119","119","119"
"12099","0.17237518727779388","0.17237518727779388","0.17237518727779388","120","120","120"
"12199","0.17491772770881653","0.17491772770881653","0.17491772770881653","121","121","121"
"12299","0.17518849670886993","0.17518849670886993","0.17518849670886993","122","122","122"
"12399","0.1660676896572113","0.1660676896572113","0.1660676896572113","123","123","123"
"12499","0.17360909283161163","0.17360909283161163","0.17360909283161163","124","124","124"
"12599","0.17317499220371246","0.17317499220371246","0.17317499220371246","125","125","125"
"12699","0.17259931564331055","0.17259931564331055","0.17259931564331055","126","126","126"
"12799","0.17336751520633698","0.17336751520633698","0.17336751520633698","127","127","127"
"12899","0.17576412856578827","0.17576412856578827","0.17576412856578827","128","128","128"
"12999","0.17188124358654022","0.17188124358654022","0.17188124358654022","129","129","129"
"13099","0.16516384482383728","0.16516384482383728","0.16516384482383728","130","130","130"
"13199","0.26104775071144104","0.26104775071144104","0.26104775071144104","131","131","131"
"13299","0.1962939351797104","0.1962939351797104","0.1962939351797104","132","132","132"
"13399","0.1847633421421051","0.1847633421421051","0.1847633421421051","133","133","133"
"13499","0.19029119610786438","0.19029119610786438","0.19029119610786438","134","134","134"
"13599","0.17998769879341125","0.17998769879341125","0.17998769879341125","135","135","135"
"13699","0.1748216450214386","0.1748216450214386","0.1748216450214386","136","136","136"
"13799","0.16924168169498444","0.16924168169498444","0.16924168169498444","137","137","137"
"13899","0.1662471443414688","0.1662471443414688","0.1662471443414688","138","138","138"
"13999","0.16528433561325073","0.16528433561325073","0.16528433561325073","139","139","139"
"14099","0.16704295575618744","0.16704295575618744","0.16704295575618744","140","140","140"
"14199","0.1762448251247406","0.1762448251247406","0.1762448251247406","141","141","141"
"14299","0.1653650552034378","0.1653650552034378","0.1653650552034378","142","142","142"
"14399","0.17660149931907654","0.17660149931907654","0.17660149931907654","143","143","143"
"14499","0.16574148833751678","0.16574148833751678","0.16574148833751678","144","144","144"
"14599","0.17217952013015747","0.17217952013015747","0.17217952013015747","145","145","145"
"14699","0.16876883804798126","0.16876883804798126","0.16876883804798126","146","146","146"
"14799","0.16606080532073975","0.16606080532073975","0.16606080532073975","147","147","147"
"14899","0.16752450168132782","0.16752450168132782","0.16752450168132782","148","148","148"
"14999","0.1616830676794052","0.1616830676794052","0.1616830676794052","149","149","149"
"15099","0.16015827655792236","0.16015827655792236","0.16015827655792236","150","150","150"
"15199","0.17441430687904358","0.17441430687904358","0.17441430687904358","151","151","151"
"15299","0.18214304745197296","0.18214304745197296","0.18214304745197296","152","152","152"
"15399","0.17670218646526337","0.17670218646526337","0.17670218646526337","153","153","153"
"15499","0.16961874067783356","0.16961874067783356","0.16961874067783356","154","154","154"
"15599","0.16493907570838928","0.16493907570838928","0.16493907570838928","155","155","155"
"15699","0.17092116177082062","0.17092116177082062","0.17092116177082062","156","156","156"
"15799","0.16588152945041656","0.16588152945041656","0.16588152945041656","157","157","157"
"15899","0.16487690806388855","0.16487690806388855","0.16487690806388855","158","158","158"
"15999","0.1621716022491455","0.1621716022491455","0.1621716022491455","159","159","159"
"16099","0.16795477271080017","0.16795477271080017","0.16795477271080017","160","160","160"
"16199","0.16049335896968842","0.16049335896968842","0.16049335896968842","161","161","161"
"16299","0.16356807947158813","0.16356807947158813","0.16356807947158813","162","162","162"
"16399","0.15982313454151154","0.15982313454151154","0.15982313454151154","163","163","163"
"16499","0.16430608928203583","0.16430608928203583","0.16430608928203583","164","164","164"
"16599","0.16887213289737701","0.16887213289737701","0.16887213289737701","165","165","165"
"16699","0.16971780359745026","0.16971780359745026","0.16971780359745026","166","166","166"
"16799","0.15520283579826355","0.15520283579826355","0.15520283579826355","167","167","167"
"16899","0.1679915487766266","0.1679915487766266","0.1679915487766266","168","168","168"
"16999","0.16837401688098907","0.16837401688098907","0.16837401688098907","169","169","169"
"17099","0.16247646510601044","0.16247646510601044","0.16247646510601044","170","170","170"
"17199","0.1608394980430603","0.1608394980430603","0.1608394980430603","171","171","171"
"17299","0.16739369928836823","0.16739369928836823","0.16739369928836823","172","172","172"
"17399","0.16067110002040863","0.16067110002040863","0.16067110002040863","173","173","173"
"17499","0.15526489913463593","0.15526489913463593","0.15526489913463593","174","174","174"
"17599","0.15733180940151215","0.15733180940151215","0.15733180940151215","175","175","175"
"17699","0.16264823079109192","0.16264823079109192","0.16264823079109192","176","176","176"
"17799","0.1647188514471054","0.1647188514471054","0.1647188514471054","177","177","177"
"17899","0.15850871801376343","0.15850871801376343","0.15850871801376343","178","178","178"
"17999","0.15574006736278534","0.15574006736278534","0.15574006736278534","179","179","179"
"18099","0.15785521268844604","0.15785521268844604","0.15785521268844604","180","180","180"
"18199","0.15609990060329437","0.15609990060329437","0.15609990060329437","181","181","181"
"18299","0.16343553364276886","0.16343553364276886","0.16343553364276886","182","182","182"
"18399","0.15761585533618927","0.15761585533618927","0.15761585533618927","183","183","183"
"18499","0.15678419172763824","0.15678419172763824","0.15678419172763824","184","184","184"
"18599","0.15866446495056152","0.15866446495056152","0.15866446495056152","185","185","185"
"18699","0.1632692813873291","0.1632692813873291","0.1632692813873291","186","186","186"
"18799","0.1545536071062088","0.1545536071062088","0.1545536071062088","187","187","187"
"18899","0.16165931522846222","0.16165931522846222","0.16165931522846222","188","188","188"
"18999","0.15947002172470093","0.15947002172470093","0.15947002172470093","189","189","189"
"19099","0.15264686942100525","0.15264686942100525","0.15264686942100525","190","190","190"
"19199","0.15880024433135986","0.15880024433135986","0.15880024433135986","191","191","191"
"19299","0.15423141419887543","0.15423141419887543","0.15423141419887543","192","192","192"
"19399","0.15851202607154846","0.15851202607154846","0.15851202607154846","193","193","193"
"19499","0.15476016700267792","0.15476016700267792","0.15476016700267792","194","194","194"
"19599","0.1585226207971573","0.1585226207971573","0.1585226207971573","195","195","195"
"19699","0.15319938957691193","0.15319938957691193","0.15319938957691193","196","196","196"
"19799","0.15613342821598053","0.15613342821598053","0.15613342821598053","197","197","197"
"19899","0.16137754917144775","0.16137754917144775","0.16137754917144775","198","198","198"
"19999","0.15411555767059326","0.15411555767059326","0.15411555767059326","199","199","199"
"20099","0.15450601279735565","0.15450601279735565","0.15450601279735565","200","200","200"
"20199","0.15690168738365173","0.15690168738365173","0.15690168738365173","201","201","201"
"20299","0.15400375425815582","0.15400375425815582","0.15400375425815582","202","202","202"
"20399","0.14804549515247345","0.14804549515247345","0.14804549515247345","203","203","203"
"20499","0.15459756553173065","0.15459756553173065","0.15459756553173065","204","204","204"
"20599","0.15858201682567596","0.15858201682567596","0.15858201682567596","205","205","205"
"20699","0.15989266335964203","0.15989266335964203","0.15989266335964203","206","206","206"
"20799","0.15639613568782806","0.15639613568782806","0.15639613568782806","207","207","207"
"20899","0.14972703158855438","0.14972703158855438","0.14972703158855438","208","208","208"
"20999","0.15334703028202057","0.15334703028202057","0.15334703028202057","209","209","209"
"21099","0.1565057784318924","0.1565057784318924","0.1565057784318924","210","210","210"
"21199","0.15152472257614136","0.15152472257614136","0.15152472257614136","211","211","211"
"21299","0.1585107445716858","0.1585107445716858","0.1585107445716858","212","212","212"
"21399","0.16276375949382782","0.16276375949382782","0.16276375949382782","213","213","213"
"21499","0.15521784126758575","0.15521784126758575","0.15521784126758575","214","214","214"
"21599","0.1602897346019745","0.1602897346019745","0.1602897346019745","215","215","215"
"21699","0.15759897232055664","0.15759897232055664","0.15759897232055664","216","216","216"
"21799","0.15722888708114624","0.15722888708114624","0.15722888708114624","217","217","217"
"21899","0.1602831333875656","0.1602831333875656","0.1602831333875656","218","218","218"
"21999","0.15422317385673523","0.15422317385673523","0.15422317385673523","219","219","219"
"22099","0.1496780812740326","0.1496780812740326","0.1496780812740326","220","220","220"
"22199","0.1488923877477646","0.1488923877477646","0.1488923877477646","221","221","221"
"22299","0.1579950749874115","0.1579950749874115","0.1579950749874115","222","222","222"
"22399","0.1480986326932907","0.1480986326932907","0.1480986326932907","223","223","223"
"22499","0.1506543606519699","0.1506543606519699","0.1506543606519699","224","224","224"
"22599","0.15641580522060394","0.15641580522060394","0.15641580522060394","225","225","225"
"22699","0.15149839222431183","0.15149839222431183","0.15149839222431183","226","226","226"
"22799","0.1486002802848816","0.1486002802848816","0.1486002802848816","227","227","227"
"22899","0.15025608241558075","0.15025608241558075","0.15025608241558075","228","228","228"
"22999","0.15712213516235352","0.15712213516235352","0.15712213516235352","229","229","229"
"23099","0.15266013145446777","0.15266013145446777","0.15266013145446777","230","230","230"
"23199","0.149152934551239","0.149152934551239","0.149152934551239","231","231","231"
"23299","0.15793685615062714","0.15793685615062714","0.15793685615062714","232","232","232"
"23399","0.1547323316335678","0.1547323316335678","0.1547323316335678","233","233","233"
"23499","0.15381984412670135","0.15381984412670135","0.15381984412670135","234","234","234"
"23599","0.14722584187984467","0.14722584187984467","0.14722584187984467","235","235","235"
"23699","0.15174810588359833","0.15174810588359833","0.15174810588359833","236","236","236"
"23799","0.15438689291477203","0.15438689291477203","0.15438689291477203","237","237","237"
"23899","0.1522941291332245","0.1522941291332245","0.1522941291332245","238","238","238"
"23999","0.15564283728599548","0.15564283728599548","0.15564283728599548","239","239","239"
"24099","0.1513822376728058","0.1513822376728058","0.1513822376728058","240","240","240"
"24199","0.14255651831626892","0.14255651831626892","0.14255651831626892","241","241","241"
"24299","0.1485327184200287","0.1485327184200287","0.1485327184200287","242","242","242"
"24399","0.14285901188850403","0.14285901188850403","0.14285901188850403","243","243","243"
"24499","0.14613370597362518","0.14613370597362518","0.14613370597362518","244","244","244"
"24599","0.1451951265335083","0.1451951265335083","0.1451951265335083","245","245","245"
"24699","0.14864644408226013","0.14864644408226013","0.14864644408226013","246","246","246"
"24799","0.15173232555389404","0.15173232555389404","0.15173232555389404","247","247","247"
"24899","0.15067167580127716","0.15067167580127716","0.15067167580127716","248","248","248"
"24999","0.15630871057510376","0.15630871057510376","0.15630871057510376","249","249","249"
"25099","0.15399082005023956","0.15399082005023956","0.15399082005023956","250","250","250"
"25199","0.1450270712375641","0.1450270712375641","0.1450270712375641","251","251","251"
"25299","0.14939337968826294","0.14939337968826294","0.14939337968826294","252","252","252"
"25399","0.14884428679943085","0.14884428679943085","0.14884428679943085","253","253","253"
"25499","0.14667871594429016","0.14667871594429016","0.14667871594429016","254","254","254"
"25599","0.14403210580348969","0.14403210580348969","0.14403210580348969","255","255","255"
"25699","0.15732890367507935","0.15732890367507935","0.15732890367507935","256","256","256"
"25799","0.14123332500457764","0.14123332500457764","0.14123332500457764","257","257","257"
"25899","0.14615458250045776","0.14615458250045776","0.14615458250045776","258","258","258"
"25999","0.14832355082035065","0.14832355082035065","0.14832355082035065","259","259","259"
"26099","0.15223370492458344","0.15223370492458344","0.15223370492458344","260","260","260"
"26199","0.14768382906913757","0.14768382906913757","0.14768382906913757","261","261","261"
"26299","0.14967678487300873","0.14967678487300873","0.14967678487300873","262","262","262"
"26399","0.14228475093841553","0.14228475093841553","0.14228475093841553","263","263","263"
"26499","0.14646093547344208","0.14646093547344208","0.14646093547344208","264","264","264"
"26599","0.1464080959558487","0.1464080959558487","0.1464080959558487","265","265","265"
"26699","0.15076376497745514","0.15076376497745514","0.15076376497745514","266","266","266"
"26799","0.14797167479991913","0.14797167479991913","0.14797167479991913","267","267","267"
"26899","0.14967310428619385","0.14967310428619385","0.14967310428619385","268","268","268"
"26999","0.1468745917081833","0.1468745917081833","0.1468745917081833","269","269","269"
"27099","0.14856715500354767","0.14856715500354767","0.14856715500354767","270","270","270"
"27199","0.15156488120555878","0.15156488120555878","0.15156488120555878","271","271","271"
"27299","0.14558649063110352","0.14558649063110352","0.14558649063110352","272","272","272"
"27399","0.14347043633460999","0.14347043633460999","0.14347043633460999","273","273","273"
"27499","0.1440393030643463","0.1440393030643463","0.1440393030643463","274","274","274"
"27599","0.15021872520446777","0.15021872520446777","0.15021872520446777","275","275","275"
"27699","0.1458236426115036","0.1458236426115036","0.1458236426115036","276","276","276"
"27799","0.1481219381093979","0.1481219381093979","0.1481219381093979","277","277","277"
"27899","0.1458314061164856","0.1458314061164856","0.1458314061164856","278","278","278"
"27999","0.14569394290447235","0.14569394290447235","0.14569394290447235","279","279","279"
"28099","0.14603805541992188","0.14603805541992188","0.14603805541992188","280","280","280"
"28199","0.14509926736354828","0.14509926736354828","0.14509926736354828","281","281","281"
"28299","0.14546403288841248","0.14546403288841248","0.14546403288841248","282","282","282"
"28399","0.1422305405139923","0.1422305405139923","0.1422305405139923","283","283","283"
"28499","0.1470295637845993","0.1470295637845993","0.1470295637845993","284","284","284"
"28599","0.1370830535888672","0.1370830535888672","0.1370830535888672","285","285","285"
"28699","0.14919635653495789","0.14919635653495789","0.14919635653495789","286","286","286"
"28799","0.14588405191898346","0.14588405191898346","0.14588405191898346","287","287","287"
"28899","0.14544251561164856","0.14544251561164856","0.14544251561164856","288","288","288"
"28999","0.14320020377635956","0.14320020377635956","0.14320020377635956","289","289","289"
"29099","0.14340731501579285","0.14340731501579285","0.14340731501579285","290","290","290"
"29199","0.147469162940979","0.147469162940979","0.147469162940979","291","291","291"
"29299","0.15082226693630219","0.15082226693630219","0.15082226693630219","292","292","292"
"29399","0.14292371273040771","0.14292371273040771","0.14292371273040771","293","293","293"
"29499","0.14517545700073242","0.14517545700073242","0.14517545700073242","294","294","294"
"29599","0.13990525901317596","0.13990525901317596","0.13990525901317596","295","295","295"
"29699","0.1457008272409439","0.1457008272409439","0.1457008272409439","296","296","296"
"29799","0.14380113780498505","0.14380113780498505","0.14380113780498505","297","297","297"
"29899","0.14510594308376312","0.14510594308376312","0.14510594308376312","298","298","298"
"29999","0.1464015245437622","0.1464015245437622","0.1464015245437622","299","299","299"
"30099","0.141694575548172","0.141694575548172","0.141694575548172","300","300","300"
"30199","0.14757174253463745","0.14757174253463745","0.14757174253463745","301","301","301"
"30299","0.14271709322929382","0.14271709322929382","0.14271709322929382","302","302","302"
"30399","0.14656339585781097","0.14656339585781097","0.14656339585781097","303","303","303"
"30499","0.14279378950595856","0.14279378950595856","0.14279378950595856","304","304","304"
"30599","0.14256522059440613","0.14256522059440613","0.14256522059440613","305","305","305"
"30699","0.14848889410495758","0.14848889410495758","0.14848889410495758","306","306","306"
"30799","0.1428593397140503","0.1428593397140503","0.1428593397140503","307","307","307"
"30899","0.1388109028339386","0.1388109028339386","0.1388109028339386","308","308","308"
"30999","0.14419150352478027","0.14419150352478027","0.14419150352478027","309","309","309"
"31099","0.13834306597709656","0.13834306597709656","0.13834306597709656","310","310","310"
"31199","0.14453469216823578","0.14453469216823578","0.14453469216823578","311","311","311"
"31299","0.14287438988685608","0.14287438988685608","0.14287438988685608","312","312","312"
"31399","0.14828546345233917","0.14828546345233917","0.14828546345233917","313","313","313"
"31499","0.13619273900985718","0.13619273900985718","0.13619273900985718","314","314","314"
"31599","0.1444152593612671","0.1444152593612671","0.1444152593612671","315","315","315"
"31699","0.14861540496349335","0.14861540496349335","0.14861540496349335","316","316","316"
"31799","0.14431604743003845","0.14431604743003845","0.14431604743003845","317","317","317"
"31899","0.15025658905506134","0.15025658905506134","0.15025658905506134","318","318","318"
"31999","0.13970538973808289","0.13970538973808289","0.13970538973808289","319","319","319"
"32099","0.14330387115478516","0.14330387115478516","0.14330387115478516","320","320","320"
"32199","0.15052679181098938","0.15052679181098938","0.15052679181098938","321","321","321"
"32299","0.13953468203544617","0.13953468203544617","0.13953468203544617","322","322","322"
"32399","0.1455601155757904","0.1455601155757904","0.1455601155757904","323","323","323"
"32499","0.14009885489940643","0.14009885489940643","0.14009885489940643","324","324","324"
"32599","0.13782232999801636","0.13782232999801636","0.13782232999801636","325","325","325"
"32699","0.15004703402519226","0.15004703402519226","0.15004703402519226","326","326","326"
"32799","0.14183948934078217","0.14183948934078217","0.14183948934078217","327","327","327"
"32899","0.14479303359985352","0.14479303359985352","0.14479303359985352","328","328","328"
"32999","0.13832393288612366","0.13832393288612366","0.13832393288612366","329","329","329"
"33099","0.1421484798192978","0.1421484798192978","0.1421484798192978","330","330","330"
"33199","0.14147689938545227","0.14147689938545227","0.14147689938545227","331","331","331"
"33299","0.14167232811450958","0.14167232811450958","0.14167232811450958","332","332","332"
"33399","0.13569286465644836","0.13569286465644836","0.13569286465644836","333","333","333"
"33499","0.1411980539560318","0.1411980539560318","0.1411980539560318","334","334","334"
"33599","0.14106659591197968","0.14106659591197968","0.14106659591197968","335","335","335"
"33699","0.14403119683265686","0.14403119683265686","0.14403119683265686","336","336","336"
"33799","0.1391800343990326","0.1391800343990326","0.1391800343990326","337","337","337"
"33899","0.1395837664604187","0.1395837664604187","0.1395837664604187","338","338","338"
"33999","0.14073656499385834","0.14073656499385834","0.14073656499385834","339","339","339"
"34099","0.1420930176973343","0.1420930176973343","0.1420930176973343","340","340","340"
"34199","0.1424357295036316","0.1424357295036316","0.1424357295036316","341","341","341"
"34299","0.14068347215652466","0.14068347215652466","0.14068347215652466","342","342","342"
"34399","0.1427392065525055","0.1427392065525055","0.1427392065525055","343","343","343"
"34499","0.13816788792610168","0.13816788792610168","0.13816788792610168","344","344","344"
"34599","0.14285622537136078","0.14285622537136078","0.14285622537136078","345","345","345"
"34699","0.14270831644535065","0.14270831644535065","0.14270831644535065","346","346","346"
"34799","0.13758394122123718","0.13758394122123718","0.13758394122123718","347","347","347"
"34899","0.13845139741897583","0.13845139741897583","0.13845139741897583","348","348","348"
"34999","0.13921906054019928","0.13921906054019928","0.13921906054019928","349","349","349"
"35099","0.13878871500492096","0.13878871500492096","0.13878871500492096","350","350","350"
"35199","0.13989917933940887","0.13989917933940887","0.13989917933940887","351","351","351"
"35299","0.14473429322242737","0.14473429322242737","0.14473429322242737","352","352","352"
"35399","0.14199167490005493","0.14199167490005493","0.14199167490005493","353","353","353"
"35499","0.13893988728523254","0.13893988728523254","0.13893988728523254","354","354","354"
"35599","0.14295454323291779","0.14295454323291779","0.14295454323291779","355","355","355"
"35699","0.1428903490304947","0.1428903490304947","0.1428903490304947","356","356","356"
"35799","0.13705262541770935","0.13705262541770935","0.13705262541770935","357","357","357"
"35899","0.13261400163173676","0.13261400163173676","0.13261400163173676","358","358","358"
"35999","0.14432135224342346","0.14432135224342346","0.14432135224342346","359","359","359"
"36099","0.13950763642787933","0.13950763642787933","0.13950763642787933","360","360","360"
"36199","0.14368872344493866","0.14368872344493866","0.14368872344493866","361","361","361"
"36299","0.14480796456336975","0.14480796456336975","0.14480796456336975","362","362","362"
"36399","0.13572339713573456","0.13572339713573456","0.13572339713573456","363","363","363"
"36499","0.13962864875793457","0.13962864875793457","0.13962864875793457","364","364","364"
"36599","0.1331668645143509","0.1331668645143509","0.1331668645143509","365","365","365"
"36699","0.13859237730503082","0.13859237730503082","0.13859237730503082","366","366","366"
"36799","0.13927754759788513","0.13927754759788513","0.13927754759788513","367","367","367"
"36899","0.13297206163406372","0.13297206163406372","0.13297206163406372","368","368","368"
"36999","0.14104622602462769","0.14104622602462769","0.14104622602462769","369","369","369"
"37099","0.13416172564029694","0.13416172564029694","0.13416172564029694","370","370","370"
"37199","0.14000564813613892","0.14000564813613892","0.14000564813613892","371","371","371"
"37299","0.14254096150398254","0.14254096150398254","0.14254096150398254","372","372","372"
"37399","0.14132057130336761","0.14132057130336761","0.14132057130336761","373","373","373"
"37499","0.1430087685585022","0.1430087685585022","0.1430087685585022","374","374","374"
"37599","0.14023256301879883","0.14023256301879883","0.14023256301879883","375","375","375"
"37699","0.13809604942798615","0.13809604942798615","0.13809604942798615","376","376","376"
"37799","0.1326507180929184","0.1326507180929184","0.1326507180929184","377","377","377"
"37899","0.13952548801898956","0.13952548801898956","0.13952548801898956","378","378","378"
"37999","0.13956864178180695","0.13956864178180695","0.13956864178180695","379","379","379"
"38099","0.13746897876262665","0.13746897876262665","0.13746897876262665","380","380","380"
"38199","0.14075623452663422","0.14075623452663422","0.14075623452663422","381","381","381"
"38299","0.1386236697435379","0.1386236697435379","0.1386236697435379","382","382","382"
"38399","0.1346937119960785","0.1346937119960785","0.1346937119960785","383","383","383"
"38499","0.14422649145126343","0.14422649145126343","0.14422649145126343","384","384","384"
"38599","0.14256221055984497","0.14256221055984497","0.14256221055984497","385","385","385"
"38699","0.13504385948181152","0.13504385948181152","0.13504385948181152","386","386","386"
"38799","0.14040708541870117","0.14040708541870117","0.14040708541870117","387","387","387"
"38899","0.16823187470436096","0.16823187470436096","0.16823187470436096","388","388","388"
"38999","0.14200803637504578","0.14200803637504578","0.14200803637504578","389","389","389"
"39099","0.13940364122390747","0.13940364122390747","0.13940364122390747","390","390","390"
"39199","0.14455537497997284","0.14455537497997284","0.14455537497997284","391","391","391"
"39299","0.13574719429016113","0.13574719429016113","0.13574719429016113","392","392","392"
"39399","0.13677777349948883","0.13677777349948883","0.13677777349948883","393","393","393"
"39499","0.13743388652801514","0.13743388652801514","0.13743388652801514","394","394","394"
"39599","0.1383204311132431","0.1383204311132431","0.1383204311132431","395","395","395"
"39699","0.1449548751115799","0.1449548751115799","0.1449548751115799","396","396","396"
"39799","0.1348867416381836","0.1348867416381836","0.1348867416381836","397","397","397"
"39899","0.13800875842571259","0.13800875842571259","0.13800875842571259","398","398","398"
"39999","0.14198927581310272","0.14198927581310272","0.14198927581310272","399","399","399"
"40099","0.14262299239635468","0.14262299239635468","0.14262299239635468","400","400","400"
"40199","0.13963572680950165","0.13963572680950165","0.13963572680950165","401","401","401"
"40299","0.13340485095977783","0.13340485095977783","0.13340485095977783","402","402","402"
"40399","0.13172504305839539","0.13172504305839539","0.13172504305839539","403","403","403"
"40499","0.13718433678150177","0.13718433678150177","0.13718433678150177","404","404","404"
"40599","0.13330818712711334","0.13330818712711334","0.13330818712711334","405","405","405"
"40699","0.14392180740833282","0.14392180740833282","0.14392180740833282","406","406","406"
"40799","0.1450122594833374","0.1450122594833374","0.1450122594833374","407","407","407"
"40899","0.14187778532505035","0.14187778532505035","0.14187778532505035","408","408","408"
"40999","0.14165900647640228","0.14165900647640228","0.14165900647640228","409","409","409"
"41099","0.13479512929916382","0.13479512929916382","0.13479512929916382","410","410","410"
"41199","0.14139525592327118","0.14139525592327118","0.14139525592327118","411","411","411"
"41299","0.13777606189250946","0.13777606189250946","0.13777606189250946","412","412","412"
"41399","0.13153111934661865","0.13153111934661865","0.13153111934661865","413","413","413"
"41499","0.13158001005649567","0.13158001005649567","0.13158001005649567","414","414","414"
"41599","0.1376223862171173","0.1376223862171173","0.1376223862171173","415","415","415"
"41699","0.14019346237182617","0.14019346237182617","0.14019346237182617","416","416","416"
"41799","0.13572874665260315","0.13572874665260315","0.13572874665260315","417","417","417"
"41899","0.1345837265253067","0.1345837265253067","0.1345837265253067","418","418","418"
"41999","0.13870707154273987","0.13870707154273987","0.13870707154273987","419","419","419"
"42099","0.14411388337612152","0.14411388337612152","0.14411388337612152","420","420","420"
"42199","0.1427086442708969","0.1427086442708969","0.1427086442708969","421","421","421"
"42299","0.13665838539600372","0.13665838539600372","0.13665838539600372","422","422","422"
"42399","0.1401408165693283","0.1401408165693283","0.1401408165693283","423","423","423"
"42499","0.1466158628463745","0.1466158628463745","0.1466158628463745","424","424","424"
"42599","0.1376836746931076","0.1376836746931076","0.1376836746931076","425","425","425"
"42699","0.1319606453180313","0.1319606453180313","0.1319606453180313","426","426","426"
"42799","0.13937421143054962","0.13937421143054962","0.13937421143054962","427","427","427"
"42899","0.13971370458602905","0.13971370458602905","0.13971370458602905","428","428","428"
"42999","0.140846848487854","0.140846848487854","0.140846848487854","429","429","429"
"43099","0.1369948834180832","0.1369948834180832","0.1369948834180832","430","430","430"
"43199","0.13678079843521118","0.13678079843521118","0.13678079843521118","431","431","431"
"43299","0.13089610636234283","0.13089610636234283","0.13089610636234283","432","432","432"
"43399","0.13464544713497162","0.13464544713497162","0.13464544713497162","433","433","433"
"43499","0.1434992104768753","0.1434992104768753","0.1434992104768753","434","434","434"
"43599","0.13932234048843384","0.13932234048843384","0.13932234048843384","435","435","435"
"43699","0.13423731923103333","0.13423731923103333","0.13423731923103333","436","436","436"
"43799","0.14149217307567596","0.14149217307567596","0.14149217307567596","437","437","437"
"43899","0.15064294636249542","0.15064294636249542","0.15064294636249542","438","438","438"
"43999","0.13467004895210266","0.13467004895210266","0.13467004895210266","439","439","439"
"44099","0.1351393610239029","0.1351393610239029","0.1351393610239029","440","440","440"
"44199","0.1409195065498352","0.1409195065498352","0.1409195065498352","441","441","441"
"44299","0.13547849655151367","0.13547849655151367","0.13547849655151367","442","442","442"
"44399","0.13687287271022797","0.13687287271022797","0.13687287271022797","443","443","443"
"44499","0.1414051204919815","0.1414051204919815","0.1414051204919815","444","444","444"
"44599","0.1330898404121399","0.1330898404121399","0.1330898404121399","445","445","445"
"44699","0.14296823740005493","0.14296823740005493","0.14296823740005493","446","446","446"
"44799","0.13476578891277313","0.13476578891277313","0.13476578891277313","447","447","447"
"44899","0.1325746476650238","0.1325746476650238","0.1325746476650238","448","448","448"
"44999","0.1386147290468216","0.1386147290468216","0.1386147290468216","449","449","449"
"45099","0.13709773123264313","0.13709773123264313","0.13709773123264313","450","450","450"
"45199","0.13610970973968506","0.13610970973968506","0.13610970973968506","451","451","451"
"45299","0.1407657414674759","0.1407657414674759","0.1407657414674759","452","452","452"
"45399","0.14256513118743896","0.14256513118743896","0.14256513118743896","453","453","453"
"45499","0.13816949725151062","0.13816949725151062","0.13816949725151062","454","454","454"
"45599","0.1371106207370758","0.1371106207370758","0.1371106207370758","455","455","455"
"45699","0.13683299720287323","0.13683299720287323","0.13683299720287323","456","456","456"
"45799","0.13871510326862335","0.13871510326862335","0.13871510326862335","457","457","457"
"45899","0.13655580580234528","0.13655580580234528","0.13655580580234528","458","458","458"
"45999","0.14119870960712433","0.14119870960712433","0.14119870960712433","459","459","459"
"46099","0.13750599324703217","0.13750599324703217","0.13750599324703217","460","460","460"
"46199","0.13536295294761658","0.13536295294761658","0.13536295294761658","461","461","461"
"46299","0.13478635251522064","0.13478635251522064","0.13478635251522064","462","462","462"
"46399","0.13392432034015656","0.13392432034015656","0.13392432034015656","463","463","463"
"46499","0.13598211109638214","0.13598211109638214","0.13598211109638214","464","464","464"
"46599","0.14124585688114166","0.14124585688114166","0.14124585688114166","465","465","465"
"46699","0.14234204590320587","0.14234204590320587","0.14234204590320587","466","466","466"
"46799","0.13860881328582764","0.13860881328582764","0.13860881328582764","467","467","467"
"46899","0.13331381976604462","0.13331381976604462","0.13331381976604462","468","468","468"
"46999","0.12930062413215637","0.12930062413215637","0.12930062413215637","469","469","469"
"47099","0.13844969868659973","0.13844969868659973","0.13844969868659973","470","470","470"
"47199","0.137253537774086","0.137253537774086","0.137253537774086","471","471","471"
"47299","0.13608793914318085","0.13608793914318085","0.13608793914318085","472","472","472"
"47399","0.13420900702476501","0.13420900702476501","0.13420900702476501","473","473","473"
"47499","0.13873432576656342","0.13873432576656342","0.13873432576656342","474","474","474"
"47599","0.13030272722244263","0.13030272722244263","0.13030272722244263","475","475","475"
"47699","0.1346307247877121","0.1346307247877121","0.1346307247877121","476","476","476"
"47799","0.13356955349445343","0.13356955349445343","0.13356955349445343","477","477","477"
"47899","0.12849384546279907","0.12849384546279907","0.12849384546279907","478","478","478"
"47999","0.1357787549495697","0.1357787549495697","0.1357787549495697","479","479","479"
"48099","0.14340312778949738","0.14340312778949738","0.14340312778949738","480","480","480"
"48199","0.13308508694171906","0.13308508694171906","0.13308508694171906","481","481","481"
"48299","0.13938724994659424","0.13938724994659424","0.13938724994659424","482","482","482"
"48399","0.13826484978199005","0.13826484978199005","0.13826484978199005","483","483","483"
"48499","0.1348019391298294","0.1348019391298294","0.1348019391298294","484","484","484"
"48599","0.13389918208122253","0.13389918208122253","0.13389918208122253","485","485","485"
"48699","0.13468672335147858","0.13468672335147858","0.13468672335147858","486","486","486"
"48799","0.14058567583560944","0.14058567583560944","0.14058567583560944","487","487","487"
"48899","0.13435456156730652","0.13435456156730652","0.13435456156730652","488","488","488"
"48999","0.13977231085300446","0.13977231085300446","0.13977231085300446","489","489","489"
"49099","0.136513814330101","0.136513814330101","0.136513814330101","490","490","490"
"49199","0.13616986572742462","0.13616986572742462","0.13616986572742462","491","491","491"
"49299","0.13713252544403076","0.13713252544403076","0.13713252544403076","492","492","492"
"49399","0.13177406787872314","0.13177406787872314","0.13177406787872314","493","493","493"
"49499","0.13910400867462158","0.13910400867462158","0.13910400867462158","494","494","494"
"49599","0.1372966766357422","0.1372966766357422","0.1372966766357422","495","495","495"
"49699","0.14391958713531494","0.14391958713531494","0.14391958713531494","496","496","496"
"49799","0.13336654007434845","0.13336654007434845","0.13336654007434845","497","497","497"
"49899","0.13522858917713165","0.13522858917713165","0.13522858917713165","498","498","498"
"49999","0.1320631355047226","0.1320631355047226","0.1320631355047226","499","499","499"
"50099","0.13228455185890198","0.13228455185890198","0.13228455185890198","500","500","500"
"50199","0.1365022510290146","0.1365022510290146","0.1365022510290146","501","501","501"
"50299","0.1339396834373474","0.1339396834373474","0.1339396834373474","502","502","502"
"50399","0.13783393800258636","0.13783393800258636","0.13783393800258636","503","503","503"
"50499","0.1367369145154953","0.1367369145154953","0.1367369145154953","504","504","504"
"50599","0.13519544899463654","0.13519544899463654","0.13519544899463654","505","505","505"
"50699","0.13976837694644928","0.13976837694644928","0.13976837694644928","506","506","506"
"50799","0.1389012336730957","0.1389012336730957","0.1389012336730957","507","507","507"
"50899","0.142011821269989","0.142011821269989","0.142011821269989","508","508","508"
"50999","0.13731326162815094","0.13731326162815094","0.13731326162815094","509","509","509"
"51099","0.13224171102046967","0.13224171102046967","0.13224171102046967","510","510","510"
"51199","0.1357887089252472","0.1357887089252472","0.1357887089252472","511","511","511"
"51299","0.13869591057300568","0.13869591057300568","0.13869591057300568","512","512","512"
"51399","0.13537122309207916","0.13537122309207916","0.13537122309207916","513","513","513"
"51499","0.12990720570087433","0.12990720570087433","0.12990720570087433","514","514","514"
"51599","0.14412876963615417","0.14412876963615417","0.14412876963615417","515","515","515"
"51699","0.1320907324552536","0.1320907324552536","0.1320907324552536","516","516","516"
"51799","0.12858906388282776","0.12858906388282776","0.12858906388282776","517","517","517"
"51899","0.13601653277873993","0.13601653277873993","0.13601653277873993","518","518","518"
"51999","0.13019698858261108","0.13019698858261108","0.13019698858261108","519","519","519"
"52099","0.13575008511543274","0.13575008511543274","0.13575008511543274","520","520","520"
"52199","0.1389000415802002","0.1389000415802002","0.1389000415802002","521","521","521"
"52299","0.13551749289035797","0.13551749289035797","0.13551749289035797","522","522","522"
"52399","0.13683190941810608","0.13683190941810608","0.13683190941810608","523","523","523"
"52499","0.1357458382844925","0.1357458382844925","0.1357458382844925","524","524","524"
"52599","0.13334275782108307","0.13334275782108307","0.13334275782108307","525","525","525"
"52699","0.12765923142433167","0.12765923142433167","0.12765923142433167","526","526","526"
"52799","0.13548380136489868","0.13548380136489868","0.13548380136489868","527","527","527"
"52899","0.13324616849422455","0.13324616849422455","0.13324616849422455","528","528","528"
"52999","0.13486438989639282","0.13486438989639282","0.13486438989639282","529","529","529"
"53099","0.13184385001659393","0.13184385001659393","0.13184385001659393","530","530","530"
"53199","0.1361178308725357","0.1361178308725357","0.1361178308725357","531","531","531"
"53299","0.13669683039188385","0.13669683039188385","0.13669683039188385","532","532","532"
"53399","0.13859185576438904","0.13859185576438904","0.13859185576438904","533","533","533"
"53499","0.13233637809753418","0.13233637809753418","0.13233637809753418","534","534","534"
"53599","0.1293022185564041","0.1293022185564041","0.1293022185564041","535","535","535"
"53699","0.12992922961711884","0.12992922961711884","0.12992922961711884","536","536","536"
"53799","0.1344517022371292","0.1344517022371292","0.1344517022371292","537","537","537"
"53899","0.13645905256271362","0.13645905256271362","0.13645905256271362","538","538","538"
"53999","0.13833032548427582","0.13833032548427582","0.13833032548427582","539","539","539"
"54099","0.13450372219085693","0.13450372219085693","0.13450372219085693","540","540","540"
"54199","0.13497352600097656","0.13497352600097656","0.13497352600097656","541","541","541"
"54299","0.13239425420761108","0.13239425420761108","0.13239425420761108","542","542","542"
"54399","0.13720837235450745","0.13720837235450745","0.13720837235450745","543","543","543"
"54499","0.133169487118721","0.133169487118721","0.133169487118721","544","544","544"
"54599","0.1383802890777588","0.1383802890777588","0.1383802890777588","545","545","545"
"54699","0.13009729981422424","0.13009729981422424","0.13009729981422424","546","546","546"
"54799","0.13862891495227814","0.13862891495227814","0.13862891495227814","547","547","547"
"54899","0.13383617997169495","0.13383617997169495","0.13383617997169495","548","548","548"
"54999","0.1327410340309143","0.1327410340309143","0.1327410340309143","549","549","549"
"55099","0.1317259967327118","0.1317259967327118","0.1317259967327118","550","550","550"
"55199","0.13312390446662903","0.13312390446662903","0.13312390446662903","551","551","551"
"55299","0.13368164002895355","0.13368164002895355","0.13368164002895355","552","552","552"
"55399","0.12961813807487488","0.12961813807487488","0.12961813807487488","553","553","553"
"55499","0.13811971247196198","0.13811971247196198","0.13811971247196198","554","554","554"
"55599","0.13997377455234528","0.13997377455234528","0.13997377455234528","555","555","555"
"55699","0.1353999525308609","0.1353999525308609","0.1353999525308609","556","556","556"
"55799","0.14267708361148834","0.14267708361148834","0.14267708361148834","557","557","557"
"55899","0.1341312825679779","0.1341312825679779","0.1341312825679779","558","558","558"
"55999","0.13025812804698944","0.13025812804698944","0.13025812804698944","559","559","559"
"56099","0.1372760534286499","0.1372760534286499","0.1372760534286499","560","560","560"
"56199","0.13249248266220093","0.13249248266220093","0.13249248266220093","561","561","561"
"56299","0.13890783488750458","0.13890783488750458","0.13890783488750458","562","562","562"
"56399","0.12964454293251038","0.12964454293251038","0.12964454293251038","563","563","563"
"56499","0.13356709480285645","0.13356709480285645","0.13356709480285645","564","564","564"
"56599","0.13423238694667816","0.13423238694667816","0.13423238694667816","565","565","565"
"56699","0.13170617818832397","0.13170617818832397","0.13170617818832397","566","566","566"
"56799","0.1356915980577469","0.1356915980577469","0.1356915980577469","567","567","567"
"56899","0.13394998013973236","0.13394998013973236","0.13394998013973236","568","568","568"
"56999","0.14111965894699097","0.14111965894699097","0.14111965894699097","569","569","569"
"57099","0.13447655737400055","0.13447655737400055","0.13447655737400055","570","570","570"
"57199","0.13137146830558777","0.13137146830558777","0.13137146830558777","571","571","571"
"57299","0.13269193470478058","0.13269193470478058","0.13269193470478058","572","572","572"
"57399","0.13296599686145782","0.13296599686145782","0.13296599686145782","573","573","573"
"57499","0.1357901692390442","0.1357901692390442","0.1357901692390442","574","574","574"
"57599","0.13493560254573822","0.13493560254573822","0.13493560254573822","575","575","575"
"57699","0.1327751725912094","0.1327751725912094","0.1327751725912094","576","576","576"
"57799","0.1388416886329651","0.1388416886329651","0.1388416886329651","577","577","577"
"57899","0.13042043149471283","0.13042043149471283","0.13042043149471283","578","578","578"
"57999","0.135275200009346","0.135275200009346","0.135275200009346","579","579","579"
"58099","0.1271779090166092","0.1271779090166092","0.1271779090166092","580","580","580"
"58199","0.13534359633922577","0.13534359633922577","0.13534359633922577","581","581","581"
"58299","0.136627197265625","0.136627197265625","0.136627197265625","582","582","582"
"58399","0.12876790761947632","0.12876790761947632","0.12876790761947632","583","583","583"
"58499","0.13762407004833221","0.13762407004833221","0.13762407004833221","584","584","584"
"58599","0.1350519359111786","0.1350519359111786","0.1350519359111786","585","585","585"
"58699","0.13876670598983765","0.13876670598983765","0.13876670598983765","586","586","586"
"58799","0.13046739995479584","0.13046739995479584","0.13046739995479584","587","587","587"
"58899","0.13413354754447937","0.13413354754447937","0.13413354754447937","588","588","588"
"58999","0.13347169756889343","0.13347169756889343","0.13347169756889343","589","589","589"
"59099","0.1331479698419571","0.1331479698419571","0.1331479698419571","590","590","590"
"59199","0.13945426046848297","0.13945426046848297","0.13945426046848297","591","591","591"
"59299","0.12817226350307465","0.12817226350307465","0.12817226350307465","592","592","592"
"59399","0.13554292917251587","0.13554292917251587","0.13554292917251587","593","593","593"
"59499","0.13242480158805847","0.13242480158805847","0.13242480158805847","594","594","594"
"59599","0.13428372144699097","0.13428372144699097","0.13428372144699097","595","595","595"
"59699","0.13079208135604858","0.13079208135604858","0.13079208135604858","596","596","596"
"59799","0.13253596425056458","0.13253596425056458","0.13253596425056458","597","597","597"
"59899","0.1287681609392166","0.1287681609392166","0.1287681609392166","598","598","598"
"59999","0.13161146640777588","0.13161146640777588","0.13161146640777588","599","599","599"
"60099","0.13002337515354156","0.13002337515354156","0.13002337515354156","600","600","600"
"60199","0.13329137861728668","0.13329137861728668","0.13329137861728668","601","601","601"
"60299","0.13615524768829346","0.13615524768829346","0.13615524768829346","602","602","602"
"60399","0.12842179834842682","0.12842179834842682","0.12842179834842682","603","603","603"
"60499","0.1342960000038147","0.1342960000038147","0.1342960000038147","604","604","604"
"60599","0.12665437161922455","0.12665437161922455","0.12665437161922455","605","605","605"
"60699","0.1281902939081192","0.1281902939081192","0.1281902939081192","606","606","606"
"60799","0.131385937333107","0.131385937333107","0.131385937333107","607","607","607"
"60899","0.1309625208377838","0.1309625208377838","0.1309625208377838","608","608","608"
"60999","0.12955118715763092","0.12955118715763092","0.12955118715763092","609","609","609"
"61099","0.1337255835533142","0.1337255835533142","0.1337255835533142","610","610","610"
"61199","0.12908151745796204","0.12908151745796204","0.12908151745796204","611","611","611"
"61299","0.13778212666511536","0.13778212666511536","0.13778212666511536","612","612","612"
"61399","0.13056844472885132","0.13056844472885132","0.13056844472885132","613","613","613"
"61499","0.13178567588329315","0.13178567588329315","0.13178567588329315","614","614","614"
"61599","0.1334293931722641","0.1334293931722641","0.1334293931722641","615","615","615"
"61699","0.13688504695892334","0.13688504695892334","0.13688504695892334","616","616","616"
"61799","0.14048698544502258","0.14048698544502258","0.14048698544502258","617","617","617"
"61899","0.13396750390529633","0.13396750390529633","0.13396750390529633","618","618","618"
"61999","0.1365215927362442","0.1365215927362442","0.1365215927362442","619","619","619"
"62099","0.1331760585308075","0.1331760585308075","0.1331760585308075","620","620","620"
"62199","0.13205549120903015","0.13205549120903015","0.13205549120903015","621","621","621"
"62299","0.1288928985595703","0.1288928985595703","0.1288928985595703","622","622","622"
"62399","0.13119664788246155","0.13119664788246155","0.13119664788246155","623","623","623"
"62499","0.13422195613384247","0.13422195613384247","0.13422195613384247","624","624","624"
"62599","0.12671779096126556","0.12671779096126556","0.12671779096126556","625","625","625"
"62699","0.13348735868930817","0.13348735868930817","0.13348735868930817","626","626","626"
"62799","0.12873798608779907","0.12873798608779907","0.12873798608779907","627","627","627"
"62899","0.12671174108982086","0.12671174108982086","0.12671174108982086","628","628","628"
"62999","0.13016586005687714","0.13016586005687714","0.13016586005687714","629","629","629"
"63099","0.1344756782054901","0.1344756782054901","0.1344756782054901","630","630","630"
"63199","0.14149682223796844","0.14149682223796844","0.14149682223796844","631","631","631"
"63299","0.13506431877613068","0.13506431877613068","0.13506431877613068","632","632","632"
"63399","0.1314808577299118","0.1314808577299118","0.1314808577299118","633","633","633"
"63499","0.13085098564624786","0.13085098564624786","0.13085098564624786","634","634","634"
"63599","0.12995141744613647","0.12995141744613647","0.12995141744613647","635","635","635"
"63699","0.14122143387794495","0.14122143387794495","0.14122143387794495","636","636","636"
"63799","0.13685381412506104","0.13685381412506104","0.13685381412506104","637","637","637"
"63899","0.12656335532665253","0.12656335532665253","0.12656335532665253","638","638","638"
"63999","0.13183854520320892","0.13183854520320892","0.13183854520320892","639","639","639"
"64099","0.13131894171237946","0.13131894171237946","0.13131894171237946","640","640","640"
"64199","0.1289864331483841","0.1289864331483841","0.1289864331483841","641","641","641"
"64299","0.1391410380601883","0.1391410380601883","0.1391410380601883","642","642","642"
"64399","0.1338590830564499","0.1338590830564499","0.1338590830564499","643","643","643"
"64499","0.12842340767383575","0.12842340767383575","0.12842340767383575","644","644","644"
"64599","0.13496600091457367","0.13496600091457367","0.13496600091457367","645","645","645"
"64699","0.13757498562335968","0.13757498562335968","0.13757498562335968","646","646","646"
"64799","0.1274574249982834","0.1274574249982834","0.1274574249982834","647","647","647"
"64899","0.1412113457918167","0.1412113457918167","0.1412113457918167","648","648","648"
"64999","0.12889248132705688","0.12889248132705688","0.12889248132705688","649","649","649"
"65099","0.1340114325284958","0.1340114325284958","0.1340114325284958","650","650","650"
"65199","0.13430233299732208","0.13430233299732208","0.13430233299732208","651","651","651"
"65299","0.13402915000915527","0.13402915000915527","0.13402915000915527","652","652","652"
"65399","0.13920870423316956","0.13920870423316956","0.13920870423316956","653","653","653"
"65499","0.1333923488855362","0.1333923488855362","0.1333923488855362","654","654","654"
"65599","0.13574980199337006","0.13574980199337006","0.13574980199337006","655","655","655"
"65699","0.13139325380325317","0.13139325380325317","0.13139325380325317","656","656","656"
"65799","0.13029401004314423","0.13029401004314423","0.13029401004314423","657","657","657"
"65899","0.13754546642303467","0.13754546642303467","0.13754546642303467","658","658","658"
"65999","0.1321253627538681","0.1321253627538681","0.1321253627538681","659","659","659"
"66099","0.13342490792274475","0.13342490792274475","0.13342490792274475","660","660","660"
"66199","0.13369080424308777","0.13369080424308777","0.13369080424308777","661","661","661"
"66299","0.126922145485878","0.126922145485878","0.126922145485878","662","662","662"
"66399","0.13237608969211578","0.13237608969211578","0.13237608969211578","663","663","663"
"66499","0.13152436912059784","0.13152436912059784","0.13152436912059784","664","664","664"
"66599","0.13197533786296844","0.13197533786296844","0.13197533786296844","665","665","665"
"66699","0.14006265997886658","0.14006265997886658","0.14006265997886658","666","666","666"
"66799","0.12874339520931244","0.12874339520931244","0.12874339520931244","667","667","667"
"66899","0.13434500992298126","0.13434500992298126","0.13434500992298126","668","668","668"
"66999","0.13034746050834656","0.13034746050834656","0.13034746050834656","669","669","669"
"67099","0.1366395503282547","0.1366395503282547","0.1366395503282547","670","670","670"
"67199","0.13461525738239288","0.13461525738239288","0.13461525738239288","671","671","671"
"67299","0.13458740711212158","0.13458740711212158","0.13458740711212158","672","672","672"
"67399","0.12790921330451965","0.12790921330451965","0.12790921330451965","673","673","673"
"67499","0.13334597647190094","0.13334597647190094","0.13334597647190094","674","674","674"
"67599","0.1301220804452896","0.1301220804452896","0.1301220804452896","675","675","675"
"67699","0.13087409734725952","0.13087409734725952","0.13087409734725952","676","676","676"
"67799","0.1394798457622528","0.1394798457622528","0.1394798457622528","677","677","677"
"67899","0.13646404445171356","0.13646404445171356","0.13646404445171356","678","678","678"
"67999","0.12951400876045227","0.12951400876045227","0.12951400876045227","679","679","679"
"68099","0.13494843244552612","0.13494843244552612","0.13494843244552612","680","680","680"
"68199","0.13007418811321259","0.13007418811321259","0.13007418811321259","681","681","681"
"68299","0.12635314464569092","0.12635314464569092","0.12635314464569092","682","682","682"
"68399","0.1388450413942337","0.1388450413942337","0.1388450413942337","683","683","683"
"68499","0.13098929822444916","0.13098929822444916","0.13098929822444916","684","684","684"
"68599","0.13327118754386902","0.13327118754386902","0.13327118754386902","685","685","685"
"68699","0.12693701684474945","0.12693701684474945","0.12693701684474945","686","686","686"
"68799","0.12961983680725098","0.12961983680725098","0.12961983680725098","687","687","687"
"68899","0.13565757870674133","0.13565757870674133","0.13565757870674133","688","688","688"
"68999","0.13080157339572906","0.13080157339572906","0.13080157339572906","689","689","689"
"69099","0.12571778893470764","0.12571778893470764","0.12571778893470764","690","690","690"
"69199","0.13020354509353638","0.13020354509353638","0.13020354509353638","691","691","691"
"69299","0.13045577704906464","0.13045577704906464","0.13045577704906464","692","692","692"
"69399","0.12889820337295532","0.12889820337295532","0.12889820337295532","693","693","693"
"69499","0.1256394386291504","0.1256394386291504","0.1256394386291504","694","694","694"
"69599","0.1341455727815628","0.1341455727815628","0.1341455727815628","695","695","695"
"69699","0.12626658380031586","0.12626658380031586","0.12626658380031586","696","696","696"
"69799","0.13649854063987732","0.13649854063987732","0.13649854063987732","697","697","697"
"69899","0.13368946313858032","0.13368946313858032","0.13368946313858032","698","698","698"
"69999","0.12966281175613403","0.12966281175613403","0.12966281175613403","699","699","699"
"70099","0.13116025924682617","0.13116025924682617","0.13116025924682617","700","700","700"
"70199","0.13120882213115692","0.13120882213115692","0.13120882213115692","701","701","701"
"70299","0.12614865601062775","0.12614865601062775","0.12614865601062775","702","702","702"
"70399","0.1336946040391922","0.1336946040391922","0.1336946040391922","703","703","703"
"70499","0.1286199688911438","0.1286199688911438","0.1286199688911438","704","704","704"
"70599","0.12648947536945343","0.12648947536945343","0.12648947536945343","705","705","705"
"70699","0.13228866457939148","0.13228866457939148","0.13228866457939148","706","706","706"
"70799","0.12817548215389252","0.12817548215389252","0.12817548215389252","707","707","707"
"70899","0.13408972322940826","0.13408972322940826","0.13408972322940826","708","708","708"
"70999","0.12798766791820526","0.12798766791820526","0.12798766791820526","709","709","709"
"71099","0.1332373023033142","0.1332373023033142","0.1332373023033142","710","710","710"
"71199","0.13017551600933075","0.13017551600933075","0.13017551600933075","711","711","711"
"71299","0.1326836496591568","0.1326836496591568","0.1326836496591568","712","712","712"
"71399","0.13117064535617828","0.13117064535617828","0.13117064535617828","713","713","713"
"71499","0.12900985777378082","0.12900985777378082","0.12900985777378082","714","714","714"
"71599","0.13655774295330048","0.13655774295330048","0.13655774295330048","715","715","715"
"71699","0.13590390980243683","0.13590390980243683","0.13590390980243683","716","716","716"
"71799","0.12784121930599213","0.12784121930599213","0.12784121930599213","717","717","717"
"71899","0.13456474244594574","0.13456474244594574","0.13456474244594574","718","718","718"
"71999","0.12509377300739288","0.12509377300739288","0.12509377300739288","719","719","719"
"72099","0.13117320835590363","0.13117320835590363","0.13117320835590363","720","720","720"
"72199","0.13764092326164246","0.13764092326164246","0.13764092326164246","721","721","721"
"72299","0.13695067167282104","0.13695067167282104","0.13695067167282104","722","722","722"
"72399","0.13943719863891602","0.13943719863891602","0.13943719863891602","723","723","723"
"72499","0.13126704096794128","0.13126704096794128","0.13126704096794128","724","724","724"
"72599","0.12974241375923157","0.12974241375923157","0.12974241375923157","725","725","725"
"72699","0.13536052405834198","0.13536052405834198","0.13536052405834198","726","726","726"
"72799","0.1286238431930542","0.1286238431930542","0.1286238431930542","727","727","727"
"72899","0.1294635534286499","0.1294635534286499","0.1294635534286499","728","728","728"
"72999","0.1357542723417282","0.1357542723417282","0.1357542723417282","729","729","729"
"73099","0.13203276693820953","0.13203276693820953","0.13203276693820953","730","730","730"
"73199","0.1336396187543869","0.1336396187543869","0.1336396187543869","731","731","731"
"73299","0.13656963407993317","0.13656963407993317","0.13656963407993317","732","732","732"
"73399","0.13065195083618164","0.13065195083618164","0.13065195083618164","733","733","733"
"73499","0.13307291269302368","0.13307291269302368","0.13307291269302368","734","734","734"
"73599","0.12708473205566406","0.12708473205566406","0.12708473205566406","735","735","735"
"73699","0.1271732896566391","0.1271732896566391","0.1271732896566391","736","736","736"
"73799","0.12554524838924408","0.12554524838924408","0.12554524838924408","737","737","737"
"73899","0.12844298779964447","0.12844298779964447","0.12844298779964447","738","738","738"
"73999","0.13171610236167908","0.13171610236167908","0.13171610236167908","739","739","739"
"74099","0.13329322636127472","0.13329322636127472","0.13329322636127472","740","740","740"
"74199","0.12789520621299744","0.12789520621299744","0.12789520621299744","741","741","741"
"74299","0.13605065643787384","0.13605065643787384","0.13605065643787384","742","742","742"
"74399","0.13316351175308228","0.13316351175308228","0.13316351175308228","743","743","743"
"74499","0.1295185089111328","0.1295185089111328","0.1295185089111328","744","744","744"
"74599","0.12865950167179108","0.12865950167179108","0.12865950167179108","745","745","745"
"74699","0.1287449449300766","0.1287449449300766","0.1287449449300766","746","746","746"
"74799","0.12642650306224823","0.12642650306224823","0.12642650306224823","747","747","747"
"74899","0.12775827944278717","0.12775827944278717","0.12775827944278717","748","748","748"
"74999","0.1320069581270218","0.1320069581270218","0.1320069581270218","749","749","749"
"75099","0.12720781564712524","0.12720781564712524","0.12720781564712524","750","750","750"
"75199","0.1284227818250656","0.1284227818250656","0.1284227818250656","751","751","751"
"75299","0.12971384823322296","0.12971384823322296","0.12971384823322296","752","752","752"
"75399","0.12993964552879333","0.12993964552879333","0.12993964552879333","753","753","753"
"75499","0.13357166945934296","0.13357166945934296","0.13357166945934296","754","754","754"
"75599","0.12567612528800964","0.12567612528800964","0.12567612528800964","755","755","755"
"75699","0.13191208243370056","0.13191208243370056","0.13191208243370056","756","756","756"
"75799","0.12100863456726074","0.12100863456726074","0.12100863456726074","757","757","757"
"75899","0.13065090775489807","0.13065090775489807","0.13065090775489807","758","758","758"
"75999","0.13073596358299255","0.13073596358299255","0.13073596358299255","759","759","759"
"76099","0.130709707736969","0.130709707736969","0.130709707736969","760","760","760"
"76199","0.12756264209747314","0.12756264209747314","0.12756264209747314","761","761","761"
"76299","0.13739033043384552","0.13739033043384552","0.13739033043384552","762","762","762"
"76399","0.1316937804222107","0.1316937804222107","0.1316937804222107","763","763","763"
"76499","0.12519580125808716","0.12519580125808716","0.12519580125808716","764","764","764"
"76599","0.12649711966514587","0.12649711966514587","0.12649711966514587","765","765","765"
"76699","0.13356925547122955","0.13356925547122955","0.13356925547122955","766","766","766"
"76799","0.1330617219209671","0.1330617219209671","0.1330617219209671","767","767","767"
"76899","0.12712672352790833","0.12712672352790833","0.12712672352790833","768","768","768"
"76999","0.13213108479976654","0.13213108479976654","0.13213108479976654","769","769","769"
"77099","0.1316603273153305","0.1316603273153305","0.1316603273153305","770","770","770"
"77199","0.13159020245075226","0.13159020245075226","0.13159020245075226","771","771","771"
"77299","0.12647339701652527","0.12647339701652527","0.12647339701652527","772","772","772"
"77399","0.12837569415569305","0.12837569415569305","0.12837569415569305","773","773","773"
"77499","0.1336202323436737","0.1336202323436737","0.1336202323436737","774","774","774"
"77599","0.13642054796218872","0.13642054796218872","0.13642054796218872","775","775","775"
"77699","0.12844914197921753","0.12844914197921753","0.12844914197921753","776","776","776"
"77799","0.1323241889476776","0.1323241889476776","0.1323241889476776","777","777","777"
"77899","0.1350955218076706","0.1350955218076706","0.1350955218076706","778","778","778"
"77999","0.12949475646018982","0.12949475646018982","0.12949475646018982","779","779","779"
"78099","0.13273511826992035","0.13273511826992035","0.13273511826992035","780","780","780"
"78199","0.13395956158638","0.13395956158638","0.13395956158638","781","781","781"
"78299","0.13548214733600616","0.13548214733600616","0.13548214733600616","782","782","782"
"78399","0.12822303175926208","0.12822303175926208","0.12822303175926208","783","783","783"
"78499","0.13536608219146729","0.13536608219146729","0.13536608219146729","784","784","784"
"78599","0.12652264535427094","0.12652264535427094","0.12652264535427094","785","785","785"
"78699","0.1317293792963028","0.1317293792963028","0.1317293792963028","786","786","786"
"78799","0.12577876448631287","0.12577876448631287","0.12577876448631287","787","787","787"
"78899","0.12988559901714325","0.12988559901714325","0.12988559901714325","788","788","788"
"78999","0.1261989027261734","0.1261989027261734","0.1261989027261734","789","789","789"
"79099","0.13050808012485504","0.13050808012485504","0.13050808012485504","790","790","790"
"79199","0.128745898604393","0.128745898604393","0.128745898604393","791","791","791"
"79299","0.13452449440956116","0.13452449440956116","0.13452449440956116","792","792","792"
"79399","0.13300807774066925","0.13300807774066925","0.13300807774066925","793","793","793"
"79499","0.12631428241729736","0.12631428241729736","0.12631428241729736","794","794","794"
"79599","0.13033677637577057","0.13033677637577057","0.13033677637577057","795","795","795"
"79699","0.12427746504545212","0.12427746504545212","0.12427746504545212","796","796","796"
"79799","0.13260477781295776","0.13260477781295776","0.13260477781295776","797","797","797"
"79899","0.13228937983512878","0.13228937983512878","0.13228937983512878","798","798","798"
"79999","0.1280985176563263","0.1280985176563263","0.1280985176563263","799","799","799"
"80099","0.12361276149749756","0.12361276149749756","0.12361276149749756","800","800","800"
"80199","0.12701241672039032","0.12701241672039032","0.12701241672039032","801","801","801"
"80299","0.13321295380592346","0.13321295380592346","0.13321295380592346","802","802","802"
"80399","0.12807568907737732","0.12807568907737732","0.12807568907737732","803","803","803"
"80499","0.13269151747226715","0.13269151747226715","0.13269151747226715","804","804","804"
"80599","0.12936359643936157","0.12936359643936157","0.12936359643936157","805","805","805"
"80699","0.12892009317874908","0.12892009317874908","0.12892009317874908","806","806","806"
"80799","0.12578889727592468","0.12578889727592468","0.12578889727592468","807","807","807"
"80899","0.12649555504322052","0.12649555504322052","0.12649555504322052","808","808","808"
"80999","0.1325675994157791","0.1325675994157791","0.1325675994157791","809","809","809"
"81099","0.13148437440395355","0.13148437440395355","0.13148437440395355","810","810","810"
"81199","0.12930086255073547","0.12930086255073547","0.12930086255073547","811","811","811"
"81299","0.13302944600582123","0.13302944600582123","0.13302944600582123","812","812","812"
"81399","0.12487442791461945","0.12487442791461945","0.12487442791461945","813","813","813"
"81499","0.13151299953460693","0.13151299953460693","0.13151299953460693","814","814","814"
"81599","0.12387437373399734","0.12387437373399734","0.12387437373399734","815","815","815"
"81699","0.13345614075660706","0.13345614075660706","0.13345614075660706","816","816","816"
"81799","0.12368801981210709","0.12368801981210709","0.12368801981210709","817","817","817"
"81899","0.12632712721824646","0.12632712721824646","0.12632712721824646","818","818","818"
"81999","0.12766775488853455","0.12766775488853455","0.12766775488853455","819","819","819"
"82099","0.11871100217103958","0.11871100217103958","0.11871100217103958","820","820","820"
"82199","0.1318957656621933","0.1318957656621933","0.1318957656621933","821","821","821"
"82299","0.12813639640808105","0.12813639640808105","0.12813639640808105","822","822","822"
"82399","0.13329757750034332","0.13329757750034332","0.13329757750034332","823","823","823"
"82499","0.12501002848148346","0.12501002848148346","0.12501002848148346","824","824","824"
"82599","0.13196109235286713","0.13196109235286713","0.13196109235286713","825","825","825"
"82699","0.12848113477230072","0.12848113477230072","0.12848113477230072","826","826","826"
"82799","0.12907305359840393","0.12907305359840393","0.12907305359840393","827","827","827"
"82899","0.13273364305496216","0.13273364305496216","0.13273364305496216","828","828","828"
"82999","0.13470590114593506","0.13470590114593506","0.13470590114593506","829","829","829"
"83099","0.1276243031024933","0.1276243031024933","0.1276243031024933","830","830","830"
"83199","0.13205549120903015","0.13205549120903015","0.13205549120903015","831","831","831"
"83299","0.12465778738260269","0.12465778738260269","0.12465778738260269","832","832","832"
"83399","0.12709397077560425","0.12709397077560425","0.12709397077560425","833","833","833"
"83499","0.13515734672546387","0.13515734672546387","0.13515734672546387","834","834","834"
"83599","0.12834754586219788","0.12834754586219788","0.12834754586219788","835","835","835"
"83699","0.13417963683605194","0.13417963683605194","0.13417963683605194","836","836","836"
"83799","0.13214600086212158","0.13214600086212158","0.13214600086212158","837","837","837"
"83899","0.13632293045520782","0.13632293045520782","0.13632293045520782","838","838","838"
"83999","0.12808799743652344","0.12808799743652344","0.12808799743652344","839","839","839"
"84099","0.13077270984649658","0.13077270984649658","0.13077270984649658","840","840","840"
"84199","0.13017280399799347","0.13017280399799347","0.13017280399799347","841","841","841"
"84299","0.1293015331029892","0.1293015331029892","0.1293015331029892","842","842","842"
"84399","0.12634649872779846","0.12634649872779846","0.12634649872779846","843","843","843"
"84499","0.13251358270645142","0.13251358270645142","0.13251358270645142","844","844","844"
"84599","0.13182447850704193","0.13182447850704193","0.13182447850704193","845","845","845"
"84699","0.12844963371753693","0.12844963371753693","0.12844963371753693","846","846","846"
"84799","0.13127513229846954","0.13127513229846954","0.13127513229846954","847","847","847"
"84899","0.13134117424488068","0.13134117424488068","0.13134117424488068","848","848","848"
"84999","0.1304773986339569","0.1304773986339569","0.1304773986339569","849","849","849"
"85099","0.1298188418149948","0.1298188418149948","0.1298188418149948","850","850","850"
"85199","0.13083167374134064","0.13083167374134064","0.13083167374134064","851","851","851"
"85299","0.12650130689144135","0.12650130689144135","0.12650130689144135","852","852","852"
"85399","0.13415071368217468","0.13415071368217468","0.13415071368217468","853","853","853"
"85499","0.13055816292762756","0.13055816292762756","0.13055816292762756","854","854","854"
"85599","0.1297730952501297","0.1297730952501297","0.1297730952501297","855","855","855"
"85699","0.12136878818273544","0.12136878818273544","0.12136878818273544","856","856","856"
"85799","0.12886424362659454","0.12886424362659454","0.12886424362659454","857","857","857"
"85899","0.12992195785045624","0.12992195785045624","0.12992195785045624","858","858","858"
"85999","0.13055245578289032","0.13055245578289032","0.13055245578289032","859","859","859"
"86099","0.1253066062927246","0.1253066062927246","0.1253066062927246","860","860","860"
"86199","0.12721307575702667","0.12721307575702667","0.12721307575702667","861","861","861"
"86299","0.1279793381690979","0.1279793381690979","0.1279793381690979","862","862","862"
"86399","0.12729176878929138","0.12729176878929138","0.12729176878929138","863","863","863"
"86499","0.13222196698188782","0.13222196698188782","0.13222196698188782","864","864","864"
"86599","0.1354760080575943","0.1354760080575943","0.1354760080575943","865","865","865"
"86699","0.12901480495929718","0.12901480495929718","0.12901480495929718","866","866","866"
"86799","0.1226632297039032","0.1226632297039032","0.1226632297039032","867","867","867"
"86899","0.131496861577034","0.131496861577034","0.131496861577034","868","868","868"
"86999","0.1301550716161728","0.1301550716161728","0.1301550716161728","869","869","869"
"87099","0.13084813952445984","0.13084813952445984","0.13084813952445984","870","870","870"
"87199","0.13251401484012604","0.13251401484012604","0.13251401484012604","871","871","871"
"87299","0.1317267268896103","0.1317267268896103","0.1317267268896103","872","872","872"
"87399","0.13290707767009735","0.13290707767009735","0.13290707767009735","873","873","873"
"87499","0.13206711411476135","0.13206711411476135","0.13206711411476135","874","874","874"
"87599","0.1346285492181778","0.1346285492181778","0.1346285492181778","875","875","875"
"87699","0.13346898555755615","0.13346898555755615","0.13346898555755615","876","876","876"
"87799","0.13162444531917572","0.13162444531917572","0.13162444531917572","877","877","877"
"87899","0.12917833030223846","0.12917833030223846","0.12917833030223846","878","878","878"
"87999","0.1362416297197342","0.1362416297197342","0.1362416297197342","879","879","879"
"88099","0.12957905232906342","0.12957905232906342","0.12957905232906342","880","880","880"
"88199","0.12914934754371643","0.12914934754371643","0.12914934754371643","881","881","881"
"88299","0.12460555136203766","0.12460555136203766","0.12460555136203766","882","882","882"
"88399","0.12394596636295319","0.12394596636295319","0.12394596636295319","883","883","883"
"88499","0.13082964718341827","0.13082964718341827","0.13082964718341827","884","884","884"
"88599","0.1279759258031845","0.1279759258031845","0.1279759258031845","885","885","885"
"88699","0.13587820529937744","0.13587820529937744","0.13587820529937744","886","886","886"
"88799","0.12943512201309204","0.12943512201309204","0.12943512201309204","887","887","887"
"88899","0.1259537637233734","0.1259537637233734","0.1259537637233734","888","888","888"
"88999","0.1351756453514099","0.1351756453514099","0.1351756453514099","889","889","889"
"89099","0.1307685375213623","0.1307685375213623","0.1307685375213623","890","890","890"
"89199","0.13387469947338104","0.13387469947338104","0.13387469947338104","891","891","891"
"89299","0.131155326962471","0.131155326962471","0.131155326962471","892","892","892"
"89399","0.12551572918891907","0.12551572918891907","0.12551572918891907","893","893","893"
"89499","0.1262069195508957","0.1262069195508957","0.1262069195508957","894","894","894"
"89599","0.1281750500202179","0.1281750500202179","0.1281750500202179","895","895","895"
"89699","0.13111838698387146","0.13111838698387146","0.13111838698387146","896","896","896"
"89799","0.13249745965003967","0.13249745965003967","0.13249745965003967","897","897","897"
"89899","0.13292835652828217","0.13292835652828217","0.13292835652828217","898","898","898"
"89999","0.12951411306858063","0.12951411306858063","0.12951411306858063","899","899","899"
"90099","0.12839597463607788","0.12839597463607788","0.12839597463607788","900","900","900"
"90199","0.12848472595214844","0.12848472595214844","0.12848472595214844","901","901","901"
"90299","0.12854743003845215","0.12854743003845215","0.12854743003845215","902","902","902"
"90399","0.12969020009040833","0.12969020009040833","0.12969020009040833","903","903","903"
"90499","0.1222100481390953","0.1222100481390953","0.1222100481390953","904","904","904"
"90599","0.12238083779811859","0.12238083779811859","0.12238083779811859","905","905","905"
"90699","0.12180127203464508","0.12180127203464508","0.12180127203464508","906","906","906"
"90799","0.1270759105682373","0.1270759105682373","0.1270759105682373","907","907","907"
"90899","0.13217337429523468","0.13217337429523468","0.13217337429523468","908","908","908"
"90999","0.12495758384466171","0.12495758384466171","0.12495758384466171","909","909","909"
"91099","0.12779632210731506","0.12779632210731506","0.12779632210731506","910","910","910"
"91199","0.12870606780052185","0.12870606780052185","0.12870606780052185","911","911","911"
"91299","0.13110589981079102","0.13110589981079102","0.13110589981079102","912","912","912"
"91399","0.13241145014762878","0.13241145014762878","0.13241145014762878","913","913","913"
"91499","0.12784209847450256","0.12784209847450256","0.12784209847450256","914","914","914"
"91599","0.13331539928913116","0.13331539928913116","0.13331539928913116","915","915","915"
"91699","0.13292354345321655","0.13292354345321655","0.13292354345321655","916","916","916"
"91799","0.1322682648897171","0.1322682648897171","0.1322682648897171","917","917","917"
"91899","0.13262036442756653","0.13262036442756653","0.13262036442756653","918","918","918"
"91999","0.12456821650266647","0.12456821650266647","0.12456821650266647","919","919","919"
"92099","0.13178607821464539","0.13178607821464539","0.13178607821464539","920","920","920"
"92199","0.12922365963459015","0.12922365963459015","0.12922365963459015","921","921","921"
"92299","0.13546207547187805","0.13546207547187805","0.13546207547187805","922","922","922"
"92399","0.12650714814662933","0.12650714814662933","0.12650714814662933","923","923","923"
"92499","0.12896999716758728","0.12896999716758728","0.12896999716758728","924","924","924"
"92599","0.1340421736240387","0.1340421736240387","0.1340421736240387","925","925","925"
"92699","0.13645394146442413","0.13645394146442413","0.13645394146442413","926","926","926"
"92799","0.12917502224445343","0.12917502224445343","0.12917502224445343","927","927","927"
"92899","0.13019604980945587","0.13019604980945587","0.13019604980945587","928","928","928"
"92999","0.1299961805343628","0.1299961805343628","0.1299961805343628","929","929","929"
"93099","0.1274179369211197","0.1274179369211197","0.1274179369211197","930","930","930"
"93199","0.13141395151615143","0.13141395151615143","0.13141395151615143","931","931","931"
"93299","0.1311960220336914","0.1311960220336914","0.1311960220336914","932","932","932"
"93399","0.12956489622592926","0.12956489622592926","0.12956489622592926","933","933","933"
"93499","0.12811928987503052","0.12811928987503052","0.12811928987503052","934","934","934"
"93599","0.12405109405517578","0.12405109405517578","0.12405109405517578","935","935","935"
"93699","0.12294338643550873","0.12294338643550873","0.12294338643550873","936","936","936"
"93799","0.12637613713741302","0.12637613713741302","0.12637613713741302","937","937","937"
"93899","0.1315675675868988","0.1315675675868988","0.1315675675868988","938","938","938"
"93999","0.1332508623600006","0.1332508623600006","0.1332508623600006","939","939","939"
"94099","0.1260903775691986","0.1260903775691986","0.1260903775691986","940","940","940"
"94199","0.12164191901683807","0.12164191901683807","0.12164191901683807","941","941","941"
"94299","0.13055045902729034","0.13055045902729034","0.13055045902729034","942","942","942"
"94399","0.12653355300426483","0.12653355300426483","0.12653355300426483","943","943","943"
"94499","0.13153347373008728","0.13153347373008728","0.13153347373008728","944","944","944"
"94599","0.12746329605579376","0.12746329605579376","0.12746329605579376","945","945","945"
"94699","0.1298002004623413","0.1298002004623413","0.1298002004623413","946","946","946"
"94799","0.13103891909122467","0.13103891909122467","0.13103891909122467","947","947","947"
"94899","0.12406210601329803","0.12406210601329803","0.12406210601329803","948","948","948"
"94999","0.13411764800548553","0.13411764800548553","0.13411764800548553","949","949","949"
"95099","0.12942388653755188","0.12942388653755188","0.12942388653755188","950","950","950"
"95199","0.12372492253780365","0.12372492253780365","0.12372492253780365","951","951","951"
"95299","0.12179852277040482","0.12179852277040482","0.12179852277040482","952","952","952"
"95399","0.1280718296766281","0.1280718296766281","0.1280718296766281","953","953","953"
"95499","0.12495698779821396","0.12495698779821396","0.12495698779821396","954","954","954"
"95599","0.1303362250328064","0.1303362250328064","0.1303362250328064","955","955","955"
"95699","0.13205984234809875","0.13205984234809875","0.13205984234809875","956","956","956"
"95799","0.13078534603118896","0.13078534603118896","0.13078534603118896","957","957","957"
"95899","0.12815752625465393","0.12815752625465393","0.12815752625465393","958","958","958"
"95999","0.13201871514320374","0.13201871514320374","0.13201871514320374","959","959","959"
"96099","0.12787267565727234","0.12787267565727234","0.12787267565727234","960","960","960"
"96199","0.12483786791563034","0.12483786791563034","0.12483786791563034","961","961","961"
"96299","0.1245787963271141","0.1245787963271141","0.1245787963271141","962","962","962"
"96399","0.12583307921886444","0.12583307921886444","0.12583307921886444","963","963","963"
"96499","0.12354397773742676","0.12354397773742676","0.12354397773742676","964","964","964"
"96599","0.1270567774772644","0.1270567774772644","0.1270567774772644","965","965","965"
"96699","0.12662766873836517","0.12662766873836517","0.12662766873836517","966","966","966"
"96799","0.1323380023241043","0.1323380023241043","0.1323380023241043","967","967","967"
"96899","0.12855900824069977","0.12855900824069977","0.12855900824069977","968","968","968"
"96999","0.1257251799106598","0.1257251799106598","0.1257251799106598","969","969","969"
"97099","0.12627102434635162","0.12627102434635162","0.12627102434635162","970","970","970"
"97199","0.1274951994419098","0.1274951994419098","0.1274951994419098","971","971","971"
"97299","0.13229595124721527","0.13229595124721527","0.13229595124721527","972","972","972"
"97399","0.13215823471546173","0.13215823471546173","0.13215823471546173","973","973","973"
"97499","0.1297847479581833","0.1297847479581833","0.1297847479581833","974","974","974"
"97599","0.1290680319070816","0.1290680319070816","0.1290680319070816","975","975","975"
"97699","0.1284749060869217","0.1284749060869217","0.1284749060869217","976","976","976"
"97799","0.12956562638282776","0.12956562638282776","0.12956562638282776","977","977","977"
"97899","0.13441289961338043","0.13441289961338043","0.13441289961338043","978","978","978"
"97999","0.12311860173940659","0.12311860173940659","0.12311860173940659","979","979","979"
"98099","0.12785670161247253","0.12785670161247253","0.12785670161247253","980","980","980"
"98199","0.12835241854190826","0.12835241854190826","0.12835241854190826","981","981","981"
"98299","0.12277068197727203","0.12277068197727203","0.12277068197727203","982","982","982"
"98399","0.1277768909931183","0.1277768909931183","0.1277768909931183","983","983","983"
"98499","0.12897442281246185","0.12897442281246185","0.12897442281246185","984","984","984"
"98599","0.13261206448078156","0.13261206448078156","0.13261206448078156","985","985","985"
"98699","0.1326054334640503","0.1326054334640503","0.1326054334640503","986","986","986"
"98799","0.12497486919164658","0.12497486919164658","0.12497486919164658","987","987","987"
"98899","0.12563388049602509","0.12563388049602509","0.12563388049602509","988","988","988"
"98999","0.12867091596126556","0.12867091596126556","0.12867091596126556","989","989","989"
"99099","0.12807972729206085","0.12807972729206085","0.12807972729206085","990","990","990"
"99199","0.12266992032527924","0.12266992032527924","0.12266992032527924","991","991","991"
"99299","0.129662424325943","0.129662424325943","0.129662424325943","992","992","992"
"99399","0.1292417198419571","0.1292417198419571","0.1292417198419571","993","993","993"
"99499","0.12323930859565735","0.12323930859565735","0.12323930859565735","994","994","994"
"99599","0.12459996342658997","0.12459996342658997","0.12459996342658997","995","995","995"
"99699","0.13045772910118103","0.13045772910118103","0.13045772910118103","996","996","996"
"99799","0.1280515342950821","0.1280515342950821","0.1280515342950821","997","997","997"
"99899","0.13314495980739594","0.13314495980739594","0.13314495980739594","998","998","998"
"99999","0.12722313404083252","0.12722313404083252","0.12722313404083252","999","999","999"
"100099","0.12775716185569763","0.12775716185569763","0.12775716185569763","1000","1000","1000"
"100199","0.12892651557922363","0.12892651557922363","0.12892651557922363","1001","1001","1001"
"100299","0.12728965282440186","0.12728965282440186","0.12728965282440186","1002","1002","1002"
"100399","0.12412740290164948","0.12412740290164948","0.12412740290164948","1003","1003","1003"
"100499","0.12374932318925858","0.12374932318925858","0.12374932318925858","1004","1004","1004"
"100599","0.1282244175672531","0.1282244175672531","0.1282244175672531","1005","1005","1005"
"100699","0.12522472441196442","0.12522472441196442","0.12522472441196442","1006","1006","1006"
"100799","0.13013997673988342","0.13013997673988342","0.13013997673988342","1007","1007","1007"
"100899","0.1295672208070755","0.1295672208070755","0.1295672208070755","1008","1008","1008"
"100999","0.1311834454536438","0.1311834454536438","0.1311834454536438","1009","1009","1009"
"101099","0.12633052468299866","0.12633052468299866","0.12633052468299866","1010","1010","1010"
"101199","0.12938711047172546","0.12938711047172546","0.12938711047172546","1011","1011","1011"
"101299","0.1365918070077896","0.1365918070077896","0.1365918070077896","1012","1012","1012"
"101399","0.12327801436185837","0.12327801436185837","0.12327801436185837","1013","1013","1013"
"101499","0.12364085018634796","0.12364085018634796","0.12364085018634796","1014","1014","1014"
"101599","0.12939652800559998","0.12939652800559998","0.12939652800559998","1015","1015","1015"
"101699","0.12562532722949982","0.12562532722949982","0.12562532722949982","1016","1016","1016"
"101799","0.139866441488266","0.139866441488266","0.139866441488266","1017","1017","1017"
"101899","0.12377215921878815","0.12377215921878815","0.12377215921878815","1018","1018","1018"
"101999","0.1259898692369461","0.1259898692369461","0.1259898692369461","1019","1019","1019"
"102099","0.12734517455101013","0.12734517455101013","0.12734517455101013","1020","1020","1020"
"102199","0.1298748105764389","0.1298748105764389","0.1298748105764389","1021","1021","1021"
"102299","0.12826818227767944","0.12826818227767944","0.12826818227767944","1022","1022","1022"
"102399","0.13139018416404724","0.13139018416404724","0.13139018416404724","1023","1023","1023"
"102499","0.12587705254554749","0.12587705254554749","0.12587705254554749","1024","1024","1024"
"102599","0.1279776394367218","0.1279776394367218","0.1279776394367218","1025","1025","1025"
"102699","0.12709131836891174","0.12709131836891174","0.12709131836891174","1026","1026","1026"
"102799","0.12570317089557648","0.12570317089557648","0.12570317089557648","1027","1027","1027"
"102899","0.12468525022268295","0.12468525022268295","0.12468525022268295","1028","1028","1028"
"102999","0.11842506378889084","0.11842506378889084","0.11842506378889084","1029","1029","1029"
"103099","0.1354593187570572","0.1354593187570572","0.1354593187570572","1030","1030","1030"
"103199","0.12649741768836975","0.12649741768836975","0.12649741768836975","1031","1031","1031"
"103299","0.13379201292991638","0.13379201292991638","0.13379201292991638","1032","1032","1032"
"103399","0.13473543524742126","0.13473543524742126","0.13473543524742126","1033","1033","1033"
"103499","0.12766243517398834","0.12766243517398834","0.12766243517398834","1034","1034","1034"
"103599","0.129132479429245","0.129132479429245","0.129132479429245","1035","1035","1035"
"103699","0.12255938351154327","0.12255938351154327","0.12255938351154327","1036","1036","1036"
"103799","0.12999147176742554","0.12999147176742554","0.12999147176742554","1037","1037","1037"
"103899","0.12591001391410828","0.12591001391410828","0.12591001391410828","1038","1038","1038"
"103999","0.13242048025131226","0.13242048025131226","0.13242048025131226","1039","1039","1039"
"104099","0.130326509475708","0.130326509475708","0.130326509475708","1040","1040","1040"
"104199","0.12423030287027359","0.12423030287027359","0.12423030287027359","1041","1041","1041"
"104299","0.13156254589557648","0.13156254589557648","0.13156254589557648","1042","1042","1042"
"104399","0.1271626204252243","0.1271626204252243","0.1271626204252243","1043","1043","1043"
"104499","0.12018498033285141","0.12018498033285141","0.12018498033285141","1044","1044","1044"
"104599","0.1305093765258789","0.1305093765258789","0.1305093765258789","1045","1045","1045"
"104699","0.12540948390960693","0.12540948390960693","0.12540948390960693","1046","1046","1046"
"104799","0.13271306455135345","0.13271306455135345","0.13271306455135345","1047","1047","1047"
"104899","0.1246032565832138","0.1246032565832138","0.1246032565832138","1048","1048","1048"
"104999","0.12319149076938629","0.12319149076938629","0.12319149076938629","1049","1049","1049"
"105099","0.12792974710464478","0.12792974710464478","0.12792974710464478","1050","1050","1050"
"105199","0.1324254274368286","0.1324254274368286","0.1324254274368286","1051","1051","1051"
"105299","0.12289178371429443","0.12289178371429443","0.12289178371429443","1052","1052","1052"
"105399","0.13240641355514526","0.13240641355514526","0.13240641355514526","1053","1053","1053"
"105499","0.12789060175418854","0.12789060175418854","0.12789060175418854","1054","1054","1054"
"105599","0.13159751892089844","0.13159751892089844","0.13159751892089844","1055","1055","1055"
"105699","0.12418792396783829","0.12418792396783829","0.12418792396783829","1056","1056","1056"
"105799","0.12099235504865646","0.12099235504865646","0.12099235504865646","1057","1057","1057"
"105899","0.1210373118519783","0.1210373118519783","0.1210373118519783","1058","1058","1058"
"105999","0.13989843428134918","0.13989843428134918","0.13989843428134918","1059","1059","1059"
"106099","0.12288293987512589","0.12288293987512589","0.12288293987512589","1060","1060","1060"
"106199","0.12418778240680695","0.12418778240680695","0.12418778240680695","1061","1061","1061"
"106299","0.12959745526313782","0.12959745526313782","0.12959745526313782","1062","1062","1062"
"106399","0.12241021543741226","0.12241021543741226","0.12241021543741226","1063","1063","1063"
"106499","0.13378402590751648","0.13378402590751648","0.13378402590751648","1064","1064","1064"
"106599","0.12359122931957245","0.12359122931957245","0.12359122931957245","1065","1065","1065"
"106699","0.13275861740112305","0.13275861740112305","0.13275861740112305","1066","1066","1066"
"106799","0.1264234483242035","0.1264234483242035","0.1264234483242035","1067","1067","1067"
"106899","0.12464634329080582","0.12464634329080582","0.12464634329080582","1068","1068","1068"
"106999","0.1276555061340332","0.1276555061340332","0.1276555061340332","1069","1069","1069"
"107099","0.13021709024906158","0.13021709024906158","0.13021709024906158","1070","1070","1070"
"107199","0.13153499364852905","0.13153499364852905","0.13153499364852905","1071","1071","1071"
"107299","0.132974773645401","0.132974773645401","0.132974773645401","1072","1072","1072"
"107399","0.12506571412086487","0.12506571412086487","0.12506571412086487","1073","1073","1073"
"107499","0.12558245658874512","0.12558245658874512","0.12558245658874512","1074","1074","1074"
"107599","0.1279028356075287","0.1279028356075287","0.1279028356075287","1075","1075","1075"
"107699","0.1257326900959015","0.1257326900959015","0.1257326900959015","1076","1076","1076"
"107799","0.12414786219596863","0.12414786219596863","0.12414786219596863","1077","1077","1077"
"107899","0.13003534078598022","0.13003534078598022","0.13003534078598022","1078","1078","1078"
"107999","0.12822416424751282","0.12822416424751282","0.12822416424751282","1079","1079","1079"
"108099","0.12542374432086945","0.12542374432086945","0.12542374432086945","1080","1080","1080"
"108199","0.12898196280002594","0.12898196280002594","0.12898196280002594","1081","1081","1081"
"108299","0.12500086426734924","0.12500086426734924","0.12500086426734924","1082","1082","1082"
"108399","0.12745358049869537","0.12745358049869537","0.12745358049869537","1083","1083","1083"
"108499","0.12264475971460342","0.12264475971460342","0.12264475971460342","1084","1084","1084"
"108599","0.12718892097473145","0.12718892097473145","0.12718892097473145","1085","1085","1085"
"108699","0.12413380295038223","0.12413380295038223","0.12413380295038223","1086","1086","1086"
"108799","0.12962999939918518","0.12962999939918518","0.12962999939918518","1087","1087","1087"
"108899","0.12811610102653503","0.12811610102653503","0.12811610102653503","1088","1088","1088"
"108999","0.12599970400333405","0.12599970400333405","0.12599970400333405","1089","1089","1089"
"109099","0.1260204017162323","0.1260204017162323","0.1260204017162323","1090","1090","1090"
"109199","0.13142900168895721","0.13142900168895721","0.13142900168895721","1091","1091","1091"
"109299","0.1295374631881714","0.1295374631881714","0.1295374631881714","1092","1092","1092"
"109399","0.12814700603485107","0.12814700603485107","0.12814700603485107","1093","1093","1093"
"109499","0.1294974386692047","0.1294974386692047","0.1294974386692047","1094","1094","1094"
"109599","0.13258130848407745","0.13258130848407745","0.13258130848407745","1095","1095","1095"
"109699","0.12522196769714355","0.12522196769714355","0.12522196769714355","1096","1096","1096"
"109799","0.12264052033424377","0.12264052033424377","0.12264052033424377","1097","1097","1097"
"109899","0.12088640034198761","0.12088640034198761","0.12088640034198761","1098","1098","1098"
"109999","0.13138940930366516","0.13138940930366516","0.13138940930366516","1099","1099","1099"
"110099","0.12025394290685654","0.12025394290685654","0.12025394290685654","1100","1100","1100"
"110199","0.12590430676937103","0.12590430676937103","0.12590430676937103","1101","1101","1101"
"110299","0.12790992856025696","0.12790992856025696","0.12790992856025696","1102","1102","1102"
"110399","0.12906186282634735","0.12906186282634735","0.12906186282634735","1103","1103","1103"
"110499","0.1264430433511734","0.1264430433511734","0.1264430433511734","1104","1104","1104"
"110599","0.13001400232315063","0.13001400232315063","0.13001400232315063","1105","1105","1105"
"110699","0.13250868022441864","0.13250868022441864","0.13250868022441864","1106","1106","1106"
"110799","0.12698878347873688","0.12698878347873688","0.12698878347873688","1107","1107","1107"
"110899","0.12562039494514465","0.12562039494514465","0.12562039494514465","1108","1108","1108"
"110999","0.12832392752170563","0.12832392752170563","0.12832392752170563","1109","1109","1109"
"111099","0.12414710968732834","0.12414710968732834","0.12414710968732834","1110","1110","1110"
"111199","0.12094318866729736","0.12094318866729736","0.12094318866729736","1111","1111","1111"
"111299","0.12811541557312012","0.12811541557312012","0.12811541557312012","1112","1112","1112"
"111399","0.1273336559534073","0.1273336559534073","0.1273336559534073","1113","1113","1113"
"111499","0.1332663744688034","0.1332663744688034","0.1332663744688034","1114","1114","1114"
"111599","0.12801696360111237","0.12801696360111237","0.12801696360111237","1115","1115","1115"
"111699","0.12635944783687592","0.12635944783687592","0.12635944783687592","1116","1116","1116"
"111799","0.13010209798812866","0.13010209798812866","0.13010209798812866","1117","1117","1117"
"111899","0.12575960159301758","0.12575960159301758","0.12575960159301758","1118","1118","1118"
"111999","0.12426265329122543","0.12426265329122543","0.12426265329122543","1119","1119","1119"
"112099","0.1335330754518509","0.1335330754518509","0.1335330754518509","1120","1120","1120"
"112199","0.12063147127628326","0.12063147127628326","0.12063147127628326","1121","1121","1121"
"112299","0.12932652235031128","0.12932652235031128","0.12932652235031128","1122","1122","1122"
"112399","0.12593552470207214","0.12593552470207214","0.12593552470207214","1123","1123","1123"
"112499","0.12791003286838531","0.12791003286838531","0.12791003286838531","1124","1124","1124"
"112599","0.12826673686504364","0.12826673686504364","0.12826673686504364","1125","1125","1125"
"112699","0.13007937371730804","0.13007937371730804","0.13007937371730804","1126","1126","1126"
"112799","0.12281911075115204","0.12281911075115204","0.12281911075115204","1127","1127","1127"
"112899","0.12412680685520172","0.12412680685520172","0.12412680685520172","1128","1128","1128"
"112999","0.12601500749588013","0.12601500749588013","0.12601500749588013","1129","1129","1129"
"113099","0.12833014130592346","0.12833014130592346","0.12833014130592346","1130","1130","1130"
"113199","0.12691494822502136","0.12691494822502136","0.12691494822502136","1131","1131","1131"
"113299","0.13000060617923737","0.13000060617923737","0.13000060617923737","1132","1132","1132"
"113399","0.13101735711097717","0.13101735711097717","0.13101735711097717","1133","1133","1133"
"113499","0.12144538760185242","0.12144538760185242","0.12144538760185242","1134","1134","1134"
"113599","0.12545812129974365","0.12545812129974365","0.12545812129974365","1135","1135","1135"
"113699","0.12228262424468994","0.12228262424468994","0.12228262424468994","1136","1136","1136"
"113799","0.13251347839832306","0.13251347839832306","0.13251347839832306","1137","1137","1137"
"113899","0.12942811846733093","0.12942811846733093","0.12942811846733093","1138","1138","1138"
"113999","0.13637690246105194","0.13637690246105194","0.13637690246105194","1139","1139","1139"
"114099","0.12446697801351547","0.12446697801351547","0.12446697801351547","1140","1140","1140"
"114199","0.12382958829402924","0.12382958829402924","0.12382958829402924","1141","1141","1141"
"114299","0.1271473616361618","0.1271473616361618","0.1271473616361618","1142","1142","1142"
"114399","0.11940639466047287","0.11940639466047287","0.11940639466047287","1143","1143","1143"
"114499","0.12967704236507416","0.12967704236507416","0.12967704236507416","1144","1144","1144"
"114599","0.12381043285131454","0.12381043285131454","0.12381043285131454","1145","1145","1145"
"114699","0.1312021017074585","0.1312021017074585","0.1312021017074585","1146","1146","1146"
"114799","0.12396439909934998","0.12396439909934998","0.12396439909934998","1147","1147","1147"
"114899","0.12525297701358795","0.12525297701358795","0.12525297701358795","1148","1148","1148"
"114999","0.12419542670249939","0.12419542670249939","0.12419542670249939","1149","1149","1149"
"115099","0.12876352667808533","0.12876352667808533","0.12876352667808533","1150","1150","1150"
"115199","0.13201691210269928","0.13201691210269928","0.13201691210269928","1151","1151","1151"
"115299","0.1337808519601822","0.1337808519601822","0.1337808519601822","1152","1152","1152"
"115399","0.13122618198394775","0.13122618198394775","0.13122618198394775","1153","1153","1153"
"115499","0.1300949603319168","0.1300949603319168","0.1300949603319168","1154","1154","1154"
"115599","0.12928888201713562","0.12928888201713562","0.12928888201713562","1155","1155","1155"
"115699","0.125950887799263","0.125950887799263","0.125950887799263","1156","1156","1156"
"115799","0.12481478601694107","0.12481478601694107","0.12481478601694107","1157","1157","1157"
"115899","0.12263689935207367","0.12263689935207367","0.12263689935207367","1158","1158","1158"
"115999","0.12294156849384308","0.12294156849384308","0.12294156849384308","1159","1159","1159"
"116099","0.12686772644519806","0.12686772644519806","0.12686772644519806","1160","1160","1160"
"116199","0.1293150931596756","0.1293150931596756","0.1293150931596756","1161","1161","1161"
"116299","0.12759074568748474","0.12759074568748474","0.12759074568748474","1162","1162","1162"
"116399","0.12907998263835907","0.12907998263835907","0.12907998263835907","1163","1163","1163"
"116499","0.12716487050056458","0.12716487050056458","0.12716487050056458","1164","1164","1164"
"116599","0.13138675689697266","0.13138675689697266","0.13138675689697266","1165","1165","1165"
"116699","0.1272703856229782","0.1272703856229782","0.1272703856229782","1166","1166","1166"
"116799","0.12427211552858353","0.12427211552858353","0.12427211552858353","1167","1167","1167"
"116899","0.1260513812303543","0.1260513812303543","0.1260513812303543","1168","1168","1168"
"116999","0.12161107361316681","0.12161107361316681","0.12161107361316681","1169","1169","1169"
"117099","0.13130126893520355","0.13130126893520355","0.13130126893520355","1170","1170","1170"
"117199","0.13494548201560974","0.13494548201560974","0.13494548201560974","1171","1171","1171"
"117299","0.13126970827579498","0.13126970827579498","0.13126970827579498","1172","1172","1172"
"117399","0.13253267109394073","0.13253267109394073","0.13253267109394073","1173","1173","1173"
"117499","0.1241263672709465","0.1241263672709465","0.1241263672709465","1174","1174","1174"
"117599","0.1270465850830078","0.1270465850830078","0.1270465850830078","1175","1175","1175"
"117699","0.12693475186824799","0.12693475186824799","0.12693475186824799","1176","1176","1176"
"117799","0.12400614470243454","0.12400614470243454","0.12400614470243454","1177","1177","1177"
"117899","0.12611664831638336","0.12611664831638336","0.12611664831638336","1178","1178","1178"
"117999","0.12473262846469879","0.12473262846469879","0.12473262846469879","1179","1179","1179"
"118099","0.120844766497612","0.120844766497612","0.120844766497612","1180","1180","1180"
"118199","0.12455610185861588","0.12455610185861588","0.12455610185861588","1181","1181","1181"
"118299","0.13132430613040924","0.13132430613040924","0.13132430613040924","1182","1182","1182"
"118399","0.12587031722068787","0.12587031722068787","0.12587031722068787","1183","1183","1183"
"118499","0.1241801306605339","0.1241801306605339","0.1241801306605339","1184","1184","1184"
"118599","0.13047446310520172","0.13047446310520172","0.13047446310520172","1185","1185","1185"
"118699","0.12230528146028519","0.12230528146028519","0.12230528146028519","1186","1186","1186"
"118799","0.12096041440963745","0.12096041440963745","0.12096041440963745","1187","1187","1187"
"118899","0.12766870856285095","0.12766870856285095","0.12766870856285095","1188","1188","1188"
"118999","0.13295048475265503","0.13295048475265503","0.13295048475265503","1189","1189","1189"
"119099","0.12472372502088547","0.12472372502088547","0.12472372502088547","1190","1190","1190"
"119199","0.12858352065086365","0.12858352065086365","0.12858352065086365","1191","1191","1191"
"119299","0.1256837397813797","0.1256837397813797","0.1256837397813797","1192","1192","1192"
"119399","0.12808381021022797","0.12808381021022797","0.12808381021022797","1193","1193","1193"
"119499","0.1282109022140503","0.1282109022140503","0.1282109022140503","1194","1194","1194"
"119599","0.12835025787353516","0.12835025787353516","0.12835025787353516","1195","1195","1195"
"119699","0.11819660663604736","0.11819660663604736","0.11819660663604736","1196","1196","1196"
"119799","0.12824006378650665","0.12824006378650665","0.12824006378650665","1197","1197","1197"
"119899","0.1199723407626152","0.1199723407626152","0.1199723407626152","1198","1198","1198"
"119999","0.1300765573978424","0.1300765573978424","0.1300765573978424","1199","1199","1199"
"120099","0.1264113038778305","0.1264113038778305","0.1264113038778305","1200","1200","1200"
"120199","0.13115528225898743","0.13115528225898743","0.13115528225898743","1201","1201","1201"
"120299","0.12403065711259842","0.12403065711259842","0.12403065711259842","1202","1202","1202"
"120399","0.13157761096954346","0.13157761096954346","0.13157761096954346","1203","1203","1203"
"120499","0.12421165406703949","0.12421165406703949","0.12421165406703949","1204","1204","1204"
"120599","0.12740103900432587","0.12740103900432587","0.12740103900432587","1205","1205","1205"
"120699","0.1203642264008522","0.1203642264008522","0.1203642264008522","1206","1206","1206"
"120799","0.13083358108997345","0.13083358108997345","0.13083358108997345","1207","1207","1207"
"120899","0.12413617968559265","0.12413617968559265","0.12413617968559265","1208","1208","1208"
"120999","0.12825413048267365","0.12825413048267365","0.12825413048267365","1209","1209","1209"
"121099","0.12134997546672821","0.12134997546672821","0.12134997546672821","1210","1210","1210"
"121199","0.12519007921218872","0.12519007921218872","0.12519007921218872","1211","1211","1211"
"121299","0.13363757729530334","0.13363757729530334","0.13363757729530334","1212","1212","1212"
"121399","0.11968313157558441","0.11968313157558441","0.11968313157558441","1213","1213","1213"
"121499","0.12496920675039291","0.12496920675039291","0.12496920675039291","1214","1214","1214"
"121599","0.12503084540367126","0.12503084540367126","0.12503084540367126","1215","1215","1215"
"121699","0.13457342982292175","0.13457342982292175","0.13457342982292175","1216","1216","1216"
"121799","0.12257637083530426","0.12257637083530426","0.12257637083530426","1217","1217","1217"
"121899","0.12275690585374832","0.12275690585374832","0.12275690585374832","1218","1218","1218"
"121999","0.12461825460195541","0.12461825460195541","0.12461825460195541","1219","1219","1219"
"122099","0.12485720217227936","0.12485720217227936","0.12485720217227936","1220","1220","1220"
"122199","0.13367938995361328","0.13367938995361328","0.13367938995361328","1221","1221","1221"
"122299","0.12562835216522217","0.12562835216522217","0.12562835216522217","1222","1222","1222"
"122399","0.12596860527992249","0.12596860527992249","0.12596860527992249","1223","1223","1223"
"122499","0.12564460933208466","0.12564460933208466","0.12564460933208466","1224","1224","1224"
"122599","0.132145494222641","0.132145494222641","0.132145494222641","1225","1225","1225"
"122699","0.13059601187705994","0.13059601187705994","0.13059601187705994","1226","1226","1226"
"122799","0.12484952807426453","0.12484952807426453","0.12484952807426453","1227","1227","1227"
"122899","0.12981446087360382","0.12981446087360382","0.12981446087360382","1228","1228","1228"
"122999","0.13215380907058716","0.13215380907058716","0.13215380907058716","1229","1229","1229"
"123099","0.12821564078330994","0.12821564078330994","0.12821564078330994","1230","1230","1230"
"123199","0.12794740498065948","0.12794740498065948","0.12794740498065948","1231","1231","1231"
"123299","0.11897274851799011","0.11897274851799011","0.11897274851799011","1232","1232","1232"
"123399","0.12732873857021332","0.12732873857021332","0.12732873857021332","1233","1233","1233"
"123499","0.1301209032535553","0.1301209032535553","0.1301209032535553","1234","1234","1234"
"123599","0.13373799622058868","0.13373799622058868","0.13373799622058868","1235","1235","1235"
"123699","0.12515422701835632","0.12515422701835632","0.12515422701835632","1236","1236","1236"
"123799","0.13350827991962433","0.13350827991962433","0.13350827991962433","1237","1237","1237"
"123899","0.1294911652803421","0.1294911652803421","0.1294911652803421","1238","1238","1238"
"123999","0.12475825101137161","0.12475825101137161","0.12475825101137161","1239","1239","1239"
"124099","0.12099394202232361","0.12099394202232361","0.12099394202232361","1240","1240","1240"
"124199","0.12087736278772354","0.12087736278772354","0.12087736278772354","1241","1241","1241"
"124299","0.12826596200466156","0.12826596200466156","0.12826596200466156","1242","1242","1242"
"124399","0.12250708788633347","0.12250708788633347","0.12250708788633347","1243","1243","1243"
"124499","0.1350347101688385","0.1350347101688385","0.1350347101688385","1244","1244","1244"
"124599","0.1232438012957573","0.1232438012957573","0.1232438012957573","1245","1245","1245"
"124699","0.12201248854398727","0.12201248854398727","0.12201248854398727","1246","1246","1246"
"124799","0.12649013102054596","0.12649013102054596","0.12649013102054596","1247","1247","1247"
"124899","0.1253766417503357","0.1253766417503357","0.1253766417503357","1248","1248","1248"
"124999","0.12425114214420319","0.12425114214420319","0.12425114214420319","1249","1249","1249"
"125099","0.12409070879220963","0.12409070879220963","0.12409070879220963","1250","1250","1250"
"125199","0.12606124579906464","0.12606124579906464","0.12606124579906464","1251","1251","1251"
"125299","0.13205836713314056","0.13205836713314056","0.13205836713314056","1252","1252","1252"
"125399","0.12464500218629837","0.12464500218629837","0.12464500218629837","1253","1253","1253"
"125499","0.12669599056243896","0.12669599056243896","0.12669599056243896","1254","1254","1254"
"125599","0.1274125874042511","0.1274125874042511","0.1274125874042511","1255","1255","1255"
"125699","0.12479027360677719","0.12479027360677719","0.12479027360677719","1256","1256","1256"
"125799","0.1212470605969429","0.1212470605969429","0.1212470605969429","1257","1257","1257"
"125899","0.1253172904253006","0.1253172904253006","0.1253172904253006","1258","1258","1258"
"125999","0.13164176046848297","0.13164176046848297","0.13164176046848297","1259","1259","1259"
"126099","0.12460759282112122","0.12460759282112122","0.12460759282112122","1260","1260","1260"
"126199","0.12388285249471664","0.12388285249471664","0.12388285249471664","1261","1261","1261"
"126299","0.1292276531457901","0.1292276531457901","0.1292276531457901","1262","1262","1262"
"126399","0.12518644332885742","0.12518644332885742","0.12518644332885742","1263","1263","1263"
"126499","0.1285686492919922","0.1285686492919922","0.1285686492919922","1264","1264","1264"
"126599","0.12093112617731094","0.12093112617731094","0.12093112617731094","1265","1265","1265"
"126699","0.1286223828792572","0.1286223828792572","0.1286223828792572","1266","1266","1266"
"126799","0.12793783843517303","0.12793783843517303","0.12793783843517303","1267","1267","1267"
"126899","0.12820027768611908","0.12820027768611908","0.12820027768611908","1268","1268","1268"
"126999","0.1245465874671936","0.1245465874671936","0.1245465874671936","1269","1269","1269"
"127099","0.1299392133951187","0.1299392133951187","0.1299392133951187","1270","1270","1270"
"127199","0.13250091671943665","0.13250091671943665","0.13250091671943665","1271","1271","1271"
"127299","0.12860630452632904","0.12860630452632904","0.12860630452632904","1272","1272","1272"
"127399","0.12267092615365982","0.12267092615365982","0.12267092615365982","1273","1273","1273"
"127499","0.1329338252544403","0.1329338252544403","0.1329338252544403","1274","1274","1274"
"127599","0.12731245160102844","0.12731245160102844","0.12731245160102844","1275","1275","1275"
"127699","0.12963815033435822","0.12963815033435822","0.12963815033435822","1276","1276","1276"
"127799","0.12581457197666168","0.12581457197666168","0.12581457197666168","1277","1277","1277"
"127899","0.12675000727176666","0.12675000727176666","0.12675000727176666","1278","1278","1278"
"127999","0.12765461206436157","0.12765461206436157","0.12765461206436157","1279","1279","1279"
"128099","0.12646543979644775","0.12646543979644775","0.12646543979644775","1280","1280","1280"
"128199","0.1308409720659256","0.1308409720659256","0.1308409720659256","1281","1281","1281"
"128299","0.1321021169424057","0.1321021169424057","0.1321021169424057","1282","1282","1282"
"128399","0.13115166127681732","0.13115166127681732","0.13115166127681732","1283","1283","1283"
"128499","0.12778155505657196","0.12778155505657196","0.12778155505657196","1284","1284","1284"
"128599","0.12506574392318726","0.12506574392318726","0.12506574392318726","1285","1285","1285"
"128699","0.12692973017692566","0.12692973017692566","0.12692973017692566","1286","1286","1286"
"128799","0.12420618534088135","0.12420618534088135","0.12420618534088135","1287","1287","1287"
"128899","0.12155061215162277","0.12155061215162277","0.12155061215162277","1288","1288","1288"
"128999","0.12660253047943115","0.12660253047943115","0.12660253047943115","1289","1289","1289"
"129099","0.13334804773330688","0.13334804773330688","0.13334804773330688","1290","1290","1290"
"129199","0.12908591330051422","0.12908591330051422","0.12908591330051422","1291","1291","1291"
"129299","0.12928041815757751","0.12928041815757751","0.12928041815757751","1292","1292","1292"
"129399","0.13152477145195007","0.13152477145195007","0.13152477145195007","1293","1293","1293"
"129499","0.13024172186851501","0.13024172186851501","0.13024172186851501","1294","1294","1294"
"129599","0.12899887561798096","0.12899887561798096","0.12899887561798096","1295","1295","1295"
"129699","0.12847226858139038","0.12847226858139038","0.12847226858139038","1296","1296","1296"
"129799","0.12712273001670837","0.12712273001670837","0.12712273001670837","1297","1297","1297"
"129899","0.12728360295295715","0.12728360295295715","0.12728360295295715","1298","1298","1298"
"129999","0.12649624049663544","0.12649624049663544","0.12649624049663544","1299","1299","1299"
"130099","0.12247557193040848","0.12247557193040848","0.12247557193040848","1300","1300","1300"
"130199","0.12325058877468109","0.12325058877468109","0.12325058877468109","1301","1301","1301"
"130299","0.12424839287996292","0.12424839287996292","0.12424839287996292","1302","1302","1302"
"130399","0.12352342158555984","0.12352342158555984","0.12352342158555984","1303","1303","1303"
"130499","0.1208052933216095","0.1208052933216095","0.1208052933216095","1304","1304","1304"
"130599","0.12072565406560898","0.12072565406560898","0.12072565406560898","1305","1305","1305"
"130699","0.1232302263379097","0.1232302263379097","0.1232302263379097","1306","1306","1306"
"130799","0.12106786668300629","0.12106786668300629","0.12106786668300629","1307","1307","1307"
"130899","0.12989136576652527","0.12989136576652527","0.12989136576652527","1308","1308","1308"
"130999","0.13082176446914673","0.13082176446914673","0.13082176446914673","1309","1309","1309"
"131099","0.12683607637882233","0.12683607637882233","0.12683607637882233","1310","1310","1310"
"131199","0.12613078951835632","0.12613078951835632","0.12613078951835632","1311","1311","1311"
"131299","0.12877431511878967","0.12877431511878967","0.12877431511878967","1312","1312","1312"
"131399","0.1258039027452469","0.1258039027452469","0.1258039027452469","1313","1313","1313"
"131499","0.13052049279212952","0.13052049279212952","0.13052049279212952","1314","1314","1314"
"131599","0.13197728991508484","0.13197728991508484","0.13197728991508484","1315","1315","1315"
"131699","0.12340699881315231","0.12340699881315231","0.12340699881315231","1316","1316","1316"
"131799","0.12727640569210052","0.12727640569210052","0.12727640569210052","1317","1317","1317"
"131899","0.1230257898569107","0.1230257898569107","0.1230257898569107","1318","1318","1318"
"131999","0.12635117769241333","0.12635117769241333","0.12635117769241333","1319","1319","1319"
"132099","0.12022966146469116","0.12022966146469116","0.12022966146469116","1320","1320","1320"
"132199","0.12882700562477112","0.12882700562477112","0.12882700562477112","1321","1321","1321"
"132299","0.1255260854959488","0.1255260854959488","0.1255260854959488","1322","1322","1322"
"132399","0.13302743434906006","0.13302743434906006","0.13302743434906006","1323","1323","1323"
"132499","0.1231686994433403","0.1231686994433403","0.1231686994433403","1324","1324","1324"
"132599","0.12662380933761597","0.12662380933761597","0.12662380933761597","1325","1325","1325"
"132699","0.1263248473405838","0.1263248473405838","0.1263248473405838","1326","1326","1326"
"132799","0.13030801713466644","0.13030801713466644","0.13030801713466644","1327","1327","1327"
"132899","0.12474647909402847","0.12474647909402847","0.12474647909402847","1328","1328","1328"
"132999","0.12676651775836945","0.12676651775836945","0.12676651775836945","1329","1329","1329"
"133099","0.1231379359960556","0.1231379359960556","0.1231379359960556","1330","1330","1330"
"133199","0.12559130787849426","0.12559130787849426","0.12559130787849426","1331","1331","1331"
"133299","0.12626045942306519","0.12626045942306519","0.12626045942306519","1332","1332","1332"
"133399","0.1305469423532486","0.1305469423532486","0.1305469423532486","1333","1333","1333"
"133499","0.12070880830287933","0.12070880830287933","0.12070880830287933","1334","1334","1334"
"133599","0.12370163202285767","0.12370163202285767","0.12370163202285767","1335","1335","1335"
"133699","0.12134517729282379","0.12134517729282379","0.12134517729282379","1336","1336","1336"
"133799","0.12504565715789795","0.12504565715789795","0.12504565715789795","1337","1337","1337"
"133899","0.1301027536392212","0.1301027536392212","0.1301027536392212","1338","1338","1338"
"133999","0.12903231382369995","0.12903231382369995","0.12903231382369995","1339","1339","1339"
"134099","0.13245360553264618","0.13245360553264618","0.13245360553264618","1340","1340","1340"
"134199","0.12429593503475189","0.12429593503475189","0.12429593503475189","1341","1341","1341"
"134299","0.12289676070213318","0.12289676070213318","0.12289676070213318","1342","1342","1342"
"134399","0.1252104938030243","0.1252104938030243","0.1252104938030243","1343","1343","1343"
"134499","0.1290518194437027","0.1290518194437027","0.1290518194437027","1344","1344","1344"
"134599","0.1250297576189041","0.1250297576189041","0.1250297576189041","1345","1345","1345"
"134699","0.12174670398235321","0.12174670398235321","0.12174670398235321","1346","1346","1346"
"134799","0.12519249320030212","0.12519249320030212","0.12519249320030212","1347","1347","1347"
"134899","0.11845743656158447","0.11845743656158447","0.11845743656158447","1348","1348","1348"
"134999","0.13177476823329926","0.13177476823329926","0.13177476823329926","1349","1349","1349"
"135099","0.12624667584896088","0.12624667584896088","0.12624667584896088","1350","1350","1350"
"135199","0.12495293468236923","0.12495293468236923","0.12495293468236923","1351","1351","1351"
"135299","0.1269470602273941","0.1269470602273941","0.1269470602273941","1352","1352","1352"
"135399","0.1305401772260666","0.1305401772260666","0.1305401772260666","1353","1353","1353"
"135499","0.13051463663578033","0.13051463663578033","0.13051463663578033","1354","1354","1354"
"135599","0.12345197051763535","0.12345197051763535","0.12345197051763535","1355","1355","1355"
"135699","0.13199855387210846","0.13199855387210846","0.13199855387210846","1356","1356","1356"
"135799","0.12408257275819778","0.12408257275819778","0.12408257275819778","1357","1357","1357"
"135899","0.12980689108371735","0.12980689108371735","0.12980689108371735","1358","1358","1358"
"135999","0.12813758850097656","0.12813758850097656","0.12813758850097656","1359","1359","1359"
"136099","0.1252962201833725","0.1252962201833725","0.1252962201833725","1360","1360","1360"
"136199","0.12673185765743256","0.12673185765743256","0.12673185765743256","1361","1361","1361"
"136299","0.12764084339141846","0.12764084339141846","0.12764084339141846","1362","1362","1362"
"136399","0.12771645188331604","0.12771645188331604","0.12771645188331604","1363","1363","1363"
"136499","0.12378720194101334","0.12378720194101334","0.12378720194101334","1364","1364","1364"
"136599","0.12231862545013428","0.12231862545013428","0.12231862545013428","1365","1365","1365"
"136699","0.12484071403741837","0.12484071403741837","0.12484071403741837","1366","1366","1366"
"136799","0.1290520876646042","0.1290520876646042","0.1290520876646042","1367","1367","1367"
"136899","0.12551270425319672","0.12551270425319672","0.12551270425319672","1368","1368","1368"
"136999","0.12687838077545166","0.12687838077545166","0.12687838077545166","1369","1369","1369"
"137099","0.127621591091156","0.127621591091156","0.127621591091156","1370","1370","1370"
"137199","0.1255221664905548","0.1255221664905548","0.1255221664905548","1371","1371","1371"
"137299","0.11979899555444717","0.11979899555444717","0.11979899555444717","1372","1372","1372"
"137399","0.12437671422958374","0.12437671422958374","0.12437671422958374","1373","1373","1373"
"137499","0.1239926740527153","0.1239926740527153","0.1239926740527153","1374","1374","1374"
"137599","0.12998469173908234","0.12998469173908234","0.12998469173908234","1375","1375","1375"
"137699","0.13187801837921143","0.13187801837921143","0.13187801837921143","1376","1376","1376"
"137799","0.126953125","0.126953125","0.126953125","1377","1377","1377"
"137899","0.12711408734321594","0.12711408734321594","0.12711408734321594","1378","1378","1378"
"137999","0.127347931265831","0.127347931265831","0.127347931265831","1379","1379","1379"
"138099","0.12943021953105927","0.12943021953105927","0.12943021953105927","1380","1380","1380"
"138199","0.12734350562095642","0.12734350562095642","0.12734350562095642","1381","1381","1381"
"138299","0.12790581583976746","0.12790581583976746","0.12790581583976746","1382","1382","1382"
"138399","0.12545818090438843","0.12545818090438843","0.12545818090438843","1383","1383","1383"
"138499","0.12610240280628204","0.12610240280628204","0.12610240280628204","1384","1384","1384"
"138599","0.12673448026180267","0.12673448026180267","0.12673448026180267","1385","1385","1385"
"138699","0.1225719228386879","0.1225719228386879","0.1225719228386879","1386","1386","1386"
"138799","0.12295851856470108","0.12295851856470108","0.12295851856470108","1387","1387","1387"
"138899","0.13186226785182953","0.13186226785182953","0.13186226785182953","1388","1388","1388"
"138999","0.12505578994750977","0.12505578994750977","0.12505578994750977","1389","1389","1389"
"139099","0.1320749968290329","0.1320749968290329","0.1320749968290329","1390","1390","1390"
"139199","0.12230801582336426","0.12230801582336426","0.12230801582336426","1391","1391","1391"
"139299","0.11746970564126968","0.11746970564126968","0.11746970564126968","1392","1392","1392"
"139399","0.12171515077352524","0.12171515077352524","0.12171515077352524","1393","1393","1393"
"139499","0.12182554602622986","0.12182554602622986","0.12182554602622986","1394","1394","1394"
"139599","0.12335511296987534","0.12335511296987534","0.12335511296987534","1395","1395","1395"
"139699","0.127158522605896","0.127158522605896","0.127158522605896","1396","1396","1396"
"139799","0.1314089298248291","0.1314089298248291","0.1314089298248291","1397","1397","1397"
"139899","0.12818485498428345","0.12818485498428345","0.12818485498428345","1398","1398","1398"
"139999","0.12613144516944885","0.12613144516944885","0.12613144516944885","1399","1399","1399"
"140099","0.12345577031373978","0.12345577031373978","0.12345577031373978","1400","1400","1400"
"140199","0.1317366063594818","0.1317366063594818","0.1317366063594818","1401","1401","1401"
"140299","0.12099973857402802","0.12099973857402802","0.12099973857402802","1402","1402","1402"
"140399","0.1277082860469818","0.1277082860469818","0.1277082860469818","1403","1403","1403"
"140499","0.12643809616565704","0.12643809616565704","0.12643809616565704","1404","1404","1404"
"140599","0.12579640746116638","0.12579640746116638","0.12579640746116638","1405","1405","1405"
"140699","0.12409639358520508","0.12409639358520508","0.12409639358520508","1406","1406","1406"
"140799","0.1305456906557083","0.1305456906557083","0.1305456906557083","1407","1407","1407"
"140899","0.12005677819252014","0.12005677819252014","0.12005677819252014","1408","1408","1408"
"140999","0.1264122873544693","0.1264122873544693","0.1264122873544693","1409","1409","1409"
"141099","0.1213047206401825","0.1213047206401825","0.1213047206401825","1410","1410","1410"
"141199","0.12140622735023499","0.12140622735023499","0.12140622735023499","1411","1411","1411"
"141299","0.12791036069393158","0.12791036069393158","0.12791036069393158","1412","1412","1412"
"141399","0.12786701321601868","0.12786701321601868","0.12786701321601868","1413","1413","1413"
"141499","0.11835072189569473","0.11835072189569473","0.11835072189569473","1414","1414","1414"
"141599","0.12492091953754425","0.12492091953754425","0.12492091953754425","1415","1415","1415"
"141699","0.12275923043489456","0.12275923043489456","0.12275923043489456","1416","1416","1416"
"141799","0.12676379084587097","0.12676379084587097","0.12676379084587097","1417","1417","1417"
"141899","0.12195002287626266","0.12195002287626266","0.12195002287626266","1418","1418","1418"
"141999","0.12952812016010284","0.12952812016010284","0.12952812016010284","1419","1419","1419"
"142099","0.12279332429170609","0.12279332429170609","0.12279332429170609","1420","1420","1420"
"142199","0.1266983449459076","0.1266983449459076","0.1266983449459076","1421","1421","1421"
"142299","0.12566977739334106","0.12566977739334106","0.12566977739334106","1422","1422","1422"
"142399","0.13024118542671204","0.13024118542671204","0.13024118542671204","1423","1423","1423"
"142499","0.12441214174032211","0.12441214174032211","0.12441214174032211","1424","1424","1424"
"142599","0.12684662640094757","0.12684662640094757","0.12684662640094757","1425","1425","1425"
"142699","0.11941339820623398","0.11941339820623398","0.11941339820623398","1426","1426","1426"
"142799","0.1343657523393631","0.1343657523393631","0.1343657523393631","1427","1427","1427"
"142899","0.1304137110710144","0.1304137110710144","0.1304137110710144","1428","1428","1428"
"142999","0.13022246956825256","0.13022246956825256","0.13022246956825256","1429","1429","1429"
"143099","0.1312859058380127","0.1312859058380127","0.1312859058380127","1430","1430","1430"
"143199","0.1185932531952858","0.1185932531952858","0.1185932531952858","1431","1431","1431"
"143299","0.12598763406276703","0.12598763406276703","0.12598763406276703","1432","1432","1432"
"143399","0.12457054108381271","0.12457054108381271","0.12457054108381271","1433","1433","1433"
"143499","0.1250549703836441","0.1250549703836441","0.1250549703836441","1434","1434","1434"
"143599","0.12818437814712524","0.12818437814712524","0.12818437814712524","1435","1435","1435"
"143699","0.1236628070473671","0.1236628070473671","0.1236628070473671","1436","1436","1436"
"143799","0.12370863556861877","0.12370863556861877","0.12370863556861877","1437","1437","1437"
"143899","0.12435100972652435","0.12435100972652435","0.12435100972652435","1438","1438","1438"
"143999","0.12263231724500656","0.12263231724500656","0.12263231724500656","1439","1439","1439"
"144099","0.1286223977804184","0.1286223977804184","0.1286223977804184","1440","1440","1440"
"144199","0.1240311786532402","0.1240311786532402","0.1240311786532402","1441","1441","1441"
"144299","0.1279904693365097","0.1279904693365097","0.1279904693365097","1442","1442","1442"
"144399","0.12907114624977112","0.12907114624977112","0.12907114624977112","1443","1443","1443"
"144499","0.12326249480247498","0.12326249480247498","0.12326249480247498","1444","1444","1444"
"144599","0.11821813881397247","0.11821813881397247","0.11821813881397247","1445","1445","1445"
"144699","0.12361251562833786","0.12361251562833786","0.12361251562833786","1446","1446","1446"
"144799","0.12610584497451782","0.12610584497451782","0.12610584497451782","1447","1447","1447"
"144899","0.12951770424842834","0.12951770424842834","0.12951770424842834","1448","1448","1448"
"144999","0.1279773712158203","0.1279773712158203","0.1279773712158203","1449","1449","1449"
"145099","0.13002371788024902","0.13002371788024902","0.13002371788024902","1450","1450","1450"
"145199","0.1264982670545578","0.1264982670545578","0.1264982670545578","1451","1451","1451"
"145299","0.1257684975862503","0.1257684975862503","0.1257684975862503","1452","1452","1452"
"145399","0.12728694081306458","0.12728694081306458","0.12728694081306458","1453","1453","1453"
"145499","0.1322837471961975","0.1322837471961975","0.1322837471961975","1454","1454","1454"
"145599","0.12863218784332275","0.12863218784332275","0.12863218784332275","1455","1455","1455"
"145699","0.12429378926753998","0.12429378926753998","0.12429378926753998","1456","1456","1456"
"145799","0.1141519844532013","0.1141519844532013","0.1141519844532013","1457","1457","1457"
"145899","0.11931320279836655","0.11931320279836655","0.11931320279836655","1458","1458","1458"
"145999","0.1226523369550705","0.1226523369550705","0.1226523369550705","1459","1459","1459"
"146099","0.12882760167121887","0.12882760167121887","0.12882760167121887","1460","1460","1460"
"146199","0.12470857799053192","0.12470857799053192","0.12470857799053192","1461","1461","1461"
"146299","0.12489861994981766","0.12489861994981766","0.12489861994981766","1462","1462","1462"
"146399","0.12449906021356583","0.12449906021356583","0.12449906021356583","1463","1463","1463"
"146499","0.12736889719963074","0.12736889719963074","0.12736889719963074","1464","1464","1464"
"146599","0.12350177764892578","0.12350177764892578","0.12350177764892578","1465","1465","1465"
"146699","0.12194911390542984","0.12194911390542984","0.12194911390542984","1466","1466","1466"
"146799","0.12551666796207428","0.12551666796207428","0.12551666796207428","1467","1467","1467"
"146899","0.12079615145921707","0.12079615145921707","0.12079615145921707","1468","1468","1468"
"146999","0.1306794136762619","0.1306794136762619","0.1306794136762619","1469","1469","1469"
"147099","0.12851837277412415","0.12851837277412415","0.12851837277412415","1470","1470","1470"
"147199","0.12378208339214325","0.12378208339214325","0.12378208339214325","1471","1471","1471"
"147299","0.12832006812095642","0.12832006812095642","0.12832006812095642","1472","1472","1472"
"147399","0.12522459030151367","0.12522459030151367","0.12522459030151367","1473","1473","1473"
"147499","0.1267603188753128","0.1267603188753128","0.1267603188753128","1474","1474","1474"
"147599","0.11937296390533447","0.11937296390533447","0.11937296390533447","1475","1475","1475"
"147699","0.1258377879858017","0.1258377879858017","0.1258377879858017","1476","1476","1476"
"147799","0.1210312619805336","0.1210312619805336","0.1210312619805336","1477","1477","1477"
"147899","0.12297424674034119","0.12297424674034119","0.12297424674034119","1478","1478","1478"
"147999","0.12820133566856384","0.12820133566856384","0.12820133566856384","1479","1479","1479"
"148099","0.12321250885725021","0.12321250885725021","0.12321250885725021","1480","1480","1480"
"148199","0.12211514264345169","0.12211514264345169","0.12211514264345169","1481","1481","1481"
"148299","0.12274610251188278","0.12274610251188278","0.12274610251188278","1482","1482","1482"
"148399","0.1300264298915863","0.1300264298915863","0.1300264298915863","1483","1483","1483"
"148499","0.12747088074684143","0.12747088074684143","0.12747088074684143","1484","1484","1484"
"148599","0.12860706448554993","0.12860706448554993","0.12860706448554993","1485","1485","1485"
"148699","0.12418337911367416","0.12418337911367416","0.12418337911367416","1486","1486","1486"
"148799","0.12501952052116394","0.12501952052116394","0.12501952052116394","1487","1487","1487"
"148899","0.12848085165023804","0.12848085165023804","0.12848085165023804","1488","1488","1488"
"148999","0.12780481576919556","0.12780481576919556","0.12780481576919556","1489","1489","1489"
"149099","0.1232258528470993","0.1232258528470993","0.1232258528470993","1490","1490","1490"
"149199","0.12715506553649902","0.12715506553649902","0.12715506553649902","1491","1491","1491"
"149299","0.12311507761478424","0.12311507761478424","0.12311507761478424","1492","1492","1492"
"149399","0.12609800696372986","0.12609800696372986","0.12609800696372986","1493","1493","1493"
"149499","0.12615662813186646","0.12615662813186646","0.12615662813186646","1494","1494","1494"
"149599","0.12334924936294556","0.12334924936294556","0.12334924936294556","1495","1495","1495"
"149699","0.12358313053846359","0.12358313053846359","0.12358313053846359","1496","1496","1496"
"149799","0.1236107125878334","0.1236107125878334","0.1236107125878334","1497","1497","1497"
"149899","0.12620164453983307","0.12620164453983307","0.12620164453983307","1498","1498","1498"
"149999","0.13114330172538757","0.13114330172538757","0.13114330172538757","1499","1499","1499"
"150099","0.12852808833122253","0.12852808833122253","0.12852808833122253","1500","1500","1500"
"150199","0.12075116485357285","0.12075116485357285","0.12075116485357285","1501","1501","1501"
"150299","0.12731702625751495","0.12731702625751495","0.12731702625751495","1502","1502","1502"
"150399","0.12106391787528992","0.12106391787528992","0.12106391787528992","1503","1503","1503"
"150499","0.12853801250457764","0.12853801250457764","0.12853801250457764","1504","1504","1504"
"150599","0.12150472402572632","0.12150472402572632","0.12150472402572632","1505","1505","1505"
"150699","0.12301124632358551","0.12301124632358551","0.12301124632358551","1506","1506","1506"
"150799","0.12626945972442627","0.12626945972442627","0.12626945972442627","1507","1507","1507"
"150899","0.12490442395210266","0.12490442395210266","0.12490442395210266","1508","1508","1508"
"150999","0.13194788992404938","0.13194788992404938","0.13194788992404938","1509","1509","1509"
"151099","0.12603485584259033","0.12603485584259033","0.12603485584259033","1510","1510","1510"
"151199","0.12690719962120056","0.12690719962120056","0.12690719962120056","1511","1511","1511"
"151299","0.12787562608718872","0.12787562608718872","0.12787562608718872","1512","1512","1512"
"151399","0.12702935934066772","0.12702935934066772","0.12702935934066772","1513","1513","1513"
"151499","0.11614574491977692","0.11614574491977692","0.11614574491977692","1514","1514","1514"
"151599","0.13209451735019684","0.13209451735019684","0.13209451735019684","1515","1515","1515"
"151699","0.12382165342569351","0.12382165342569351","0.12382165342569351","1516","1516","1516"
"151799","0.12089543789625168","0.12089543789625168","0.12089543789625168","1517","1517","1517"
"151899","0.12333235144615173","0.12333235144615173","0.12333235144615173","1518","1518","1518"
"151999","0.12900526821613312","0.12900526821613312","0.12900526821613312","1519","1519","1519"
"152099","0.12267836928367615","0.12267836928367615","0.12267836928367615","1520","1520","1520"
"152199","0.12631258368492126","0.12631258368492126","0.12631258368492126","1521","1521","1521"
"152299","0.12494052201509476","0.12494052201509476","0.12494052201509476","1522","1522","1522"
"152399","0.12651562690734863","0.12651562690734863","0.12651562690734863","1523","1523","1523"
"152499","0.12362559139728546","0.12362559139728546","0.12362559139728546","1524","1524","1524"
"152599","0.12308017909526825","0.12308017909526825","0.12308017909526825","1525","1525","1525"
"152699","0.12072053551673889","0.12072053551673889","0.12072053551673889","1526","1526","1526"
"152799","0.13075324892997742","0.13075324892997742","0.13075324892997742","1527","1527","1527"
"152899","0.12701939046382904","0.12701939046382904","0.12701939046382904","1528","1528","1528"
"152999","0.12429571896791458","0.12429571896791458","0.12429571896791458","1529","1529","1529"
"153099","0.12571817636489868","0.12571817636489868","0.12571817636489868","1530","1530","1530"
"153199","0.1238325759768486","0.1238325759768486","0.1238325759768486","1531","1531","1531"
"153299","0.12594032287597656","0.12594032287597656","0.12594032287597656","1532","1532","1532"
"153399","0.12689556181430817","0.12689556181430817","0.12689556181430817","1533","1533","1533"
"153499","0.125566765666008","0.125566765666008","0.125566765666008","1534","1534","1534"
"153599","0.1261407732963562","0.1261407732963562","0.1261407732963562","1535","1535","1535"
"153699","0.13034720718860626","0.13034720718860626","0.13034720718860626","1536","1536","1536"
"153799","0.12472520768642426","0.12472520768642426","0.12472520768642426","1537","1537","1537"
"153899","0.1265604943037033","0.1265604943037033","0.1265604943037033","1538","1538","1538"
"153999","0.12229570746421814","0.12229570746421814","0.12229570746421814","1539","1539","1539"
"154099","0.12728886306285858","0.12728886306285858","0.12728886306285858","1540","1540","1540"
"154199","0.12958887219429016","0.12958887219429016","0.12958887219429016","1541","1541","1541"
"154299","0.12241286784410477","0.12241286784410477","0.12241286784410477","1542","1542","1542"
"154399","0.12553799152374268","0.12553799152374268","0.12553799152374268","1543","1543","1543"
"154499","0.13000370562076569","0.13000370562076569","0.13000370562076569","1544","1544","1544"
"154599","0.12911579012870789","0.12911579012870789","0.12911579012870789","1545","1545","1545"
"154699","0.13127808272838593","0.13127808272838593","0.13127808272838593","1546","1546","1546"
"154799","0.12719202041625977","0.12719202041625977","0.12719202041625977","1547","1547","1547"
"154899","0.12199188768863678","0.12199188768863678","0.12199188768863678","1548","1548","1548"
"154999","0.12907573580741882","0.12907573580741882","0.12907573580741882","1549","1549","1549"
"155099","0.12256556749343872","0.12256556749343872","0.12256556749343872","1550","1550","1550"
"155199","0.1316848248243332","0.1316848248243332","0.1316848248243332","1551","1551","1551"
"155299","0.12249055504798889","0.12249055504798889","0.12249055504798889","1552","1552","1552"
"155399","0.13160696625709534","0.13160696625709534","0.13160696625709534","1553","1553","1553"
"155499","0.12352795153856277","0.12352795153856277","0.12352795153856277","1554","1554","1554"
"155599","0.12436205893754959","0.12436205893754959","0.12436205893754959","1555","1555","1555"
"155699","0.12594148516654968","0.12594148516654968","0.12594148516654968","1556","1556","1556"
"155799","0.12564454972743988","0.12564454972743988","0.12564454972743988","1557","1557","1557"
"155899","0.12703943252563477","0.12703943252563477","0.12703943252563477","1558","1558","1558"
"155999","0.13010668754577637","0.13010668754577637","0.13010668754577637","1559","1559","1559"
"156099","0.1276557594537735","0.1276557594537735","0.1276557594537735","1560","1560","1560"
"156199","0.12425598502159119","0.12425598502159119","0.12425598502159119","1561","1561","1561"
"156299","0.1299985647201538","0.1299985647201538","0.1299985647201538","1562","1562","1562"
"156399","0.12535949051380157","0.12535949051380157","0.12535949051380157","1563","1563","1563"
"156499","0.1293969303369522","0.1293969303369522","0.1293969303369522","1564","1564","1564"
"156599","0.12631726264953613","0.12631726264953613","0.12631726264953613","1565","1565","1565"
"156699","0.13000209629535675","0.13000209629535675","0.13000209629535675","1566","1566","1566"
"156799","0.11997481435537338","0.11997481435537338","0.11997481435537338","1567","1567","1567"
"156899","0.12721611559391022","0.12721611559391022","0.12721611559391022","1568","1568","1568"
"156999","0.12465867400169373","0.12465867400169373","0.12465867400169373","1569","1569","1569"
"157099","0.12333934754133224","0.12333934754133224","0.12333934754133224","1570","1570","1570"
"157199","0.11904853582382202","0.11904853582382202","0.11904853582382202","1571","1571","1571"
"157299","0.1312521994113922","0.1312521994113922","0.1312521994113922","1572","1572","1572"
"157399","0.12727774679660797","0.12727774679660797","0.12727774679660797","1573","1573","1573"
"157499","0.12437371909618378","0.12437371909618378","0.12437371909618378","1574","1574","1574"
"157599","0.1196218878030777","0.1196218878030777","0.1196218878030777","1575","1575","1575"
"157699","0.12936371564865112","0.12936371564865112","0.12936371564865112","1576","1576","1576"
"157799","0.12684938311576843","0.12684938311576843","0.12684938311576843","1577","1577","1577"
"157899","0.13036637008190155","0.13036637008190155","0.13036637008190155","1578","1578","1578"
"157999","0.13209490478038788","0.13209490478038788","0.13209490478038788","1579","1579","1579"
"158099","0.12966762483119965","0.12966762483119965","0.12966762483119965","1580","1580","1580"
"158199","0.12401402741670609","0.12401402741670609","0.12401402741670609","1581","1581","1581"
"158299","0.12441014498472214","0.12441014498472214","0.12441014498472214","1582","1582","1582"
"158399","0.12554818391799927","0.12554818391799927","0.12554818391799927","1583","1583","1583"
"158499","0.1291697472333908","0.1291697472333908","0.1291697472333908","1584","1584","1584"
"158599","0.1297650933265686","0.1297650933265686","0.1297650933265686","1585","1585","1585"
"158699","0.12803182005882263","0.12803182005882263","0.12803182005882263","1586","1586","1586"
"158799","0.11956746131181717","0.11956746131181717","0.11956746131181717","1587","1587","1587"
"158899","0.12101946771144867","0.12101946771144867","0.12101946771144867","1588","1588","1588"
"158999","0.1268356591463089","0.1268356591463089","0.1268356591463089","1589","1589","1589"
"159099","0.1312234103679657","0.1312234103679657","0.1312234103679657","1590","1590","1590"
"159199","0.12977151572704315","0.12977151572704315","0.12977151572704315","1591","1591","1591"
"159299","0.1250670850276947","0.1250670850276947","0.1250670850276947","1592","1592","1592"
"159399","0.12186112254858017","0.12186112254858017","0.12186112254858017","1593","1593","1593"
"159499","0.12578658759593964","0.12578658759593964","0.12578658759593964","1594","1594","1594"
"159599","0.12719184160232544","0.12719184160232544","0.12719184160232544","1595","1595","1595"
"159699","0.12763088941574097","0.12763088941574097","0.12763088941574097","1596","1596","1596"
"159799","0.13195040822029114","0.13195040822029114","0.13195040822029114","1597","1597","1597"
"159899","0.13015730679035187","0.13015730679035187","0.13015730679035187","1598","1598","1598"
"159999","0.12035752832889557","0.12035752832889557","0.12035752832889557","1599","1599","1599"
"160099","0.12633714079856873","0.12633714079856873","0.12633714079856873","1600","1600","1600"
"160199","0.12746092677116394","0.12746092677116394","0.12746092677116394","1601","1601","1601"
"160299","0.12966375052928925","0.12966375052928925","0.12966375052928925","1602","1602","1602"
"160399","0.12358217686414719","0.12358217686414719","0.12358217686414719","1603","1603","1603"
"160499","0.12560181319713593","0.12560181319713593","0.12560181319713593","1604","1604","1604"
"160599","0.12243039906024933","0.12243039906024933","0.12243039906024933","1605","1605","1605"
"160699","0.12625527381896973","0.12625527381896973","0.12625527381896973","1606","1606","1606"
"160799","0.12912453711032867","0.12912453711032867","0.12912453711032867","1607","1607","1607"
"160899","0.124032162129879","0.124032162129879","0.124032162129879","1608","1608","1608"
"160999","0.12298430502414703","0.12298430502414703","0.12298430502414703","1609","1609","1609"
"161099","0.12626177072525024","0.12626177072525024","0.12626177072525024","1610","1610","1610"
"161199","0.1264631450176239","0.1264631450176239","0.1264631450176239","1611","1611","1611"
"161299","0.13015535473823547","0.13015535473823547","0.13015535473823547","1612","1612","1612"
"161399","0.12234852463006973","0.12234852463006973","0.12234852463006973","1613","1613","1613"
"161499","0.12465677410364151","0.12465677410364151","0.12465677410364151","1614","1614","1614"
"161599","0.12304401397705078","0.12304401397705078","0.12304401397705078","1615","1615","1615"
"161699","0.12077049911022186","0.12077049911022186","0.12077049911022186","1616","1616","1616"
"161799","0.11771176755428314","0.11771176755428314","0.11771176755428314","1617","1617","1617"
"161899","0.11941930651664734","0.11941930651664734","0.11941930651664734","1618","1618","1618"
"161999","0.12748879194259644","0.12748879194259644","0.12748879194259644","1619","1619","1619"
"162099","0.1276877373456955","0.1276877373456955","0.1276877373456955","1620","1620","1620"
"162199","0.13269059360027313","0.13269059360027313","0.13269059360027313","1621","1621","1621"
"162299","0.12631312012672424","0.12631312012672424","0.12631312012672424","1622","1622","1622"
"162399","0.124127596616745","0.124127596616745","0.124127596616745","1623","1623","1623"
"162499","0.11958954483270645","0.11958954483270645","0.11958954483270645","1624","1624","1624"
"162599","0.1260305941104889","0.1260305941104889","0.1260305941104889","1625","1625","1625"
"162699","0.12945333123207092","0.12945333123207092","0.12945333123207092","1626","1626","1626"
"162799","0.1289706826210022","0.1289706826210022","0.1289706826210022","1627","1627","1627"
"162899","0.12351319938898087","0.12351319938898087","0.12351319938898087","1628","1628","1628"
"162999","0.12174444645643234","0.12174444645643234","0.12174444645643234","1629","1629","1629"
"163099","0.13208188116550446","0.13208188116550446","0.13208188116550446","1630","1630","1630"
"163199","0.12648433446884155","0.12648433446884155","0.12648433446884155","1631","1631","1631"
"163299","0.1274273693561554","0.1274273693561554","0.1274273693561554","1632","1632","1632"
"163399","0.12404388934373856","0.12404388934373856","0.12404388934373856","1633","1633","1633"
"163499","0.1257116049528122","0.1257116049528122","0.1257116049528122","1634","1634","1634"
"163599","0.12544701993465424","0.12544701993465424","0.12544701993465424","1635","1635","1635"
"163699","0.12887275218963623","0.12887275218963623","0.12887275218963623","1636","1636","1636"
"163799","0.13091082870960236","0.13091082870960236","0.13091082870960236","1637","1637","1637"
"163899","0.13001535832881927","0.13001535832881927","0.13001535832881927","1638","1638","1638"
"163999","0.11953319609165192","0.11953319609165192","0.11953319609165192","1639","1639","1639"
"164099","0.12272365391254425","0.12272365391254425","0.12272365391254425","1640","1640","1640"
"164199","0.12471296638250351","0.12471296638250351","0.12471296638250351","1641","1641","1641"
"164299","0.12758482992649078","0.12758482992649078","0.12758482992649078","1642","1642","1642"
"164399","0.1195952445268631","0.1195952445268631","0.1195952445268631","1643","1643","1643"
"164499","0.13251303136348724","0.13251303136348724","0.13251303136348724","1644","1644","1644"
"164599","0.1238323450088501","0.1238323450088501","0.1238323450088501","1645","1645","1645"
"164699","0.11938930302858353","0.11938930302858353","0.11938930302858353","1646","1646","1646"
"164799","0.12846814095973969","0.12846814095973969","0.12846814095973969","1647","1647","1647"
"164899","0.12658622860908508","0.12658622860908508","0.12658622860908508","1648","1648","1648"
"164999","0.12911555171012878","0.12911555171012878","0.12911555171012878","1649","1649","1649"
"165099","0.12651985883712769","0.12651985883712769","0.12651985883712769","1650","1650","1650"
"165199","0.1250697821378708","0.1250697821378708","0.1250697821378708","1651","1651","1651"
"165299","0.12384036183357239","0.12384036183357239","0.12384036183357239","1652","1652","1652"
"165399","0.12813453376293182","0.12813453376293182","0.12813453376293182","1653","1653","1653"
"165499","0.12705422937870026","0.12705422937870026","0.12705422937870026","1654","1654","1654"
"165599","0.1216617152094841","0.1216617152094841","0.1216617152094841","1655","1655","1655"
"165699","0.13078255951404572","0.13078255951404572","0.13078255951404572","1656","1656","1656"
"165799","0.12569303810596466","0.12569303810596466","0.12569303810596466","1657","1657","1657"
"165899","0.12332505732774734","0.12332505732774734","0.12332505732774734","1658","1658","1658"
"165999","0.12056193500757217","0.12056193500757217","0.12056193500757217","1659","1659","1659"
"166099","0.1297219693660736","0.1297219693660736","0.1297219693660736","1660","1660","1660"
"166199","0.12918055057525635","0.12918055057525635","0.12918055057525635","1661","1661","1661"
"166299","0.12624487280845642","0.12624487280845642","0.12624487280845642","1662","1662","1662"
"166399","0.1278579831123352","0.1278579831123352","0.1278579831123352","1663","1663","1663"
"166499","0.12240327149629593","0.12240327149629593","0.12240327149629593","1664","1664","1664"
"166599","0.12263438105583191","0.12263438105583191","0.12263438105583191","1665","1665","1665"
"166699","0.12469516694545746","0.12469516694545746","0.12469516694545746","1666","1666","1666"
"166799","0.13166338205337524","0.13166338205337524","0.13166338205337524","1667","1667","1667"
"166899","0.13166789710521698","0.13166789710521698","0.13166789710521698","1668","1668","1668"
"166999","0.12524810433387756","0.12524810433387756","0.12524810433387756","1669","1669","1669"
"167099","0.1323428899049759","0.1323428899049759","0.1323428899049759","1670","1670","1670"
"167199","0.12875065207481384","0.12875065207481384","0.12875065207481384","1671","1671","1671"
"167299","0.1258174329996109","0.1258174329996109","0.1258174329996109","1672","1672","1672"
"167399","0.12686267495155334","0.12686267495155334","0.12686267495155334","1673","1673","1673"
"167499","0.1288980394601822","0.1288980394601822","0.1288980394601822","1674","1674","1674"
"167599","0.12652724981307983","0.12652724981307983","0.12652724981307983","1675","1675","1675"
"167699","0.1258372962474823","0.1258372962474823","0.1258372962474823","1676","1676","1676"
"167799","0.1319364607334137","0.1319364607334137","0.1319364607334137","1677","1677","1677"
"167899","0.12374558299779892","0.12374558299779892","0.12374558299779892","1678","1678","1678"
"167999","0.12431338429450989","0.12431338429450989","0.12431338429450989","1679","1679","1679"
"168099","0.12542034685611725","0.12542034685611725","0.12542034685611725","1680","1680","1680"
"168199","0.12653151154518127","0.12653151154518127","0.12653151154518127","1681","1681","1681"
"168299","0.12608397006988525","0.12608397006988525","0.12608397006988525","1682","1682","1682"
"168399","0.12998749315738678","0.12998749315738678","0.12998749315738678","1683","1683","1683"
"168499","0.12053129076957703","0.12053129076957703","0.12053129076957703","1684","1684","1684"
"168599","0.12598980963230133","0.12598980963230133","0.12598980963230133","1685","1685","1685"
"168699","0.1277766078710556","0.1277766078710556","0.1277766078710556","1686","1686","1686"
"168799","0.12179365754127502","0.12179365754127502","0.12179365754127502","1687","1687","1687"
"168899","0.12570121884346008","0.12570121884346008","0.12570121884346008","1688","1688","1688"
"168999","0.1249978095293045","0.1249978095293045","0.1249978095293045","1689","1689","1689"
"169099","0.12247029691934586","0.12247029691934586","0.12247029691934586","1690","1690","1690"
"169199","0.11956784129142761","0.11956784129142761","0.11956784129142761","1691","1691","1691"
"169299","0.12830998003482819","0.12830998003482819","0.12830998003482819","1692","1692","1692"
"169399","0.13242840766906738","0.13242840766906738","0.13242840766906738","1693","1693","1693"
"169499","0.1237749233841896","0.1237749233841896","0.1237749233841896","1694","1694","1694"
"169599","0.1235010176897049","0.1235010176897049","0.1235010176897049","1695","1695","1695"
"169699","0.1311625987291336","0.1311625987291336","0.1311625987291336","1696","1696","1696"
"169799","0.1347849816083908","0.1347849816083908","0.1347849816083908","1697","1697","1697"
"169899","0.13191001117229462","0.13191001117229462","0.13191001117229462","1698","1698","1698"
"169999","0.1253456473350525","0.1253456473350525","0.1253456473350525","1699","1699","1699"
"170099","0.12593655288219452","0.12593655288219452","0.12593655288219452","1700","1700","1700"
"170199","0.12792634963989258","0.12792634963989258","0.12792634963989258","1701","1701","1701"
"170299","0.130619078874588","0.130619078874588","0.130619078874588","1702","1702","1702"
"170399","0.12688179314136505","0.12688179314136505","0.12688179314136505","1703","1703","1703"
"170499","0.13088977336883545","0.13088977336883545","0.13088977336883545","1704","1704","1704"
"170599","0.12332475930452347","0.12332475930452347","0.12332475930452347","1705","1705","1705"
"170699","0.12000079452991486","0.12000079452991486","0.12000079452991486","1706","1706","1706"
"170799","0.12947092950344086","0.12947092950344086","0.12947092950344086","1707","1707","1707"
"170899","0.11588314920663834","0.11588314920663834","0.11588314920663834","1708","1708","1708"
"170999","0.12952841818332672","0.12952841818332672","0.12952841818332672","1709","1709","1709"
"171099","0.1255030483007431","0.1255030483007431","0.1255030483007431","1710","1710","1710"
"171199","0.12253203988075256","0.12253203988075256","0.12253203988075256","1711","1711","1711"
"171299","0.12496106326580048","0.12496106326580048","0.12496106326580048","1712","1712","1712"
"171399","0.1311578005552292","0.1311578005552292","0.1311578005552292","1713","1713","1713"
"171499","0.1261366903781891","0.1261366903781891","0.1261366903781891","1714","1714","1714"
"171599","0.1285061240196228","0.1285061240196228","0.1285061240196228","1715","1715","1715"
"171699","0.13123071193695068","0.13123071193695068","0.13123071193695068","1716","1716","1716"
"171799","0.12287251651287079","0.12287251651287079","0.12287251651287079","1717","1717","1717"
"171899","0.12387888878583908","0.12387888878583908","0.12387888878583908","1718","1718","1718"
"171999","0.12611815333366394","0.12611815333366394","0.12611815333366394","1719","1719","1719"
"172099","0.1253417432308197","0.1253417432308197","0.1253417432308197","1720","1720","1720"
"172199","0.13288503885269165","0.13288503885269165","0.13288503885269165","1721","1721","1721"
"172299","0.13112342357635498","0.13112342357635498","0.13112342357635498","1722","1722","1722"
"172399","0.12513330578804016","0.12513330578804016","0.12513330578804016","1723","1723","1723"
"172499","0.1266479790210724","0.1266479790210724","0.1266479790210724","1724","1724","1724"
"172599","0.11933024227619171","0.11933024227619171","0.11933024227619171","1725","1725","1725"
"172699","0.13293349742889404","0.13293349742889404","0.13293349742889404","1726","1726","1726"
"172799","0.1267157942056656","0.1267157942056656","0.1267157942056656","1727","1727","1727"
"172899","0.12584705650806427","0.12584705650806427","0.12584705650806427","1728","1728","1728"
"172999","0.12441007792949677","0.12441007792949677","0.12441007792949677","1729","1729","1729"
"173099","0.12557855248451233","0.12557855248451233","0.12557855248451233","1730","1730","1730"
"173199","0.12526869773864746","0.12526869773864746","0.12526869773864746","1731","1731","1731"
"173299","0.12688535451889038","0.12688535451889038","0.12688535451889038","1732","1732","1732"
"173399","0.1265433132648468","0.1265433132648468","0.1265433132648468","1733","1733","1733"
"173499","0.12001089751720428","0.12001089751720428","0.12001089751720428","1734","1734","1734"
"173599","0.12409781664609909","0.12409781664609909","0.12409781664609909","1735","1735","1735"
"173699","0.13496915996074677","0.13496915996074677","0.13496915996074677","1736","1736","1736"
"173799","0.129398912191391","0.129398912191391","0.129398912191391","1737","1737","1737"
"173899","0.12430441379547119","0.12430441379547119","0.12430441379547119","1738","1738","1738"
"173999","0.12054551392793655","0.12054551392793655","0.12054551392793655","1739","1739","1739"
"174099","0.12200544774532318","0.12200544774532318","0.12200544774532318","1740","1740","1740"
"174199","0.12083220481872559","0.12083220481872559","0.12083220481872559","1741","1741","1741"
"174299","0.12734323740005493","0.12734323740005493","0.12734323740005493","1742","1742","1742"
"174399","0.12783090770244598","0.12783090770244598","0.12783090770244598","1743","1743","1743"
"174499","0.12323737889528275","0.12323737889528275","0.12323737889528275","1744","1744","1744"
"174599","0.12201610207557678","0.12201610207557678","0.12201610207557678","1745","1745","1745"
"174699","0.12433462589979172","0.12433462589979172","0.12433462589979172","1746","1746","1746"
"174799","0.126396045088768","0.126396045088768","0.126396045088768","1747","1747","1747"
"174899","0.12676750123500824","0.12676750123500824","0.12676750123500824","1748","1748","1748"
"174999","0.12964478135108948","0.12964478135108948","0.12964478135108948","1749","1749","1749"
"175099","0.12033151090145111","0.12033151090145111","0.12033151090145111","1750","1750","1750"
"175199","0.12462235987186432","0.12462235987186432","0.12462235987186432","1751","1751","1751"
"175299","0.12825720012187958","0.12825720012187958","0.12825720012187958","1752","1752","1752"
"175399","0.119585320353508","0.119585320353508","0.119585320353508","1753","1753","1753"
"175499","0.12524676322937012","0.12524676322937012","0.12524676322937012","1754","1754","1754"
"175599","0.12890951335430145","0.12890951335430145","0.12890951335430145","1755","1755","1755"
"175699","0.1264638453722","0.1264638453722","0.1264638453722","1756","1756","1756"
"175799","0.1287611871957779","0.1287611871957779","0.1287611871957779","1757","1757","1757"
"175899","0.12879058718681335","0.12879058718681335","0.12879058718681335","1758","1758","1758"
"175999","0.12497503310441971","0.12497503310441971","0.12497503310441971","1759","1759","1759"
"176099","0.12813957035541534","0.12813957035541534","0.12813957035541534","1760","1760","1760"
"176199","0.12454567104578018","0.12454567104578018","0.12454567104578018","1761","1761","1761"
"176299","0.12853024899959564","0.12853024899959564","0.12853024899959564","1762","1762","1762"
"176399","0.12246129661798477","0.12246129661798477","0.12246129661798477","1763","1763","1763"
"176499","0.11908835172653198","0.11908835172653198","0.11908835172653198","1764","1764","1764"
"176599","0.1264650523662567","0.1264650523662567","0.1264650523662567","1765","1765","1765"
"176699","0.12365468591451645","0.12365468591451645","0.12365468591451645","1766","1766","1766"
"176799","0.1264866441488266","0.1264866441488266","0.1264866441488266","1767","1767","1767"
"176899","0.12993009388446808","0.12993009388446808","0.12993009388446808","1768","1768","1768"
"176999","0.12744015455245972","0.12744015455245972","0.12744015455245972","1769","1769","1769"
"177099","0.12923212349414825","0.12923212349414825","0.12923212349414825","1770","1770","1770"
"177199","0.12663452327251434","0.12663452327251434","0.12663452327251434","1771","1771","1771"
"177299","0.12145174294710159","0.12145174294710159","0.12145174294710159","1772","1772","1772"
"177399","0.1315787136554718","0.1315787136554718","0.1315787136554718","1773","1773","1773"
"177499","0.12587092816829681","0.12587092816829681","0.12587092816829681","1774","1774","1774"
"177599","0.12627196311950684","0.12627196311950684","0.12627196311950684","1775","1775","1775"
"177699","0.1280703842639923","0.1280703842639923","0.1280703842639923","1776","1776","1776"
"177799","0.11898191273212433","0.11898191273212433","0.11898191273212433","1777","1777","1777"
"177899","0.12867386639118195","0.12867386639118195","0.12867386639118195","1778","1778","1778"
"177999","0.12629078328609467","0.12629078328609467","0.12629078328609467","1779","1779","1779"
"178099","0.12793345749378204","0.12793345749378204","0.12793345749378204","1780","1780","1780"
"178199","0.11946310847997665","0.11946310847997665","0.11946310847997665","1781","1781","1781"
"178299","0.12651357054710388","0.12651357054710388","0.12651357054710388","1782","1782","1782"
"178399","0.12664218246936798","0.12664218246936798","0.12664218246936798","1783","1783","1783"
"178499","0.120516337454319","0.120516337454319","0.120516337454319","1784","1784","1784"
"178599","0.12742191553115845","0.12742191553115845","0.12742191553115845","1785","1785","1785"
"178699","0.12592239677906036","0.12592239677906036","0.12592239677906036","1786","1786","1786"
"178799","0.11912433058023453","0.11912433058023453","0.11912433058023453","1787","1787","1787"
"178899","0.13067570328712463","0.13067570328712463","0.13067570328712463","1788","1788","1788"
"178999","0.1279650777578354","0.1279650777578354","0.1279650777578354","1789","1789","1789"
"179099","0.12836554646492004","0.12836554646492004","0.12836554646492004","1790","1790","1790"
"179199","0.12550793588161469","0.12550793588161469","0.12550793588161469","1791","1791","1791"
"179299","0.1243150606751442","0.1243150606751442","0.1243150606751442","1792","1792","1792"
"179399","0.12220536917448044","0.12220536917448044","0.12220536917448044","1793","1793","1793"
"179499","0.12810522317886353","0.12810522317886353","0.12810522317886353","1794","1794","1794"
"179599","0.12465745955705643","0.12465745955705643","0.12465745955705643","1795","1795","1795"
"179699","0.1300533264875412","0.1300533264875412","0.1300533264875412","1796","1796","1796"
"179799","0.13072659075260162","0.13072659075260162","0.13072659075260162","1797","1797","1797"
"179899","0.1348900943994522","0.1348900943994522","0.1348900943994522","1798","1798","1798"
"179999","0.12934298813343048","0.12934298813343048","0.12934298813343048","1799","1799","1799"
"180099","0.1234717145562172","0.1234717145562172","0.1234717145562172","1800","1800","1800"
"180199","0.1272149533033371","0.1272149533033371","0.1272149533033371","1801","1801","1801"
"180299","0.12063803523778915","0.12063803523778915","0.12063803523778915","1802","1802","1802"
"180399","0.12597376108169556","0.12597376108169556","0.12597376108169556","1803","1803","1803"
"180499","0.12481771409511566","0.12481771409511566","0.12481771409511566","1804","1804","1804"
"180599","0.12494795769453049","0.12494795769453049","0.12494795769453049","1805","1805","1805"
"180699","0.1299469918012619","0.1299469918012619","0.1299469918012619","1806","1806","1806"
"180799","0.1285901665687561","0.1285901665687561","0.1285901665687561","1807","1807","1807"
"180899","0.125479593873024","0.125479593873024","0.125479593873024","1808","1808","1808"
"180999","0.12725244462490082","0.12725244462490082","0.12725244462490082","1809","1809","1809"
"181099","0.13658194243907928","0.13658194243907928","0.13658194243907928","1810","1810","1810"
"181199","0.12642760574817657","0.12642760574817657","0.12642760574817657","1811","1811","1811"
"181299","0.12790431082248688","0.12790431082248688","0.12790431082248688","1812","1812","1812"
"181399","0.12096678465604782","0.12096678465604782","0.12096678465604782","1813","1813","1813"
"181499","0.13028062880039215","0.13028062880039215","0.13028062880039215","1814","1814","1814"
"181599","0.12649275362491608","0.12649275362491608","0.12649275362491608","1815","1815","1815"
"181699","0.11995784193277359","0.11995784193277359","0.11995784193277359","1816","1816","1816"
"181799","0.12262928485870361","0.12262928485870361","0.12262928485870361","1817","1817","1817"
"181899","0.12054934352636337","0.12054934352636337","0.12054934352636337","1818","1818","1818"
"181999","0.12315424531698227","0.12315424531698227","0.12315424531698227","1819","1819","1819"
"182099","0.127427875995636","0.127427875995636","0.127427875995636","1820","1820","1820"
"182199","0.13090328872203827","0.13090328872203827","0.13090328872203827","1821","1821","1821"
"182299","0.1202842965722084","0.1202842965722084","0.1202842965722084","1822","1822","1822"
"182399","0.12890808284282684","0.12890808284282684","0.12890808284282684","1823","1823","1823"
"182499","0.12434030324220657","0.12434030324220657","0.12434030324220657","1824","1824","1824"
"182599","0.12977257370948792","0.12977257370948792","0.12977257370948792","1825","1825","1825"
"182699","0.12722155451774597","0.12722155451774597","0.12722155451774597","1826","1826","1826"
"182799","0.12436304241418839","0.12436304241418839","0.12436304241418839","1827","1827","1827"
"182899","0.12833231687545776","0.12833231687545776","0.12833231687545776","1828","1828","1828"
"182999","0.12590327858924866","0.12590327858924866","0.12590327858924866","1829","1829","1829"
"183099","0.12041812390089035","0.12041812390089035","0.12041812390089035","1830","1830","1830"
"183199","0.12269865721464157","0.12269865721464157","0.12269865721464157","1831","1831","1831"
"183299","0.12255815416574478","0.12255815416574478","0.12255815416574478","1832","1832","1832"
"183399","0.12801407277584076","0.12801407277584076","0.12801407277584076","1833","1833","1833"
"183499","0.12404879927635193","0.12404879927635193","0.12404879927635193","1834","1834","1834"
"183599","0.1266571432352066","0.1266571432352066","0.1266571432352066","1835","1835","1835"
"183699","0.12412261962890625","0.12412261962890625","0.12412261962890625","1836","1836","1836"
"183799","0.12052471935749054","0.12052471935749054","0.12052471935749054","1837","1837","1837"
"183899","0.1257060021162033","0.1257060021162033","0.1257060021162033","1838","1838","1838"
"183999","0.12561048567295074","0.12561048567295074","0.12561048567295074","1839","1839","1839"
"184099","0.1234096959233284","0.1234096959233284","0.1234096959233284","1840","1840","1840"
"184199","0.12180258333683014","0.12180258333683014","0.12180258333683014","1841","1841","1841"
"184299","0.1251659095287323","0.1251659095287323","0.1251659095287323","1842","1842","1842"
"184399","0.12431956082582474","0.12431956082582474","0.12431956082582474","1843","1843","1843"
"184499","0.12426111102104187","0.12426111102104187","0.12426111102104187","1844","1844","1844"
"184599","0.11365626007318497","0.11365626007318497","0.11365626007318497","1845","1845","1845"
"184699","0.1273321807384491","0.1273321807384491","0.1273321807384491","1846","1846","1846"
"184799","0.12831661105155945","0.12831661105155945","0.12831661105155945","1847","1847","1847"
"184899","0.1209489032626152","0.1209489032626152","0.1209489032626152","1848","1848","1848"
"184999","0.12216155230998993","0.12216155230998993","0.12216155230998993","1849","1849","1849"
"185099","0.12039998173713684","0.12039998173713684","0.12039998173713684","1850","1850","1850"
"185199","0.12486770004034042","0.12486770004034042","0.12486770004034042","1851","1851","1851"
"185299","0.12705187499523163","0.12705187499523163","0.12705187499523163","1852","1852","1852"
"185399","0.12233293801546097","0.12233293801546097","0.12233293801546097","1853","1853","1853"
"185499","0.1295764297246933","0.1295764297246933","0.1295764297246933","1854","1854","1854"
"185599","0.12467514723539352","0.12467514723539352","0.12467514723539352","1855","1855","1855"
"185699","0.12692834436893463","0.12692834436893463","0.12692834436893463","1856","1856","1856"
"185799","0.13119974732398987","0.13119974732398987","0.13119974732398987","1857","1857","1857"
"185899","0.1275452971458435","0.1275452971458435","0.1275452971458435","1858","1858","1858"
"185999","0.12464896589517593","0.12464896589517593","0.12464896589517593","1859","1859","1859"
"186099","0.12693417072296143","0.12693417072296143","0.12693417072296143","1860","1860","1860"
"186199","0.13549792766571045","0.13549792766571045","0.13549792766571045","1861","1861","1861"
"186299","0.12013252824544907","0.12013252824544907","0.12013252824544907","1862","1862","1862"
"186399","0.11707590520381927","0.11707590520381927","0.11707590520381927","1863","1863","1863"
"186499","0.12461068481206894","0.12461068481206894","0.12461068481206894","1864","1864","1864"
"186599","0.12381421774625778","0.12381421774625778","0.12381421774625778","1865","1865","1865"
"186699","0.12168917059898376","0.12168917059898376","0.12168917059898376","1866","1866","1866"
"186799","0.12657476961612701","0.12657476961612701","0.12657476961612701","1867","1867","1867"
"186899","0.12428457289934158","0.12428457289934158","0.12428457289934158","1868","1868","1868"
"186999","0.1262151002883911","0.1262151002883911","0.1262151002883911","1869","1869","1869"
"187099","0.12817317247390747","0.12817317247390747","0.12817317247390747","1870","1870","1870"
"187199","0.1328122317790985","0.1328122317790985","0.1328122317790985","1871","1871","1871"
"187299","0.11899712681770325","0.11899712681770325","0.11899712681770325","1872","1872","1872"
"187399","0.12413303554058075","0.12413303554058075","0.12413303554058075","1873","1873","1873"
"187499","0.12388838082551956","0.12388838082551956","0.12388838082551956","1874","1874","1874"
"187599","0.12393267452716827","0.12393267452716827","0.12393267452716827","1875","1875","1875"
"187699","0.1239093542098999","0.1239093542098999","0.1239093542098999","1876","1876","1876"
"187799","0.11807519197463989","0.11807519197463989","0.11807519197463989","1877","1877","1877"
"187899","0.12572365999221802","0.12572365999221802","0.12572365999221802","1878","1878","1878"
"187999","0.12639304995536804","0.12639304995536804","0.12639304995536804","1879","1879","1879"
"188099","0.1213165745139122","0.1213165745139122","0.1213165745139122","1880","1880","1880"
"188199","0.1251906454563141","0.1251906454563141","0.1251906454563141","1881","1881","1881"
"188299","0.12418892979621887","0.12418892979621887","0.12418892979621887","1882","1882","1882"
"188399","0.12086571753025055","0.12086571753025055","0.12086571753025055","1883","1883","1883"
"188499","0.12531106173992157","0.12531106173992157","0.12531106173992157","1884","1884","1884"
"188599","0.1290881484746933","0.1290881484746933","0.1290881484746933","1885","1885","1885"
"188699","0.12505100667476654","0.12505100667476654","0.12505100667476654","1886","1886","1886"
"188799","0.12782956659793854","0.12782956659793854","0.12782956659793854","1887","1887","1887"
"188899","0.1297956109046936","0.1297956109046936","0.1297956109046936","1888","1888","1888"
"188999","0.13044185936450958","0.13044185936450958","0.13044185936450958","1889","1889","1889"
"189099","0.12451733648777008","0.12451733648777008","0.12451733648777008","1890","1890","1890"
"189199","0.12435822933912277","0.12435822933912277","0.12435822933912277","1891","1891","1891"
"189299","0.12128476053476334","0.12128476053476334","0.12128476053476334","1892","1892","1892"
"189399","0.12914729118347168","0.12914729118347168","0.12914729118347168","1893","1893","1893"
"189499","0.12406415492296219","0.12406415492296219","0.12406415492296219","1894","1894","1894"
"189599","0.12494746595621109","0.12494746595621109","0.12494746595621109","1895","1895","1895"
"189699","0.1273478865623474","0.1273478865623474","0.1273478865623474","1896","1896","1896"
"189799","0.12440770864486694","0.12440770864486694","0.12440770864486694","1897","1897","1897"
"189899","0.12331338226795197","0.12331338226795197","0.12331338226795197","1898","1898","1898"
"189999","0.12926319241523743","0.12926319241523743","0.12926319241523743","1899","1899","1899"
"190099","0.12296370416879654","0.12296370416879654","0.12296370416879654","1900","1900","1900"
"190199","0.1231287494301796","0.1231287494301796","0.1231287494301796","1901","1901","1901"
"190299","0.12313970923423767","0.12313970923423767","0.12313970923423767","1902","1902","1902"
"190399","0.1243620291352272","0.1243620291352272","0.1243620291352272","1903","1903","1903"
"190499","0.1229458600282669","0.1229458600282669","0.1229458600282669","1904","1904","1904"
"190599","0.12707218527793884","0.12707218527793884","0.12707218527793884","1905","1905","1905"
"190699","0.1277027130126953","0.1277027130126953","0.1277027130126953","1906","1906","1906"
"190799","0.1218273714184761","0.1218273714184761","0.1218273714184761","1907","1907","1907"
"190899","0.12512196600437164","0.12512196600437164","0.12512196600437164","1908","1908","1908"
"190999","0.12464333325624466","0.12464333325624466","0.12464333325624466","1909","1909","1909"
"191099","0.13507026433944702","0.13507026433944702","0.13507026433944702","1910","1910","1910"
"191199","0.12498679012060165","0.12498679012060165","0.12498679012060165","1911","1911","1911"
"191299","0.12850186228752136","0.12850186228752136","0.12850186228752136","1912","1912","1912"
"191399","0.1287962645292282","0.1287962645292282","0.1287962645292282","1913","1913","1913"
"191499","0.12874595820903778","0.12874595820903778","0.12874595820903778","1914","1914","1914"
"191599","0.13137948513031006","0.13137948513031006","0.13137948513031006","1915","1915","1915"
"191699","0.11966505646705627","0.11966505646705627","0.11966505646705627","1916","1916","1916"
"191799","0.12906770408153534","0.12906770408153534","0.12906770408153534","1917","1917","1917"
"191899","0.12205743044614792","0.12205743044614792","0.12205743044614792","1918","1918","1918"
"191999","0.12535783648490906","0.12535783648490906","0.12535783648490906","1919","1919","1919"
"192099","0.1265103667974472","0.1265103667974472","0.1265103667974472","1920","1920","1920"
"192199","0.1257977932691574","0.1257977932691574","0.1257977932691574","1921","1921","1921"
"192299","0.1314975768327713","0.1314975768327713","0.1314975768327713","1922","1922","1922"
"192399","0.1307748556137085","0.1307748556137085","0.1307748556137085","1923","1923","1923"
"192499","0.12516863644123077","0.12516863644123077","0.12516863644123077","1924","1924","1924"
"192599","0.13081832230091095","0.13081832230091095","0.13081832230091095","1925","1925","1925"
"192699","0.12284456938505173","0.12284456938505173","0.12284456938505173","1926","1926","1926"
"192799","0.12656976282596588","0.12656976282596588","0.12656976282596588","1927","1927","1927"
"192899","0.11894871294498444","0.11894871294498444","0.11894871294498444","1928","1928","1928"
"192999","0.12721063196659088","0.12721063196659088","0.12721063196659088","1929","1929","1929"
"193099","0.1294085681438446","0.1294085681438446","0.1294085681438446","1930","1930","1930"
"193199","0.12457972764968872","0.12457972764968872","0.12457972764968872","1931","1931","1931"
"193299","0.12284291535615921","0.12284291535615921","0.12284291535615921","1932","1932","1932"
"193399","0.12762798368930817","0.12762798368930817","0.12762798368930817","1933","1933","1933"
"193499","0.1290784329175949","0.1290784329175949","0.1290784329175949","1934","1934","1934"
"193599","0.12029080092906952","0.12029080092906952","0.12029080092906952","1935","1935","1935"
"193699","0.12750309705734253","0.12750309705734253","0.12750309705734253","1936","1936","1936"
"193799","0.11918571591377258","0.11918571591377258","0.11918571591377258","1937","1937","1937"
"193899","0.12263581901788712","0.12263581901788712","0.12263581901788712","1938","1938","1938"
"193999","0.12545885145664215","0.12545885145664215","0.12545885145664215","1939","1939","1939"
"194099","0.12173224240541458","0.12173224240541458","0.12173224240541458","1940","1940","1940"
"194199","0.1252574622631073","0.1252574622631073","0.1252574622631073","1941","1941","1941"
"194299","0.1268690675497055","0.1268690675497055","0.1268690675497055","1942","1942","1942"
"194399","0.12387826293706894","0.12387826293706894","0.12387826293706894","1943","1943","1943"
"194499","0.12315212935209274","0.12315212935209274","0.12315212935209274","1944","1944","1944"
"194599","0.12701883912086487","0.12701883912086487","0.12701883912086487","1945","1945","1945"
"194699","0.12231491506099701","0.12231491506099701","0.12231491506099701","1946","1946","1946"
"194799","0.13067425787448883","0.13067425787448883","0.13067425787448883","1947","1947","1947"
"194899","0.12231598794460297","0.12231598794460297","0.12231598794460297","1948","1948","1948"
"194999","0.12461479753255844","0.12461479753255844","0.12461479753255844","1949","1949","1949"
"195099","0.12163941562175751","0.12163941562175751","0.12163941562175751","1950","1950","1950"
"195199","0.12303312122821808","0.12303312122821808","0.12303312122821808","1951","1951","1951"
"195299","0.11815265566110611","0.11815265566110611","0.11815265566110611","1952","1952","1952"
"195399","0.12730692327022552","0.12730692327022552","0.12730692327022552","1953","1953","1953"
"195499","0.12228036671876907","0.12228036671876907","0.12228036671876907","1954","1954","1954"
"195599","0.11985045671463013","0.11985045671463013","0.11985045671463013","1955","1955","1955"
"195699","0.12337978184223175","0.12337978184223175","0.12337978184223175","1956","1956","1956"
"195799","0.12741638720035553","0.12741638720035553","0.12741638720035553","1957","1957","1957"
"195899","0.12348061800003052","0.12348061800003052","0.12348061800003052","1958","1958","1958"
"195999","0.12507487833499908","0.12507487833499908","0.12507487833499908","1959","1959","1959"
"196099","0.12499579042196274","0.12499579042196274","0.12499579042196274","1960","1960","1960"
"196199","0.1258775144815445","0.1258775144815445","0.1258775144815445","1961","1961","1961"
"196299","0.12231211364269257","0.12231211364269257","0.12231211364269257","1962","1962","1962"
"196399","0.13381265103816986","0.13381265103816986","0.13381265103816986","1963","1963","1963"
"196499","0.1259712278842926","0.1259712278842926","0.1259712278842926","1964","1964","1964"
"196599","0.12798909842967987","0.12798909842967987","0.12798909842967987","1965","1965","1965"
"196699","0.12827494740486145","0.12827494740486145","0.12827494740486145","1966","1966","1966"
"196799","0.13326433300971985","0.13326433300971985","0.13326433300971985","1967","1967","1967"
"196899","0.11758683621883392","0.11758683621883392","0.11758683621883392","1968","1968","1968"
"196999","0.12888656556606293","0.12888656556606293","0.12888656556606293","1969","1969","1969"
"197099","0.125244140625","0.125244140625","0.125244140625","1970","1970","1970"
"197199","0.1250094622373581","0.1250094622373581","0.1250094622373581","1971","1971","1971"
"197299","0.1236603707075119","0.1236603707075119","0.1236603707075119","1972","1972","1972"
"197399","0.12210194021463394","0.12210194021463394","0.12210194021463394","1973","1973","1973"
"197499","0.1319838911294937","0.1319838911294937","0.1319838911294937","1974","1974","1974"
"197599","0.12256138026714325","0.12256138026714325","0.12256138026714325","1975","1975","1975"
"197699","0.12461787462234497","0.12461787462234497","0.12461787462234497","1976","1976","1976"
"197799","0.1285385638475418","0.1285385638475418","0.1285385638475418","1977","1977","1977"
"197899","0.12550029158592224","0.12550029158592224","0.12550029158592224","1978","1978","1978"
"197999","0.1257544457912445","0.1257544457912445","0.1257544457912445","1979","1979","1979"
"198099","0.12519614398479462","0.12519614398479462","0.12519614398479462","1980","1980","1980"
"198199","0.1317962408065796","0.1317962408065796","0.1317962408065796","1981","1981","1981"
"198299","0.1309688836336136","0.1309688836336136","0.1309688836336136","1982","1982","1982"
"198399","0.12312360852956772","0.12312360852956772","0.12312360852956772","1983","1983","1983"
"198499","0.12409380078315735","0.12409380078315735","0.12409380078315735","1984","1984","1984"
"198599","0.12267567217350006","0.12267567217350006","0.12267567217350006","1985","1985","1985"
"198699","0.1252695918083191","0.1252695918083191","0.1252695918083191","1986","1986","1986"
"198799","0.1231115460395813","0.1231115460395813","0.1231115460395813","1987","1987","1987"
"198899","0.12271203100681305","0.12271203100681305","0.12271203100681305","1988","1988","1988"
"198999","0.12746894359588623","0.12746894359588623","0.12746894359588623","1989","1989","1989"
"199099","0.12297375500202179","0.12297375500202179","0.12297375500202179","1990","1990","1990"
"199199","0.12494710087776184","0.12494710087776184","0.12494710087776184","1991","1991","1991"
"199299","0.13306188583374023","0.13306188583374023","0.13306188583374023","1992","1992","1992"
"199399","0.12258090823888779","0.12258090823888779","0.12258090823888779","1993","1993","1993"
"199499","0.12237954884767532","0.12237954884767532","0.12237954884767532","1994","1994","1994"
"199599","0.12773355841636658","0.12773355841636658","0.12773355841636658","1995","1995","1995"
"199699","0.12434018403291702","0.12434018403291702","0.12434018403291702","1996","1996","1996"
"199799","0.12577351927757263","0.12577351927757263","0.12577351927757263","1997","1997","1997"
"199899","0.12842044234275818","0.12842044234275818","0.12842044234275818","1998","1998","1998"
"199999","0.12024527043104172","0.12024527043104172","0.12024527043104172","1999","1999","1999"
"200099","0.12236271798610687","0.12236271798610687","0.12236271798610687","2000","2000","2000"
"200199","0.12264397740364075","0.12264397740364075","0.12264397740364075","2001","2001","2001"
"200299","0.12594221532344818","0.12594221532344818","0.12594221532344818","2002","2002","2002"
"200399","0.1210130825638771","0.1210130825638771","0.1210130825638771","2003","2003","2003"
"200499","0.12407183647155762","0.12407183647155762","0.12407183647155762","2004","2004","2004"
"200599","0.12367286533117294","0.12367286533117294","0.12367286533117294","2005","2005","2005"
"200699","0.13324278593063354","0.13324278593063354","0.13324278593063354","2006","2006","2006"
"200799","0.13044516742229462","0.13044516742229462","0.13044516742229462","2007","2007","2007"
"200899","0.1320113241672516","0.1320113241672516","0.1320113241672516","2008","2008","2008"
"200999","0.12704037129878998","0.12704037129878998","0.12704037129878998","2009","2009","2009"
"201099","0.12069681286811829","0.12069681286811829","0.12069681286811829","2010","2010","2010"
"201199","0.12485315650701523","0.12485315650701523","0.12485315650701523","2011","2011","2011"
"201299","0.1224859356880188","0.1224859356880188","0.1224859356880188","2012","2012","2012"
"201399","0.12525825202465057","0.12525825202465057","0.12525825202465057","2013","2013","2013"
"201499","0.13458359241485596","0.13458359241485596","0.13458359241485596","2014","2014","2014"
"201599","0.13070468604564667","0.13070468604564667","0.13070468604564667","2015","2015","2015"
"201699","0.12426730245351791","0.12426730245351791","0.12426730245351791","2016","2016","2016"
"201799","0.12602241337299347","0.12602241337299347","0.12602241337299347","2017","2017","2017"
"201899","0.12181811779737473","0.12181811779737473","0.12181811779737473","2018","2018","2018"
"201999","0.12389982491731644","0.12389982491731644","0.12389982491731644","2019","2019","2019"
"202099","0.12271203100681305","0.12271203100681305","0.12271203100681305","2020","2020","2020"
"202199","0.1265607476234436","0.1265607476234436","0.1265607476234436","2021","2021","2021"
"202299","0.1290598213672638","0.1290598213672638","0.1290598213672638","2022","2022","2022"
"202399","0.1259489208459854","0.1259489208459854","0.1259489208459854","2023","2023","2023"
"202499","0.12869442999362946","0.12869442999362946","0.12869442999362946","2024","2024","2024"
"202599","0.1253099888563156","0.1253099888563156","0.1253099888563156","2025","2025","2025"
"202699","0.1293928623199463","0.1293928623199463","0.1293928623199463","2026","2026","2026"
"202799","0.11924218386411667","0.11924218386411667","0.11924218386411667","2027","2027","2027"
"202899","0.12559755146503448","0.12559755146503448","0.12559755146503448","2028","2028","2028"
"202999","0.1315872073173523","0.1315872073173523","0.1315872073173523","2029","2029","2029"
"203099","0.1215565875172615","0.1215565875172615","0.1215565875172615","2030","2030","2030"
"203199","0.12141133844852448","0.12141133844852448","0.12141133844852448","2031","2031","2031"
"203299","0.12470196187496185","0.12470196187496185","0.12470196187496185","2032","2032","2032"
"203399","0.1275031417608261","0.1275031417608261","0.1275031417608261","2033","2033","2033"
"203499","0.12695416808128357","0.12695416808128357","0.12695416808128357","2034","2034","2034"
"203599","0.12440744787454605","0.12440744787454605","0.12440744787454605","2035","2035","2035"
"203699","0.12544070184230804","0.12544070184230804","0.12544070184230804","2036","2036","2036"
"203799","0.1293884664773941","0.1293884664773941","0.1293884664773941","2037","2037","2037"
"203899","0.12547612190246582","0.12547612190246582","0.12547612190246582","2038","2038","2038"
"203999","0.12383605539798737","0.12383605539798737","0.12383605539798737","2039","2039","2039"
"204099","0.13066954910755157","0.13066954910755157","0.13066954910755157","2040","2040","2040"
"204199","0.12542299926280975","0.12542299926280975","0.12542299926280975","2041","2041","2041"
"204299","0.12169398367404938","0.12169398367404938","0.12169398367404938","2042","2042","2042"
"204399","0.12364974617958069","0.12364974617958069","0.12364974617958069","2043","2043","2043"
"204499","0.12073854357004166","0.12073854357004166","0.12073854357004166","2044","2044","2044"
"204599","0.13229435682296753","0.13229435682296753","0.13229435682296753","2045","2045","2045"
"204699","0.1259663999080658","0.1259663999080658","0.1259663999080658","2046","2046","2046"
"204799","0.1291491538286209","0.1291491538286209","0.1291491538286209","2047","2047","2047"
"204899","0.12913155555725098","0.12913155555725098","0.12913155555725098","2048","2048","2048"
"204999","0.12427674233913422","0.12427674233913422","0.12427674233913422","2049","2049","2049"
"205099","0.12187325954437256","0.12187325954437256","0.12187325954437256","2050","2050","2050"
"205199","0.1242133229970932","0.1242133229970932","0.1242133229970932","2051","2051","2051"
"205299","0.12868401408195496","0.12868401408195496","0.12868401408195496","2052","2052","2052"
"205399","0.12749901413917542","0.12749901413917542","0.12749901413917542","2053","2053","2053"
"205499","0.12774638831615448","0.12774638831615448","0.12774638831615448","2054","2054","2054"
"205599","0.13046376407146454","0.13046376407146454","0.13046376407146454","2055","2055","2055"
"205699","0.12890300154685974","0.12890300154685974","0.12890300154685974","2056","2056","2056"
"205799","0.1276187300682068","0.1276187300682068","0.1276187300682068","2057","2057","2057"
"205899","0.127935528755188","0.127935528755188","0.127935528755188","2058","2058","2058"
"205999","0.12750597298145294","0.12750597298145294","0.12750597298145294","2059","2059","2059"
"206099","0.12646889686584473","0.12646889686584473","0.12646889686584473","2060","2060","2060"
"206199","0.1283644139766693","0.1283644139766693","0.1283644139766693","2061","2061","2061"
"206299","0.12305770069360733","0.12305770069360733","0.12305770069360733","2062","2062","2062"
"206399","0.12723225355148315","0.12723225355148315","0.12723225355148315","2063","2063","2063"
"206499","0.12515300512313843","0.12515300512313843","0.12515300512313843","2064","2064","2064"
"206599","0.1241971105337143","0.1241971105337143","0.1241971105337143","2065","2065","2065"
"206699","0.13247068226337433","0.13247068226337433","0.13247068226337433","2066","2066","2066"
"206799","0.12434978038072586","0.12434978038072586","0.12434978038072586","2067","2067","2067"
"206899","0.1258765012025833","0.1258765012025833","0.1258765012025833","2068","2068","2068"
"206999","0.12227288633584976","0.12227288633584976","0.12227288633584976","2069","2069","2069"
"207099","0.13138623535633087","0.13138623535633087","0.13138623535633087","2070","2070","2070"
"207199","0.124315544962883","0.124315544962883","0.124315544962883","2071","2071","2071"
"207299","0.12815767526626587","0.12815767526626587","0.12815767526626587","2072","2072","2072"
"207399","0.12537990510463715","0.12537990510463715","0.12537990510463715","2073","2073","2073"
"207499","0.1294012814760208","0.1294012814760208","0.1294012814760208","2074","2074","2074"
"207599","0.12549982964992523","0.12549982964992523","0.12549982964992523","2075","2075","2075"
"207699","0.12673088908195496","0.12673088908195496","0.12673088908195496","2076","2076","2076"
"207799","0.12257406860589981","0.12257406860589981","0.12257406860589981","2077","2077","2077"
"207899","0.12607824802398682","0.12607824802398682","0.12607824802398682","2078","2078","2078"
"207999","0.127666637301445","0.127666637301445","0.127666637301445","2079","2079","2079"
"208099","0.12418578565120697","0.12418578565120697","0.12418578565120697","2080","2080","2080"
"208199","0.12705793976783752","0.12705793976783752","0.12705793976783752","2081","2081","2081"
"208299","0.12554362416267395","0.12554362416267395","0.12554362416267395","2082","2082","2082"
"208399","0.12550586462020874","0.12550586462020874","0.12550586462020874","2083","2083","2083"
"208499","0.128721222281456","0.128721222281456","0.128721222281456","2084","2084","2084"
"208599","0.12580062448978424","0.12580062448978424","0.12580062448978424","2085","2085","2085"
"208699","0.1229327917098999","0.1229327917098999","0.1229327917098999","2086","2086","2086"
"208799","0.12759798765182495","0.12759798765182495","0.12759798765182495","2087","2087","2087"
"208899","0.11963628977537155","0.11963628977537155","0.11963628977537155","2088","2088","2088"
"208999","0.12349581718444824","0.12349581718444824","0.12349581718444824","2089","2089","2089"
"209099","0.1217271238565445","0.1217271238565445","0.1217271238565445","2090","2090","2090"
"209199","0.1308220773935318","0.1308220773935318","0.1308220773935318","2091","2091","2091"
"209299","0.12058106064796448","0.12058106064796448","0.12058106064796448","2092","2092","2092"
"209399","0.12535962462425232","0.12535962462425232","0.12535962462425232","2093","2093","2093"
"209499","0.12372012436389923","0.12372012436389923","0.12372012436389923","2094","2094","2094"
"209599","0.11456581950187683","0.11456581950187683","0.11456581950187683","2095","2095","2095"
"209699","0.12855587899684906","0.12855587899684906","0.12855587899684906","2096","2096","2096"
"209799","0.12427419424057007","0.12427419424057007","0.12427419424057007","2097","2097","2097"
"209899","0.1227310374379158","0.1227310374379158","0.1227310374379158","2098","2098","2098"
"209999","0.12069346755743027","0.12069346755743027","0.12069346755743027","2099","2099","2099"
"210099","0.12981046736240387","0.12981046736240387","0.12981046736240387","2100","2100","2100"
"210199","0.12008138000965118","0.12008138000965118","0.12008138000965118","2101","2101","2101"
"210299","0.11925925314426422","0.11925925314426422","0.11925925314426422","2102","2102","2102"
"210399","0.12330161035060883","0.12330161035060883","0.12330161035060883","2103","2103","2103"
"210499","0.12891483306884766","0.12891483306884766","0.12891483306884766","2104","2104","2104"
"210599","0.1254696398973465","0.1254696398973465","0.1254696398973465","2105","2105","2105"
"210699","0.1276150792837143","0.1276150792837143","0.1276150792837143","2106","2106","2106"
"210799","0.12305155396461487","0.12305155396461487","0.12305155396461487","2107","2107","2107"
"210899","0.12977468967437744","0.12977468967437744","0.12977468967437744","2108","2108","2108"
"210999","0.11979314684867859","0.11979314684867859","0.11979314684867859","2109","2109","2109"
"211099","0.12722425162792206","0.12722425162792206","0.12722425162792206","2110","2110","2110"
"211199","0.12499359995126724","0.12499359995126724","0.12499359995126724","2111","2111","2111"
"211299","0.12702931463718414","0.12702931463718414","0.12702931463718414","2112","2112","2112"
"211399","0.12515731155872345","0.12515731155872345","0.12515731155872345","2113","2113","2113"
"211499","0.12785430252552032","0.12785430252552032","0.12785430252552032","2114","2114","2114"
"211599","0.12936408817768097","0.12936408817768097","0.12936408817768097","2115","2115","2115"
"211699","0.12539707124233246","0.12539707124233246","0.12539707124233246","2116","2116","2116"
"211799","0.13324593007564545","0.13324593007564545","0.13324593007564545","2117","2117","2117"
"211899","0.11905699968338013","0.11905699968338013","0.11905699968338013","2118","2118","2118"
"211999","0.12608230113983154","0.12608230113983154","0.12608230113983154","2119","2119","2119"
"212099","0.12100222706794739","0.12100222706794739","0.12100222706794739","2120","2120","2120"
"212199","0.12179136276245117","0.12179136276245117","0.12179136276245117","2121","2121","2121"
"212299","0.12569700181484222","0.12569700181484222","0.12569700181484222","2122","2122","2122"
"212399","0.11990418285131454","0.11990418285131454","0.11990418285131454","2123","2123","2123"
"212499","0.13084687292575836","0.13084687292575836","0.13084687292575836","2124","2124","2124"
"212599","0.12771020829677582","0.12771020829677582","0.12771020829677582","2125","2125","2125"
"212699","0.12241939455270767","0.12241939455270767","0.12241939455270767","2126","2126","2126"
"212799","0.12152323871850967","0.12152323871850967","0.12152323871850967","2127","2127","2127"
"212899","0.13073861598968506","0.13073861598968506","0.13073861598968506","2128","2128","2128"
"212999","0.12246047705411911","0.12246047705411911","0.12246047705411911","2129","2129","2129"
"213099","0.12588410079479218","0.12588410079479218","0.12588410079479218","2130","2130","2130"
"213199","0.12722086906433105","0.12722086906433105","0.12722086906433105","2131","2131","2131"
"213299","0.12058118730783463","0.12058118730783463","0.12058118730783463","2132","2132","2132"
"213399","0.12475703656673431","0.12475703656673431","0.12475703656673431","2133","2133","2133"
"213499","0.12986168265342712","0.12986168265342712","0.12986168265342712","2134","2134","2134"
"213599","0.12640783190727234","0.12640783190727234","0.12640783190727234","2135","2135","2135"
"213699","0.12232962995767593","0.12232962995767593","0.12232962995767593","2136","2136","2136"
"213799","0.12386824935674667","0.12386824935674667","0.12386824935674667","2137","2137","2137"
"213899","0.12747468054294586","0.12747468054294586","0.12747468054294586","2138","2138","2138"
"213999","0.13006559014320374","0.13006559014320374","0.13006559014320374","2139","2139","2139"
"214099","0.12680280208587646","0.12680280208587646","0.12680280208587646","2140","2140","2140"
"214199","0.1307043880224228","0.1307043880224228","0.1307043880224228","2141","2141","2141"
"214299","0.1302398294210434","0.1302398294210434","0.1302398294210434","2142","2142","2142"
"214399","0.12683773040771484","0.12683773040771484","0.12683773040771484","2143","2143","2143"
"214499","0.1265696883201599","0.1265696883201599","0.1265696883201599","2144","2144","2144"
"214599","0.12192802131175995","0.12192802131175995","0.12192802131175995","2145","2145","2145"
"214699","0.12247554212808609","0.12247554212808609","0.12247554212808609","2146","2146","2146"
"214799","0.1326759159564972","0.1326759159564972","0.1326759159564972","2147","2147","2147"
"214899","0.12220258265733719","0.12220258265733719","0.12220258265733719","2148","2148","2148"
"214999","0.1147027239203453","0.1147027239203453","0.1147027239203453","2149","2149","2149"
"215099","0.13310788571834564","0.13310788571834564","0.13310788571834564","2150","2150","2150"
"215199","0.13333387672901154","0.13333387672901154","0.13333387672901154","2151","2151","2151"
"215299","0.13289274275302887","0.13289274275302887","0.13289274275302887","2152","2152","2152"
"215399","0.11677898466587067","0.11677898466587067","0.11677898466587067","2153","2153","2153"
"215499","0.12776342034339905","0.12776342034339905","0.12776342034339905","2154","2154","2154"
"215599","0.13344930112361908","0.13344930112361908","0.13344930112361908","2155","2155","2155"
"215699","0.13235194981098175","0.13235194981098175","0.13235194981098175","2156","2156","2156"
"215799","0.12441946566104889","0.12441946566104889","0.12441946566104889","2157","2157","2157"
"215899","0.12475328892469406","0.12475328892469406","0.12475328892469406","2158","2158","2158"
"215999","0.13023756444454193","0.13023756444454193","0.13023756444454193","2159","2159","2159"
"216099","0.1294545978307724","0.1294545978307724","0.1294545978307724","2160","2160","2160"
"216199","0.12659317255020142","0.12659317255020142","0.12659317255020142","2161","2161","2161"
"216299","0.1248713955283165","0.1248713955283165","0.1248713955283165","2162","2162","2162"
"216399","0.12660633027553558","0.12660633027553558","0.12660633027553558","2163","2163","2163"
"216499","0.1314249336719513","0.1314249336719513","0.1314249336719513","2164","2164","2164"
"216599","0.12233737856149673","0.12233737856149673","0.12233737856149673","2165","2165","2165"
"216699","0.1227305680513382","0.1227305680513382","0.1227305680513382","2166","2166","2166"
"216799","0.12671619653701782","0.12671619653701782","0.12671619653701782","2167","2167","2167"
"216899","0.12847334146499634","0.12847334146499634","0.12847334146499634","2168","2168","2168"
"216999","0.12386937439441681","0.12386937439441681","0.12386937439441681","2169","2169","2169"
"217099","0.12555740773677826","0.12555740773677826","0.12555740773677826","2170","2170","2170"
"217199","0.1302463412284851","0.1302463412284851","0.1302463412284851","2171","2171","2171"
"217299","0.12621183693408966","0.12621183693408966","0.12621183693408966","2172","2172","2172"
"217399","0.12418387085199356","0.12418387085199356","0.12418387085199356","2173","2173","2173"
"217499","0.12287475168704987","0.12287475168704987","0.12287475168704987","2174","2174","2174"
"217599","0.12410777062177658","0.12410777062177658","0.12410777062177658","2175","2175","2175"
"217699","0.12132728099822998","0.12132728099822998","0.12132728099822998","2176","2176","2176"
"217799","0.12590880692005157","0.12590880692005157","0.12590880692005157","2177","2177","2177"
"217899","0.12605583667755127","0.12605583667755127","0.12605583667755127","2178","2178","2178"
"217999","0.12212277203798294","0.12212277203798294","0.12212277203798294","2179","2179","2179"
"218099","0.1241263896226883","0.1241263896226883","0.1241263896226883","2180","2180","2180"
"218199","0.12274878472089767","0.12274878472089767","0.12274878472089767","2181","2181","2181"
"218299","0.12623251974582672","0.12623251974582672","0.12623251974582672","2182","2182","2182"
"218399","0.1326536238193512","0.1326536238193512","0.1326536238193512","2183","2183","2183"
"218499","0.12180490046739578","0.12180490046739578","0.12180490046739578","2184","2184","2184"
"218599","0.1257448047399521","0.1257448047399521","0.1257448047399521","2185","2185","2185"
"218699","0.12150149792432785","0.12150149792432785","0.12150149792432785","2186","2186","2186"
"218799","0.12723587453365326","0.12723587453365326","0.12723587453365326","2187","2187","2187"
"218899","0.12377810478210449","0.12377810478210449","0.12377810478210449","2188","2188","2188"
"218999","0.1313142627477646","0.1313142627477646","0.1313142627477646","2189","2189","2189"
"219099","0.12267452478408813","0.12267452478408813","0.12267452478408813","2190","2190","2190"
"219199","0.12515151500701904","0.12515151500701904","0.12515151500701904","2191","2191","2191"
"219299","0.12553274631500244","0.12553274631500244","0.12553274631500244","2192","2192","2192"
"219399","0.12215850502252579","0.12215850502252579","0.12215850502252579","2193","2193","2193"
"219499","0.11966650933027267","0.11966650933027267","0.11966650933027267","2194","2194","2194"
"219599","0.11916445940732956","0.11916445940732956","0.11916445940732956","2195","2195","2195"
"219699","0.1345815658569336","0.1345815658569336","0.1345815658569336","2196","2196","2196"
"219799","0.12528033554553986","0.12528033554553986","0.12528033554553986","2197","2197","2197"
"219899","0.11978655308485031","0.11978655308485031","0.11978655308485031","2198","2198","2198"
"219999","0.12497057765722275","0.12497057765722275","0.12497057765722275","2199","2199","2199"
"220099","0.12650981545448303","0.12650981545448303","0.12650981545448303","2200","2200","2200"
"220199","0.11878921091556549","0.11878921091556549","0.11878921091556549","2201","2201","2201"
"220299","0.12138692289590836","0.12138692289590836","0.12138692289590836","2202","2202","2202"
"220399","0.12339610606431961","0.12339610606431961","0.12339610606431961","2203","2203","2203"
"220499","0.12522199749946594","0.12522199749946594","0.12522199749946594","2204","2204","2204"
"220599","0.12329120934009552","0.12329120934009552","0.12329120934009552","2205","2205","2205"
"220699","0.12803806364536285","0.12803806364536285","0.12803806364536285","2206","2206","2206"
"220799","0.125361829996109","0.125361829996109","0.125361829996109","2207","2207","2207"
"220899","0.12586474418640137","0.12586474418640137","0.12586474418640137","2208","2208","2208"
"220999","0.13236892223358154","0.13236892223358154","0.13236892223358154","2209","2209","2209"
"221099","0.12449375540018082","0.12449375540018082","0.12449375540018082","2210","2210","2210"
"221199","0.12778596580028534","0.12778596580028534","0.12778596580028534","2211","2211","2211"
"221299","0.12703505158424377","0.12703505158424377","0.12703505158424377","2212","2212","2212"
"221399","0.12469585239887238","0.12469585239887238","0.12469585239887238","2213","2213","2213"
"221499","0.12146762013435364","0.12146762013435364","0.12146762013435364","2214","2214","2214"
"221599","0.12411671131849289","0.12411671131849289","0.12411671131849289","2215","2215","2215"
"221699","0.12508851289749146","0.12508851289749146","0.12508851289749146","2216","2216","2216"
"221799","0.12776388227939606","0.12776388227939606","0.12776388227939606","2217","2217","2217"
"221899","0.12741169333457947","0.12741169333457947","0.12741169333457947","2218","2218","2218"
"221999","0.12522168457508087","0.12522168457508087","0.12522168457508087","2219","2219","2219"
"222099","0.11947687715291977","0.11947687715291977","0.11947687715291977","2220","2220","2220"
"222199","0.11743775010108948","0.11743775010108948","0.11743775010108948","2221","2221","2221"
"222299","0.1248733326792717","0.1248733326792717","0.1248733326792717","2222","2222","2222"
"222399","0.1206309124827385","0.1206309124827385","0.1206309124827385","2223","2223","2223"
"222499","0.12274283170700073","0.12274283170700073","0.12274283170700073","2224","2224","2224"
"222599","0.12533995509147644","0.12533995509147644","0.12533995509147644","2225","2225","2225"
"222699","0.12754032015800476","0.12754032015800476","0.12754032015800476","2226","2226","2226"
"222799","0.13080604374408722","0.13080604374408722","0.13080604374408722","2227","2227","2227"
"222899","0.12236828356981277","0.12236828356981277","0.12236828356981277","2228","2228","2228"
"222999","0.12511005997657776","0.12511005997657776","0.12511005997657776","2229","2229","2229"
"223099","0.13010220229625702","0.13010220229625702","0.13010220229625702","2230","2230","2230"
"223199","0.11988337337970734","0.11988337337970734","0.11988337337970734","2231","2231","2231"
"223299","0.1211162805557251","0.1211162805557251","0.1211162805557251","2232","2232","2232"
"223399","0.12766148149967194","0.12766148149967194","0.12766148149967194","2233","2233","2233"
"223499","0.12537769973278046","0.12537769973278046","0.12537769973278046","2234","2234","2234"
"223599","0.1295996606349945","0.1295996606349945","0.1295996606349945","2235","2235","2235"
"223699","0.12342295795679092","0.12342295795679092","0.12342295795679092","2236","2236","2236"
"223799","0.11747539043426514","0.11747539043426514","0.11747539043426514","2237","2237","2237"
"223899","0.12357617169618607","0.12357617169618607","0.12357617169618607","2238","2238","2238"
"223999","0.1316973865032196","0.1316973865032196","0.1316973865032196","2239","2239","2239"
"224099","0.12253531068563461","0.12253531068563461","0.12253531068563461","2240","2240","2240"
"224199","0.12341812998056412","0.12341812998056412","0.12341812998056412","2241","2241","2241"
"224299","0.13295800983905792","0.13295800983905792","0.13295800983905792","2242","2242","2242"
"224399","0.121247798204422","0.121247798204422","0.121247798204422","2243","2243","2243"
"224499","0.12657307088375092","0.12657307088375092","0.12657307088375092","2244","2244","2244"
"224599","0.12622788548469543","0.12622788548469543","0.12622788548469543","2245","2245","2245"
"224699","0.1243700161576271","0.1243700161576271","0.1243700161576271","2246","2246","2246"
"224799","0.12195174396038055","0.12195174396038055","0.12195174396038055","2247","2247","2247"
"224899","0.13029919564723969","0.13029919564723969","0.13029919564723969","2248","2248","2248"
"224999","0.12087813019752502","0.12087813019752502","0.12087813019752502","2249","2249","2249"
"225099","0.12748494744300842","0.12748494744300842","0.12748494744300842","2250","2250","2250"
"225199","0.12588492035865784","0.12588492035865784","0.12588492035865784","2251","2251","2251"
"225299","0.12090203166007996","0.12090203166007996","0.12090203166007996","2252","2252","2252"
"225399","0.13009154796600342","0.13009154796600342","0.13009154796600342","2253","2253","2253"
"225499","0.12112709879875183","0.12112709879875183","0.12112709879875183","2254","2254","2254"
"225599","0.12648946046829224","0.12648946046829224","0.12648946046829224","2255","2255","2255"
"225699","0.12050005048513412","0.12050005048513412","0.12050005048513412","2256","2256","2256"
"225799","0.12545132637023926","0.12545132637023926","0.12545132637023926","2257","2257","2257"
"225899","0.11777099967002869","0.11777099967002869","0.11777099967002869","2258","2258","2258"
"225999","0.1334725171327591","0.1334725171327591","0.1334725171327591","2259","2259","2259"
"226099","0.1294347196817398","0.1294347196817398","0.1294347196817398","2260","2260","2260"
"226199","0.129206120967865","0.129206120967865","0.129206120967865","2261","2261","2261"
"226299","0.12016063928604126","0.12016063928604126","0.12016063928604126","2262","2262","2262"
"226399","0.13151276111602783","0.13151276111602783","0.13151276111602783","2263","2263","2263"
"226499","0.12579303979873657","0.12579303979873657","0.12579303979873657","2264","2264","2264"
"226599","0.12442322820425034","0.12442322820425034","0.12442322820425034","2265","2265","2265"
"226699","0.12713497877120972","0.12713497877120972","0.12713497877120972","2266","2266","2266"
"226799","0.1281355768442154","0.1281355768442154","0.1281355768442154","2267","2267","2267"
"226899","0.12483981251716614","0.12483981251716614","0.12483981251716614","2268","2268","2268"
"226999","0.12047439813613892","0.12047439813613892","0.12047439813613892","2269","2269","2269"
"227099","0.13063442707061768","0.13063442707061768","0.13063442707061768","2270","2270","2270"
"227199","0.12680186331272125","0.12680186331272125","0.12680186331272125","2271","2271","2271"
"227299","0.12471535801887512","0.12471535801887512","0.12471535801887512","2272","2272","2272"
"227399","0.12873373925685883","0.12873373925685883","0.12873373925685883","2273","2273","2273"
"227499","0.11903712153434753","0.11903712153434753","0.11903712153434753","2274","2274","2274"
"227599","0.13076432049274445","0.13076432049274445","0.13076432049274445","2275","2275","2275"
"227699","0.12199888378381729","0.12199888378381729","0.12199888378381729","2276","2276","2276"
"227799","0.13343515992164612","0.13343515992164612","0.13343515992164612","2277","2277","2277"
"227899","0.1280052214860916","0.1280052214860916","0.1280052214860916","2278","2278","2278"
"227999","0.12214197218418121","0.12214197218418121","0.12214197218418121","2279","2279","2279"
"228099","0.1286434382200241","0.1286434382200241","0.1286434382200241","2280","2280","2280"
"228199","0.1280578076839447","0.1280578076839447","0.1280578076839447","2281","2281","2281"
"228299","0.12609805166721344","0.12609805166721344","0.12609805166721344","2282","2282","2282"
"228399","0.12535668909549713","0.12535668909549713","0.12535668909549713","2283","2283","2283"
"228499","0.12509365379810333","0.12509365379810333","0.12509365379810333","2284","2284","2284"
"228599","0.12628981471061707","0.12628981471061707","0.12628981471061707","2285","2285","2285"
"228699","0.12315059453248978","0.12315059453248978","0.12315059453248978","2286","2286","2286"
"228799","0.1165640652179718","0.1165640652179718","0.1165640652179718","2287","2287","2287"
"228899","0.12320966273546219","0.12320966273546219","0.12320966273546219","2288","2288","2288"
"228999","0.12827858328819275","0.12827858328819275","0.12827858328819275","2289","2289","2289"
"229099","0.12635719776153564","0.12635719776153564","0.12635719776153564","2290","2290","2290"
"229199","0.1260390430688858","0.1260390430688858","0.1260390430688858","2291","2291","2291"
"229299","0.12958446145057678","0.12958446145057678","0.12958446145057678","2292","2292","2292"
"229399","0.12349091470241547","0.12349091470241547","0.12349091470241547","2293","2293","2293"
"229499","0.11896346509456635","0.11896346509456635","0.11896346509456635","2294","2294","2294"
"229599","0.12856964766979218","0.12856964766979218","0.12856964766979218","2295","2295","2295"
"229699","0.12114070355892181","0.12114070355892181","0.12114070355892181","2296","2296","2296"
"229799","0.13113099336624146","0.13113099336624146","0.13113099336624146","2297","2297","2297"
"229899","0.1298809051513672","0.1298809051513672","0.1298809051513672","2298","2298","2298"
"229999","0.12506067752838135","0.12506067752838135","0.12506067752838135","2299","2299","2299"
"230099","0.12447913736104965","0.12447913736104965","0.12447913736104965","2300","2300","2300"
"230199","0.12213563919067383","0.12213563919067383","0.12213563919067383","2301","2301","2301"
"230299","0.12883971631526947","0.12883971631526947","0.12883971631526947","2302","2302","2302"
"230399","0.12157554924488068","0.12157554924488068","0.12157554924488068","2303","2303","2303"
"230499","0.12684738636016846","0.12684738636016846","0.12684738636016846","2304","2304","2304"
"230599","0.127311572432518","0.127311572432518","0.127311572432518","2305","2305","2305"
"230699","0.12647898495197296","0.12647898495197296","0.12647898495197296","2306","2306","2306"
"230799","0.12362772226333618","0.12362772226333618","0.12362772226333618","2307","2307","2307"
"230899","0.1196904331445694","0.1196904331445694","0.1196904331445694","2308","2308","2308"
"230999","0.1323830485343933","0.1323830485343933","0.1323830485343933","2309","2309","2309"
"231099","0.13016270101070404","0.13016270101070404","0.13016270101070404","2310","2310","2310"
"231199","0.12839503586292267","0.12839503586292267","0.12839503586292267","2311","2311","2311"
"231299","0.11906068027019501","0.11906068027019501","0.11906068027019501","2312","2312","2312"
"231399","0.12357059866189957","0.12357059866189957","0.12357059866189957","2313","2313","2313"
"231499","0.13286557793617249","0.13286557793617249","0.13286557793617249","2314","2314","2314"
"231599","0.1247154176235199","0.1247154176235199","0.1247154176235199","2315","2315","2315"
"231699","0.12664759159088135","0.12664759159088135","0.12664759159088135","2316","2316","2316"
"231799","0.11671439558267593","0.11671439558267593","0.11671439558267593","2317","2317","2317"
"231899","0.12445835024118423","0.12445835024118423","0.12445835024118423","2318","2318","2318"
"231999","0.12166536599397659","0.12166536599397659","0.12166536599397659","2319","2319","2319"
"232099","0.1308482438325882","0.1308482438325882","0.1308482438325882","2320","2320","2320"
"232199","0.12096329778432846","0.12096329778432846","0.12096329778432846","2321","2321","2321"
"232299","0.12628737092018127","0.12628737092018127","0.12628737092018127","2322","2322","2322"
"232399","0.12626923620700836","0.12626923620700836","0.12626923620700836","2323","2323","2323"
"232499","0.1256164014339447","0.1256164014339447","0.1256164014339447","2324","2324","2324"
"232599","0.13064837455749512","0.13064837455749512","0.13064837455749512","2325","2325","2325"
"232699","0.12238319963216782","0.12238319963216782","0.12238319963216782","2326","2326","2326"
"232799","0.12292123585939407","0.12292123585939407","0.12292123585939407","2327","2327","2327"
"232899","0.12369205057621002","0.12369205057621002","0.12369205057621002","2328","2328","2328"
"232999","0.1311461478471756","0.1311461478471756","0.1311461478471756","2329","2329","2329"
"233099","0.12758959829807281","0.12758959829807281","0.12758959829807281","2330","2330","2330"
"233199","0.12054754793643951","0.12054754793643951","0.12054754793643951","2331","2331","2331"
"233299","0.12931686639785767","0.12931686639785767","0.12931686639785767","2332","2332","2332"
"233399","0.12728117406368256","0.12728117406368256","0.12728117406368256","2333","2333","2333"
"233499","0.12644129991531372","0.12644129991531372","0.12644129991531372","2334","2334","2334"
"233599","0.1266084760427475","0.1266084760427475","0.1266084760427475","2335","2335","2335"
"233699","0.1260743886232376","0.1260743886232376","0.1260743886232376","2336","2336","2336"
"233799","0.12362542003393173","0.12362542003393173","0.12362542003393173","2337","2337","2337"
"233899","0.12570278346538544","0.12570278346538544","0.12570278346538544","2338","2338","2338"
"233999","0.12579697370529175","0.12579697370529175","0.12579697370529175","2339","2339","2339"
"234099","0.12975051999092102","0.12975051999092102","0.12975051999092102","2340","2340","2340"
"234199","0.13091497123241425","0.13091497123241425","0.13091497123241425","2341","2341","2341"
"234299","0.12204255908727646","0.12204255908727646","0.12204255908727646","2342","2342","2342"
"234399","0.12547045946121216","0.12547045946121216","0.12547045946121216","2343","2343","2343"
"234499","0.1285163313150406","0.1285163313150406","0.1285163313150406","2344","2344","2344"
"234599","0.1299605816602707","0.1299605816602707","0.1299605816602707","2345","2345","2345"
"234699","0.12406577169895172","0.12406577169895172","0.12406577169895172","2346","2346","2346"
"234799","0.1293945163488388","0.1293945163488388","0.1293945163488388","2347","2347","2347"
"234899","0.12416697293519974","0.12416697293519974","0.12416697293519974","2348","2348","2348"
"234999","0.1262413114309311","0.1262413114309311","0.1262413114309311","2349","2349","2349"
"235099","0.1249232143163681","0.1249232143163681","0.1249232143163681","2350","2350","2350"
"235199","0.12731175124645233","0.12731175124645233","0.12731175124645233","2351","2351","2351"
"235299","0.12199752032756805","0.12199752032756805","0.12199752032756805","2352","2352","2352"
"235399","0.12431836128234863","0.12431836128234863","0.12431836128234863","2353","2353","2353"
"235499","0.12742462754249573","0.12742462754249573","0.12742462754249573","2354","2354","2354"
"235599","0.12168139219284058","0.12168139219284058","0.12168139219284058","2355","2355","2355"
"235699","0.12730254232883453","0.12730254232883453","0.12730254232883453","2356","2356","2356"
"235799","0.12023233622312546","0.12023233622312546","0.12023233622312546","2357","2357","2357"
"235899","0.12267817556858063","0.12267817556858063","0.12267817556858063","2358","2358","2358"
"235999","0.12785060703754425","0.12785060703754425","0.12785060703754425","2359","2359","2359"
"236099","0.11858678609132767","0.11858678609132767","0.11858678609132767","2360","2360","2360"
"236199","0.12805035710334778","0.12805035710334778","0.12805035710334778","2361","2361","2361"
"236299","0.12734510004520416","0.12734510004520416","0.12734510004520416","2362","2362","2362"
"236399","0.11490147560834885","0.11490147560834885","0.11490147560834885","2363","2363","2363"
"236499","0.13322407007217407","0.13322407007217407","0.13322407007217407","2364","2364","2364"
"236599","0.12648549675941467","0.12648549675941467","0.12648549675941467","2365","2365","2365"
"236699","0.11817722767591476","0.11817722767591476","0.11817722767591476","2366","2366","2366"
"236799","0.1306847184896469","0.1306847184896469","0.1306847184896469","2367","2367","2367"
"236899","0.1228044331073761","0.1228044331073761","0.1228044331073761","2368","2368","2368"
"236999","0.12696464359760284","0.12696464359760284","0.12696464359760284","2369","2369","2369"
"237099","0.12971043586730957","0.12971043586730957","0.12971043586730957","2370","2370","2370"
"237199","0.12546399235725403","0.12546399235725403","0.12546399235725403","2371","2371","2371"
"237299","0.1288318634033203","0.1288318634033203","0.1288318634033203","2372","2372","2372"
"237399","0.11484482139348984","0.11484482139348984","0.11484482139348984","2373","2373","2373"
"237499","0.13056392967700958","0.13056392967700958","0.13056392967700958","2374","2374","2374"
"237599","0.1276589184999466","0.1276589184999466","0.1276589184999466","2375","2375","2375"
"237699","0.1289086788892746","0.1289086788892746","0.1289086788892746","2376","2376","2376"
"237799","0.12504979968070984","0.12504979968070984","0.12504979968070984","2377","2377","2377"
"237899","0.1285504549741745","0.1285504549741745","0.1285504549741745","2378","2378","2378"
"237999","0.12199556082487106","0.12199556082487106","0.12199556082487106","2379","2379","2379"
"238099","0.12964744865894318","0.12964744865894318","0.12964744865894318","2380","2380","2380"
"238199","0.12567472457885742","0.12567472457885742","0.12567472457885742","2381","2381","2381"
"238299","0.1312885880470276","0.1312885880470276","0.1312885880470276","2382","2382","2382"
"238399","0.12754729390144348","0.12754729390144348","0.12754729390144348","2383","2383","2383"
"238499","0.12274160236120224","0.12274160236120224","0.12274160236120224","2384","2384","2384"
"238599","0.1339065134525299","0.1339065134525299","0.1339065134525299","2385","2385","2385"
"238699","0.12154270708560944","0.12154270708560944","0.12154270708560944","2386","2386","2386"
"238799","0.12275828421115875","0.12275828421115875","0.12275828421115875","2387","2387","2387"
"238899","0.12116146087646484","0.12116146087646484","0.12116146087646484","2388","2388","2388"
"238999","0.12555187940597534","0.12555187940597534","0.12555187940597534","2389","2389","2389"
"239099","0.1256852149963379","0.1256852149963379","0.1256852149963379","2390","2390","2390"
"239199","0.12597770988941193","0.12597770988941193","0.12597770988941193","2391","2391","2391"
"239299","0.12879431247711182","0.12879431247711182","0.12879431247711182","2392","2392","2392"
"239399","0.12458325177431107","0.12458325177431107","0.12458325177431107","2393","2393","2393"
"239499","0.12605154514312744","0.12605154514312744","0.12605154514312744","2394","2394","2394"
"239599","0.1328473836183548","0.1328473836183548","0.1328473836183548","2395","2395","2395"
"239699","0.12001229077577591","0.12001229077577591","0.12001229077577591","2396","2396","2396"
"239799","0.11982893943786621","0.11982893943786621","0.11982893943786621","2397","2397","2397"
"239899","0.12898899614810944","0.12898899614810944","0.12898899614810944","2398","2398","2398"
"239999","0.12112750858068466","0.12112750858068466","0.12112750858068466","2399","2399","2399"
"240099","0.12893952429294586","0.12893952429294586","0.12893952429294586","2400","2400","2400"
"240199","0.13114967942237854","0.13114967942237854","0.13114967942237854","2401","2401","2401"
"240299","0.12382400780916214","0.12382400780916214","0.12382400780916214","2402","2402","2402"
"240399","0.1196315586566925","0.1196315586566925","0.1196315586566925","2403","2403","2403"
"240499","0.1261681765317917","0.1261681765317917","0.1261681765317917","2404","2404","2404"
"240599","0.12305942922830582","0.12305942922830582","0.12305942922830582","2405","2405","2405"
"240699","0.1216978132724762","0.1216978132724762","0.1216978132724762","2406","2406","2406"
"240799","0.12801320850849152","0.12801320850849152","0.12801320850849152","2407","2407","2407"
"240899","0.1273769736289978","0.1273769736289978","0.1273769736289978","2408","2408","2408"
"240999","0.12326758354902267","0.12326758354902267","0.12326758354902267","2409","2409","2409"
"241099","0.11903128027915955","0.11903128027915955","0.11903128027915955","2410","2410","2410"
"241199","0.13046549260616302","0.13046549260616302","0.13046549260616302","2411","2411","2411"
"241299","0.12091819196939468","0.12091819196939468","0.12091819196939468","2412","2412","2412"
"241399","0.12569013237953186","0.12569013237953186","0.12569013237953186","2413","2413","2413"
"241499","0.13137054443359375","0.13137054443359375","0.13137054443359375","2414","2414","2414"
"241599","0.12577790021896362","0.12577790021896362","0.12577790021896362","2415","2415","2415"
"241699","0.13016581535339355","0.13016581535339355","0.13016581535339355","2416","2416","2416"
"241799","0.11980561167001724","0.11980561167001724","0.11980561167001724","2417","2417","2417"
"241899","0.1229325458407402","0.1229325458407402","0.1229325458407402","2418","2418","2418"
"241999","0.12099883705377579","0.12099883705377579","0.12099883705377579","2419","2419","2419"
"242099","0.12623730301856995","0.12623730301856995","0.12623730301856995","2420","2420","2420"
"242199","0.1302172690629959","0.1302172690629959","0.1302172690629959","2421","2421","2421"
"242299","0.12660536170005798","0.12660536170005798","0.12660536170005798","2422","2422","2422"
"242399","0.12616612017154694","0.12616612017154694","0.12616612017154694","2423","2423","2423"
"242499","0.12018203735351562","0.12018203735351562","0.12018203735351562","2424","2424","2424"
"242599","0.12391077727079391","0.12391077727079391","0.12391077727079391","2425","2425","2425"
"242699","0.12697730958461761","0.12697730958461761","0.12697730958461761","2426","2426","2426"
"242799","0.12479595839977264","0.12479595839977264","0.12479595839977264","2427","2427","2427"
"242899","0.1230151504278183","0.1230151504278183","0.1230151504278183","2428","2428","2428"
"242999","0.13075102865695953","0.13075102865695953","0.13075102865695953","2429","2429","2429"
"243099","0.12397189438343048","0.12397189438343048","0.12397189438343048","2430","2430","2430"
"243199","0.12670862674713135","0.12670862674713135","0.12670862674713135","2431","2431","2431"
"243299","0.13385973870754242","0.13385973870754242","0.13385973870754242","2432","2432","2432"
"243399","0.12211960554122925","0.12211960554122925","0.12211960554122925","2433","2433","2433"
"243499","0.12524938583374023","0.12524938583374023","0.12524938583374023","2434","2434","2434"
"243599","0.13079440593719482","0.13079440593719482","0.13079440593719482","2435","2435","2435"
"243699","0.125558540225029","0.125558540225029","0.125558540225029","2436","2436","2436"
"243799","0.12556810677051544","0.12556810677051544","0.12556810677051544","2437","2437","2437"
"243899","0.12162329256534576","0.12162329256534576","0.12162329256534576","2438","2438","2438"
"243999","0.12775498628616333","0.12775498628616333","0.12775498628616333","2439","2439","2439"
"244099","0.1224016323685646","0.1224016323685646","0.1224016323685646","2440","2440","2440"
"244199","0.1295335292816162","0.1295335292816162","0.1295335292816162","2441","2441","2441"
"244299","0.12273424863815308","0.12273424863815308","0.12273424863815308","2442","2442","2442"
"244399","0.12155222147703171","0.12155222147703171","0.12155222147703171","2443","2443","2443"
"244499","0.12141513079404831","0.12141513079404831","0.12141513079404831","2444","2444","2444"
"244599","0.12256412953138351","0.12256412953138351","0.12256412953138351","2445","2445","2445"
"244699","0.11585595458745956","0.11585595458745956","0.11585595458745956","2446","2446","2446"
"244799","0.12364319711923599","0.12364319711923599","0.12364319711923599","2447","2447","2447"
"244899","0.12975962460041046","0.12975962460041046","0.12975962460041046","2448","2448","2448"
"244999","0.1250935196876526","0.1250935196876526","0.1250935196876526","2449","2449","2449"
"245099","0.13125568628311157","0.13125568628311157","0.13125568628311157","2450","2450","2450"
"245199","0.12575232982635498","0.12575232982635498","0.12575232982635498","2451","2451","2451"
"245299","0.1275309920310974","0.1275309920310974","0.1275309920310974","2452","2452","2452"
"245399","0.12666380405426025","0.12666380405426025","0.12666380405426025","2453","2453","2453"
"245499","0.12546634674072266","0.12546634674072266","0.12546634674072266","2454","2454","2454"
"245599","0.1262199878692627","0.1262199878692627","0.1262199878692627","2455","2455","2455"
"245699","0.1275358349084854","0.1275358349084854","0.1275358349084854","2456","2456","2456"
"245799","0.11523262411355972","0.11523262411355972","0.11523262411355972","2457","2457","2457"
"245899","0.12368111312389374","0.12368111312389374","0.12368111312389374","2458","2458","2458"
"245999","0.1219557598233223","0.1219557598233223","0.1219557598233223","2459","2459","2459"
"246099","0.12565666437149048","0.12565666437149048","0.12565666437149048","2460","2460","2460"
"246199","0.12552787363529205","0.12552787363529205","0.12552787363529205","2461","2461","2461"
"246299","0.12348756194114685","0.12348756194114685","0.12348756194114685","2462","2462","2462"
"246399","0.12212984263896942","0.12212984263896942","0.12212984263896942","2463","2463","2463"
"246499","0.12590453028678894","0.12590453028678894","0.12590453028678894","2464","2464","2464"
"246599","0.1216544434428215","0.1216544434428215","0.1216544434428215","2465","2465","2465"
"246699","0.1239398717880249","0.1239398717880249","0.1239398717880249","2466","2466","2466"
"246799","0.1270698606967926","0.1270698606967926","0.1270698606967926","2467","2467","2467"
"246899","0.12642644345760345","0.12642644345760345","0.12642644345760345","2468","2468","2468"
"246999","0.12149275094270706","0.12149275094270706","0.12149275094270706","2469","2469","2469"
"247099","0.12168226391077042","0.12168226391077042","0.12168226391077042","2470","2470","2470"
"247199","0.1295798271894455","0.1295798271894455","0.1295798271894455","2471","2471","2471"
"247299","0.12769104540348053","0.12769104540348053","0.12769104540348053","2472","2472","2472"
"247399","0.1265259087085724","0.1265259087085724","0.1265259087085724","2473","2473","2473"
"247499","0.13303953409194946","0.13303953409194946","0.13303953409194946","2474","2474","2474"
"247599","0.12091411650180817","0.12091411650180817","0.12091411650180817","2475","2475","2475"
"247699","0.12257464230060577","0.12257464230060577","0.12257464230060577","2476","2476","2476"
"247799","0.12541089951992035","0.12541089951992035","0.12541089951992035","2477","2477","2477"
"247899","0.11651765555143356","0.11651765555143356","0.11651765555143356","2478","2478","2478"
"247999","0.1295187622308731","0.1295187622308731","0.1295187622308731","2479","2479","2479"
"248099","0.12489569187164307","0.12489569187164307","0.12489569187164307","2480","2480","2480"
"248199","0.12914974987506866","0.12914974987506866","0.12914974987506866","2481","2481","2481"
"248299","0.12529462575912476","0.12529462575912476","0.12529462575912476","2482","2482","2482"
"248399","0.12336195260286331","0.12336195260286331","0.12336195260286331","2483","2483","2483"
"248499","0.1297469437122345","0.1297469437122345","0.1297469437122345","2484","2484","2484"
"248599","0.12256001681089401","0.12256001681089401","0.12256001681089401","2485","2485","2485"
"248699","0.12775897979736328","0.12775897979736328","0.12775897979736328","2486","2486","2486"
"248799","0.1223396509885788","0.1223396509885788","0.1223396509885788","2487","2487","2487"
"248899","0.1337091028690338","0.1337091028690338","0.1337091028690338","2488","2488","2488"
"248999","0.117782823741436","0.117782823741436","0.117782823741436","2489","2489","2489"
"249099","0.12768302857875824","0.12768302857875824","0.12768302857875824","2490","2490","2490"
"249199","0.1320333182811737","0.1320333182811737","0.1320333182811737","2491","2491","2491"
"249299","0.12750643491744995","0.12750643491744995","0.12750643491744995","2492","2492","2492"
"249399","0.12170027196407318","0.12170027196407318","0.12170027196407318","2493","2493","2493"
"249499","0.12086069583892822","0.12086069583892822","0.12086069583892822","2494","2494","2494"
"249599","0.13305987417697906","0.13305987417697906","0.13305987417697906","2495","2495","2495"
"249699","0.12472396343946457","0.12472396343946457","0.12472396343946457","2496","2496","2496"
"249799","0.12105290591716766","0.12105290591716766","0.12105290591716766","2497","2497","2497"
"249899","0.1274232715368271","0.1274232715368271","0.1274232715368271","2498","2498","2498"
"249999","0.12326329946517944","0.12326329946517944","0.12326329946517944","2499","2499","2499"
"250099","0.12525424361228943","0.12525424361228943","0.12525424361228943","2500","2500","2500"
"250199","0.12176293879747391","0.12176293879747391","0.12176293879747391","2501","2501","2501"
"250299","0.13031291961669922","0.13031291961669922","0.13031291961669922","2502","2502","2502"
"250399","0.12057947367429733","0.12057947367429733","0.12057947367429733","2503","2503","2503"
"250499","0.12377166748046875","0.12377166748046875","0.12377166748046875","2504","2504","2504"
"250599","0.11993943899869919","0.11993943899869919","0.11993943899869919","2505","2505","2505"
"250699","0.13026483356952667","0.13026483356952667","0.13026483356952667","2506","2506","2506"
"250799","0.12391924858093262","0.12391924858093262","0.12391924858093262","2507","2507","2507"
"250899","0.12394677102565765","0.12394677102565765","0.12394677102565765","2508","2508","2508"
"250999","0.12245530635118484","0.12245530635118484","0.12245530635118484","2509","2509","2509"
"251099","0.12290306389331818","0.12290306389331818","0.12290306389331818","2510","2510","2510"
"251199","0.12395720928907394","0.12395720928907394","0.12395720928907394","2511","2511","2511"
"251299","0.12821431457996368","0.12821431457996368","0.12821431457996368","2512","2512","2512"
"251399","0.12582391500473022","0.12582391500473022","0.12582391500473022","2513","2513","2513"
"251499","0.12191243469715118","0.12191243469715118","0.12191243469715118","2514","2514","2514"
"251599","0.13197827339172363","0.13197827339172363","0.13197827339172363","2515","2515","2515"
"251699","0.1282033622264862","0.1282033622264862","0.1282033622264862","2516","2516","2516"
"251799","0.13270196318626404","0.13270196318626404","0.13270196318626404","2517","2517","2517"
"251899","0.12998975813388824","0.12998975813388824","0.12998975813388824","2518","2518","2518"
"251999","0.12472488731145859","0.12472488731145859","0.12472488731145859","2519","2519","2519"
"252099","0.12555186450481415","0.12555186450481415","0.12555186450481415","2520","2520","2520"
"252199","0.12253682315349579","0.12253682315349579","0.12253682315349579","2521","2521","2521"
"252299","0.12587442994117737","0.12587442994117737","0.12587442994117737","2522","2522","2522"
"252399","0.13030032813549042","0.13030032813549042","0.13030032813549042","2523","2523","2523"
"252499","0.11584202945232391","0.11584202945232391","0.11584202945232391","2524","2524","2524"
"252599","0.12404078990221024","0.12404078990221024","0.12404078990221024","2525","2525","2525"
"252699","0.12604811787605286","0.12604811787605286","0.12604811787605286","2526","2526","2526"
"252799","0.12210981547832489","0.12210981547832489","0.12210981547832489","2527","2527","2527"
"252899","0.12452514469623566","0.12452514469623566","0.12452514469623566","2528","2528","2528"
"252999","0.1352972388267517","0.1352972388267517","0.1352972388267517","2529","2529","2529"
"253099","0.13041017949581146","0.13041017949581146","0.13041017949581146","2530","2530","2530"
"253199","0.11983978003263474","0.11983978003263474","0.11983978003263474","2531","2531","2531"
"253299","0.125771164894104","0.125771164894104","0.125771164894104","2532","2532","2532"
"253399","0.12959659099578857","0.12959659099578857","0.12959659099578857","2533","2533","2533"
"253499","0.1270238608121872","0.1270238608121872","0.1270238608121872","2534","2534","2534"
"253599","0.12167834490537643","0.12167834490537643","0.12167834490537643","2535","2535","2535"
"253699","0.126522958278656","0.126522958278656","0.126522958278656","2536","2536","2536"
"253799","0.1238969936966896","0.1238969936966896","0.1238969936966896","2537","2537","2537"
"253899","0.128480464220047","0.128480464220047","0.128480464220047","2538","2538","2538"
"253999","0.12359411269426346","0.12359411269426346","0.12359411269426346","2539","2539","2539"
"254099","0.12358769029378891","0.12358769029378891","0.12358769029378891","2540","2540","2540"
"254199","0.12449046969413757","0.12449046969413757","0.12449046969413757","2541","2541","2541"
"254299","0.12531086802482605","0.12531086802482605","0.12531086802482605","2542","2542","2542"
"254399","0.13490170240402222","0.13490170240402222","0.13490170240402222","2543","2543","2543"
"254499","0.12844625115394592","0.12844625115394592","0.12844625115394592","2544","2544","2544"
"254599","0.12234058231115341","0.12234058231115341","0.12234058231115341","2545","2545","2545"
"254699","0.12453563511371613","0.12453563511371613","0.12453563511371613","2546","2546","2546"
"254799","0.12419942021369934","0.12419942021369934","0.12419942021369934","2547","2547","2547"
"254899","0.13471925258636475","0.13471925258636475","0.13471925258636475","2548","2548","2548"
"254999","0.12635792791843414","0.12635792791843414","0.12635792791843414","2549","2549","2549"
"255099","0.12529081106185913","0.12529081106185913","0.12529081106185913","2550","2550","2550"
"255199","0.12449294328689575","0.12449294328689575","0.12449294328689575","2551","2551","2551"
"255299","0.1223783865571022","0.1223783865571022","0.1223783865571022","2552","2552","2552"
"255399","0.12680305540561676","0.12680305540561676","0.12680305540561676","2553","2553","2553"
"255499","0.12354597449302673","0.12354597449302673","0.12354597449302673","2554","2554","2554"
"255599","0.12843671441078186","0.12843671441078186","0.12843671441078186","2555","2555","2555"
"255699","0.12923574447631836","0.12923574447631836","0.12923574447631836","2556","2556","2556"
"255799","0.1290680468082428","0.1290680468082428","0.1290680468082428","2557","2557","2557"
"255899","0.12598834931850433","0.12598834931850433","0.12598834931850433","2558","2558","2558"
"255999","0.1229139193892479","0.1229139193892479","0.1229139193892479","2559","2559","2559"
"256099","0.12369126826524734","0.12369126826524734","0.12369126826524734","2560","2560","2560"
"256199","0.12062768638134003","0.12062768638134003","0.12062768638134003","2561","2561","2561"
"256299","0.12380433082580566","0.12380433082580566","0.12380433082580566","2562","2562","2562"
"256399","0.12453500181436539","0.12453500181436539","0.12453500181436539","2563","2563","2563"
"256499","0.1203802227973938","0.1203802227973938","0.1203802227973938","2564","2564","2564"
"256599","0.12723806500434875","0.12723806500434875","0.12723806500434875","2565","2565","2565"
"256699","0.12554407119750977","0.12554407119750977","0.12554407119750977","2566","2566","2566"
"256799","0.12545348703861237","0.12545348703861237","0.12545348703861237","2567","2567","2567"
"256899","0.1251218169927597","0.1251218169927597","0.1251218169927597","2568","2568","2568"
"256999","0.1260840892791748","0.1260840892791748","0.1260840892791748","2569","2569","2569"
"257099","0.13118445873260498","0.13118445873260498","0.13118445873260498","2570","2570","2570"
"257199","0.12587159872055054","0.12587159872055054","0.12587159872055054","2571","2571","2571"
"257299","0.11898016184568405","0.11898016184568405","0.11898016184568405","2572","2572","2572"
"257399","0.12383729964494705","0.12383729964494705","0.12383729964494705","2573","2573","2573"
"257499","0.12718184292316437","0.12718184292316437","0.12718184292316437","2574","2574","2574"
"257599","0.12755194306373596","0.12755194306373596","0.12755194306373596","2575","2575","2575"
"257699","0.12343582510948181","0.12343582510948181","0.12343582510948181","2576","2576","2576"
"257799","0.1229458600282669","0.1229458600282669","0.1229458600282669","2577","2577","2577"
"257899","0.1318095475435257","0.1318095475435257","0.1318095475435257","2578","2578","2578"
"257999","0.1282190978527069","0.1282190978527069","0.1282190978527069","2579","2579","2579"
"258099","0.12530606985092163","0.12530606985092163","0.12530606985092163","2580","2580","2580"
"258199","0.12830905616283417","0.12830905616283417","0.12830905616283417","2581","2581","2581"
"258299","0.12299386411905289","0.12299386411905289","0.12299386411905289","2582","2582","2582"
"258399","0.12248503416776657","0.12248503416776657","0.12248503416776657","2583","2583","2583"
"258499","0.12318634986877441","0.12318634986877441","0.12318634986877441","2584","2584","2584"
"258599","0.12012999504804611","0.12012999504804611","0.12012999504804611","2585","2585","2585"
"258699","0.12317351251840591","0.12317351251840591","0.12317351251840591","2586","2586","2586"
"258799","0.13157737255096436","0.13157737255096436","0.13157737255096436","2587","2587","2587"
"258899","0.12150950729846954","0.12150950729846954","0.12150950729846954","2588","2588","2588"
"258999","0.12336837500333786","0.12336837500333786","0.12336837500333786","2589","2589","2589"
"259099","0.12177736312150955","0.12177736312150955","0.12177736312150955","2590","2590","2590"
"259199","0.12013386934995651","0.12013386934995651","0.12013386934995651","2591","2591","2591"
"259299","0.12476833164691925","0.12476833164691925","0.12476833164691925","2592","2592","2592"
"259399","0.12546110153198242","0.12546110153198242","0.12546110153198242","2593","2593","2593"
"259499","0.12985628843307495","0.12985628843307495","0.12985628843307495","2594","2594","2594"
"259599","0.12948808073997498","0.12948808073997498","0.12948808073997498","2595","2595","2595"
"259699","0.1283499002456665","0.1283499002456665","0.1283499002456665","2596","2596","2596"
"259799","0.12749668955802917","0.12749668955802917","0.12749668955802917","2597","2597","2597"
"259899","0.12604863941669464","0.12604863941669464","0.12604863941669464","2598","2598","2598"
"259999","0.12227800488471985","0.12227800488471985","0.12227800488471985","2599","2599","2599"
"260099","0.12216615676879883","0.12216615676879883","0.12216615676879883","2600","2600","2600"
"260199","0.12623271346092224","0.12623271346092224","0.12623271346092224","2601","2601","2601"
"260299","0.12876836955547333","0.12876836955547333","0.12876836955547333","2602","2602","2602"
"260399","0.12848760187625885","0.12848760187625885","0.12848760187625885","2603","2603","2603"
"260499","0.1201312318444252","0.1201312318444252","0.1201312318444252","2604","2604","2604"
"260599","0.12994830310344696","0.12994830310344696","0.12994830310344696","2605","2605","2605"
"260699","0.12487742304801941","0.12487742304801941","0.12487742304801941","2606","2606","2606"
"260799","0.1286035180091858","0.1286035180091858","0.1286035180091858","2607","2607","2607"
"260899","0.13050544261932373","0.13050544261932373","0.13050544261932373","2608","2608","2608"
"260999","0.1231539323925972","0.1231539323925972","0.1231539323925972","2609","2609","2609"
"261099","0.13190601766109467","0.13190601766109467","0.13190601766109467","2610","2610","2610"
"261199","0.12767794728279114","0.12767794728279114","0.12767794728279114","2611","2611","2611"
"261299","0.12796692550182343","0.12796692550182343","0.12796692550182343","2612","2612","2612"
"261399","0.12423129379749298","0.12423129379749298","0.12423129379749298","2613","2613","2613"
"261499","0.12439477443695068","0.12439477443695068","0.12439477443695068","2614","2614","2614"
"261599","0.12301679700613022","0.12301679700613022","0.12301679700613022","2615","2615","2615"
"261699","0.12645214796066284","0.12645214796066284","0.12645214796066284","2616","2616","2616"
"261799","0.12321335077285767","0.12321335077285767","0.12321335077285767","2617","2617","2617"
"261899","0.12743066251277924","0.12743066251277924","0.12743066251277924","2618","2618","2618"
"261999","0.12440212070941925","0.12440212070941925","0.12440212070941925","2619","2619","2619"
"262099","0.1230740025639534","0.1230740025639534","0.1230740025639534","2620","2620","2620"
"262199","0.12451353669166565","0.12451353669166565","0.12451353669166565","2621","2621","2621"
"262299","0.12187010049819946","0.12187010049819946","0.12187010049819946","2622","2622","2622"
"262399","0.13228727877140045","0.13228727877140045","0.13228727877140045","2623","2623","2623"
"262499","0.1226244568824768","0.1226244568824768","0.1226244568824768","2624","2624","2624"
"262599","0.12863880395889282","0.12863880395889282","0.12863880395889282","2625","2625","2625"
"262699","0.1207020953297615","0.1207020953297615","0.1207020953297615","2626","2626","2626"
"262799","0.12474729865789413","0.12474729865789413","0.12474729865789413","2627","2627","2627"
"262899","0.1294904202222824","0.1294904202222824","0.1294904202222824","2628","2628","2628"
"262999","0.13123472034931183","0.13123472034931183","0.13123472034931183","2629","2629","2629"
"263099","0.12283836305141449","0.12283836305141449","0.12283836305141449","2630","2630","2630"
"263199","0.12443848699331284","0.12443848699331284","0.12443848699331284","2631","2631","2631"
"263299","0.12278477102518082","0.12278477102518082","0.12278477102518082","2632","2632","2632"
"263399","0.12466327846050262","0.12466327846050262","0.12466327846050262","2633","2633","2633"
"263499","0.1257222443819046","0.1257222443819046","0.1257222443819046","2634","2634","2634"
"263599","0.12328944355249405","0.12328944355249405","0.12328944355249405","2635","2635","2635"
"263699","0.1233019158244133","0.1233019158244133","0.1233019158244133","2636","2636","2636"
"263799","0.12448334693908691","0.12448334693908691","0.12448334693908691","2637","2637","2637"
"263899","0.12288109213113785","0.12288109213113785","0.12288109213113785","2638","2638","2638"
"263999","0.1184379979968071","0.1184379979968071","0.1184379979968071","2639","2639","2639"
"264099","0.12896504998207092","0.12896504998207092","0.12896504998207092","2640","2640","2640"
"264199","0.12950584292411804","0.12950584292411804","0.12950584292411804","2641","2641","2641"
"264299","0.1291501522064209","0.1291501522064209","0.1291501522064209","2642","2642","2642"
"264399","0.12531869113445282","0.12531869113445282","0.12531869113445282","2643","2643","2643"
"264499","0.12851360440254211","0.12851360440254211","0.12851360440254211","2644","2644","2644"
"264599","0.12019526958465576","0.12019526958465576","0.12019526958465576","2645","2645","2645"
"264699","0.12774160504341125","0.12774160504341125","0.12774160504341125","2646","2646","2646"
"264799","0.12156505137681961","0.12156505137681961","0.12156505137681961","2647","2647","2647"
"264899","0.12597741186618805","0.12597741186618805","0.12597741186618805","2648","2648","2648"
"264999","0.12215464562177658","0.12215464562177658","0.12215464562177658","2649","2649","2649"
"265099","0.13017155230045319","0.13017155230045319","0.13017155230045319","2650","2650","2650"
"265199","0.12374188750982285","0.12374188750982285","0.12374188750982285","2651","2651","2651"
"265299","0.1268039494752884","0.1268039494752884","0.1268039494752884","2652","2652","2652"
"265399","0.12701010704040527","0.12701010704040527","0.12701010704040527","2653","2653","2653"
"265499","0.12275747954845428","0.12275747954845428","0.12275747954845428","2654","2654","2654"
"265599","0.12643678486347198","0.12643678486347198","0.12643678486347198","2655","2655","2655"
"265699","0.12752442061901093","0.12752442061901093","0.12752442061901093","2656","2656","2656"
"265799","0.12148849666118622","0.12148849666118622","0.12148849666118622","2657","2657","2657"
"265899","0.12898634374141693","0.12898634374141693","0.12898634374141693","2658","2658","2658"
"265999","0.12368196249008179","0.12368196249008179","0.12368196249008179","2659","2659","2659"
"266099","0.12282581627368927","0.12282581627368927","0.12282581627368927","2660","2660","2660"
"266199","0.12265397608280182","0.12265397608280182","0.12265397608280182","2661","2661","2661"
"266299","0.12929007411003113","0.12929007411003113","0.12929007411003113","2662","2662","2662"
"266399","0.12637849152088165","0.12637849152088165","0.12637849152088165","2663","2663","2663"
"266499","0.12251684069633484","0.12251684069633484","0.12251684069633484","2664","2664","2664"
"266599","0.1258406788110733","0.1258406788110733","0.1258406788110733","2665","2665","2665"
"266699","0.13057518005371094","0.13057518005371094","0.13057518005371094","2666","2666","2666"
"266799","0.12376171350479126","0.12376171350479126","0.12376171350479126","2667","2667","2667"
"266899","0.12770381569862366","0.12770381569862366","0.12770381569862366","2668","2668","2668"
"266999","0.12390169501304626","0.12390169501304626","0.12390169501304626","2669","2669","2669"
"267099","0.13035625219345093","0.13035625219345093","0.13035625219345093","2670","2670","2670"
"267199","0.13156619668006897","0.13156619668006897","0.13156619668006897","2671","2671","2671"
"267299","0.12804166972637177","0.12804166972637177","0.12804166972637177","2672","2672","2672"
"267399","0.13402141630649567","0.13402141630649567","0.13402141630649567","2673","2673","2673"
"267499","0.12166715413331985","0.12166715413331985","0.12166715413331985","2674","2674","2674"
"267599","0.1292724311351776","0.1292724311351776","0.1292724311351776","2675","2675","2675"
"267699","0.12739472091197968","0.12739472091197968","0.12739472091197968","2676","2676","2676"
"267799","0.11933555454015732","0.11933555454015732","0.11933555454015732","2677","2677","2677"
"267899","0.12517455220222473","0.12517455220222473","0.12517455220222473","2678","2678","2678"
"267999","0.12467621266841888","0.12467621266841888","0.12467621266841888","2679","2679","2679"
"268099","0.11851023137569427","0.11851023137569427","0.11851023137569427","2680","2680","2680"
"268199","0.12561830878257751","0.12561830878257751","0.12561830878257751","2681","2681","2681"
"268299","0.12147757411003113","0.12147757411003113","0.12147757411003113","2682","2682","2682"
"268399","0.12986735999584198","0.12986735999584198","0.12986735999584198","2683","2683","2683"
"268499","0.12729693949222565","0.12729693949222565","0.12729693949222565","2684","2684","2684"
"268599","0.12648746371269226","0.12648746371269226","0.12648746371269226","2685","2685","2685"
"268699","0.12591718137264252","0.12591718137264252","0.12591718137264252","2686","2686","2686"
"268799","0.11908081918954849","0.11908081918954849","0.11908081918954849","2687","2687","2687"
"268899","0.12049534916877747","0.12049534916877747","0.12049534916877747","2688","2688","2688"
"268999","0.12202584743499756","0.12202584743499756","0.12202584743499756","2689","2689","2689"
"269099","0.12237560003995895","0.12237560003995895","0.12237560003995895","2690","2690","2690"
"269199","0.1237565353512764","0.1237565353512764","0.1237565353512764","2691","2691","2691"
"269299","0.12608864903450012","0.12608864903450012","0.12608864903450012","2692","2692","2692"
"269399","0.13140997290611267","0.13140997290611267","0.13140997290611267","2693","2693","2693"
"269499","0.12348905205726624","0.12348905205726624","0.12348905205726624","2694","2694","2694"
"269599","0.12644915282726288","0.12644915282726288","0.12644915282726288","2695","2695","2695"
"269699","0.13221155107021332","0.13221155107021332","0.13221155107021332","2696","2696","2696"
"269799","0.12736983597278595","0.12736983597278595","0.12736983597278595","2697","2697","2697"
"269899","0.1269530951976776","0.1269530951976776","0.1269530951976776","2698","2698","2698"
"269999","0.13209593296051025","0.13209593296051025","0.13209593296051025","2699","2699","2699"
"270099","0.12124566733837128","0.12124566733837128","0.12124566733837128","2700","2700","2700"
"270199","0.12489007413387299","0.12489007413387299","0.12489007413387299","2701","2701","2701"
"270299","0.12453184276819229","0.12453184276819229","0.12453184276819229","2702","2702","2702"
"270399","0.12886309623718262","0.12886309623718262","0.12886309623718262","2703","2703","2703"
"270499","0.12114923447370529","0.12114923447370529","0.12114923447370529","2704","2704","2704"
"270599","0.12703661620616913","0.12703661620616913","0.12703661620616913","2705","2705","2705"
"270699","0.12647172808647156","0.12647172808647156","0.12647172808647156","2706","2706","2706"
"270799","0.12683475017547607","0.12683475017547607","0.12683475017547607","2707","2707","2707"
"270899","0.12628589570522308","0.12628589570522308","0.12628589570522308","2708","2708","2708"
"270999","0.13227850198745728","0.13227850198745728","0.13227850198745728","2709","2709","2709"
"271099","0.12601467967033386","0.12601467967033386","0.12601467967033386","2710","2710","2710"
"271199","0.12129969894886017","0.12129969894886017","0.12129969894886017","2711","2711","2711"
"271299","0.1251537948846817","0.1251537948846817","0.1251537948846817","2712","2712","2712"
"271399","0.12909236550331116","0.12909236550331116","0.12909236550331116","2713","2713","2713"
"271499","0.12101764976978302","0.12101764976978302","0.12101764976978302","2714","2714","2714"
"271599","0.13195666670799255","0.13195666670799255","0.13195666670799255","2715","2715","2715"
"271699","0.12224012613296509","0.12224012613296509","0.12224012613296509","2716","2716","2716"
"271799","0.12445885688066483","0.12445885688066483","0.12445885688066483","2717","2717","2717"
"271899","0.12655918300151825","0.12655918300151825","0.12655918300151825","2718","2718","2718"
"271999","0.12690113484859467","0.12690113484859467","0.12690113484859467","2719","2719","2719"
"272099","0.12803342938423157","0.12803342938423157","0.12803342938423157","2720","2720","2720"
"272199","0.1267496943473816","0.1267496943473816","0.1267496943473816","2721","2721","2721"
"272299","0.1316780149936676","0.1316780149936676","0.1316780149936676","2722","2722","2722"
"272399","0.12028563767671585","0.12028563767671585","0.12028563767671585","2723","2723","2723"
"272499","0.1253962218761444","0.1253962218761444","0.1253962218761444","2724","2724","2724"
"272599","0.12557853758335114","0.12557853758335114","0.12557853758335114","2725","2725","2725"
"272699","0.12795902788639069","0.12795902788639069","0.12795902788639069","2726","2726","2726"
"272799","0.12551431357860565","0.12551431357860565","0.12551431357860565","2727","2727","2727"
"272899","0.12231225520372391","0.12231225520372391","0.12231225520372391","2728","2728","2728"
"272999","0.12116462737321854","0.12116462737321854","0.12116462737321854","2729","2729","2729"
"273099","0.1227869838476181","0.1227869838476181","0.1227869838476181","2730","2730","2730"
"273199","0.12837311625480652","0.12837311625480652","0.12837311625480652","2731","2731","2731"
"273299","0.12107694894075394","0.12107694894075394","0.12107694894075394","2732","2732","2732"
"273399","0.12492167949676514","0.12492167949676514","0.12492167949676514","2733","2733","2733"
"273499","0.12392745167016983","0.12392745167016983","0.12392745167016983","2734","2734","2734"
"273599","0.12781940400600433","0.12781940400600433","0.12781940400600433","2735","2735","2735"
"273699","0.12604759633541107","0.12604759633541107","0.12604759633541107","2736","2736","2736"
"273799","0.1255493313074112","0.1255493313074112","0.1255493313074112","2737","2737","2737"
"273899","0.12452968209981918","0.12452968209981918","0.12452968209981918","2738","2738","2738"
"273999","0.12796537578105927","0.12796537578105927","0.12796537578105927","2739","2739","2739"
"274099","0.11893238872289658","0.11893238872289658","0.11893238872289658","2740","2740","2740"
"274199","0.1239294782280922","0.1239294782280922","0.1239294782280922","2741","2741","2741"
"274299","0.12453591823577881","0.12453591823577881","0.12453591823577881","2742","2742","2742"
"274399","0.12798172235488892","0.12798172235488892","0.12798172235488892","2743","2743","2743"
"274499","0.1261989325284958","0.1261989325284958","0.1261989325284958","2744","2744","2744"
"274599","0.13099077343940735","0.13099077343940735","0.13099077343940735","2745","2745","2745"
"274699","0.12023036926984787","0.12023036926984787","0.12023036926984787","2746","2746","2746"
"274799","0.12196798622608185","0.12196798622608185","0.12196798622608185","2747","2747","2747"
"274899","0.13416990637779236","0.13416990637779236","0.13416990637779236","2748","2748","2748"
"274999","0.13103771209716797","0.13103771209716797","0.13103771209716797","2749","2749","2749"
"275099","0.12404583394527435","0.12404583394527435","0.12404583394527435","2750","2750","2750"
"275199","0.1268768012523651","0.1268768012523651","0.1268768012523651","2751","2751","2751"
"275299","0.1254008412361145","0.1254008412361145","0.1254008412361145","2752","2752","2752"
"275399","0.12198977917432785","0.12198977917432785","0.12198977917432785","2753","2753","2753"
"275499","0.12206637114286423","0.12206637114286423","0.12206637114286423","2754","2754","2754"
"275599","0.1253916174173355","0.1253916174173355","0.1253916174173355","2755","2755","2755"
"275699","0.12715350091457367","0.12715350091457367","0.12715350091457367","2756","2756","2756"
"275799","0.12647593021392822","0.12647593021392822","0.12647593021392822","2757","2757","2757"
"275899","0.12548011541366577","0.12548011541366577","0.12548011541366577","2758","2758","2758"
"275999","0.1226462796330452","0.1226462796330452","0.1226462796330452","2759","2759","2759"
"276099","0.12246545404195786","0.12246545404195786","0.12246545404195786","2760","2760","2760"
"276199","0.12282633036375046","0.12282633036375046","0.12282633036375046","2761","2761","2761"
"276299","0.12518474459648132","0.12518474459648132","0.12518474459648132","2762","2762","2762"
"276399","0.12439844012260437","0.12439844012260437","0.12439844012260437","2763","2763","2763"
"276499","0.11964122205972672","0.11964122205972672","0.11964122205972672","2764","2764","2764"
"276599","0.12547028064727783","0.12547028064727783","0.12547028064727783","2765","2765","2765"
"276699","0.12491557002067566","0.12491557002067566","0.12491557002067566","2766","2766","2766"
"276799","0.12270687520503998","0.12270687520503998","0.12270687520503998","2767","2767","2767"
"276899","0.11721786856651306","0.11721786856651306","0.11721786856651306","2768","2768","2768"
"276999","0.1255548596382141","0.1255548596382141","0.1255548596382141","2769","2769","2769"
"277099","0.11902926117181778","0.11902926117181778","0.11902926117181778","2770","2770","2770"
"277199","0.12058094143867493","0.12058094143867493","0.12058094143867493","2771","2771","2771"
"277299","0.12880939245224","0.12880939245224","0.12880939245224","2772","2772","2772"
"277399","0.13067209720611572","0.13067209720611572","0.13067209720611572","2773","2773","2773"
"277499","0.12348577380180359","0.12348577380180359","0.12348577380180359","2774","2774","2774"
"277599","0.1212853491306305","0.1212853491306305","0.1212853491306305","2775","2775","2775"
"277699","0.12516279518604279","0.12516279518604279","0.12516279518604279","2776","2776","2776"
"277799","0.12314389646053314","0.12314389646053314","0.12314389646053314","2777","2777","2777"
"277899","0.12666890025138855","0.12666890025138855","0.12666890025138855","2778","2778","2778"
"277999","0.12234041839838028","0.12234041839838028","0.12234041839838028","2779","2779","2779"
"278099","0.1326804757118225","0.1326804757118225","0.1326804757118225","2780","2780","2780"
"278199","0.12477289885282516","0.12477289885282516","0.12477289885282516","2781","2781","2781"
"278299","0.12265003472566605","0.12265003472566605","0.12265003472566605","2782","2782","2782"
"278399","0.12548090517520905","0.12548090517520905","0.12548090517520905","2783","2783","2783"
"278499","0.12238562107086182","0.12238562107086182","0.12238562107086182","2784","2784","2784"
"278599","0.1268116980791092","0.1268116980791092","0.1268116980791092","2785","2785","2785"
"278699","0.12975789606571198","0.12975789606571198","0.12975789606571198","2786","2786","2786"
"278799","0.1218164935708046","0.1218164935708046","0.1218164935708046","2787","2787","2787"
"278899","0.13196997344493866","0.13196997344493866","0.13196997344493866","2788","2788","2788"
"278999","0.12151970714330673","0.12151970714330673","0.12151970714330673","2789","2789","2789"
"279099","0.13173921406269073","0.13173921406269073","0.13173921406269073","2790","2790","2790"
"279199","0.1260799765586853","0.1260799765586853","0.1260799765586853","2791","2791","2791"
"279299","0.13034869730472565","0.13034869730472565","0.13034869730472565","2792","2792","2792"
"279399","0.12421553581953049","0.12421553581953049","0.12421553581953049","2793","2793","2793"
"279499","0.13339866697788239","0.13339866697788239","0.13339866697788239","2794","2794","2794"
"279599","0.12562283873558044","0.12562283873558044","0.12562283873558044","2795","2795","2795"
"279699","0.12819069623947144","0.12819069623947144","0.12819069623947144","2796","2796","2796"
"279799","0.12638422846794128","0.12638422846794128","0.12638422846794128","2797","2797","2797"
"279899","0.12414323538541794","0.12414323538541794","0.12414323538541794","2798","2798","2798"
"279999","0.12134404480457306","0.12134404480457306","0.12134404480457306","2799","2799","2799"
"280099","0.11230403184890747","0.11230403184890747","0.11230403184890747","2800","2800","2800"
"280199","0.12982240319252014","0.12982240319252014","0.12982240319252014","2801","2801","2801"
"280299","0.12408425658941269","0.12408425658941269","0.12408425658941269","2802","2802","2802"
"280399","0.12338227778673172","0.12338227778673172","0.12338227778673172","2803","2803","2803"
"280499","0.12682846188545227","0.12682846188545227","0.12682846188545227","2804","2804","2804"
"280599","0.12466887384653091","0.12466887384653091","0.12466887384653091","2805","2805","2805"
"280699","0.12262064218521118","0.12262064218521118","0.12262064218521118","2806","2806","2806"
"280799","0.12452965974807739","0.12452965974807739","0.12452965974807739","2807","2807","2807"
"280899","0.12318386137485504","0.12318386137485504","0.12318386137485504","2808","2808","2808"
"280999","0.12603236734867096","0.12603236734867096","0.12603236734867096","2809","2809","2809"
"281099","0.11727544665336609","0.11727544665336609","0.11727544665336609","2810","2810","2810"
"281199","0.13130459189414978","0.13130459189414978","0.13130459189414978","2811","2811","2811"
"281299","0.12611114978790283","0.12611114978790283","0.12611114978790283","2812","2812","2812"
"281399","0.13563279807567596","0.13563279807567596","0.13563279807567596","2813","2813","2813"
"281499","0.12729023396968842","0.12729023396968842","0.12729023396968842","2814","2814","2814"
"281599","0.12452096492052078","0.12452096492052078","0.12452096492052078","2815","2815","2815"
"281699","0.12372399121522903","0.12372399121522903","0.12372399121522903","2816","2816","2816"
"281799","0.1238534152507782","0.1238534152507782","0.1238534152507782","2817","2817","2817"
"281899","0.1282123178243637","0.1282123178243637","0.1282123178243637","2818","2818","2818"
"281999","0.12738505005836487","0.12738505005836487","0.12738505005836487","2819","2819","2819"
"282099","0.12384729087352753","0.12384729087352753","0.12384729087352753","2820","2820","2820"
"282199","0.1259389966726303","0.1259389966726303","0.1259389966726303","2821","2821","2821"
"282299","0.12826324999332428","0.12826324999332428","0.12826324999332428","2822","2822","2822"
"282399","0.13026078045368195","0.13026078045368195","0.13026078045368195","2823","2823","2823"
"282499","0.12607993185520172","0.12607993185520172","0.12607993185520172","2824","2824","2824"
"282599","0.12478484213352203","0.12478484213352203","0.12478484213352203","2825","2825","2825"
"282699","0.12803293764591217","0.12803293764591217","0.12803293764591217","2826","2826","2826"
"282799","0.12493361532688141","0.12493361532688141","0.12493361532688141","2827","2827","2827"
"282899","0.12554797530174255","0.12554797530174255","0.12554797530174255","2828","2828","2828"
"282999","0.13081683218479156","0.13081683218479156","0.13081683218479156","2829","2829","2829"
"283099","0.13348349928855896","0.13348349928855896","0.13348349928855896","2830","2830","2830"
"283199","0.12983345985412598","0.12983345985412598","0.12983345985412598","2831","2831","2831"
"283299","0.12550927698612213","0.12550927698612213","0.12550927698612213","2832","2832","2832"
"283399","0.12630502879619598","0.12630502879619598","0.12630502879619598","2833","2833","2833"
"283499","0.12635065615177155","0.12635065615177155","0.12635065615177155","2834","2834","2834"
"283599","0.12544113397598267","0.12544113397598267","0.12544113397598267","2835","2835","2835"
"283699","0.12195506691932678","0.12195506691932678","0.12195506691932678","2836","2836","2836"
"283799","0.12639856338500977","0.12639856338500977","0.12639856338500977","2837","2837","2837"
"283899","0.12527655065059662","0.12527655065059662","0.12527655065059662","2838","2838","2838"
"283999","0.12132155150175095","0.12132155150175095","0.12132155150175095","2839","2839","2839"
"284099","0.1226503774523735","0.1226503774523735","0.1226503774523735","2840","2840","2840"
"284199","0.1272963285446167","0.1272963285446167","0.1272963285446167","2841","2841","2841"
"284299","0.12390654534101486","0.12390654534101486","0.12390654534101486","2842","2842","2842"
"284399","0.1253412961959839","0.1253412961959839","0.1253412961959839","2843","2843","2843"
"284499","0.12784628570079803","0.12784628570079803","0.12784628570079803","2844","2844","2844"
"284599","0.11939916014671326","0.11939916014671326","0.11939916014671326","2845","2845","2845"
"284699","0.12931621074676514","0.12931621074676514","0.12931621074676514","2846","2846","2846"
"284799","0.1304602473974228","0.1304602473974228","0.1304602473974228","2847","2847","2847"
"284899","0.12420467287302017","0.12420467287302017","0.12420467287302017","2848","2848","2848"
"284999","0.1303587257862091","0.1303587257862091","0.1303587257862091","2849","2849","2849"
"285099","0.1240549385547638","0.1240549385547638","0.1240549385547638","2850","2850","2850"
"285199","0.12848220765590668","0.12848220765590668","0.12848220765590668","2851","2851","2851"
"285299","0.12251481413841248","0.12251481413841248","0.12251481413841248","2852","2852","2852"
"285399","0.1283804029226303","0.1283804029226303","0.1283804029226303","2853","2853","2853"
"285499","0.12211157381534576","0.12211157381534576","0.12211157381534576","2854","2854","2854"
"285599","0.11757106333971024","0.11757106333971024","0.11757106333971024","2855","2855","2855"
"285699","0.12316812574863434","0.12316812574863434","0.12316812574863434","2856","2856","2856"
"285799","0.12548629939556122","0.12548629939556122","0.12548629939556122","2857","2857","2857"
"285899","0.12153342366218567","0.12153342366218567","0.12153342366218567","2858","2858","2858"
"285999","0.12281142920255661","0.12281142920255661","0.12281142920255661","2859","2859","2859"
"286099","0.12527848780155182","0.12527848780155182","0.12527848780155182","2860","2860","2860"
"286199","0.12617842853069305","0.12617842853069305","0.12617842853069305","2861","2861","2861"
"286299","0.12350442260503769","0.12350442260503769","0.12350442260503769","2862","2862","2862"
"286399","0.12941837310791016","0.12941837310791016","0.12941837310791016","2863","2863","2863"
"286499","0.128476083278656","0.128476083278656","0.128476083278656","2864","2864","2864"
"286599","0.1277693659067154","0.1277693659067154","0.1277693659067154","2865","2865","2865"
"286699","0.12687014043331146","0.12687014043331146","0.12687014043331146","2866","2866","2866"
"286799","0.1245393380522728","0.1245393380522728","0.1245393380522728","2867","2867","2867"
"286899","0.12378032505512238","0.12378032505512238","0.12378032505512238","2868","2868","2868"
"286999","0.12561988830566406","0.12561988830566406","0.12561988830566406","2869","2869","2869"
"287099","0.12847258150577545","0.12847258150577545","0.12847258150577545","2870","2870","2870"
"287199","0.12163625657558441","0.12163625657558441","0.12163625657558441","2871","2871","2871"
"287299","0.1219218522310257","0.1219218522310257","0.1219218522310257","2872","2872","2872"
"287399","0.12019940465688705","0.12019940465688705","0.12019940465688705","2873","2873","2873"
"287499","0.1253272145986557","0.1253272145986557","0.1253272145986557","2874","2874","2874"
"287599","0.12092703580856323","0.12092703580856323","0.12092703580856323","2875","2875","2875"
"287699","0.13196662068367004","0.13196662068367004","0.13196662068367004","2876","2876","2876"
"287799","0.12509377300739288","0.12509377300739288","0.12509377300739288","2877","2877","2877"
"287899","0.12117183208465576","0.12117183208465576","0.12117183208465576","2878","2878","2878"
"287999","0.11972879618406296","0.11972879618406296","0.11972879618406296","2879","2879","2879"
"288099","0.12808826565742493","0.12808826565742493","0.12808826565742493","2880","2880","2880"
"288199","0.1305941492319107","0.1305941492319107","0.1305941492319107","2881","2881","2881"
"288299","0.11921131610870361","0.11921131610870361","0.11921131610870361","2882","2882","2882"
"288399","0.12243364006280899","0.12243364006280899","0.12243364006280899","2883","2883","2883"
"288499","0.12328541278839111","0.12328541278839111","0.12328541278839111","2884","2884","2884"
"288599","0.12159953266382217","0.12159953266382217","0.12159953266382217","2885","2885","2885"
"288699","0.12415006011724472","0.12415006011724472","0.12415006011724472","2886","2886","2886"
"288799","0.12808671593666077","0.12808671593666077","0.12808671593666077","2887","2887","2887"
"288899","0.12279223650693893","0.12279223650693893","0.12279223650693893","2888","2888","2888"
"288999","0.12410889565944672","0.12410889565944672","0.12410889565944672","2889","2889","2889"
"289099","0.12551234662532806","0.12551234662532806","0.12551234662532806","2890","2890","2890"
"289199","0.11944686621427536","0.11944686621427536","0.11944686621427536","2891","2891","2891"
"289299","0.12014855444431305","0.12014855444431305","0.12014855444431305","2892","2892","2892"
"289399","0.12104831635951996","0.12104831635951996","0.12104831635951996","2893","2893","2893"
"289499","0.125814288854599","0.125814288854599","0.125814288854599","2894","2894","2894"
"289599","0.12461405992507935","0.12461405992507935","0.12461405992507935","2895","2895","2895"
"289699","0.1265963464975357","0.1265963464975357","0.1265963464975357","2896","2896","2896"
"289799","0.12196098268032074","0.12196098268032074","0.12196098268032074","2897","2897","2897"
"289899","0.12080395966768265","0.12080395966768265","0.12080395966768265","2898","2898","2898"
"289999","0.12386944144964218","0.12386944144964218","0.12386944144964218","2899","2899","2899"
"290099","0.12272337824106216","0.12272337824106216","0.12272337824106216","2900","2900","2900"
"290199","0.1240297257900238","0.1240297257900238","0.1240297257900238","2901","2901","2901"
"290299","0.12561261653900146","0.12561261653900146","0.12561261653900146","2902","2902","2902"
"290399","0.12118782103061676","0.12118782103061676","0.12118782103061676","2903","2903","2903"
"290499","0.12689755856990814","0.12689755856990814","0.12689755856990814","2904","2904","2904"
"290599","0.12216687202453613","0.12216687202453613","0.12216687202453613","2905","2905","2905"
"290699","0.12871725857257843","0.12871725857257843","0.12871725857257843","2906","2906","2906"
"290799","0.12065538763999939","0.12065538763999939","0.12065538763999939","2907","2907","2907"
"290899","0.12701262533664703","0.12701262533664703","0.12701262533664703","2908","2908","2908"
"290999","0.12749502062797546","0.12749502062797546","0.12749502062797546","2909","2909","2909"
"291099","0.12283724546432495","0.12283724546432495","0.12283724546432495","2910","2910","2910"
"291199","0.12629584968090057","0.12629584968090057","0.12629584968090057","2911","2911","2911"
"291299","0.1236329972743988","0.1236329972743988","0.1236329972743988","2912","2912","2912"
"291399","0.12770961225032806","0.12770961225032806","0.12770961225032806","2913","2913","2913"
"291499","0.1232411339879036","0.1232411339879036","0.1232411339879036","2914","2914","2914"
"291599","0.13434305787086487","0.13434305787086487","0.13434305787086487","2915","2915","2915"
"291699","0.12105917185544968","0.12105917185544968","0.12105917185544968","2916","2916","2916"
"291799","0.1303921937942505","0.1303921937942505","0.1303921937942505","2917","2917","2917"
"291899","0.1285599172115326","0.1285599172115326","0.1285599172115326","2918","2918","2918"
"291999","0.12592820823192596","0.12592820823192596","0.12592820823192596","2919","2919","2919"
"292099","0.1204117015004158","0.1204117015004158","0.1204117015004158","2920","2920","2920"
"292199","0.11909337341785431","0.11909337341785431","0.11909337341785431","2921","2921","2921"
"292299","0.13161340355873108","0.13161340355873108","0.13161340355873108","2922","2922","2922"
"292399","0.12852363288402557","0.12852363288402557","0.12852363288402557","2923","2923","2923"
"292499","0.12486031651496887","0.12486031651496887","0.12486031651496887","2924","2924","2924"
"292599","0.1273881196975708","0.1273881196975708","0.1273881196975708","2925","2925","2925"
"292699","0.12474125623703003","0.12474125623703003","0.12474125623703003","2926","2926","2926"
"292799","0.12260130792856216","0.12260130792856216","0.12260130792856216","2927","2927","2927"
"292899","0.12761177122592926","0.12761177122592926","0.12761177122592926","2928","2928","2928"
"292999","0.13279680907726288","0.13279680907726288","0.13279680907726288","2929","2929","2929"
"293099","0.12908312678337097","0.12908312678337097","0.12908312678337097","2930","2930","2930"
"293199","0.11809328943490982","0.11809328943490982","0.11809328943490982","2931","2931","2931"
"293299","0.12767405807971954","0.12767405807971954","0.12767405807971954","2932","2932","2932"
"293399","0.12411300837993622","0.12411300837993622","0.12411300837993622","2933","2933","2933"
"293499","0.12854517996311188","0.12854517996311188","0.12854517996311188","2934","2934","2934"
"293599","0.11947615444660187","0.11947615444660187","0.11947615444660187","2935","2935","2935"
"293699","0.1248970702290535","0.1248970702290535","0.1248970702290535","2936","2936","2936"
"293799","0.1277398020029068","0.1277398020029068","0.1277398020029068","2937","2937","2937"
"293899","0.12846481800079346","0.12846481800079346","0.12846481800079346","2938","2938","2938"
"293999","0.12274876981973648","0.12274876981973648","0.12274876981973648","2939","2939","2939"
"294099","0.1269494891166687","0.1269494891166687","0.1269494891166687","2940","2940","2940"
"294199","0.12533271312713623","0.12533271312713623","0.12533271312713623","2941","2941","2941"
"294299","0.12789559364318848","0.12789559364318848","0.12789559364318848","2942","2942","2942"
"294399","0.12336577475070953","0.12336577475070953","0.12336577475070953","2943","2943","2943"
"294499","0.12400992959737778","0.12400992959737778","0.12400992959737778","2944","2944","2944"
"294599","0.12580318748950958","0.12580318748950958","0.12580318748950958","2945","2945","2945"
"294699","0.12232249230146408","0.12232249230146408","0.12232249230146408","2946","2946","2946"
"294799","0.12535028159618378","0.12535028159618378","0.12535028159618378","2947","2947","2947"
"294899","0.12473433464765549","0.12473433464765549","0.12473433464765549","2948","2948","2948"
"294999","0.12440917640924454","0.12440917640924454","0.12440917640924454","2949","2949","2949"
"295099","0.12219347804784775","0.12219347804784775","0.12219347804784775","2950","2950","2950"
"295199","0.12470261752605438","0.12470261752605438","0.12470261752605438","2951","2951","2951"
"295299","0.124662846326828","0.124662846326828","0.124662846326828","2952","2952","2952"
"295399","0.12180454283952713","0.12180454283952713","0.12180454283952713","2953","2953","2953"
"295499","0.12971968948841095","0.12971968948841095","0.12971968948841095","2954","2954","2954"
"295599","0.1309535801410675","0.1309535801410675","0.1309535801410675","2955","2955","2955"
"295699","0.1285313218832016","0.1285313218832016","0.1285313218832016","2956","2956","2956"
"295799","0.1255517601966858","0.1255517601966858","0.1255517601966858","2957","2957","2957"
"295899","0.13325755298137665","0.13325755298137665","0.13325755298137665","2958","2958","2958"
"295999","0.12829315662384033","0.12829315662384033","0.12829315662384033","2959","2959","2959"
"296099","0.1269759237766266","0.1269759237766266","0.1269759237766266","2960","2960","2960"
"296199","0.11924620717763901","0.11924620717763901","0.11924620717763901","2961","2961","2961"
"296299","0.12444834411144257","0.12444834411144257","0.12444834411144257","2962","2962","2962"
"296399","0.12292814254760742","0.12292814254760742","0.12292814254760742","2963","2963","2963"
"296499","0.12107693403959274","0.12107693403959274","0.12107693403959274","2964","2964","2964"
"296599","0.1261395364999771","0.1261395364999771","0.1261395364999771","2965","2965","2965"
"296699","0.1196843609213829","0.1196843609213829","0.1196843609213829","2966","2966","2966"
"296799","0.1245633214712143","0.1245633214712143","0.1245633214712143","2967","2967","2967"
"296899","0.12656192481517792","0.12656192481517792","0.12656192481517792","2968","2968","2968"
"296999","0.12953487038612366","0.12953487038612366","0.12953487038612366","2969","2969","2969"
"297099","0.12277690321207047","0.12277690321207047","0.12277690321207047","2970","2970","2970"
"297199","0.12461749464273453","0.12461749464273453","0.12461749464273453","2971","2971","2971"
"297299","0.12354844808578491","0.12354844808578491","0.12354844808578491","2972","2972","2972"
"297399","0.1265091747045517","0.1265091747045517","0.1265091747045517","2973","2973","2973"
"297499","0.12607724964618683","0.12607724964618683","0.12607724964618683","2974","2974","2974"
"297599","0.12263945490121841","0.12263945490121841","0.12263945490121841","2975","2975","2975"
"297699","0.12765993177890778","0.12765993177890778","0.12765993177890778","2976","2976","2976"
"297799","0.1258397400379181","0.1258397400379181","0.1258397400379181","2977","2977","2977"
"297899","0.12232016772031784","0.12232016772031784","0.12232016772031784","2978","2978","2978"
"297999","0.12395521253347397","0.12395521253347397","0.12395521253347397","2979","2979","2979"
"298099","0.12077503651380539","0.12077503651380539","0.12077503651380539","2980","2980","2980"
"298199","0.13062316179275513","0.13062316179275513","0.13062316179275513","2981","2981","2981"
"298299","0.13222743570804596","0.13222743570804596","0.13222743570804596","2982","2982","2982"
"298399","0.12307030707597733","0.12307030707597733","0.12307030707597733","2983","2983","2983"
"298499","0.12291400134563446","0.12291400134563446","0.12291400134563446","2984","2984","2984"
"298599","0.1278936117887497","0.1278936117887497","0.1278936117887497","2985","2985","2985"
"298699","0.12487135082483292","0.12487135082483292","0.12487135082483292","2986","2986","2986"
"298799","0.12562011182308197","0.12562011182308197","0.12562011182308197","2987","2987","2987"
"298899","0.1280629187822342","0.1280629187822342","0.1280629187822342","2988","2988","2988"
"298999","0.12619952857494354","0.12619952857494354","0.12619952857494354","2989","2989","2989"
"299099","0.12281648814678192","0.12281648814678192","0.12281648814678192","2990","2990","2990"
"299199","0.12655113637447357","0.12655113637447357","0.12655113637447357","2991","2991","2991"
"299299","0.1279868632555008","0.1279868632555008","0.1279868632555008","2992","2992","2992"
"299399","0.127532497048378","0.127532497048378","0.127532497048378","2993","2993","2993"
"299499","0.12057727575302124","0.12057727575302124","0.12057727575302124","2994","2994","2994"
"299599","0.13482263684272766","0.13482263684272766","0.13482263684272766","2995","2995","2995"
"299699","0.12880411744117737","0.12880411744117737","0.12880411744117737","2996","2996","2996"
"299799","0.13236674666404724","0.13236674666404724","0.13236674666404724","2997","2997","2997"
"299899","0.12522299587726593","0.12522299587726593","0.12522299587726593","2998","2998","2998"
"299999","0.123481884598732","0.123481884598732","0.123481884598732","2999","2999","2999"
"300099","0.13252662122249603","0.13252662122249603","0.13252662122249603","3000","3000","3000"
"300199","0.12513259053230286","0.12513259053230286","0.12513259053230286","3001","3001","3001"
"300299","0.12340593338012695","0.12340593338012695","0.12340593338012695","3002","3002","3002"
"300399","0.12856918573379517","0.12856918573379517","0.12856918573379517","3003","3003","3003"
"300499","0.12932412326335907","0.12932412326335907","0.12932412326335907","3004","3004","3004"
"300599","0.12794464826583862","0.12794464826583862","0.12794464826583862","3005","3005","3005"
"300699","0.12890751659870148","0.12890751659870148","0.12890751659870148","3006","3006","3006"
"300799","0.1340429037809372","0.1340429037809372","0.1340429037809372","3007","3007","3007"
"300899","0.1230635717511177","0.1230635717511177","0.1230635717511177","3008","3008","3008"
"300999","0.12940886616706848","0.12940886616706848","0.12940886616706848","3009","3009","3009"
"301099","0.1235736832022667","0.1235736832022667","0.1235736832022667","3010","3010","3010"
"301199","0.12252864986658096","0.12252864986658096","0.12252864986658096","3011","3011","3011"
"301299","0.1243392750620842","0.1243392750620842","0.1243392750620842","3012","3012","3012"
"301399","0.11819805204868317","0.11819805204868317","0.11819805204868317","3013","3013","3013"
"301499","0.13118766248226166","0.13118766248226166","0.13118766248226166","3014","3014","3014"
"301599","0.12695227563381195","0.12695227563381195","0.12695227563381195","3015","3015","3015"
"301699","0.12146945297718048","0.12146945297718048","0.12146945297718048","3016","3016","3016"
"301799","0.12484831362962723","0.12484831362962723","0.12484831362962723","3017","3017","3017"
"301899","0.12094105035066605","0.12094105035066605","0.12094105035066605","3018","3018","3018"
"301999","0.12326044589281082","0.12326044589281082","0.12326044589281082","3019","3019","3019"
"302099","0.12406348437070847","0.12406348437070847","0.12406348437070847","3020","3020","3020"
"302199","0.12474140524864197","0.12474140524864197","0.12474140524864197","3021","3021","3021"
"302299","0.13142801821231842","0.13142801821231842","0.13142801821231842","3022","3022","3022"
"302399","0.12574119865894318","0.12574119865894318","0.12574119865894318","3023","3023","3023"
"302499","0.12193235754966736","0.12193235754966736","0.12193235754966736","3024","3024","3024"
"302599","0.11993315070867538","0.11993315070867538","0.11993315070867538","3025","3025","3025"
"302699","0.12632502615451813","0.12632502615451813","0.12632502615451813","3026","3026","3026"
"302799","0.12988483905792236","0.12988483905792236","0.12988483905792236","3027","3027","3027"
"302899","0.12502877414226532","0.12502877414226532","0.12502877414226532","3028","3028","3028"
"302999","0.12452609091997147","0.12452609091997147","0.12452609091997147","3029","3029","3029"
"303099","0.12815017998218536","0.12815017998218536","0.12815017998218536","3030","3030","3030"
"303199","0.12636516988277435","0.12636516988277435","0.12636516988277435","3031","3031","3031"
"303299","0.12611210346221924","0.12611210346221924","0.12611210346221924","3032","3032","3032"
"303399","0.12777958810329437","0.12777958810329437","0.12777958810329437","3033","3033","3033"
"303499","0.12451288104057312","0.12451288104057312","0.12451288104057312","3034","3034","3034"
"303599","0.12487604469060898","0.12487604469060898","0.12487604469060898","3035","3035","3035"
"303699","0.12057202309370041","0.12057202309370041","0.12057202309370041","3036","3036","3036"
"303799","0.1235036849975586","0.1235036849975586","0.1235036849975586","3037","3037","3037"
"303899","0.12268266081809998","0.12268266081809998","0.12268266081809998","3038","3038","3038"
"303999","0.12788724899291992","0.12788724899291992","0.12788724899291992","3039","3039","3039"
"304099","0.11624505370855331","0.11624505370855331","0.11624505370855331","3040","3040","3040"
"304199","0.12734131515026093","0.12734131515026093","0.12734131515026093","3041","3041","3041"
"304299","0.12278742343187332","0.12278742343187332","0.12278742343187332","3042","3042","3042"
"304399","0.12065698951482773","0.12065698951482773","0.12065698951482773","3043","3043","3043"
"304499","0.12968696653842926","0.12968696653842926","0.12968696653842926","3044","3044","3044"
"304599","0.1233200803399086","0.1233200803399086","0.1233200803399086","3045","3045","3045"
"304699","0.12532885372638702","0.12532885372638702","0.12532885372638702","3046","3046","3046"
"304799","0.1272503137588501","0.1272503137588501","0.1272503137588501","3047","3047","3047"
"304899","0.12373890727758408","0.12373890727758408","0.12373890727758408","3048","3048","3048"
"304999","0.12966512143611908","0.12966512143611908","0.12966512143611908","3049","3049","3049"
"305099","0.12102174758911133","0.12102174758911133","0.12102174758911133","3050","3050","3050"
"305199","0.1252085417509079","0.1252085417509079","0.1252085417509079","3051","3051","3051"
"305299","0.1283208280801773","0.1283208280801773","0.1283208280801773","3052","3052","3052"
"305399","0.1287783533334732","0.1287783533334732","0.1287783533334732","3053","3053","3053"
"305499","0.12958672642707825","0.12958672642707825","0.12958672642707825","3054","3054","3054"
"305599","0.12438973039388657","0.12438973039388657","0.12438973039388657","3055","3055","3055"
"305699","0.12493077665567398","0.12493077665567398","0.12493077665567398","3056","3056","3056"
"305799","0.12603437900543213","0.12603437900543213","0.12603437900543213","3057","3057","3057"
"305899","0.12683510780334473","0.12683510780334473","0.12683510780334473","3058","3058","3058"
"305999","0.12312642484903336","0.12312642484903336","0.12312642484903336","3059","3059","3059"
"306099","0.11580551415681839","0.11580551415681839","0.11580551415681839","3060","3060","3060"
"306199","0.12949876487255096","0.12949876487255096","0.12949876487255096","3061","3061","3061"
"306299","0.1240687221288681","0.1240687221288681","0.1240687221288681","3062","3062","3062"
"306399","0.12251295149326324","0.12251295149326324","0.12251295149326324","3063","3063","3063"
"306499","0.12705479562282562","0.12705479562282562","0.12705479562282562","3064","3064","3064"
"306599","0.12428054213523865","0.12428054213523865","0.12428054213523865","3065","3065","3065"
"306699","0.1233803778886795","0.1233803778886795","0.1233803778886795","3066","3066","3066"
"306799","0.12487467378377914","0.12487467378377914","0.12487467378377914","3067","3067","3067"
"306899","0.1267555207014084","0.1267555207014084","0.1267555207014084","3068","3068","3068"
"306999","0.12289893627166748","0.12289893627166748","0.12289893627166748","3069","3069","3069"
"307099","0.12095043063163757","0.12095043063163757","0.12095043063163757","3070","3070","3070"
"307199","0.11951955407857895","0.11951955407857895","0.11951955407857895","3071","3071","3071"
"307299","0.12544143199920654","0.12544143199920654","0.12544143199920654","3072","3072","3072"
"307399","0.12499067187309265","0.12499067187309265","0.12499067187309265","3073","3073","3073"
"307499","0.12319096177816391","0.12319096177816391","0.12319096177816391","3074","3074","3074"
"307599","0.12452779710292816","0.12452779710292816","0.12452779710292816","3075","3075","3075"
"307699","0.13310202956199646","0.13310202956199646","0.13310202956199646","3076","3076","3076"
"307799","0.12614624202251434","0.12614624202251434","0.12614624202251434","3077","3077","3077"
"307899","0.1200634241104126","0.1200634241104126","0.1200634241104126","3078","3078","3078"
"307999","0.12245845794677734","0.12245845794677734","0.12245845794677734","3079","3079","3079"
"308099","0.12097632884979248","0.12097632884979248","0.12097632884979248","3080","3080","3080"
"308199","0.12701503932476044","0.12701503932476044","0.12701503932476044","3081","3081","3081"
"308299","0.11826054751873016","0.11826054751873016","0.11826054751873016","3082","3082","3082"
"308399","0.11823879927396774","0.11823879927396774","0.11823879927396774","3083","3083","3083"
"308499","0.11991015821695328","0.11991015821695328","0.11991015821695328","3084","3084","3084"
"308599","0.1276235282421112","0.1276235282421112","0.1276235282421112","3085","3085","3085"
"308699","0.12334272265434265","0.12334272265434265","0.12334272265434265","3086","3086","3086"
"308799","0.12519408762454987","0.12519408762454987","0.12519408762454987","3087","3087","3087"
"308899","0.13599510490894318","0.13599510490894318","0.13599510490894318","3088","3088","3088"
"308999","0.1215757429599762","0.1215757429599762","0.1215757429599762","3089","3089","3089"
"309099","0.12674741446971893","0.12674741446971893","0.12674741446971893","3090","3090","3090"
"309199","0.1242453083395958","0.1242453083395958","0.1242453083395958","3091","3091","3091"
"309299","0.12072662264108658","0.12072662264108658","0.12072662264108658","3092","3092","3092"
"309399","0.12444154918193817","0.12444154918193817","0.12444154918193817","3093","3093","3093"
"309499","0.12736743688583374","0.12736743688583374","0.12736743688583374","3094","3094","3094"
"309599","0.1258988082408905","0.1258988082408905","0.1258988082408905","3095","3095","3095"
"309699","0.12671451270580292","0.12671451270580292","0.12671451270580292","3096","3096","3096"
"309799","0.12422578036785126","0.12422578036785126","0.12422578036785126","3097","3097","3097"
"309899","0.12727193534374237","0.12727193534374237","0.12727193534374237","3098","3098","3098"
"309999","0.1218360960483551","0.1218360960483551","0.1218360960483551","3099","3099","3099"
"310099","0.12554936110973358","0.12554936110973358","0.12554936110973358","3100","3100","3100"
"310199","0.12412969022989273","0.12412969022989273","0.12412969022989273","3101","3101","3101"
"310299","0.12282740324735641","0.12282740324735641","0.12282740324735641","3102","3102","3102"
"310399","0.12839603424072266","0.12839603424072266","0.12839603424072266","3103","3103","3103"
"310499","0.12994427978992462","0.12994427978992462","0.12994427978992462","3104","3104","3104"
"310599","0.121017225086689","0.121017225086689","0.121017225086689","3105","3105","3105"
"310699","0.12424064427614212","0.12424064427614212","0.12424064427614212","3106","3106","3106"
"310799","0.11914157122373581","0.11914157122373581","0.11914157122373581","3107","3107","3107"
"310899","0.1228233277797699","0.1228233277797699","0.1228233277797699","3108","3108","3108"
"310999","0.12600328028202057","0.12600328028202057","0.12600328028202057","3109","3109","3109"
"311099","0.11806285381317139","0.11806285381317139","0.11806285381317139","3110","3110","3110"
"311199","0.12802596390247345","0.12802596390247345","0.12802596390247345","3111","3111","3111"
"311299","0.1279097944498062","0.1279097944498062","0.1279097944498062","3112","3112","3112"
"311399","0.128761887550354","0.128761887550354","0.128761887550354","3113","3113","3113"
"311499","0.12718291580677032","0.12718291580677032","0.12718291580677032","3114","3114","3114"
"311599","0.12262881547212601","0.12262881547212601","0.12262881547212601","3115","3115","3115"
"311699","0.12362068146467209","0.12362068146467209","0.12362068146467209","3116","3116","3116"
"311799","0.11843571066856384","0.11843571066856384","0.11843571066856384","3117","3117","3117"
"311899","0.12250122427940369","0.12250122427940369","0.12250122427940369","3118","3118","3118"
"311999","0.1248963475227356","0.1248963475227356","0.1248963475227356","3119","3119","3119"
"312099","0.12360575050115585","0.12360575050115585","0.12360575050115585","3120","3120","3120"
"312199","0.1258442997932434","0.1258442997932434","0.1258442997932434","3121","3121","3121"
"312299","0.13099230825901031","0.13099230825901031","0.13099230825901031","3122","3122","3122"
"312399","0.12703709304332733","0.12703709304332733","0.12703709304332733","3123","3123","3123"
"312499","0.12931814789772034","0.12931814789772034","0.12931814789772034","3124","3124","3124"
"312599","0.12342268228530884","0.12342268228530884","0.12342268228530884","3125","3125","3125"
"312699","0.12143205106258392","0.12143205106258392","0.12143205106258392","3126","3126","3126"
"312799","0.12557806074619293","0.12557806074619293","0.12557806074619293","3127","3127","3127"
"312899","0.12001507729291916","0.12001507729291916","0.12001507729291916","3128","3128","3128"
"312999","0.12851093709468842","0.12851093709468842","0.12851093709468842","3129","3129","3129"
"313099","0.12891903519630432","0.12891903519630432","0.12891903519630432","3130","3130","3130"
"313199","0.12355290353298187","0.12355290353298187","0.12355290353298187","3131","3131","3131"
"313299","0.12826566398143768","0.12826566398143768","0.12826566398143768","3132","3132","3132"
"313399","0.12103462964296341","0.12103462964296341","0.12103462964296341","3133","3133","3133"
"313499","0.12326577305793762","0.12326577305793762","0.12326577305793762","3134","3134","3134"
"313599","0.1318926215171814","0.1318926215171814","0.1318926215171814","3135","3135","3135"
"313699","0.12245887517929077","0.12245887517929077","0.12245887517929077","3136","3136","3136"
"313799","0.12050584703683853","0.12050584703683853","0.12050584703683853","3137","3137","3137"
"313899","0.12409272789955139","0.12409272789955139","0.12409272789955139","3138","3138","3138"
"313999","0.12088271230459213","0.12088271230459213","0.12088271230459213","3139","3139","3139"
"314099","0.1245947927236557","0.1245947927236557","0.1245947927236557","3140","3140","3140"
"314199","0.1268829107284546","0.1268829107284546","0.1268829107284546","3141","3141","3141"
"314299","0.13015346229076385","0.13015346229076385","0.13015346229076385","3142","3142","3142"
"314399","0.1243664026260376","0.1243664026260376","0.1243664026260376","3143","3143","3143"
"314499","0.12560181319713593","0.12560181319713593","0.12560181319713593","3144","3144","3144"
"314599","0.13278523087501526","0.13278523087501526","0.13278523087501526","3145","3145","3145"
"314699","0.12978270649909973","0.12978270649909973","0.12978270649909973","3146","3146","3146"
"314799","0.1266261637210846","0.1266261637210846","0.1266261637210846","3147","3147","3147"
"314899","0.12573343515396118","0.12573343515396118","0.12573343515396118","3148","3148","3148"
"314999","0.12338338792324066","0.12338338792324066","0.12338338792324066","3149","3149","3149"
"315099","0.12616582214832306","0.12616582214832306","0.12616582214832306","3150","3150","3150"
"315199","0.1257542073726654","0.1257542073726654","0.1257542073726654","3151","3151","3151"