"trainer/global_step","vanilla - train_loss","vanilla - train_loss__MIN","vanilla - train_loss__MAX","vanilla - _step","vanilla - _step__MIN","vanilla - _step__MAX"
"99","0.23952490091323853","0.23952490091323853","0.23952490091323853","0","0","0"
"199","0.21789813041687012","0.21789813041687012","0.21789813041687012","1","1","1"
"299","0.2049672156572342","0.2049672156572342","0.2049672156572342","2","2","2"
"399","0.1976962685585022","0.1976962685585022","0.1976962685585022","3","3","3"
"499","0.19004707038402557","0.19004707038402557","0.19004707038402557","4","4","4"
"599","0.1881416290998459","0.1881416290998459","0.1881416290998459","5","5","5"
"699","0.18991518020629883","0.18991518020629883","0.18991518020629883","6","6","6"
"799","0.18309327960014343","0.18309327960014343","0.18309327960014343","7","7","7"
"899","0.17970016598701477","0.17970016598701477","0.17970016598701477","8","8","8"
"999","0.18029963970184326","0.18029963970184326","0.18029963970184326","9","9","9"
"1099","0.17894503474235535","0.17894503474235535","0.17894503474235535","10","10","10"
"1199","0.17484207451343536","0.17484207451343536","0.17484207451343536","11","11","11"
"1299","0.17202484607696533","0.17202484607696533","0.17202484607696533","12","12","12"
"1399","0.16662073135375977","0.16662073135375977","0.16662073135375977","13","13","13"
"1499","0.16644051671028137","0.16644051671028137","0.16644051671028137","14","14","14"
"1599","0.1686868965625763","0.1686868965625763","0.1686868965625763","15","15","15"
"1699","0.16906672716140747","0.16906672716140747","0.16906672716140747","16","16","16"
"1799","0.1729748696088791","0.1729748696088791","0.1729748696088791","17","17","17"
"1899","0.15935227274894714","0.15935227274894714","0.15935227274894714","18","18","18"
"1999","0.1611536145210266","0.1611536145210266","0.1611536145210266","19","19","19"
"2099","0.16125203669071198","0.16125203669071198","0.16125203669071198","20","20","20"
"2199","0.15982621908187866","0.15982621908187866","0.15982621908187866","21","21","21"
"2299","0.16232122480869293","0.16232122480869293","0.16232122480869293","22","22","22"
"2399","0.15705880522727966","0.15705880522727966","0.15705880522727966","23","23","23"
"2499","0.1518706977367401","0.1518706977367401","0.1518706977367401","24","24","24"
"2599","0.15833322703838348","0.15833322703838348","0.15833322703838348","25","25","25"
"2699","0.15584887564182281","0.15584887564182281","0.15584887564182281","26","26","26"
"2799","0.15722966194152832","0.15722966194152832","0.15722966194152832","27","27","27"
"2899","0.15433244407176971","0.15433244407176971","0.15433244407176971","28","28","28"
"2999","0.15290230512619019","0.15290230512619019","0.15290230512619019","29","29","29"
"3099","0.14539802074432373","0.14539802074432373","0.14539802074432373","30","30","30"
"3199","0.15749938786029816","0.15749938786029816","0.15749938786029816","31","31","31"
"3299","0.15359541773796082","0.15359541773796082","0.15359541773796082","32","32","32"
"3399","0.15483255684375763","0.15483255684375763","0.15483255684375763","33","33","33"
"3499","0.15058863162994385","0.15058863162994385","0.15058863162994385","34","34","34"
"3599","0.15763773024082184","0.15763773024082184","0.15763773024082184","35","35","35"
"3699","0.15136781334877014","0.15136781334877014","0.15136781334877014","36","36","36"
"3799","0.14622901380062103","0.14622901380062103","0.14622901380062103","37","37","37"
"3899","0.15228913724422455","0.15228913724422455","0.15228913724422455","38","38","38"
"3999","0.14674632251262665","0.14674632251262665","0.14674632251262665","39","39","39"
"4099","0.1505795121192932","0.1505795121192932","0.1505795121192932","40","40","40"
"4199","0.1426849365234375","0.1426849365234375","0.1426849365234375","41","41","41"
"4299","0.14807361364364624","0.14807361364364624","0.14807361364364624","42","42","42"
"4399","0.14782780408859253","0.14782780408859253","0.14782780408859253","43","43","43"
"4499","0.14570006728172302","0.14570006728172302","0.14570006728172302","44","44","44"
"4599","0.14364194869995117","0.14364194869995117","0.14364194869995117","45","45","45"
"4699","0.1469360738992691","0.1469360738992691","0.1469360738992691","46","46","46"
"4799","0.1563565582036972","0.1563565582036972","0.1563565582036972","47","47","47"
"4899","0.14265906810760498","0.14265906810760498","0.14265906810760498","48","48","48"
"4999","0.14486537873744965","0.14486537873744965","0.14486537873744965","49","49","49"
"5099","0.1503523290157318","0.1503523290157318","0.1503523290157318","50","50","50"
"5199","0.14891670644283295","0.14891670644283295","0.14891670644283295","51","51","51"
"5299","0.14979082345962524","0.14979082345962524","0.14979082345962524","52","52","52"
"5399","0.1431662142276764","0.1431662142276764","0.1431662142276764","53","53","53"
"5499","0.1454298496246338","0.1454298496246338","0.1454298496246338","54","54","54"
"5599","0.1421709507703781","0.1421709507703781","0.1421709507703781","55","55","55"
"5699","0.14529192447662354","0.14529192447662354","0.14529192447662354","56","56","56"
"5799","0.1467960923910141","0.1467960923910141","0.1467960923910141","57","57","57"
"5899","0.14616449177265167","0.14616449177265167","0.14616449177265167","58","58","58"
"5999","0.1411057859659195","0.1411057859659195","0.1411057859659195","59","59","59"
"6099","0.14781229197978973","0.14781229197978973","0.14781229197978973","60","60","60"
"6199","0.1486223340034485","0.1486223340034485","0.1486223340034485","61","61","61"
"6299","0.14018839597702026","0.14018839597702026","0.14018839597702026","62","62","62"
"6399","0.14350707828998566","0.14350707828998566","0.14350707828998566","63","63","63"
"6499","0.1399458795785904","0.1399458795785904","0.1399458795785904","64","64","64"
"6599","0.13895119726657867","0.13895119726657867","0.13895119726657867","65","65","65"
"6699","0.13712790608406067","0.13712790608406067","0.13712790608406067","66","66","66"
"6799","0.14818637073040009","0.14818637073040009","0.14818637073040009","67","67","67"
"6899","0.1430836170911789","0.1430836170911789","0.1430836170911789","68","68","68"
"6999","0.14370831847190857","0.14370831847190857","0.14370831847190857","69","69","69"
"7099","0.1371159553527832","0.1371159553527832","0.1371159553527832","70","70","70"
"7199","0.1389392763376236","0.1389392763376236","0.1389392763376236","71","71","71"
"7299","0.13362599909305573","0.13362599909305573","0.13362599909305573","72","72","72"
"7399","0.14406169950962067","0.14406169950962067","0.14406169950962067","73","73","73"
"7499","0.14032670855522156","0.14032670855522156","0.14032670855522156","74","74","74"
"7599","0.14088718593120575","0.14088718593120575","0.14088718593120575","75","75","75"
"7699","0.13909851014614105","0.13909851014614105","0.13909851014614105","76","76","76"
"7799","0.13457144796848297","0.13457144796848297","0.13457144796848297","77","77","77"
"7899","0.14461275935173035","0.14461275935173035","0.14461275935173035","78","78","78"
"7999","0.13553017377853394","0.13553017377853394","0.13553017377853394","79","79","79"
"8099","0.13604721426963806","0.13604721426963806","0.13604721426963806","80","80","80"
"8199","0.13926370441913605","0.13926370441913605","0.13926370441913605","81","81","81"
"8299","0.14157803356647491","0.14157803356647491","0.14157803356647491","82","82","82"
"8399","0.14090949296951294","0.14090949296951294","0.14090949296951294","83","83","83"
"8499","0.1379106342792511","0.1379106342792511","0.1379106342792511","84","84","84"
"8599","0.13898681104183197","0.13898681104183197","0.13898681104183197","85","85","85"
"8699","0.13751395046710968","0.13751395046710968","0.13751395046710968","86","86","86"
"8799","0.13812965154647827","0.13812965154647827","0.13812965154647827","87","87","87"
"8899","0.13965454697608948","0.13965454697608948","0.13965454697608948","88","88","88"
"8999","0.14068876206874847","0.14068876206874847","0.14068876206874847","89","89","89"
"9099","0.1382158249616623","0.1382158249616623","0.1382158249616623","90","90","90"
"9199","0.13480354845523834","0.13480354845523834","0.13480354845523834","91","91","91"
"9299","0.133266419172287","0.133266419172287","0.133266419172287","92","92","92"
"9399","0.13877543807029724","0.13877543807029724","0.13877543807029724","93","93","93"
"9499","0.13759487867355347","0.13759487867355347","0.13759487867355347","94","94","94"
"9599","0.1371622383594513","0.1371622383594513","0.1371622383594513","95","95","95"
"9699","0.13995498418807983","0.13995498418807983","0.13995498418807983","96","96","96"
"9799","0.13445508480072021","0.13445508480072021","0.13445508480072021","97","97","97"
"9899","0.1316583752632141","0.1316583752632141","0.1316583752632141","98","98","98"
"9999","0.13287672400474548","0.13287672400474548","0.13287672400474548","99","99","99"
"10099","0.13312216103076935","0.13312216103076935","0.13312216103076935","100","100","100"
"10199","0.13658501207828522","0.13658501207828522","0.13658501207828522","101","101","101"
"10299","0.12979188561439514","0.12979188561439514","0.12979188561439514","102","102","102"
"10399","0.1330787092447281","0.1330787092447281","0.1330787092447281","103","103","103"
"10499","0.1344902515411377","0.1344902515411377","0.1344902515411377","104","104","104"
"10599","0.13764089345932007","0.13764089345932007","0.13764089345932007","105","105","105"
"10699","0.13915422558784485","0.13915422558784485","0.13915422558784485","106","106","106"
"10799","0.13051655888557434","0.13051655888557434","0.13051655888557434","107","107","107"
"10899","0.13647444546222687","0.13647444546222687","0.13647444546222687","108","108","108"
"10999","0.12657204270362854","0.12657204270362854","0.12657204270362854","109","109","109"
"11099","0.1322842538356781","0.1322842538356781","0.1322842538356781","110","110","110"
"11199","0.1363181173801422","0.1363181173801422","0.1363181173801422","111","111","111"
"11299","0.13595008850097656","0.13595008850097656","0.13595008850097656","112","112","112"
"11399","0.1295701414346695","0.1295701414346695","0.1295701414346695","113","113","113"
"11499","0.12997187674045563","0.12997187674045563","0.12997187674045563","114","114","114"
"11599","0.13213980197906494","0.13213980197906494","0.13213980197906494","115","115","115"
"11699","0.1416773647069931","0.1416773647069931","0.1416773647069931","116","116","116"
"11799","0.1376889944076538","0.1376889944076538","0.1376889944076538","117","117","117"
"11899","0.13242167234420776","0.13242167234420776","0.13242167234420776","118","118","118"
"11999","0.1302989274263382","0.1302989274263382","0.1302989274263382","119","119","119"
"12099","0.13149893283843994","0.13149893283843994","0.13149893283843994","120","120","120"
"12199","0.1365288496017456","0.1365288496017456","0.1365288496017456","121","121","121"
"12299","0.129079207777977","0.129079207777977","0.129079207777977","122","122","122"
"12399","0.12772506475448608","0.12772506475448608","0.12772506475448608","123","123","123"
"12499","0.13477514684200287","0.13477514684200287","0.13477514684200287","124","124","124"
"12599","0.1364065706729889","0.1364065706729889","0.1364065706729889","125","125","125"
"12699","0.1388321965932846","0.1388321965932846","0.1388321965932846","126","126","126"
"12799","0.1325952708721161","0.1325952708721161","0.1325952708721161","127","127","127"
"12899","0.1312587559223175","0.1312587559223175","0.1312587559223175","128","128","128"
"12999","0.1368400752544403","0.1368400752544403","0.1368400752544403","129","129","129"
"13099","0.12925049662590027","0.12925049662590027","0.12925049662590027","130","130","130"
"13199","0.12974333763122559","0.12974333763122559","0.12974333763122559","131","131","131"
"13299","0.13001695275306702","0.13001695275306702","0.13001695275306702","132","132","132"
"13399","0.12935912609100342","0.12935912609100342","0.12935912609100342","133","133","133"
"13499","0.13038897514343262","0.13038897514343262","0.13038897514343262","134","134","134"
"13599","0.13151344656944275","0.13151344656944275","0.13151344656944275","135","135","135"
"13699","0.12921008467674255","0.12921008467674255","0.12921008467674255","136","136","136"
"13799","0.1308373361825943","0.1308373361825943","0.1308373361825943","137","137","137"
"13899","0.12458351254463196","0.12458351254463196","0.12458351254463196","138","138","138"
"13999","0.12898299098014832","0.12898299098014832","0.12898299098014832","139","139","139"
"14099","0.1290370523929596","0.1290370523929596","0.1290370523929596","140","140","140"
"14199","0.13449881970882416","0.13449881970882416","0.13449881970882416","141","141","141"
"14299","0.12817338109016418","0.12817338109016418","0.12817338109016418","142","142","142"
"14399","0.13046494126319885","0.13046494126319885","0.13046494126319885","143","143","143"
"14499","0.12914305925369263","0.12914305925369263","0.12914305925369263","144","144","144"
"14599","0.129205122590065","0.129205122590065","0.129205122590065","145","145","145"
"14699","0.13057971000671387","0.13057971000671387","0.13057971000671387","146","146","146"
"14799","0.1330907940864563","0.1330907940864563","0.1330907940864563","147","147","147"
"14899","0.13218697905540466","0.13218697905540466","0.13218697905540466","148","148","148"
"14999","0.1284559816122055","0.1284559816122055","0.1284559816122055","149","149","149"
"15099","0.12604357302188873","0.12604357302188873","0.12604357302188873","150","150","150"
"15199","0.13173112273216248","0.13173112273216248","0.13173112273216248","151","151","151"
"15299","0.1241842582821846","0.1241842582821846","0.1241842582821846","152","152","152"
"15399","0.12597830593585968","0.12597830593585968","0.12597830593585968","153","153","153"
"15499","0.1286790668964386","0.1286790668964386","0.1286790668964386","154","154","154"
"15599","0.1273604929447174","0.1273604929447174","0.1273604929447174","155","155","155"
"15699","0.13725130259990692","0.13725130259990692","0.13725130259990692","156","156","156"
"15799","0.1337316632270813","0.1337316632270813","0.1337316632270813","157","157","157"
"15899","0.13114085793495178","0.13114085793495178","0.13114085793495178","158","158","158"
"15999","0.12558478116989136","0.12558478116989136","0.12558478116989136","159","159","159"
"16099","0.12683694064617157","0.12683694064617157","0.12683694064617157","160","160","160"
"16199","0.12987130880355835","0.12987130880355835","0.12987130880355835","161","161","161"
"16299","0.12593455612659454","0.12593455612659454","0.12593455612659454","162","162","162"
"16399","0.12755262851715088","0.12755262851715088","0.12755262851715088","163","163","163"
"16499","0.1266009658575058","0.1266009658575058","0.1266009658575058","164","164","164"
"16599","0.13368405401706696","0.13368405401706696","0.13368405401706696","165","165","165"
"16699","0.1270095705986023","0.1270095705986023","0.1270095705986023","166","166","166"
"16799","0.12099142372608185","0.12099142372608185","0.12099142372608185","167","167","167"
"16899","0.12888097763061523","0.12888097763061523","0.12888097763061523","168","168","168"
"16999","0.1264772266149521","0.1264772266149521","0.1264772266149521","169","169","169"
"17099","0.12949198484420776","0.12949198484420776","0.12949198484420776","170","170","170"
"17199","0.12738767266273499","0.12738767266273499","0.12738767266273499","171","171","171"
"17299","0.1314437836408615","0.1314437836408615","0.1314437836408615","172","172","172"
"17399","0.12622317671775818","0.12622317671775818","0.12622317671775818","173","173","173"
"17499","0.12131442874670029","0.12131442874670029","0.12131442874670029","174","174","174"
"17599","0.12697863578796387","0.12697863578796387","0.12697863578796387","175","175","175"
"17699","0.12831145524978638","0.12831145524978638","0.12831145524978638","176","176","176"
"17799","0.1292363405227661","0.1292363405227661","0.1292363405227661","177","177","177"
"17899","0.1256634145975113","0.1256634145975113","0.1256634145975113","178","178","178"
"17999","0.1264169067144394","0.1264169067144394","0.1264169067144394","179","179","179"
"18099","0.12563800811767578","0.12563800811767578","0.12563800811767578","180","180","180"
"18199","0.12646177411079407","0.12646177411079407","0.12646177411079407","181","181","181"
"18299","0.13090957701206207","0.13090957701206207","0.13090957701206207","182","182","182"
"18399","0.12323225289583206","0.12323225289583206","0.12323225289583206","183","183","183"
"18499","0.12436137348413467","0.12436137348413467","0.12436137348413467","184","184","184"
"18599","0.12875407934188843","0.12875407934188843","0.12875407934188843","185","185","185"
"18699","0.13026241958141327","0.13026241958141327","0.13026241958141327","186","186","186"
"18799","0.12386194616556168","0.12386194616556168","0.12386194616556168","187","187","187"
"18899","0.13038356602191925","0.13038356602191925","0.13038356602191925","188","188","188"
"18999","0.12610282003879547","0.12610282003879547","0.12610282003879547","189","189","189"
"19099","0.12185955047607422","0.12185955047607422","0.12185955047607422","190","190","190"
"19199","0.12721891701221466","0.12721891701221466","0.12721891701221466","191","191","191"
"19299","0.12388499081134796","0.12388499081134796","0.12388499081134796","192","192","192"
"19399","0.1256878674030304","0.1256878674030304","0.1256878674030304","193","193","193"
"19499","0.12463373690843582","0.12463373690843582","0.12463373690843582","194","194","194"
"19599","0.13036124408245087","0.13036124408245087","0.13036124408245087","195","195","195"
"19699","0.12537091970443726","0.12537091970443726","0.12537091970443726","196","196","196"
"19799","0.1271938532590866","0.1271938532590866","0.1271938532590866","197","197","197"
"19899","0.12999550998210907","0.12999550998210907","0.12999550998210907","198","198","198"
"19999","0.12476179003715515","0.12476179003715515","0.12476179003715515","199","199","199"
"20099","0.1254613995552063","0.1254613995552063","0.1254613995552063","200","200","200"
"20199","0.1281731277704239","0.1281731277704239","0.1281731277704239","201","201","201"
"20299","0.12515030801296234","0.12515030801296234","0.12515030801296234","202","202","202"
"20399","0.12036027759313583","0.12036027759313583","0.12036027759313583","203","203","203"
"20499","0.1276547610759735","0.1276547610759735","0.1276547610759735","204","204","204"
"20599","0.13062596321105957","0.13062596321105957","0.13062596321105957","205","205","205"
"20699","0.1309855431318283","0.1309855431318283","0.1309855431318283","206","206","206"
"20799","0.1273893117904663","0.1273893117904663","0.1273893117904663","207","207","207"
"20899","0.12342607229948044","0.12342607229948044","0.12342607229948044","208","208","208"
"20999","0.12651699781417847","0.12651699781417847","0.12651699781417847","209","209","209"
"21099","0.12967030704021454","0.12967030704021454","0.12967030704021454","210","210","210"
"21199","0.12273554503917694","0.12273554503917694","0.12273554503917694","211","211","211"
"21299","0.12975527346134186","0.12975527346134186","0.12975527346134186","212","212","212"
"21399","0.1272684782743454","0.1272684782743454","0.1272684782743454","213","213","213"
"21499","0.1251417100429535","0.1251417100429535","0.1251417100429535","214","214","214"
"21599","0.12466974556446075","0.12466974556446075","0.12466974556446075","215","215","215"
"21699","0.1271662414073944","0.1271662414073944","0.1271662414073944","216","216","216"
"21799","0.13162444531917572","0.13162444531917572","0.13162444531917572","217","217","217"
"21899","0.12842026352882385","0.12842026352882385","0.12842026352882385","218","218","218"
"21999","0.12793530523777008","0.12793530523777008","0.12793530523777008","219","219","219"
"22099","0.1234719306230545","0.1234719306230545","0.1234719306230545","220","220","220"
"22199","0.1183529645204544","0.1183529645204544","0.1183529645204544","221","221","221"
"22299","0.12674647569656372","0.12674647569656372","0.12674647569656372","222","222","222"
"22399","0.12273549288511276","0.12273549288511276","0.12273549288511276","223","223","223"
"22499","0.12530960142612457","0.12530960142612457","0.12530960142612457","224","224","224"
"22599","0.12912596762180328","0.12912596762180328","0.12912596762180328","225","225","225"
"22699","0.12690705060958862","0.12690705060958862","0.12690705060958862","226","226","226"
"22799","0.12514640390872955","0.12514640390872955","0.12514640390872955","227","227","227"
"22899","0.12381965667009354","0.12381965667009354","0.12381965667009354","228","228","228"
"22999","0.12353020906448364","0.12353020906448364","0.12353020906448364","229","229","229"
"23099","0.12307536602020264","0.12307536602020264","0.12307536602020264","230","230","230"
"23199","0.12373214960098267","0.12373214960098267","0.12373214960098267","231","231","231"
"23299","0.13321955502033234","0.13321955502033234","0.13321955502033234","232","232","232"
"23399","0.13043370842933655","0.13043370842933655","0.13043370842933655","233","233","233"
"23499","0.12568823993206024","0.12568823993206024","0.12568823993206024","234","234","234"
"23599","0.12217219918966293","0.12217219918966293","0.12217219918966293","235","235","235"
"23699","0.12514236569404602","0.12514236569404602","0.12514236569404602","236","236","236"
"23799","0.127256378531456","0.127256378531456","0.127256378531456","237","237","237"
"23899","0.12572982907295227","0.12572982907295227","0.12572982907295227","238","238","238"
"23999","0.13003359735012054","0.13003359735012054","0.13003359735012054","239","239","239"
"24099","0.12604032456874847","0.12604032456874847","0.12604032456874847","240","240","240"
"24199","0.1196160838007927","0.1196160838007927","0.1196160838007927","241","241","241"
"24299","0.12388721853494644","0.12388721853494644","0.12388721853494644","242","242","242"
"24399","0.11971592158079147","0.11971592158079147","0.11971592158079147","243","243","243"
"24499","0.1224384680390358","0.1224384680390358","0.1224384680390358","244","244","244"
"24599","0.11847198754549026","0.11847198754549026","0.11847198754549026","245","245","245"
"24699","0.11933953315019608","0.11933953315019608","0.11933953315019608","246","246","246"
"24799","0.12734009325504303","0.12734009325504303","0.12734009325504303","247","247","247"
"24899","0.1263885200023651","0.1263885200023651","0.1263885200023651","248","248","248"
"24999","0.12684424221515656","0.12684424221515656","0.12684424221515656","249","249","249"
"25099","0.12698853015899658","0.12698853015899658","0.12698853015899658","250","250","250"
"25199","0.12202926725149155","0.12202926725149155","0.12202926725149155","251","251","251"
"25299","0.12491314858198166","0.12491314858198166","0.12491314858198166","252","252","252"
"25399","0.1263134628534317","0.1263134628534317","0.1263134628534317","253","253","253"
"25499","0.1224934309720993","0.1224934309720993","0.1224934309720993","254","254","254"
"25599","0.11863232403993607","0.11863232403993607","0.11863232403993607","255","255","255"
"25699","0.13371585309505463","0.13371585309505463","0.13371585309505463","256","256","256"
"25799","0.11853678524494171","0.11853678524494171","0.11853678524494171","257","257","257"
"25899","0.12430848926305771","0.12430848926305771","0.12430848926305771","258","258","258"
"25999","0.1258024275302887","0.1258024275302887","0.1258024275302887","259","259","259"
"26099","0.1278785765171051","0.1278785765171051","0.1278785765171051","260","260","260"
"26199","0.12465273588895798","0.12465273588895798","0.12465273588895798","261","261","261"
"26299","0.12377618253231049","0.12377618253231049","0.12377618253231049","262","262","262"
"26399","0.12015610188245773","0.12015610188245773","0.12015610188245773","263","263","263"
"26499","0.12317534536123276","0.12317534536123276","0.12317534536123276","264","264","264"
"26599","0.12360849976539612","0.12360849976539612","0.12360849976539612","265","265","265"
"26699","0.1292697787284851","0.1292697787284851","0.1292697787284851","266","266","266"
"26799","0.12488750368356705","0.12488750368356705","0.12488750368356705","267","267","267"
"26899","0.12819474935531616","0.12819474935531616","0.12819474935531616","268","268","268"
"26999","0.12129200249910355","0.12129200249910355","0.12129200249910355","269","269","269"
"27099","0.1267046332359314","0.1267046332359314","0.1267046332359314","270","270","270"
"27199","0.12906032800674438","0.12906032800674438","0.12906032800674438","271","271","271"
"27299","0.12317438423633575","0.12317438423633575","0.12317438423633575","272","272","272"
"27399","0.11833862215280533","0.11833862215280533","0.11833862215280533","273","273","273"
"27499","0.12221086770296097","0.12221086770296097","0.12221086770296097","274","274","274"
"27599","0.1270313262939453","0.1270313262939453","0.1270313262939453","275","275","275"
"27699","0.1227601021528244","0.1227601021528244","0.1227601021528244","276","276","276"
"27799","0.12388268858194351","0.12388268858194351","0.12388268858194351","277","277","277"
"27899","0.12463190406560898","0.12463190406560898","0.12463190406560898","278","278","278"
"27999","0.12191754579544067","0.12191754579544067","0.12191754579544067","279","279","279"
"28099","0.1250418722629547","0.1250418722629547","0.1250418722629547","280","280","280"
"28199","0.12329358607530594","0.12329358607530594","0.12329358607530594","281","281","281"
"28299","0.12478984892368317","0.12478984892368317","0.12478984892368317","282","282","282"
"28399","0.12095986306667328","0.12095986306667328","0.12095986306667328","283","283","283"
"28499","0.1239905133843422","0.1239905133843422","0.1239905133843422","284","284","284"
"28599","0.11593839526176453","0.11593839526176453","0.11593839526176453","285","285","285"
"28699","0.1265266239643097","0.1265266239643097","0.1265266239643097","286","286","286"
"28799","0.12284500896930695","0.12284500896930695","0.12284500896930695","287","287","287"
"28899","0.122543565928936","0.122543565928936","0.122543565928936","288","288","288"
"28999","0.12227284908294678","0.12227284908294678","0.12227284908294678","289","289","289"
"29099","0.12500102818012238","0.12500102818012238","0.12500102818012238","290","290","290"
"29199","0.12799780070781708","0.12799780070781708","0.12799780070781708","291","291","291"
"29299","0.12581530213356018","0.12581530213356018","0.12581530213356018","292","292","292"
"29399","0.1220286637544632","0.1220286637544632","0.1220286637544632","293","293","293"
"29499","0.124885693192482","0.124885693192482","0.124885693192482","294","294","294"
"29599","0.11676303297281265","0.11676303297281265","0.11676303297281265","295","295","295"
"29699","0.124954454600811","0.124954454600811","0.124954454600811","296","296","296"
"29799","0.12322564423084259","0.12322564423084259","0.12322564423084259","297","297","297"
"29899","0.12482696026563644","0.12482696026563644","0.12482696026563644","298","298","298"
"29999","0.12575271725654602","0.12575271725654602","0.12575271725654602","299","299","299"
"30099","0.12122692167758942","0.12122692167758942","0.12122692167758942","300","300","300"
"30199","0.12107176333665848","0.12107176333665848","0.12107176333665848","301","301","301"
"30299","0.12183961272239685","0.12183961272239685","0.12183961272239685","302","302","302"
"30399","0.12720614671707153","0.12720614671707153","0.12720614671707153","303","303","303"
"30499","0.12294947355985641","0.12294947355985641","0.12294947355985641","304","304","304"
"30599","0.1187027171254158","0.1187027171254158","0.1187027171254158","305","305","305"
"30699","0.1264110654592514","0.1264110654592514","0.1264110654592514","306","306","306"
"30799","0.12236173450946808","0.12236173450946808","0.12236173450946808","307","307","307"
"30899","0.11851766705513","0.11851766705513","0.11851766705513","308","308","308"
"30999","0.12490921467542648","0.12490921467542648","0.12490921467542648","309","309","309"
"31099","0.11953593045473099","0.11953593045473099","0.11953593045473099","310","310","310"
"31199","0.12176872044801712","0.12176872044801712","0.12176872044801712","311","311","311"
"31299","0.12179940193891525","0.12179940193891525","0.12179940193891525","312","312","312"
"31399","0.12672121822834015","0.12672121822834015","0.12672121822834015","313","313","313"
"31499","0.1170378252863884","0.1170378252863884","0.1170378252863884","314","314","314"
"31599","0.12296389788389206","0.12296389788389206","0.12296389788389206","315","315","315"
"31699","0.12724462151527405","0.12724462151527405","0.12724462151527405","316","316","316"
"31799","0.1238548532128334","0.1238548532128334","0.1238548532128334","317","317","317"
"31899","0.12966316938400269","0.12966316938400269","0.12966316938400269","318","318","318"
"31999","0.12078297138214111","0.12078297138214111","0.12078297138214111","319","319","319"
"32099","0.12190038710832596","0.12190038710832596","0.12190038710832596","320","320","320"
"32199","0.12724140286445618","0.12724140286445618","0.12724140286445618","321","321","321"
"32299","0.1211429014801979","0.1211429014801979","0.1211429014801979","322","322","322"
"32399","0.12728530168533325","0.12728530168533325","0.12728530168533325","323","323","323"
"32499","0.1213933601975441","0.1213933601975441","0.1213933601975441","324","324","324"
"32599","0.11733902245759964","0.11733902245759964","0.11733902245759964","325","325","325"
"32699","0.12718209624290466","0.12718209624290466","0.12718209624290466","326","326","326"
"32799","0.12275343388319016","0.12275343388319016","0.12275343388319016","327","327","327"
"32899","0.12578900158405304","0.12578900158405304","0.12578900158405304","328","328","328"
"32999","0.116310253739357","0.116310253739357","0.116310253739357","329","329","329"
"33099","0.12263628095388412","0.12263628095388412","0.12263628095388412","330","330","330"
"33199","0.12059353291988373","0.12059353291988373","0.12059353291988373","331","331","331"
"33299","0.11875223368406296","0.11875223368406296","0.11875223368406296","332","332","332"
"33399","0.11675645411014557","0.11675645411014557","0.11675645411014557","333","333","333"
"33499","0.12168940156698227","0.12168940156698227","0.12168940156698227","334","334","334"
"33599","0.12096191942691803","0.12096191942691803","0.12096191942691803","335","335","335"
"33699","0.12625321745872498","0.12625321745872498","0.12625321745872498","336","336","336"
"33799","0.11971336603164673","0.11971336603164673","0.11971336603164673","337","337","337"
"33899","0.1198955625295639","0.1198955625295639","0.1198955625295639","338","338","338"
"33999","0.12185551226139069","0.12185551226139069","0.12185551226139069","339","339","339"
"34099","0.12461762875318527","0.12461762875318527","0.12461762875318527","340","340","340"
"34199","0.12373463809490204","0.12373463809490204","0.12373463809490204","341","341","341"
"34299","0.12150267511606216","0.12150267511606216","0.12150267511606216","342","342","342"
"34399","0.12112981826066971","0.12112981826066971","0.12112981826066971","343","343","343"
"34499","0.11917484551668167","0.11917484551668167","0.11917484551668167","344","344","344"
"34599","0.12247543781995773","0.12247543781995773","0.12247543781995773","345","345","345"
"34699","0.12427917122840881","0.12427917122840881","0.12427917122840881","346","346","346"
"34799","0.11591766029596329","0.11591766029596329","0.11591766029596329","347","347","347"
"34899","0.11886616051197052","0.11886616051197052","0.11886616051197052","348","348","348"
"34999","0.11927872151136398","0.11927872151136398","0.11927872151136398","349","349","349"
"35099","0.11930552870035172","0.11930552870035172","0.11930552870035172","350","350","350"
"35199","0.12022804468870163","0.12022804468870163","0.12022804468870163","351","351","351"
"35299","0.1269751340150833","0.1269751340150833","0.1269751340150833","352","352","352"
"35399","0.11914145946502686","0.11914145946502686","0.11914145946502686","353","353","353"
"35499","0.11978119611740112","0.11978119611740112","0.11978119611740112","354","354","354"
"35599","0.12392660975456238","0.12392660975456238","0.12392660975456238","355","355","355"
"35699","0.12220361828804016","0.12220361828804016","0.12220361828804016","356","356","356"
"35799","0.11931708455085754","0.11931708455085754","0.11931708455085754","357","357","357"
"35899","0.1143094003200531","0.1143094003200531","0.1143094003200531","358","358","358"
"35999","0.1214265450835228","0.1214265450835228","0.1214265450835228","359","359","359"
"36099","0.12125255912542343","0.12125255912542343","0.12125255912542343","360","360","360"
"36199","0.12056182324886322","0.12056182324886322","0.12056182324886322","361","361","361"
"36299","0.126637801527977","0.126637801527977","0.126637801527977","362","362","362"
"36399","0.11763211339712143","0.11763211339712143","0.11763211339712143","363","363","363"
"36499","0.12089954316616058","0.12089954316616058","0.12089954316616058","364","364","364"
"36599","0.11508851498365402","0.11508851498365402","0.11508851498365402","365","365","365"
"36699","0.12138042598962784","0.12138042598962784","0.12138042598962784","366","366","366"
"36799","0.12112350016832352","0.12112350016832352","0.12112350016832352","367","367","367"
"36899","0.11487739533185959","0.11487739533185959","0.11487739533185959","368","368","368"
"36999","0.12235844135284424","0.12235844135284424","0.12235844135284424","369","369","369"
"37099","0.11593721061944962","0.11593721061944962","0.11593721061944962","370","370","370"
"37199","0.12128782272338867","0.12128782272338867","0.12128782272338867","371","371","371"
"37299","0.12405649572610855","0.12405649572610855","0.12405649572610855","372","372","372"
"37399","0.1232793778181076","0.1232793778181076","0.1232793778181076","373","373","373"
"37499","0.12382037192583084","0.12382037192583084","0.12382037192583084","374","374","374"
"37599","0.12172313034534454","0.12172313034534454","0.12172313034534454","375","375","375"
"37699","0.11979532986879349","0.11979532986879349","0.11979532986879349","376","376","376"
"37799","0.1139693558216095","0.1139693558216095","0.1139693558216095","377","377","377"
"37899","0.11920403689146042","0.11920403689146042","0.11920403689146042","378","378","378"
"37999","0.12122046947479248","0.12122046947479248","0.12122046947479248","379","379","379"
"38099","0.11952746659517288","0.11952746659517288","0.11952746659517288","380","380","380"
"38199","0.11962556838989258","0.11962556838989258","0.11962556838989258","381","381","381"
"38299","0.12048585712909698","0.12048585712909698","0.12048585712909698","382","382","382"
"38399","0.11601458489894867","0.11601458489894867","0.11601458489894867","383","383","383"
"38499","0.1266120970249176","0.1266120970249176","0.1266120970249176","384","384","384"
"38599","0.1236966997385025","0.1236966997385025","0.1236966997385025","385","385","385"
"38699","0.11704303324222565","0.11704303324222565","0.11704303324222565","386","386","386"
"38799","0.1202123761177063","0.1202123761177063","0.1202123761177063","387","387","387"
"38899","0.12862138450145721","0.12862138450145721","0.12862138450145721","388","388","388"
"38999","0.12302945554256439","0.12302945554256439","0.12302945554256439","389","389","389"
"39099","0.11969796568155289","0.11969796568155289","0.11969796568155289","390","390","390"
"39199","0.12670668959617615","0.12670668959617615","0.12670668959617615","391","391","391"
"39299","0.11801347136497498","0.11801347136497498","0.11801347136497498","392","392","392"
"39399","0.11807557195425034","0.11807557195425034","0.11807557195425034","393","393","393"
"39499","0.11866594851016998","0.11866594851016998","0.11866594851016998","394","394","394"
"39599","0.12063229829072952","0.12063229829072952","0.12063229829072952","395","395","395"
"39699","0.12504087388515472","0.12504087388515472","0.12504087388515472","396","396","396"
"39799","0.11693646758794785","0.11693646758794785","0.11693646758794785","397","397","397"
"39899","0.120461605489254","0.120461605489254","0.120461605489254","398","398","398"
"39999","0.12486514449119568","0.12486514449119568","0.12486514449119568","399","399","399"
"40099","0.12474724650382996","0.12474724650382996","0.12474724650382996","400","400","400"
"40199","0.12366338074207306","0.12366338074207306","0.12366338074207306","401","401","401"
"40299","0.11488830298185349","0.11488830298185349","0.11488830298185349","402","402","402"
"40399","0.11349371075630188","0.11349371075630188","0.11349371075630188","403","403","403"
"40499","0.11985557526350021","0.11985557526350021","0.11985557526350021","404","404","404"
"40599","0.1155436635017395","0.1155436635017395","0.1155436635017395","405","405","405"
"40699","0.12400355935096741","0.12400355935096741","0.12400355935096741","406","406","406"
"40799","0.12668642401695251","0.12668642401695251","0.12668642401695251","407","407","407"
"40899","0.12536413967609406","0.12536413967609406","0.12536413967609406","408","408","408"
"40999","0.12328425794839859","0.12328425794839859","0.12328425794839859","409","409","409"
"41099","0.11717662960290909","0.11717662960290909","0.11717662960290909","410","410","410"
"41199","0.12283661216497421","0.12283661216497421","0.12283661216497421","411","411","411"
"41299","0.11970693618059158","0.11970693618059158","0.11970693618059158","412","412","412"
"41399","0.11490079015493393","0.11490079015493393","0.11490079015493393","413","413","413"
"41499","0.11346356570720673","0.11346356570720673","0.11346356570720673","414","414","414"
"41599","0.1196807250380516","0.1196807250380516","0.1196807250380516","415","415","415"
"41699","0.12214146554470062","0.12214146554470062","0.12214146554470062","416","416","416"
"41799","0.11594139039516449","0.11594139039516449","0.11594139039516449","417","417","417"
"41899","0.1165618896484375","0.1165618896484375","0.1165618896484375","418","418","418"
"41999","0.12196008116006851","0.12196008116006851","0.12196008116006851","419","419","419"
"42099","0.12481653690338135","0.12481653690338135","0.12481653690338135","420","420","420"
"42199","0.12134856730699539","0.12134856730699539","0.12134856730699539","421","421","421"
"42299","0.11952950805425644","0.11952950805425644","0.11952950805425644","422","422","422"
"42399","0.12037013471126556","0.12037013471126556","0.12037013471126556","423","423","423"
"42499","0.1279563456773758","0.1279563456773758","0.1279563456773758","424","424","424"
"42599","0.11946723610162735","0.11946723610162735","0.11946723610162735","425","425","425"
"42699","0.11526358127593994","0.11526358127593994","0.11526358127593994","426","426","426"
"42799","0.12123836576938629","0.12123836576938629","0.12123836576938629","427","427","427"
"42899","0.11974922567605972","0.11974922567605972","0.11974922567605972","428","428","428"
"42999","0.12049070000648499","0.12049070000648499","0.12049070000648499","429","429","429"
"43099","0.11924589425325394","0.11924589425325394","0.11924589425325394","430","430","430"
"43199","0.1193699985742569","0.1193699985742569","0.1193699985742569","431","431","431"
"43299","0.11331606656312943","0.11331606656312943","0.11331606656312943","432","432","432"
"43399","0.11718889325857162","0.11718889325857162","0.11718889325857162","433","433","433"
"43499","0.12588858604431152","0.12588858604431152","0.12588858604431152","434","434","434"
"43599","0.12139717489480972","0.12139717489480972","0.12139717489480972","435","435","435"
"43699","0.11571357399225235","0.11571357399225235","0.11571357399225235","436","436","436"
"43799","0.12289059907197952","0.12289059907197952","0.12289059907197952","437","437","437"
"43899","0.13318467140197754","0.13318467140197754","0.13318467140197754","438","438","438"
"43999","0.11785046756267548","0.11785046756267548","0.11785046756267548","439","439","439"
"44099","0.11573200672864914","0.11573200672864914","0.11573200672864914","440","440","440"
"44199","0.12463737279176712","0.12463737279176712","0.12463737279176712","441","441","441"
"44299","0.11515369266271591","0.11515369266271591","0.11515369266271591","442","442","442"
"44399","0.11939272284507751","0.11939272284507751","0.11939272284507751","443","443","443"
"44499","0.12323082983493805","0.12323082983493805","0.12323082983493805","444","444","444"
"44599","0.11672166734933853","0.11672166734933853","0.11672166734933853","445","445","445"
"44699","0.12625063955783844","0.12625063955783844","0.12625063955783844","446","446","446"
"44799","0.11774042248725891","0.11774042248725891","0.11774042248725891","447","447","447"
"44899","0.11571281403303146","0.11571281403303146","0.11571281403303146","448","448","448"
"44999","0.12142299115657806","0.12142299115657806","0.12142299115657806","449","449","449"
"45099","0.12072185426950455","0.12072185426950455","0.12072185426950455","450","450","450"
"45199","0.11854314059019089","0.11854314059019089","0.11854314059019089","451","451","451"
"45299","0.12017319351434708","0.12017319351434708","0.12017319351434708","452","452","452"
"45399","0.12467745691537857","0.12467745691537857","0.12467745691537857","453","453","453"
"45499","0.12215568870306015","0.12215568870306015","0.12215568870306015","454","454","454"
"45599","0.12058033794164658","0.12058033794164658","0.12058033794164658","455","455","455"
"45699","0.11879098415374756","0.11879098415374756","0.11879098415374756","456","456","456"
"45799","0.11933556944131851","0.11933556944131851","0.11933556944131851","457","457","457"
"45899","0.11991901695728302","0.11991901695728302","0.11991901695728302","458","458","458"
"45999","0.12436266988515854","0.12436266988515854","0.12436266988515854","459","459","459"
"46099","0.11886447668075562","0.11886447668075562","0.11886447668075562","460","460","460"
"46199","0.11875200271606445","0.11875200271606445","0.11875200271606445","461","461","461"
"46299","0.11774906516075134","0.11774906516075134","0.11774906516075134","462","462","462"
"46399","0.1154179722070694","0.1154179722070694","0.1154179722070694","463","463","463"
"46499","0.11902160197496414","0.11902160197496414","0.11902160197496414","464","464","464"
"46599","0.12457779794931412","0.12457779794931412","0.12457779794931412","465","465","465"
"46699","0.12618082761764526","0.12618082761764526","0.12618082761764526","466","466","466"
"46799","0.12272608280181885","0.12272608280181885","0.12272608280181885","467","467","467"
"46899","0.11710114032030106","0.11710114032030106","0.11710114032030106","468","468","468"
"46999","0.11199017614126205","0.11199017614126205","0.11199017614126205","469","469","469"
"47099","0.12113402783870697","0.12113402783870697","0.12113402783870697","470","470","470"
"47199","0.12048501521348953","0.12048501521348953","0.12048501521348953","471","471","471"
"47299","0.11944901198148727","0.11944901198148727","0.11944901198148727","472","472","472"
"47399","0.11813134700059891","0.11813134700059891","0.11813134700059891","473","473","473"
"47499","0.12225005775690079","0.12225005775690079","0.12225005775690079","474","474","474"
"47599","0.11331105977296829","0.11331105977296829","0.11331105977296829","475","475","475"
"47699","0.11780452728271484","0.11780452728271484","0.11780452728271484","476","476","476"
"47799","0.11564256250858307","0.11564256250858307","0.11564256250858307","477","477","477"
"47899","0.11287430673837662","0.11287430673837662","0.11287430673837662","478","478","478"
"47999","0.1175251230597496","0.1175251230597496","0.1175251230597496","479","479","479"
"48099","0.12545177340507507","0.12545177340507507","0.12545177340507507","480","480","480"
"48199","0.11657367646694183","0.11657367646694183","0.11657367646694183","481","481","481"
"48299","0.12359021604061127","0.12359021604061127","0.12359021604061127","482","482","482"
"48399","0.12161681801080704","0.12161681801080704","0.12161681801080704","483","483","483"
"48499","0.11887548118829727","0.11887548118829727","0.11887548118829727","484","484","484"
"48599","0.11624204367399216","0.11624204367399216","0.11624204367399216","485","485","485"
"48699","0.11993975937366486","0.11993975937366486","0.11993975937366486","486","486","486"
"48799","0.12468675523996353","0.12468675523996353","0.12468675523996353","487","487","487"
"48899","0.1174558699131012","0.1174558699131012","0.1174558699131012","488","488","488"
"48999","0.12005399167537689","0.12005399167537689","0.12005399167537689","489","489","489"
"49099","0.1196257621049881","0.1196257621049881","0.1196257621049881","490","490","490"
"49199","0.12006905674934387","0.12006905674934387","0.12006905674934387","491","491","491"
"49299","0.12171795219182968","0.12171795219182968","0.12171795219182968","492","492","492"
"49399","0.11558927595615387","0.11558927595615387","0.11558927595615387","493","493","493"
"49499","0.12309032678604126","0.12309032678604126","0.12309032678604126","494","494","494"
"49599","0.1209886223077774","0.1209886223077774","0.1209886223077774","495","495","495"
"49699","0.12678854167461395","0.12678854167461395","0.12678854167461395","496","496","496"
"49799","0.11670895665884018","0.11670895665884018","0.11670895665884018","497","497","497"
"49899","0.11749419569969177","0.11749419569969177","0.11749419569969177","498","498","498"
"49999","0.1157163679599762","0.1157163679599762","0.1157163679599762","499","499","499"
"50099","0.11491484194993973","0.11491484194993973","0.11491484194993973","500","500","500"
"50199","0.1205219253897667","0.1205219253897667","0.1205219253897667","501","501","501"
"50299","0.1161050796508789","0.1161050796508789","0.1161050796508789","502","502","502"
"50399","0.12123006582260132","0.12123006582260132","0.12123006582260132","503","503","503"
"50499","0.12195201218128204","0.12195201218128204","0.12195201218128204","504","504","504"
"50599","0.11951570957899094","0.11951570957899094","0.11951570957899094","505","505","505"
"50699","0.12344259023666382","0.12344259023666382","0.12344259023666382","506","506","506"
"50799","0.12228751927614212","0.12228751927614212","0.12228751927614212","507","507","507"
"50899","0.12463157624006271","0.12463157624006271","0.12463157624006271","508","508","508"
"50999","0.12043432891368866","0.12043432891368866","0.12043432891368866","509","509","509"
"51099","0.11552993953227997","0.11552993953227997","0.11552993953227997","510","510","510"
"51199","0.11928454786539078","0.11928454786539078","0.11928454786539078","511","511","511"
"51299","0.1243063285946846","0.1243063285946846","0.1243063285946846","512","512","512"
"51399","0.11950654536485672","0.11950654536485672","0.11950654536485672","513","513","513"
"51499","0.11408527195453644","0.11408527195453644","0.11408527195453644","514","514","514"
"51599","0.12786243855953217","0.12786243855953217","0.12786243855953217","515","515","515"
"51699","0.11527427285909653","0.11527427285909653","0.11527427285909653","516","516","516"
"51799","0.11199118942022324","0.11199118942022324","0.11199118942022324","517","517","517"
"51899","0.11887767165899277","0.11887767165899277","0.11887767165899277","518","518","518"
"51999","0.11454932391643524","0.11454932391643524","0.11454932391643524","519","519","519"
"52099","0.11976030468940735","0.11976030468940735","0.11976030468940735","520","520","520"
"52199","0.12220203876495361","0.12220203876495361","0.12220203876495361","521","521","521"
"52299","0.11869373172521591","0.11869373172521591","0.11869373172521591","522","522","522"
"52399","0.12176620215177536","0.12176620215177536","0.12176620215177536","523","523","523"
"52499","0.11962562799453735","0.11962562799453735","0.11962562799453735","524","524","524"
"52599","0.11895951628684998","0.11895951628684998","0.11895951628684998","525","525","525"
"52699","0.1122150793671608","0.1122150793671608","0.1122150793671608","526","526","526"
"52799","0.11940262466669083","0.11940262466669083","0.11940262466669083","527","527","527"
"52899","0.1173509955406189","0.1173509955406189","0.1173509955406189","528","528","528"
"52999","0.11764389276504517","0.11764389276504517","0.11764389276504517","529","529","529"
"53099","0.11531266570091248","0.11531266570091248","0.11531266570091248","530","530","530"
"53199","0.1178746372461319","0.1178746372461319","0.1178746372461319","531","531","531"
"53299","0.11931872367858887","0.11931872367858887","0.11931872367858887","532","532","532"
"53399","0.12297503650188446","0.12297503650188446","0.12297503650188446","533","533","533"
"53499","0.11680904030799866","0.11680904030799866","0.11680904030799866","534","534","534"
"53599","0.11263401061296463","0.11263401061296463","0.11263401061296463","535","535","535"
"53699","0.11344900727272034","0.11344900727272034","0.11344900727272034","536","536","536"
"53799","0.11923865973949432","0.11923865973949432","0.11923865973949432","537","537","537"
"53899","0.1200794205069542","0.1200794205069542","0.1200794205069542","538","538","538"
"53999","0.12260258942842484","0.12260258942842484","0.12260258942842484","539","539","539"
"54099","0.11871347576379776","0.11871347576379776","0.11871347576379776","540","540","540"
"54199","0.11889398097991943","0.11889398097991943","0.11889398097991943","541","541","541"
"54299","0.11561702191829681","0.11561702191829681","0.11561702191829681","542","542","542"
"54399","0.12182962894439697","0.12182962894439697","0.12182962894439697","543","543","543"
"54499","0.11680039763450623","0.11680039763450623","0.11680039763450623","544","544","544"
"54599","0.12194161117076874","0.12194161117076874","0.12194161117076874","545","545","545"
"54699","0.11318113654851913","0.11318113654851913","0.11318113654851913","546","546","546"
"54799","0.12271049618721008","0.12271049618721008","0.12271049618721008","547","547","547"
"54899","0.11962142586708069","0.11962142586708069","0.11962142586708069","548","548","548"
"54999","0.11742168664932251","0.11742168664932251","0.11742168664932251","549","549","549"
"55099","0.1163981482386589","0.1163981482386589","0.1163981482386589","550","550","550"
"55199","0.11598781496286392","0.11598781496286392","0.11598781496286392","551","551","551"
"55299","0.11807727068662643","0.11807727068662643","0.11807727068662643","552","552","552"
"55399","0.11459386348724365","0.11459386348724365","0.11459386348724365","553","553","553"
"55499","0.11986135691404343","0.11986135691404343","0.11986135691404343","554","554","554"
"55599","0.1246144250035286","0.1246144250035286","0.1246144250035286","555","555","555"
"55699","0.12088901549577713","0.12088901549577713","0.12088901549577713","556","556","556"
"55799","0.12530386447906494","0.12530386447906494","0.12530386447906494","557","557","557"
"55899","0.11761351674795151","0.11761351674795151","0.11761351674795151","558","558","558"
"55999","0.11449771374464035","0.11449771374464035","0.11449771374464035","559","559","559"
"56099","0.12137816846370697","0.12137816846370697","0.12137816846370697","560","560","560"
"56199","0.11774180829524994","0.11774180829524994","0.11774180829524994","561","561","561"
"56299","0.12163741886615753","0.12163741886615753","0.12163741886615753","562","562","562"
"56399","0.11336223036050797","0.11336223036050797","0.11336223036050797","563","563","563"
"56499","0.11561740189790726","0.11561740189790726","0.11561740189790726","564","564","564"
"56599","0.11945657432079315","0.11945657432079315","0.11945657432079315","565","565","565"
"56699","0.11616887897253036","0.11616887897253036","0.11616887897253036","566","566","566"
"56799","0.11996587365865707","0.11996587365865707","0.11996587365865707","567","567","567"
"56899","0.1170290857553482","0.1170290857553482","0.1170290857553482","568","568","568"
"56999","0.1264461725950241","0.1264461725950241","0.1264461725950241","569","569","569"
"57099","0.11889011412858963","0.11889011412858963","0.11889011412858963","570","570","570"
"57199","0.11483033001422882","0.11483033001422882","0.11483033001422882","571","571","571"
"57299","0.11670411378145218","0.11670411378145218","0.11670411378145218","572","572","572"
"57399","0.11791937798261642","0.11791937798261642","0.11791937798261642","573","573","573"
"57499","0.12092601507902145","0.12092601507902145","0.12092601507902145","574","574","574"
"57599","0.11984969675540924","0.11984969675540924","0.11984969675540924","575","575","575"
"57699","0.11611823737621307","0.11611823737621307","0.11611823737621307","576","576","576"
"57799","0.12405775487422943","0.12405775487422943","0.12405775487422943","577","577","577"
"57899","0.1137714833021164","0.1137714833021164","0.1137714833021164","578","578","578"
"57999","0.11849813908338547","0.11849813908338547","0.11849813908338547","579","579","579"
"58099","0.11215048283338547","0.11215048283338547","0.11215048283338547","580","580","580"
"58199","0.1213921457529068","0.1213921457529068","0.1213921457529068","581","581","581"
"58299","0.12131582200527191","0.12131582200527191","0.12131582200527191","582","582","582"
"58399","0.1135481595993042","0.1135481595993042","0.1135481595993042","583","583","583"
"58499","0.12091340869665146","0.12091340869665146","0.12091340869665146","584","584","584"
"58599","0.1170671284198761","0.1170671284198761","0.1170671284198761","585","585","585"
"58699","0.1239766776561737","0.1239766776561737","0.1239766776561737","586","586","586"
"58799","0.1147681325674057","0.1147681325674057","0.1147681325674057","587","587","587"
"58899","0.11857140064239502","0.11857140064239502","0.11857140064239502","588","588","588"
"58999","0.11856124550104141","0.11856124550104141","0.11856124550104141","589","589","589"
"59099","0.1175970509648323","0.1175970509648323","0.1175970509648323","590","590","590"
"59199","0.1218760758638382","0.1218760758638382","0.1218760758638382","591","591","591"
"59299","0.11129309237003326","0.11129309237003326","0.11129309237003326","592","592","592"
"59399","0.12026277184486389","0.12026277184486389","0.12026277184486389","593","593","593"
"59499","0.11614754050970078","0.11614754050970078","0.11614754050970078","594","594","594"
"59599","0.119449682533741","0.119449682533741","0.119449682533741","595","595","595"
"59699","0.11331884562969208","0.11331884562969208","0.11331884562969208","596","596","596"
"59799","0.11752677708864212","0.11752677708864212","0.11752677708864212","597","597","597"
"59899","0.11321406066417694","0.11321406066417694","0.11321406066417694","598","598","598"
"59999","0.11527391523122787","0.11527391523122787","0.11527391523122787","599","599","599"
"60099","0.11244242638349533","0.11244242638349533","0.11244242638349533","600","600","600"
"60199","0.11806642264127731","0.11806642264127731","0.11806642264127731","601","601","601"
"60299","0.11972080171108246","0.11972080171108246","0.11972080171108246","602","602","602"
"60399","0.11324290931224823","0.11324290931224823","0.11324290931224823","603","603","603"
"60499","0.11940012127161026","0.11940012127161026","0.11940012127161026","604","604","604"
"60599","0.11067990213632584","0.11067990213632584","0.11067990213632584","605","605","605"
"60699","0.11353546380996704","0.11353546380996704","0.11353546380996704","606","606","606"
"60799","0.11354674398899078","0.11354674398899078","0.11354674398899078","607","607","607"
"60899","0.11622775346040726","0.11622775346040726","0.11622775346040726","608","608","608"
"60999","0.11419598758220673","0.11419598758220673","0.11419598758220673","609","609","609"
"61099","0.11825407296419144","0.11825407296419144","0.11825407296419144","610","610","610"
"61199","0.1140841692686081","0.1140841692686081","0.1140841692686081","611","611","611"
"61299","0.12181397527456284","0.12181397527456284","0.12181397527456284","612","612","612"
"61399","0.1147141233086586","0.1147141233086586","0.1147141233086586","613","613","613"
"61499","0.1162962019443512","0.1162962019443512","0.1162962019443512","614","614","614"
"61599","0.11898456513881683","0.11898456513881683","0.11898456513881683","615","615","615"
"61699","0.12160702794790268","0.12160702794790268","0.12160702794790268","616","616","616"
"61799","0.12460698932409286","0.12460698932409286","0.12460698932409286","617","617","617"
"61899","0.11826486885547638","0.11826486885547638","0.11826486885547638","618","618","618"
"61999","0.12147273123264313","0.12147273123264313","0.12147273123264313","619","619","619"
"62099","0.11845441907644272","0.11845441907644272","0.11845441907644272","620","620","620"
"62199","0.11677923053503036","0.11677923053503036","0.11677923053503036","621","621","621"
"62299","0.11401708424091339","0.11401708424091339","0.11401708424091339","622","622","622"
"62399","0.1152704730629921","0.1152704730629921","0.1152704730629921","623","623","623"
"62499","0.119318887591362","0.119318887591362","0.119318887591362","624","624","624"
"62599","0.11231352388858795","0.11231352388858795","0.11231352388858795","625","625","625"
"62699","0.11870793998241425","0.11870793998241425","0.11870793998241425","626","626","626"
"62799","0.11423017829656601","0.11423017829656601","0.11423017829656601","627","627","627"
"62899","0.11161506175994873","0.11161506175994873","0.11161506175994873","628","628","628"
"62999","0.11559128761291504","0.11559128761291504","0.11559128761291504","629","629","629"
"63099","0.12008470296859741","0.12008470296859741","0.12008470296859741","630","630","630"
"63199","0.1250184029340744","0.1250184029340744","0.1250184029340744","631","631","631"
"63299","0.11965089291334152","0.11965089291334152","0.11965089291334152","632","632","632"
"63399","0.11715531349182129","0.11715531349182129","0.11715531349182129","633","633","633"
"63499","0.11576665192842484","0.11576665192842484","0.11576665192842484","634","634","634"
"63599","0.11318255215883255","0.11318255215883255","0.11318255215883255","635","635","635"
"63699","0.12447892874479294","0.12447892874479294","0.12447892874479294","636","636","636"
"63799","0.12215899676084518","0.12215899676084518","0.12215899676084518","637","637","637"
"63899","0.11145659536123276","0.11145659536123276","0.11145659536123276","638","638","638"
"63999","0.1158062219619751","0.1158062219619751","0.1158062219619751","639","639","639"
"64099","0.11680813878774643","0.11680813878774643","0.11680813878774643","640","640","640"
"64199","0.11475033313035965","0.11475033313035965","0.11475033313035965","641","641","641"
"64299","0.1222626343369484","0.1222626343369484","0.1222626343369484","642","642","642"
"64399","0.11765983700752258","0.11765983700752258","0.11765983700752258","643","643","643"
"64499","0.11347334831953049","0.11347334831953049","0.11347334831953049","644","644","644"
"64599","0.11967722326517105","0.11967722326517105","0.11967722326517105","645","645","645"
"64699","0.1225152239203453","0.1225152239203453","0.1225152239203453","646","646","646"
"64799","0.11296212673187256","0.11296212673187256","0.11296212673187256","647","647","647"
"64899","0.12555989623069763","0.12555989623069763","0.12555989623069763","648","648","648"
"64999","0.11316834390163422","0.11316834390163422","0.11316834390163422","649","649","649"
"65099","0.11983910948038101","0.11983910948038101","0.11983910948038101","650","650","650"
"65199","0.11762940138578415","0.11762940138578415","0.11762940138578415","651","651","651"
"65299","0.1190907210111618","0.1190907210111618","0.1190907210111618","652","652","652"
"65399","0.12365465611219406","0.12365465611219406","0.12365465611219406","653","653","653"
"65499","0.11861608177423477","0.11861608177423477","0.11861608177423477","654","654","654"
"65599","0.12199994921684265","0.12199994921684265","0.12199994921684265","655","655","655"
"65699","0.11488350480794907","0.11488350480794907","0.11488350480794907","656","656","656"
"65799","0.11493450403213501","0.11493450403213501","0.11493450403213501","657","657","657"
"65899","0.12218501418828964","0.12218501418828964","0.12218501418828964","658","658","658"
"65999","0.11718817055225372","0.11718817055225372","0.11718817055225372","659","659","659"
"66099","0.11815407872200012","0.11815407872200012","0.11815407872200012","660","660","660"
"66199","0.11726078391075134","0.11726078391075134","0.11726078391075134","661","661","661"
"66299","0.11265458166599274","0.11265458166599274","0.11265458166599274","662","662","662"
"66399","0.11646768450737","0.11646768450737","0.11646768450737","663","663","663"
"66499","0.11637038737535477","0.11637038737535477","0.11637038737535477","664","664","664"
"66599","0.11740928888320923","0.11740928888320923","0.11740928888320923","665","665","665"
"66699","0.12497217953205109","0.12497217953205109","0.12497217953205109","666","666","666"
"66799","0.1147102415561676","0.1147102415561676","0.1147102415561676","667","667","667"
"66899","0.11904365569353104","0.11904365569353104","0.11904365569353104","668","668","668"
"66999","0.11581765115261078","0.11581765115261078","0.11581765115261078","669","669","669"
"67099","0.12156753987073898","0.12156753987073898","0.12156753987073898","670","670","670"
"67199","0.12019573897123337","0.12019573897123337","0.12019573897123337","671","671","671"
"67299","0.11937934905290604","0.11937934905290604","0.11937934905290604","672","672","672"
"67399","0.11318429559469223","0.11318429559469223","0.11318429559469223","673","673","673"
"67499","0.11885437369346619","0.11885437369346619","0.11885437369346619","674","674","674"
"67599","0.11597884446382523","0.11597884446382523","0.11597884446382523","675","675","675"
"67699","0.11634833365678787","0.11634833365678787","0.11634833365678787","676","676","676"
"67799","0.12508255243301392","0.12508255243301392","0.12508255243301392","677","677","677"
"67899","0.12047138065099716","0.12047138065099716","0.12047138065099716","678","678","678"
"67999","0.11328593641519547","0.11328593641519547","0.11328593641519547","679","679","679"
"68099","0.11939936876296997","0.11939936876296997","0.11939936876296997","680","680","680"
"68199","0.11590439081192017","0.11590439081192017","0.11590439081192017","681","681","681"
"68299","0.11116872727870941","0.11116872727870941","0.11116872727870941","682","682","682"
"68399","0.12430602312088013","0.12430602312088013","0.12430602312088013","683","683","683"
"68499","0.11583483964204788","0.11583483964204788","0.11583483964204788","684","684","684"
"68599","0.11885230988264084","0.11885230988264084","0.11885230988264084","685","685","685"
"68699","0.11288386583328247","0.11288386583328247","0.11288386583328247","686","686","686"
"68799","0.11528370529413223","0.11528370529413223","0.11528370529413223","687","687","687"
"68899","0.1206413209438324","0.1206413209438324","0.1206413209438324","688","688","688"
"68999","0.11622226983308792","0.11622226983308792","0.11622226983308792","689","689","689"
"69099","0.11106569319963455","0.11106569319963455","0.11106569319963455","690","690","690"
"69199","0.11660288274288177","0.11660288274288177","0.11660288274288177","691","691","691"
"69299","0.11626338958740234","0.11626338958740234","0.11626338958740234","692","692","692"
"69399","0.11290748417377472","0.11290748417377472","0.11290748417377472","693","693","693"
"69499","0.10994412004947662","0.10994412004947662","0.10994412004947662","694","694","694"
"69599","0.11979290843009949","0.11979290843009949","0.11979290843009949","695","695","695"
"69699","0.11122041195631027","0.11122041195631027","0.11122041195631027","696","696","696"
"69799","0.12176259607076645","0.12176259607076645","0.12176259607076645","697","697","697"
"69899","0.11935389041900635","0.11935389041900635","0.11935389041900635","698","698","698"
"69999","0.11337821930646896","0.11337821930646896","0.11337821930646896","699","699","699"
"70099","0.11645437031984329","0.11645437031984329","0.11645437031984329","700","700","700"
"70199","0.11667045205831528","0.11667045205831528","0.11667045205831528","701","701","701"
"70299","0.11173319071531296","0.11173319071531296","0.11173319071531296","702","702","702"
"70399","0.11953850090503693","0.11953850090503693","0.11953850090503693","703","703","703"
"70499","0.11508316546678543","0.11508316546678543","0.11508316546678543","704","704","704"
"70599","0.11179748177528381","0.11179748177528381","0.11179748177528381","705","705","705"
"70699","0.1166185513138771","0.1166185513138771","0.1166185513138771","706","706","706"
"70799","0.11408278346061707","0.11408278346061707","0.11408278346061707","707","707","707"
"70899","0.1185624897480011","0.1185624897480011","0.1185624897480011","708","708","708"
"70999","0.11354117840528488","0.11354117840528488","0.11354117840528488","709","709","709"
"71099","0.11759486794471741","0.11759486794471741","0.11759486794471741","710","710","710"
"71199","0.11614946275949478","0.11614946275949478","0.11614946275949478","711","711","711"
"71299","0.11928696185350418","0.11928696185350418","0.11928696185350418","712","712","712"
"71399","0.11649412661790848","0.11649412661790848","0.11649412661790848","713","713","713"
"71499","0.11453494429588318","0.11453494429588318","0.11453494429588318","714","714","714"
"71599","0.11976519972085953","0.11976519972085953","0.11976519972085953","715","715","715"
"71699","0.12199828773736954","0.12199828773736954","0.12199828773736954","716","716","716"
"71799","0.11304816603660583","0.11304816603660583","0.11304816603660583","717","717","717"
"71899","0.12023472040891647","0.12023472040891647","0.12023472040891647","718","718","718"
"71999","0.11184903234243393","0.11184903234243393","0.11184903234243393","719","719","719"
"72099","0.11690395325422287","0.11690395325422287","0.11690395325422287","720","720","720"
"72199","0.12343479692935944","0.12343479692935944","0.12343479692935944","721","721","721"
"72299","0.12215737998485565","0.12215737998485565","0.12215737998485565","722","722","722"
"72399","0.12447245419025421","0.12447245419025421","0.12447245419025421","723","723","723"
"72499","0.11606734246015549","0.11606734246015549","0.11606734246015549","724","724","724"
"72599","0.11482401192188263","0.11482401192188263","0.11482401192188263","725","725","725"
"72699","0.12099555134773254","0.12099555134773254","0.12099555134773254","726","726","726"
"72799","0.11277210712432861","0.11277210712432861","0.11277210712432861","727","727","727"
"72899","0.11531998217105865","0.11531998217105865","0.11531998217105865","728","728","728"
"72999","0.12174545973539352","0.12174545973539352","0.12174545973539352","729","729","729"
"73099","0.11709065735340118","0.11709065735340118","0.11709065735340118","730","730","730"
"73199","0.11771012842655182","0.11771012842655182","0.11771012842655182","731","731","731"
"73299","0.12296422570943832","0.12296422570943832","0.12296422570943832","732","732","732"
"73399","0.11648871004581451","0.11648871004581451","0.11648871004581451","733","733","733"
"73499","0.11908021569252014","0.11908021569252014","0.11908021569252014","734","734","734"
"73599","0.11251669377088547","0.11251669377088547","0.11251669377088547","735","735","735"
"73699","0.1127801463007927","0.1127801463007927","0.1127801463007927","736","736","736"
"73799","0.1110067293047905","0.1110067293047905","0.1110067293047905","737","737","737"
"73899","0.11437051743268967","0.11437051743268967","0.11437051743268967","738","738","738"
"73999","0.1164773628115654","0.1164773628115654","0.1164773628115654","739","739","739"
"74099","0.12005448341369629","0.12005448341369629","0.12005448341369629","740","740","740"
"74199","0.11315956711769104","0.11315956711769104","0.11315956711769104","741","741","741"
"74299","0.12085114419460297","0.12085114419460297","0.12085114419460297","742","742","742"
"74399","0.11866508424282074","0.11866508424282074","0.11866508424282074","743","743","743"
"74499","0.11414376646280289","0.11414376646280289","0.11414376646280289","744","744","744"
"74599","0.114750936627388","0.114750936627388","0.114750936627388","745","745","745"
"74699","0.1145947054028511","0.1145947054028511","0.1145947054028511","746","746","746"
"74799","0.11172474175691605","0.11172474175691605","0.11172474175691605","747","747","747"
"74899","0.11280855536460876","0.11280855536460876","0.11280855536460876","748","748","748"
"74999","0.11764305084943771","0.11764305084943771","0.11764305084943771","749","749","749"
"75099","0.11428629606962204","0.11428629606962204","0.11428629606962204","750","750","750"
"75199","0.11280988156795502","0.11280988156795502","0.11280988156795502","751","751","751"
"75299","0.11597267538309097","0.11597267538309097","0.11597267538309097","752","752","752"
"75399","0.11542807519435883","0.11542807519435883","0.11542807519435883","753","753","753"
"75499","0.12016982585191727","0.12016982585191727","0.12016982585191727","754","754","754"
"75599","0.11129765212535858","0.11129765212535858","0.11129765212535858","755","755","755"
"75699","0.11807704716920853","0.11807704716920853","0.11807704716920853","756","756","756"
"75799","0.10531037300825119","0.10531037300825119","0.10531037300825119","757","757","757"
"75899","0.11644349992275238","0.11644349992275238","0.11644349992275238","758","758","758"
"75999","0.11665298044681549","0.11665298044681549","0.11665298044681549","759","759","759"
"76099","0.11755754053592682","0.11755754053592682","0.11755754053592682","760","760","760"
"76199","0.11390964686870575","0.11390964686870575","0.11390964686870575","761","761","761"
"76299","0.12216636538505554","0.12216636538505554","0.12216636538505554","762","762","762"
"76399","0.11767598986625671","0.11767598986625671","0.11767598986625671","763","763","763"
"76499","0.11128276586532593","0.11128276586532593","0.11128276586532593","764","764","764"
"76599","0.11200056970119476","0.11200056970119476","0.11200056970119476","765","765","765"
"76699","0.12026260793209076","0.12026260793209076","0.12026260793209076","766","766","766"
"76799","0.1175621747970581","0.1175621747970581","0.1175621747970581","767","767","767"
"76899","0.11343623697757721","0.11343623697757721","0.11343623697757721","768","768","768"
"76999","0.1177423968911171","0.1177423968911171","0.1177423968911171","769","769","769"
"77099","0.11689077317714691","0.11689077317714691","0.11689077317714691","770","770","770"
"77199","0.11770017445087433","0.11770017445087433","0.11770017445087433","771","771","771"
"77299","0.1121729388833046","0.1121729388833046","0.1121729388833046","772","772","772"
"77399","0.11408837139606476","0.11408837139606476","0.11408837139606476","773","773","773"
"77499","0.11972257494926453","0.11972257494926453","0.11972257494926453","774","774","774"
"77599","0.12164172530174255","0.12164172530174255","0.12164172530174255","775","775","775"
"77699","0.11436083912849426","0.11436083912849426","0.11436083912849426","776","776","776"
"77799","0.11772997677326202","0.11772997677326202","0.11772997677326202","777","777","777"
"77899","0.1215408518910408","0.1215408518910408","0.1215408518910408","778","778","778"
"77999","0.11574339866638184","0.11574339866638184","0.11574339866638184","779","779","779"
"78099","0.11808410286903381","0.11808410286903381","0.11808410286903381","780","780","780"
"78199","0.11816041171550751","0.11816041171550751","0.11816041171550751","781","781","781"
"78299","0.12129802256822586","0.12129802256822586","0.12129802256822586","782","782","782"
"78399","0.11353148519992828","0.11353148519992828","0.11353148519992828","783","783","783"
"78499","0.12119610607624054","0.12119610607624054","0.12119610607624054","784","784","784"
"78599","0.11289388686418533","0.11289388686418533","0.11289388686418533","785","785","785"
"78699","0.11706408858299255","0.11706408858299255","0.11706408858299255","786","786","786"
"78799","0.11216825991868973","0.11216825991868973","0.11216825991868973","787","787","787"
"78899","0.11557517945766449","0.11557517945766449","0.11557517945766449","788","788","788"
"78999","0.11257019639015198","0.11257019639015198","0.11257019639015198","789","789","789"
"79099","0.11623156815767288","0.11623156815767288","0.11623156815767288","790","790","790"
"79199","0.11393031477928162","0.11393031477928162","0.11393031477928162","791","791","791"
"79299","0.11935514956712723","0.11935514956712723","0.11935514956712723","792","792","792"
"79399","0.11877930909395218","0.11877930909395218","0.11877930909395218","793","793","793"
"79499","0.11111509054899216","0.11111509054899216","0.11111509054899216","794","794","794"
"79599","0.1162584125995636","0.1162584125995636","0.1162584125995636","795","795","795"
"79699","0.10937709361314774","0.10937709361314774","0.10937709361314774","796","796","796"
"79799","0.11756043881177902","0.11756043881177902","0.11756043881177902","797","797","797"
"79899","0.11744942516088486","0.11744942516088486","0.11744942516088486","798","798","798"
"79999","0.11453210562467575","0.11453210562467575","0.11453210562467575","799","799","799"
"80099","0.10924112796783447","0.10924112796783447","0.10924112796783447","800","800","800"
"80199","0.11302802711725235","0.11302802711725235","0.11302802711725235","801","801","801"
"80299","0.11962853372097015","0.11962853372097015","0.11962853372097015","802","802","802"
"80399","0.11402013897895813","0.11402013897895813","0.11402013897895813","803","803","803"
"80499","0.11813231557607651","0.11813231557607651","0.11813231557607651","804","804","804"
"80599","0.11407555639743805","0.11407555639743805","0.11407555639743805","805","805","805"
"80699","0.11330714821815491","0.11330714821815491","0.11330714821815491","806","806","806"
"80799","0.11221478879451752","0.11221478879451752","0.11221478879451752","807","807","807"
"80899","0.11223006248474121","0.11223006248474121","0.11223006248474121","808","808","808"
"80999","0.11909902095794678","0.11909902095794678","0.11909902095794678","809","809","809"
"81099","0.11734021455049515","0.11734021455049515","0.11734021455049515","810","810","810"
"81199","0.11438195407390594","0.11438195407390594","0.11438195407390594","811","811","811"
"81299","0.11843377351760864","0.11843377351760864","0.11843377351760864","812","812","812"
"81399","0.11142244935035706","0.11142244935035706","0.11142244935035706","813","813","813"
"81499","0.11748820543289185","0.11748820543289185","0.11748820543289185","814","814","814"
"81599","0.10966475307941437","0.10966475307941437","0.10966475307941437","815","815","815"
"81699","0.11881764978170395","0.11881764978170395","0.11881764978170395","816","816","816"
"81799","0.10951348394155502","0.10951348394155502","0.10951348394155502","817","817","817"
"81899","0.11221051961183548","0.11221051961183548","0.11221051961183548","818","818","818"
"81999","0.1141490489244461","0.1141490489244461","0.1141490489244461","819","819","819"
"82099","0.10515366494655609","0.10515366494655609","0.10515366494655609","820","820","820"
"82199","0.11733564734458923","0.11733564734458923","0.11733564734458923","821","821","821"
"82299","0.11478738486766815","0.11478738486766815","0.11478738486766815","822","822","822"
"82399","0.12006799131631851","0.12006799131631851","0.12006799131631851","823","823","823"
"82499","0.1108166053891182","0.1108166053891182","0.1108166053891182","824","824","824"
"82599","0.11822280287742615","0.11822280287742615","0.11822280287742615","825","825","825"
"82699","0.11557640880346298","0.11557640880346298","0.11557640880346298","826","826","826"
"82799","0.1139637902379036","0.1139637902379036","0.1139637902379036","827","827","827"
"82899","0.11849291622638702","0.11849291622638702","0.11849291622638702","828","828","828"
"82999","0.12111469358205795","0.12111469358205795","0.12111469358205795","829","829","829"
"83099","0.11343252658843994","0.11343252658843994","0.11343252658843994","830","830","830"
"83199","0.11858660727739334","0.11858660727739334","0.11858660727739334","831","831","831"
"83299","0.10987608879804611","0.10987608879804611","0.10987608879804611","832","832","832"
"83399","0.11390334367752075","0.11390334367752075","0.11390334367752075","833","833","833"
"83499","0.1212591901421547","0.1212591901421547","0.1212591901421547","834","834","834"
"83599","0.11404361575841904","0.11404361575841904","0.11404361575841904","835","835","835"
"83699","0.11934524774551392","0.11934524774551392","0.11934524774551392","836","836","836"
"83799","0.11698079854249954","0.11698079854249954","0.11698079854249954","837","837","837"
"83899","0.12238655984401703","0.12238655984401703","0.12238655984401703","838","838","838"
"83999","0.11465515941381454","0.11465515941381454","0.11465515941381454","839","839","839"
"84099","0.11696925759315491","0.11696925759315491","0.11696925759315491","840","840","840"
"84199","0.11631591618061066","0.11631591618061066","0.11631591618061066","841","841","841"
"84299","0.11531045287847519","0.11531045287847519","0.11531045287847519","842","842","842"
"84399","0.11205527931451797","0.11205527931451797","0.11205527931451797","843","843","843"
"84499","0.1189996600151062","0.1189996600151062","0.1189996600151062","844","844","844"
"84599","0.11814048886299133","0.11814048886299133","0.11814048886299133","845","845","845"
"84699","0.11434891819953918","0.11434891819953918","0.11434891819953918","846","846","846"
"84799","0.118433877825737","0.118433877825737","0.118433877825737","847","847","847"
"84899","0.1176161989569664","0.1176161989569664","0.1176161989569664","848","848","848"
"84999","0.11696906387805939","0.11696906387805939","0.11696906387805939","849","849","849"
"85099","0.11668311059474945","0.11668311059474945","0.11668311059474945","850","850","850"
"85199","0.11704625934362411","0.11704625934362411","0.11704625934362411","851","851","851"
"85299","0.11394214630126953","0.11394214630126953","0.11394214630126953","852","852","852"
"85399","0.11939804255962372","0.11939804255962372","0.11939804255962372","853","853","853"
"85499","0.11695987731218338","0.11695987731218338","0.11695987731218338","854","854","854"
"85599","0.11630865931510925","0.11630865931510925","0.11630865931510925","855","855","855"
"85699","0.1073671504855156","0.1073671504855156","0.1073671504855156","856","856","856"
"85799","0.11530633270740509","0.11530633270740509","0.11530633270740509","857","857","857"
"85899","0.11583288758993149","0.11583288758993149","0.11583288758993149","858","858","858"
"85999","0.11682087928056717","0.11682087928056717","0.11682087928056717","859","859","859"
"86099","0.11219750344753265","0.11219750344753265","0.11219750344753265","860","860","860"
"86199","0.11388029903173447","0.11388029903173447","0.11388029903173447","861","861","861"
"86299","0.11402522027492523","0.11402522027492523","0.11402522027492523","862","862","862"
"86399","0.11357830464839935","0.11357830464839935","0.11357830464839935","863","863","863"
"86499","0.1188596785068512","0.1188596785068512","0.1188596785068512","864","864","864"
"86599","0.12166847288608551","0.12166847288608551","0.12166847288608551","865","865","865"
"86699","0.11491615325212479","0.11491615325212479","0.11491615325212479","866","866","866"
"86799","0.10995028167963028","0.10995028167963028","0.10995028167963028","867","867","867"
"86899","0.11704373359680176","0.11704373359680176","0.11704373359680176","868","868","868"
"86999","0.11606001853942871","0.11606001853942871","0.11606001853942871","869","869","869"
"87099","0.11627223342657089","0.11627223342657089","0.11627223342657089","870","870","870"
"87199","0.11849866062402725","0.11849866062402725","0.11849866062402725","871","871","871"
"87299","0.1178857833147049","0.1178857833147049","0.1178857833147049","872","872","872"
"87399","0.12014991790056229","0.12014991790056229","0.12014991790056229","873","873","873"
"87499","0.11875751614570618","0.11875751614570618","0.11875751614570618","874","874","874"
"87599","0.12012235820293427","0.12012235820293427","0.12012235820293427","875","875","875"
"87699","0.11821503192186356","0.11821503192186356","0.11821503192186356","876","876","876"
"87799","0.11828768998384476","0.11828768998384476","0.11828768998384476","877","877","877"
"87899","0.11494102329015732","0.11494102329015732","0.11494102329015732","878","878","878"
"87999","0.12067760527133942","0.12067760527133942","0.12067760527133942","879","879","879"
"88099","0.11613517999649048","0.11613517999649048","0.11613517999649048","880","880","880"
"88199","0.11598428338766098","0.11598428338766098","0.11598428338766098","881","881","881"
"88299","0.11098503321409225","0.11098503321409225","0.11098503321409225","882","882","882"
"88399","0.11023686081171036","0.11023686081171036","0.11023686081171036","883","883","883"
"88499","0.11720246076583862","0.11720246076583862","0.11720246076583862","884","884","884"
"88599","0.11515480279922485","0.11515480279922485","0.11515480279922485","885","885","885"
"88699","0.1228390485048294","0.1228390485048294","0.1228390485048294","886","886","886"
"88799","0.11557325720787048","0.11557325720787048","0.11557325720787048","887","887","887"
"88899","0.11260892450809479","0.11260892450809479","0.11260892450809479","888","888","888"
"88999","0.12238726019859314","0.12238726019859314","0.12238726019859314","889","889","889"
"89099","0.11754002422094345","0.11754002422094345","0.11754002422094345","890","890","890"
"89199","0.12035646289587021","0.12035646289587021","0.12035646289587021","891","891","891"
"89299","0.11763640493154526","0.11763640493154526","0.11763640493154526","892","892","892"
"89399","0.11250907927751541","0.11250907927751541","0.11250907927751541","893","893","893"
"89499","0.11230757087469101","0.11230757087469101","0.11230757087469101","894","894","894"
"89599","0.11524573713541031","0.11524573713541031","0.11524573713541031","895","895","895"
"89699","0.11760423332452774","0.11760423332452774","0.11760423332452774","896","896","896"
"89799","0.11885613948106766","0.11885613948106766","0.11885613948106766","897","897","897"
"89899","0.11903535574674606","0.11903535574674606","0.11903535574674606","898","898","898"
"89999","0.11517336964607239","0.11517336964607239","0.11517336964607239","899","899","899"
"90099","0.11505966633558273","0.11505966633558273","0.11505966633558273","900","900","900"
"90199","0.11540792137384415","0.11540792137384415","0.11540792137384415","901","901","901"
"90299","0.11579998582601547","0.11579998582601547","0.11579998582601547","902","902","902"
"90399","0.11654073745012283","0.11654073745012283","0.11654073745012283","903","903","903"
"90499","0.10877792537212372","0.10877792537212372","0.10877792537212372","904","904","904"
"90599","0.10934844613075256","0.10934844613075256","0.10934844613075256","905","905","905"
"90699","0.10804900527000427","0.10804900527000427","0.10804900527000427","906","906","906"
"90799","0.11330797523260117","0.11330797523260117","0.11330797523260117","907","907","907"
"90899","0.11808741092681885","0.11808741092681885","0.11808741092681885","908","908","908"
"90999","0.11177083849906921","0.11177083849906921","0.11177083849906921","909","909","909"
"91099","0.11295977234840393","0.11295977234840393","0.11295977234840393","910","910","910"
"91199","0.1157454326748848","0.1157454326748848","0.1157454326748848","911","911","911"
"91299","0.11770150065422058","0.11770150065422058","0.11770150065422058","912","912","912"
"91399","0.11910656839609146","0.11910656839609146","0.11910656839609146","913","913","913"
"91499","0.11411967128515244","0.11411967128515244","0.11411967128515244","914","914","914"
"91599","0.1195758804678917","0.1195758804678917","0.1195758804678917","915","915","915"
"91699","0.11924820393323898","0.11924820393323898","0.11924820393323898","916","916","916"
"91799","0.11911217123270035","0.11911217123270035","0.11911217123270035","917","917","917"
"91899","0.11949153244495392","0.11949153244495392","0.11949153244495392","918","918","918"
"91999","0.11067350208759308","0.11067350208759308","0.11067350208759308","919","919","919"
"92099","0.1179681047797203","0.1179681047797203","0.1179681047797203","920","920","920"
"92199","0.11612439900636673","0.11612439900636673","0.11612439900636673","921","921","921"
"92299","0.12130067497491837","0.12130067497491837","0.12130067497491837","922","922","922"
"92399","0.11304527521133423","0.11304527521133423","0.11304527521133423","923","923","923"
"92499","0.11482129245996475","0.11482129245996475","0.11482129245996475","924","924","924"
"92599","0.12112801522016525","0.12112801522016525","0.12112801522016525","925","925","925"
"92699","0.12275993824005127","0.12275993824005127","0.12275993824005127","926","926","926"
"92799","0.11578364670276642","0.11578364670276642","0.11578364670276642","927","927","927"
"92899","0.11705244332551956","0.11705244332551956","0.11705244332551956","928","928","928"
"92999","0.11732861399650574","0.11732861399650574","0.11732861399650574","929","929","929"
"93099","0.11418174207210541","0.11418174207210541","0.11418174207210541","930","930","930"
"93199","0.11853022128343582","0.11853022128343582","0.11853022128343582","931","931","931"
"93299","0.11814821511507034","0.11814821511507034","0.11814821511507034","932","932","932"
"93399","0.11629684269428253","0.11629684269428253","0.11629684269428253","933","933","933"
"93499","0.11383821815252304","0.11383821815252304","0.11383821815252304","934","934","934"
"93599","0.1109304428100586","0.1109304428100586","0.1109304428100586","935","935","935"
"93699","0.10988334566354752","0.10988334566354752","0.10988334566354752","936","936","936"
"93799","0.11304370313882828","0.11304370313882828","0.11304370313882828","937","937","937"
"93899","0.11817128211259842","0.11817128211259842","0.11817128211259842","938","938","938"
"93999","0.12041257321834564","0.12041257321834564","0.12041257321834564","939","939","939"
"94099","0.11320561170578003","0.11320561170578003","0.11320561170578003","940","940","940"
"94199","0.10885176062583923","0.10885176062583923","0.10885176062583923","941","941","941"
"94299","0.11671554297208786","0.11671554297208786","0.11671554297208786","942","942","942"
"94399","0.11291781812906265","0.11291781812906265","0.11291781812906265","943","943","943"
"94499","0.11759734153747559","0.11759734153747559","0.11759734153747559","944","944","944"
"94599","0.11293907463550568","0.11293907463550568","0.11293907463550568","945","945","945"
"94699","0.11630162596702576","0.11630162596702576","0.11630162596702576","946","946","946"
"94799","0.11699370294809341","0.11699370294809341","0.11699370294809341","947","947","947"
"94899","0.10996761918067932","0.10996761918067932","0.10996761918067932","948","948","948"
"94999","0.1215539500117302","0.1215539500117302","0.1215539500117302","949","949","949"
"95099","0.11625764518976212","0.11625764518976212","0.11625764518976212","950","950","950"
"95199","0.10986091941595078","0.10986091941595078","0.10986091941595078","951","951","951"
"95299","0.10845091193914413","0.10845091193914413","0.10845091193914413","952","952","952"
"95399","0.1142377108335495","0.1142377108335495","0.1142377108335495","953","953","953"
"95499","0.11122210323810577","0.11122210323810577","0.11122210323810577","954","954","954"
"95599","0.11688344180583954","0.11688344180583954","0.11688344180583954","955","955","955"
"95699","0.11827713251113892","0.11827713251113892","0.11827713251113892","956","956","956"
"95799","0.11720431596040726","0.11720431596040726","0.11720431596040726","957","957","957"
"95899","0.11510100960731506","0.11510100960731506","0.11510100960731506","958","958","958"
"95999","0.11861742287874222","0.11861742287874222","0.11861742287874222","959","959","959"
"96099","0.11418821662664413","0.11418821662664413","0.11418821662664413","960","960","960"
"96199","0.11114233732223511","0.11114233732223511","0.11114233732223511","961","961","961"
"96299","0.11173995584249496","0.11173995584249496","0.11173995584249496","962","962","962"
"96399","0.1114988625049591","0.1114988625049591","0.1114988625049591","963","963","963"
"96499","0.10950644314289093","0.10950644314289093","0.10950644314289093","964","964","964"
"96599","0.1136198565363884","0.1136198565363884","0.1136198565363884","965","965","965"
"96699","0.11300769448280334","0.11300769448280334","0.11300769448280334","966","966","966"
"96799","0.11943833529949188","0.11943833529949188","0.11943833529949188","967","967","967"
"96899","0.11490286886692047","0.11490286886692047","0.11490286886692047","968","968","968"
"96999","0.11187098920345306","0.11187098920345306","0.11187098920345306","969","969","969"
"97099","0.11263202130794525","0.11263202130794525","0.11263202130794525","970","970","970"
"97199","0.11494658887386322","0.11494658887386322","0.11494658887386322","971","971","971"
"97299","0.11886580288410187","0.11886580288410187","0.11886580288410187","972","972","972"
"97399","0.11915615946054459","0.11915615946054459","0.11915615946054459","973","973","973"
"97499","0.11592479050159454","0.11592479050159454","0.11592479050159454","974","974","974"
"97599","0.1162092387676239","0.1162092387676239","0.1162092387676239","975","975","975"
"97699","0.11539372056722641","0.11539372056722641","0.11539372056722641","976","976","976"
"97799","0.1172919049859047","0.1172919049859047","0.1172919049859047","977","977","977"
"97899","0.12087519466876984","0.12087519466876984","0.12087519466876984","978","978","978"
"97999","0.10994064807891846","0.10994064807891846","0.10994064807891846","979","979","979"
"98099","0.11412076652050018","0.11412076652050018","0.11412076652050018","980","980","980"
"98199","0.11594407260417938","0.11594407260417938","0.11594407260417938","981","981","981"
"98299","0.10886389762163162","0.10886389762163162","0.10886389762163162","982","982","982"
"98399","0.11498738825321198","0.11498738825321198","0.11498738825321198","983","983","983"
"98499","0.11539773643016815","0.11539773643016815","0.11539773643016815","984","984","984"
"98599","0.11951947212219238","0.11951947212219238","0.11951947212219238","985","985","985"
"98699","0.11906301975250244","0.11906301975250244","0.11906301975250244","986","986","986"
"98799","0.11127320677042007","0.11127320677042007","0.11127320677042007","987","987","987"
"98899","0.11228348314762115","0.11228348314762115","0.11228348314762115","988","988","988"
"98999","0.11531747877597809","0.11531747877597809","0.11531747877597809","989","989","989"
"99099","0.11505479365587234","0.11505479365587234","0.11505479365587234","990","990","990"
"99199","0.1101163774728775","0.1101163774728775","0.1101163774728775","991","991","991"
"99299","0.11679700762033463","0.11679700762033463","0.11679700762033463","992","992","992"
"99399","0.11666431277990341","0.11666431277990341","0.11666431277990341","993","993","993"
"99499","0.11031252145767212","0.11031252145767212","0.11031252145767212","994","994","994"
"99599","0.11156276613473892","0.11156276613473892","0.11156276613473892","995","995","995"
"99699","0.1173378974199295","0.1173378974199295","0.1173378974199295","996","996","996"
"99799","0.11471079289913177","0.11471079289913177","0.11471079289913177","997","997","997"
"99899","0.1184505745768547","0.1184505745768547","0.1184505745768547","998","998","998"
"99999","0.11434997618198395","0.11434997618198395","0.11434997618198395","999","999","999"
"100099","0.11498520523309708","0.11498520523309708","0.11498520523309708","1000","1000","1000"
"100199","0.11538488417863846","0.11538488417863846","0.11538488417863846","1001","1001","1001"
"100299","0.11337201297283173","0.11337201297283173","0.11337201297283173","1002","1002","1002"
"100399","0.11105514317750931","0.11105514317750931","0.11105514317750931","1003","1003","1003"
"100499","0.11071747541427612","0.11071747541427612","0.11071747541427612","1004","1004","1004"
"100599","0.11523555219173431","0.11523555219173431","0.11523555219173431","1005","1005","1005"
"100699","0.1124102920293808","0.1124102920293808","0.1124102920293808","1006","1006","1006"
"100799","0.11680468916893005","0.11680468916893005","0.11680468916893005","1007","1007","1007"
"100899","0.11637938767671585","0.11637938767671585","0.11637938767671585","1008","1008","1008"
"100999","0.11803428083658218","0.11803428083658218","0.11803428083658218","1009","1009","1009"
"101099","0.11270502209663391","0.11270502209663391","0.11270502209663391","1010","1010","1010"
"101199","0.11589375883340836","0.11589375883340836","0.11589375883340836","1011","1011","1011"
"101299","0.12366056442260742","0.12366056442260742","0.12366056442260742","1012","1012","1012"
"101399","0.11027146130800247","0.11027146130800247","0.11027146130800247","1013","1013","1013"
"101499","0.11187279969453812","0.11187279969453812","0.11187279969453812","1014","1014","1014"
"101599","0.11667652428150177","0.11667652428150177","0.11667652428150177","1015","1015","1015"
"101699","0.11283791810274124","0.11283791810274124","0.11283791810274124","1016","1016","1016"
"101799","0.1271452158689499","0.1271452158689499","0.1271452158689499","1017","1017","1017"
"101899","0.11114092916250229","0.11114092916250229","0.11114092916250229","1018","1018","1018"
"101999","0.11284766346216202","0.11284766346216202","0.11284766346216202","1019","1019","1019"
"102099","0.11407449096441269","0.11407449096441269","0.11407449096441269","1020","1020","1020"
"102199","0.11673862487077713","0.11673862487077713","0.11673862487077713","1021","1021","1021"
"102299","0.11577360332012177","0.11577360332012177","0.11577360332012177","1022","1022","1022"
"102399","0.1188017725944519","0.1188017725944519","0.1188017725944519","1023","1023","1023"
"102499","0.11225578933954239","0.11225578933954239","0.11225578933954239","1024","1024","1024"
"102599","0.11505132168531418","0.11505132168531418","0.11505132168531418","1025","1025","1025"
"102699","0.11419007927179337","0.11419007927179337","0.11419007927179337","1026","1026","1026"
"102799","0.11192914843559265","0.11192914843559265","0.11192914843559265","1027","1027","1027"
"102899","0.1116311252117157","0.1116311252117157","0.1116311252117157","1028","1028","1028"
"102999","0.10530456155538559","0.10530456155538559","0.10530456155538559","1029","1029","1029"
"103099","0.12081354111433029","0.12081354111433029","0.12081354111433029","1030","1030","1030"
"103199","0.11392536759376526","0.11392536759376526","0.11392536759376526","1031","1031","1031"
"103299","0.12073459476232529","0.12073459476232529","0.12073459476232529","1032","1032","1032"
"103399","0.12087002396583557","0.12087002396583557","0.12087002396583557","1033","1033","1033"
"103499","0.11422108858823776","0.11422108858823776","0.11422108858823776","1034","1034","1034"
"103599","0.1160518154501915","0.1160518154501915","0.1160518154501915","1035","1035","1035"
"103699","0.1091388389468193","0.1091388389468193","0.1091388389468193","1036","1036","1036"
"103799","0.11662580817937851","0.11662580817937851","0.11662580817937851","1037","1037","1037"
"103899","0.11301551759243011","0.11301551759243011","0.11301551759243011","1038","1038","1038"
"103999","0.11954326182603836","0.11954326182603836","0.11954326182603836","1039","1039","1039"
"104099","0.11720940470695496","0.11720940470695496","0.11720940470695496","1040","1040","1040"
"104199","0.11130395531654358","0.11130395531654358","0.11130395531654358","1041","1041","1041"
"104299","0.1187952533364296","0.1187952533364296","0.1187952533364296","1042","1042","1042"
"104399","0.11424170434474945","0.11424170434474945","0.11424170434474945","1043","1043","1043"
"104499","0.10724043101072311","0.10724043101072311","0.10724043101072311","1044","1044","1044"
"104599","0.11720538139343262","0.11720538139343262","0.11720538139343262","1045","1045","1045"
"104699","0.11216168105602264","0.11216168105602264","0.11216168105602264","1046","1046","1046"
"104799","0.11897176504135132","0.11897176504135132","0.11897176504135132","1047","1047","1047"
"104899","0.11133018881082535","0.11133018881082535","0.11133018881082535","1048","1048","1048"
"104999","0.1102377250790596","0.1102377250790596","0.1102377250790596","1049","1049","1049"
"105099","0.11473391205072403","0.11473391205072403","0.11473391205072403","1050","1050","1050"
"105199","0.11914830654859543","0.11914830654859543","0.11914830654859543","1051","1051","1051"
"105299","0.10917674005031586","0.10917674005031586","0.10917674005031586","1052","1052","1052"
"105399","0.11897329986095428","0.11897329986095428","0.11897329986095428","1053","1053","1053"
"105499","0.1153261736035347","0.1153261736035347","0.1153261736035347","1054","1054","1054"
"105599","0.11824379861354828","0.11824379861354828","0.11824379861354828","1055","1055","1055"
"105699","0.11025994271039963","0.11025994271039963","0.11025994271039963","1056","1056","1056"
"105799","0.10825498402118683","0.10825498402118683","0.10825498402118683","1057","1057","1057"
"105899","0.10786827653646469","0.10786827653646469","0.10786827653646469","1058","1058","1058"
"105999","0.12749770283699036","0.12749770283699036","0.12749770283699036","1059","1059","1059"
"106099","0.11001551896333694","0.11001551896333694","0.11001551896333694","1060","1060","1060"
"106199","0.11160998791456223","0.11160998791456223","0.11160998791456223","1061","1061","1061"
"106299","0.11634273082017899","0.11634273082017899","0.11634273082017899","1062","1062","1062"
"106399","0.1090308427810669","0.1090308427810669","0.1090308427810669","1063","1063","1063"
"106499","0.1204337626695633","0.1204337626695633","0.1204337626695633","1064","1064","1064"
"106599","0.11068813502788544","0.11068813502788544","0.11068813502788544","1065","1065","1065"
"106699","0.11916422098875046","0.11916422098875046","0.11916422098875046","1066","1066","1066"
"106799","0.11307598650455475","0.11307598650455475","0.11307598650455475","1067","1067","1067"
"106899","0.11066759377717972","0.11066759377717972","0.11066759377717972","1068","1068","1068"
"106999","0.1144544929265976","0.1144544929265976","0.1144544929265976","1069","1069","1069"
"107099","0.11740477383136749","0.11740477383136749","0.11740477383136749","1070","1070","1070"
"107199","0.11879909038543701","0.11879909038543701","0.11879909038543701","1071","1071","1071"
"107299","0.11980903148651123","0.11980903148651123","0.11980903148651123","1072","1072","1072"
"107399","0.11235315352678299","0.11235315352678299","0.11235315352678299","1073","1073","1073"
"107499","0.11256009340286255","0.11256009340286255","0.11256009340286255","1074","1074","1074"
"107599","0.11402057856321335","0.11402057856321335","0.11402057856321335","1075","1075","1075"
"107699","0.11272940039634705","0.11272940039634705","0.11272940039634705","1076","1076","1076"
"107799","0.11081346124410629","0.11081346124410629","0.11081346124410629","1077","1077","1077"
"107899","0.11646128445863724","0.11646128445863724","0.11646128445863724","1078","1078","1078"
"107999","0.11564084142446518","0.11564084142446518","0.11564084142446518","1079","1079","1079"
"108099","0.11235452443361282","0.11235452443361282","0.11235452443361282","1080","1080","1080"
"108199","0.11544323712587357","0.11544323712587357","0.11544323712587357","1081","1081","1081"
"108299","0.11216897517442703","0.11216897517442703","0.11216897517442703","1082","1082","1082"
"108399","0.11429404467344284","0.11429404467344284","0.11429404467344284","1083","1083","1083"
"108499","0.11022677272558212","0.11022677272558212","0.11022677272558212","1084","1084","1084"
"108599","0.11527840048074722","0.11527840048074722","0.11527840048074722","1085","1085","1085"
"108699","0.11148598045110703","0.11148598045110703","0.11148598045110703","1086","1086","1086"
"108799","0.11726857721805573","0.11726857721805573","0.11726857721805573","1087","1087","1087"
"108899","0.11512071639299393","0.11512071639299393","0.11512071639299393","1088","1088","1088"
"108999","0.11314618587493896","0.11314618587493896","0.11314618587493896","1089","1089","1089"
"109099","0.11323897540569305","0.11323897540569305","0.11323897540569305","1090","1090","1090"
"109199","0.11784365773200989","0.11784365773200989","0.11784365773200989","1091","1091","1091"
"109299","0.11619410663843155","0.11619410663843155","0.11619410663843155","1092","1092","1092"
"109399","0.11471947282552719","0.11471947282552719","0.11471947282552719","1093","1093","1093"
"109499","0.1165439784526825","0.1165439784526825","0.1165439784526825","1094","1094","1094"
"109599","0.11960189044475555","0.11960189044475555","0.11960189044475555","1095","1095","1095"
"109699","0.11206305772066116","0.11206305772066116","0.11206305772066116","1096","1096","1096"
"109799","0.10983632504940033","0.10983632504940033","0.10983632504940033","1097","1097","1097"
"109899","0.10788964480161667","0.10788964480161667","0.10788964480161667","1098","1098","1098"
"109999","0.1183246597647667","0.1183246597647667","0.1183246597647667","1099","1099","1099"
"110099","0.10708677023649216","0.10708677023649216","0.10708677023649216","1100","1100","1100"
"110199","0.1128304973244667","0.1128304973244667","0.1128304973244667","1101","1101","1101"
"110299","0.11498194932937622","0.11498194932937622","0.11498194932937622","1102","1102","1102"
"110399","0.11597059667110443","0.11597059667110443","0.11597059667110443","1103","1103","1103"
"110499","0.1137324795126915","0.1137324795126915","0.1137324795126915","1104","1104","1104"
"110599","0.11658044159412384","0.11658044159412384","0.11658044159412384","1105","1105","1105"
"110699","0.11968915164470673","0.11968915164470673","0.11968915164470673","1106","1106","1106"
"110799","0.11431832611560822","0.11431832611560822","0.11431832611560822","1107","1107","1107"
"110899","0.11146225780248642","0.11146225780248642","0.11146225780248642","1108","1108","1108"
"110999","0.114840067923069","0.114840067923069","0.114840067923069","1109","1109","1109"
"111099","0.1110033318400383","0.1110033318400383","0.1110033318400383","1110","1110","1110"
"111199","0.10777464509010315","0.10777464509010315","0.10777464509010315","1111","1111","1111"
"111299","0.11569886654615402","0.11569886654615402","0.11569886654615402","1112","1112","1112"
"111399","0.11420299857854843","0.11420299857854843","0.11420299857854843","1113","1113","1113"
"111499","0.12095476686954498","0.12095476686954498","0.12095476686954498","1114","1114","1114"
"111599","0.11501955986022949","0.11501955986022949","0.11501955986022949","1115","1115","1115"
"111699","0.11398285627365112","0.11398285627365112","0.11398285627365112","1116","1116","1116"
"111799","0.11770762503147125","0.11770762503147125","0.11770762503147125","1117","1117","1117"
"111899","0.1125933900475502","0.1125933900475502","0.1125933900475502","1118","1118","1118"
"111999","0.11101214587688446","0.11101214587688446","0.11101214587688446","1119","1119","1119"
"112099","0.12050311267375946","0.12050311267375946","0.12050311267375946","1120","1120","1120"
"112199","0.1074027568101883","0.1074027568101883","0.1074027568101883","1121","1121","1121"
"112299","0.11540186405181885","0.11540186405181885","0.11540186405181885","1122","1122","1122"
"112399","0.11190155893564224","0.11190155893564224","0.11190155893564224","1123","1123","1123"
"112499","0.1152438372373581","0.1152438372373581","0.1152438372373581","1124","1124","1124"
"112599","0.11515739560127258","0.11515739560127258","0.11515739560127258","1125","1125","1125"
"112699","0.11743789911270142","0.11743789911270142","0.11743789911270142","1126","1126","1126"
"112799","0.11017471551895142","0.11017471551895142","0.11017471551895142","1127","1127","1127"
"112899","0.11214230209589005","0.11214230209589005","0.11214230209589005","1128","1128","1128"
"112999","0.11211483925580978","0.11211483925580978","0.11211483925580978","1129","1129","1129"
"113099","0.1158456802368164","0.1158456802368164","0.1158456802368164","1130","1130","1130"
"113199","0.11381514370441437","0.11381514370441437","0.11381514370441437","1131","1131","1131"
"113299","0.11778252571821213","0.11778252571821213","0.11778252571821213","1132","1132","1132"
"113399","0.11733853071928024","0.11733853071928024","0.11733853071928024","1133","1133","1133"
"113499","0.10900821536779404","0.10900821536779404","0.10900821536779404","1134","1134","1134"
"113599","0.11295775324106216","0.11295775324106216","0.11295775324106216","1135","1135","1135"
"113699","0.1094183400273323","0.1094183400273323","0.1094183400273323","1136","1136","1136"
"113799","0.11958501487970352","0.11958501487970352","0.11958501487970352","1137","1137","1137"
"113899","0.1160798966884613","0.1160798966884613","0.1160798966884613","1138","1138","1138"
"113999","0.12319861352443695","0.12319861352443695","0.12319861352443695","1139","1139","1139"
"114099","0.1118864044547081","0.1118864044547081","0.1118864044547081","1140","1140","1140"
"114199","0.11110183596611023","0.11110183596611023","0.11110183596611023","1141","1141","1141"
"114299","0.11399714648723602","0.11399714648723602","0.11399714648723602","1142","1142","1142"
"114399","0.10720232874155045","0.10720232874155045","0.10720232874155045","1143","1143","1143"
"114499","0.11648168414831161","0.11648168414831161","0.11648168414831161","1144","1144","1144"
"114599","0.11030283570289612","0.11030283570289612","0.11030283570289612","1145","1145","1145"
"114699","0.11848793923854828","0.11848793923854828","0.11848793923854828","1146","1146","1146"
"114799","0.11117931455373764","0.11117931455373764","0.11117931455373764","1147","1147","1147"
"114899","0.11201740801334381","0.11201740801334381","0.11201740801334381","1148","1148","1148"
"114999","0.11167675256729126","0.11167675256729126","0.11167675256729126","1149","1149","1149"
"115099","0.11415818333625793","0.11415818333625793","0.11415818333625793","1150","1150","1150"
"115199","0.11867610365152359","0.11867610365152359","0.11867610365152359","1151","1151","1151"
"115299","0.12008803337812424","0.12008803337812424","0.12008803337812424","1152","1152","1152"
"115399","0.11835449934005737","0.11835449934005737","0.11835449934005737","1153","1153","1153"
"115499","0.1167147234082222","0.1167147234082222","0.1167147234082222","1154","1154","1154"
"115599","0.11580165475606918","0.11580165475606918","0.11580165475606918","1155","1155","1155"
"115699","0.11314712464809418","0.11314712464809418","0.11314712464809418","1156","1156","1156"
"115799","0.11229249089956284","0.11229249089956284","0.11229249089956284","1157","1157","1157"
"115899","0.10949526727199554","0.10949526727199554","0.10949526727199554","1158","1158","1158"
"115999","0.11004817485809326","0.11004817485809326","0.11004817485809326","1159","1159","1159"
"116099","0.11454878002405167","0.11454878002405167","0.11454878002405167","1160","1160","1160"
"116199","0.11670231074094772","0.11670231074094772","0.11670231074094772","1161","1161","1161"
"116299","0.1146625503897667","0.1146625503897667","0.1146625503897667","1162","1162","1162"
"116399","0.1170114204287529","0.1170114204287529","0.1170114204287529","1163","1163","1163"
"116499","0.11456774920225143","0.11456774920225143","0.11456774920225143","1164","1164","1164"
"116599","0.118901327252388","0.118901327252388","0.118901327252388","1165","1165","1165"
"116699","0.11425786465406418","0.11425786465406418","0.11425786465406418","1166","1166","1166"
"116799","0.11149680614471436","0.11149680614471436","0.11149680614471436","1167","1167","1167"
"116899","0.11325454711914062","0.11325454711914062","0.11325454711914062","1168","1168","1168"
"116999","0.10779712349176407","0.10779712349176407","0.10779712349176407","1169","1169","1169"
"117099","0.11825285106897354","0.11825285106897354","0.11825285106897354","1170","1170","1170"
"117199","0.1218482255935669","0.1218482255935669","0.1218482255935669","1171","1171","1171"
"117299","0.11926314979791641","0.11926314979791641","0.11926314979791641","1172","1172","1172"
"117399","0.11928088217973709","0.11928088217973709","0.11928088217973709","1173","1173","1173"
"117499","0.1103006973862648","0.1103006973862648","0.1103006973862648","1174","1174","1174"
"117599","0.1138007640838623","0.1138007640838623","0.1138007640838623","1175","1175","1175"
"117699","0.11401446163654327","0.11401446163654327","0.11401446163654327","1176","1176","1176"
"117799","0.11095331609249115","0.11095331609249115","0.11095331609249115","1177","1177","1177"
"117899","0.11338211596012115","0.11338211596012115","0.11338211596012115","1178","1178","1178"
"117999","0.11136674880981445","0.11136674880981445","0.11136674880981445","1179","1179","1179"
"118099","0.107213094830513","0.107213094830513","0.107213094830513","1180","1180","1180"
"118199","0.11187023669481277","0.11187023669481277","0.11187023669481277","1181","1181","1181"
"118299","0.11885257810354233","0.11885257810354233","0.11885257810354233","1182","1182","1182"
"118399","0.1124652698636055","0.1124652698636055","0.1124652698636055","1183","1183","1183"
"118499","0.11176036298274994","0.11176036298274994","0.11176036298274994","1184","1184","1184"
"118599","0.1172008141875267","0.1172008141875267","0.1172008141875267","1185","1185","1185"
"118699","0.10957266390323639","0.10957266390323639","0.10957266390323639","1186","1186","1186"
"118799","0.10867245495319366","0.10867245495319366","0.10867245495319366","1187","1187","1187"
"118899","0.1153874546289444","0.1153874546289444","0.1153874546289444","1188","1188","1188"
"118999","0.11989439278841019","0.11989439278841019","0.11989439278841019","1189","1189","1189"
"119099","0.11199117451906204","0.11199117451906204","0.11199117451906204","1190","1190","1190"
"119199","0.11526467651128769","0.11526467651128769","0.11526467651128769","1191","1191","1191"
"119299","0.11329898238182068","0.11329898238182068","0.11329898238182068","1192","1192","1192"
"119399","0.11558167636394501","0.11558167636394501","0.11558167636394501","1193","1193","1193"
"119499","0.1149693951010704","0.1149693951010704","0.1149693951010704","1194","1194","1194"
"119599","0.11455824226140976","0.11455824226140976","0.11455824226140976","1195","1195","1195"
"119699","0.10564950108528137","0.10564950108528137","0.10564950108528137","1196","1196","1196"
"119799","0.11557578295469284","0.11557578295469284","0.11557578295469284","1197","1197","1197"
"119899","0.10773319005966187","0.10773319005966187","0.10773319005966187","1198","1198","1198"
"119999","0.11754922568798065","0.11754922568798065","0.11754922568798065","1199","1199","1199"
"120099","0.11393074691295624","0.11393074691295624","0.11393074691295624","1200","1200","1200"
"120199","0.11846338957548141","0.11846338957548141","0.11846338957548141","1201","1201","1201"
"120299","0.11098414659500122","0.11098414659500122","0.11098414659500122","1202","1202","1202"
"120399","0.11833125352859497","0.11833125352859497","0.11833125352859497","1203","1203","1203"
"120499","0.1111052855849266","0.1111052855849266","0.1111052855849266","1204","1204","1204"
"120599","0.11392397433519363","0.11392397433519363","0.11392397433519363","1205","1205","1205"
"120699","0.10817345231771469","0.10817345231771469","0.10817345231771469","1206","1206","1206"
"120799","0.11824642866849899","0.11824642866849899","0.11824642866849899","1207","1207","1207"
"120899","0.11085633188486099","0.11085633188486099","0.11085633188486099","1208","1208","1208"
"120999","0.11452207714319229","0.11452207714319229","0.11452207714319229","1209","1209","1209"
"121099","0.10853630304336548","0.10853630304336548","0.10853630304336548","1210","1210","1210"
"121199","0.11165399849414825","0.11165399849414825","0.11165399849414825","1211","1211","1211"
"121299","0.12082044780254364","0.12082044780254364","0.12082044780254364","1212","1212","1212"
"121399","0.10700267553329468","0.10700267553329468","0.10700267553329468","1213","1213","1213"
"121499","0.11172681301832199","0.11172681301832199","0.11172681301832199","1214","1214","1214"
"121599","0.11219305545091629","0.11219305545091629","0.11219305545091629","1215","1215","1215"
"121699","0.12161588668823242","0.12161588668823242","0.12161588668823242","1216","1216","1216"
"121799","0.11055104434490204","0.11055104434490204","0.11055104434490204","1217","1217","1217"
"121899","0.11000380665063858","0.11000380665063858","0.11000380665063858","1218","1218","1218"
"121999","0.11173871159553528","0.11173871159553528","0.11173871159553528","1219","1219","1219"
"122099","0.112343929708004","0.112343929708004","0.112343929708004","1220","1220","1220"
"122199","0.12045988440513611","0.12045988440513611","0.12045988440513611","1221","1221","1221"
"122299","0.11286590248346329","0.11286590248346329","0.11286590248346329","1222","1222","1222"
"122399","0.11307789385318756","0.11307789385318756","0.11307789385318756","1223","1223","1223"
"122499","0.1122104674577713","0.1122104674577713","0.1122104674577713","1224","1224","1224"
"122599","0.11864668130874634","0.11864668130874634","0.11864668130874634","1225","1225","1225"
"122699","0.11715197563171387","0.11715197563171387","0.11715197563171387","1226","1226","1226"
"122799","0.1119883731007576","0.1119883731007576","0.1119883731007576","1227","1227","1227"
"122899","0.11651542782783508","0.11651542782783508","0.11651542782783508","1228","1228","1228"
"122999","0.11962901800870895","0.11962901800870895","0.11962901800870895","1229","1229","1229"
"123099","0.11572407931089401","0.11572407931089401","0.11572407931089401","1230","1230","1230"
"123199","0.1156785786151886","0.1156785786151886","0.1156785786151886","1231","1231","1231"
"123299","0.10637212544679642","0.10637212544679642","0.10637212544679642","1232","1232","1232"
"123399","0.11466290801763535","0.11466290801763535","0.11466290801763535","1233","1233","1233"
"123499","0.11690201610326767","0.11690201610326767","0.11690201610326767","1234","1234","1234"
"123599","0.1206209734082222","0.1206209734082222","0.1206209734082222","1235","1235","1235"
"123699","0.1125372052192688","0.1125372052192688","0.1125372052192688","1236","1236","1236"
"123799","0.12121732532978058","0.12121732532978058","0.12121732532978058","1237","1237","1237"
"123899","0.11769504845142365","0.11769504845142365","0.11769504845142365","1238","1238","1238"
"123999","0.11240720748901367","0.11240720748901367","0.11240720748901367","1239","1239","1239"
"124099","0.10802730917930603","0.10802730917930603","0.10802730917930603","1240","1240","1240"
"124199","0.10843676328659058","0.10843676328659058","0.10843676328659058","1241","1241","1241"
"124299","0.11591444164514542","0.11591444164514542","0.11591444164514542","1242","1242","1242"
"124399","0.10918375104665756","0.10918375104665756","0.10918375104665756","1243","1243","1243"
"124499","0.12207266688346863","0.12207266688346863","0.12207266688346863","1244","1244","1244"
"124599","0.11105746030807495","0.11105746030807495","0.11105746030807495","1245","1245","1245"
"124699","0.1096852645277977","0.1096852645277977","0.1096852645277977","1246","1246","1246"
"124799","0.11335121840238571","0.11335121840238571","0.11335121840238571","1247","1247","1247"
"124899","0.1130407527089119","0.1130407527089119","0.1130407527089119","1248","1248","1248"
"124999","0.11143091320991516","0.11143091320991516","0.11143091320991516","1249","1249","1249"
"125099","0.11147619038820267","0.11147619038820267","0.11147619038820267","1250","1250","1250"
"125199","0.11354489624500275","0.11354489624500275","0.11354489624500275","1251","1251","1251"
"125299","0.11939194053411484","0.11939194053411484","0.11939194053411484","1252","1252","1252"
"125399","0.11201200634241104","0.11201200634241104","0.11201200634241104","1253","1253","1253"
"125499","0.11320441961288452","0.11320441961288452","0.11320441961288452","1254","1254","1254"
"125599","0.11442506313323975","0.11442506313323975","0.11442506313323975","1255","1255","1255"
"125699","0.11228249967098236","0.11228249967098236","0.11228249967098236","1256","1256","1256"
"125799","0.10898581892251968","0.10898581892251968","0.10898581892251968","1257","1257","1257"
"125899","0.11243101209402084","0.11243101209402084","0.11243101209402084","1258","1258","1258"
"125999","0.11911921203136444","0.11911921203136444","0.11911921203136444","1259","1259","1259"
"126099","0.1120912954211235","0.1120912954211235","0.1120912954211235","1260","1260","1260"
"126199","0.11150187999010086","0.11150187999010086","0.11150187999010086","1261","1261","1261"
"126299","0.11673129349946976","0.11673129349946976","0.11673129349946976","1262","1262","1262"
"126399","0.11248435825109482","0.11248435825109482","0.11248435825109482","1263","1263","1263"
"126499","0.11588922888040543","0.11588922888040543","0.11588922888040543","1264","1264","1264"
"126599","0.10751811414957047","0.10751811414957047","0.10751811414957047","1265","1265","1265"
"126699","0.11555215716362","0.11555215716362","0.11555215716362","1266","1266","1266"
"126799","0.11500202119350433","0.11500202119350433","0.11500202119350433","1267","1267","1267"
"126899","0.11454085260629654","0.11454085260629654","0.11454085260629654","1268","1268","1268"
"126999","0.11212176084518433","0.11212176084518433","0.11212176084518433","1269","1269","1269"
"127099","0.11766515672206879","0.11766515672206879","0.11766515672206879","1270","1270","1270"
"127199","0.11971520632505417","0.11971520632505417","0.11971520632505417","1271","1271","1271"
"127299","0.1160617247223854","0.1160617247223854","0.1160617247223854","1272","1272","1272"
"127399","0.10976452380418777","0.10976452380418777","0.10976452380418777","1273","1273","1273"
"127499","0.12084612250328064","0.12084612250328064","0.12084612250328064","1274","1274","1274"
"127599","0.11508460342884064","0.11508460342884064","0.11508460342884064","1275","1275","1275"
"127699","0.11673463135957718","0.11673463135957718","0.11673463135957718","1276","1276","1276"
"127799","0.11391273885965347","0.11391273885965347","0.11391273885965347","1277","1277","1277"
"127899","0.11444195359945297","0.11444195359945297","0.11444195359945297","1278","1278","1278"
"127999","0.11467929184436798","0.11467929184436798","0.11467929184436798","1279","1279","1279"
"128099","0.11345333606004715","0.11345333606004715","0.11345333606004715","1280","1280","1280"
"128199","0.11753197014331818","0.11753197014331818","0.11753197014331818","1281","1281","1281"
"128299","0.11973005533218384","0.11973005533218384","0.11973005533218384","1282","1282","1282"
"128399","0.11884681135416031","0.11884681135416031","0.11884681135416031","1283","1283","1283"
"128499","0.1145283654332161","0.1145283654332161","0.1145283654332161","1284","1284","1284"
"128599","0.11222027242183685","0.11222027242183685","0.11222027242183685","1285","1285","1285"
"128699","0.11457165330648422","0.11457165330648422","0.11457165330648422","1286","1286","1286"
"128799","0.11124446243047714","0.11124446243047714","0.11124446243047714","1287","1287","1287"
"128899","0.10858563333749771","0.10858563333749771","0.10858563333749771","1288","1288","1288"
"128999","0.11428771913051605","0.11428771913051605","0.11428771913051605","1289","1289","1289"
"129099","0.12106756865978241","0.12106756865978241","0.12106756865978241","1290","1290","1290"
"129199","0.11648808419704437","0.11648808419704437","0.11648808419704437","1291","1291","1291"
"129299","0.11567028611898422","0.11567028611898422","0.11567028611898422","1292","1292","1292"
"129399","0.11891812831163406","0.11891812831163406","0.11891812831163406","1293","1293","1293"
"129499","0.1184270977973938","0.1184270977973938","0.1184270977973938","1294","1294","1294"
"129599","0.11554009467363358","0.11554009467363358","0.11554009467363358","1295","1295","1295"
"129699","0.11538299918174744","0.11538299918174744","0.11538299918174744","1296","1296","1296"
"129799","0.11371873319149017","0.11371873319149017","0.11371873319149017","1297","1297","1297"
"129899","0.11476791650056839","0.11476791650056839","0.11476791650056839","1298","1298","1298"
"129999","0.11388618499040604","0.11388618499040604","0.11388618499040604","1299","1299","1299"
"130099","0.1103053092956543","0.1103053092956543","0.1103053092956543","1300","1300","1300"
"130199","0.1109582930803299","0.1109582930803299","0.1109582930803299","1301","1301","1301"
"130299","0.1109069362282753","0.1109069362282753","0.1109069362282753","1302","1302","1302"
"130399","0.11008209735155106","0.11008209735155106","0.11008209735155106","1303","1303","1303"
"130499","0.10870837420225143","0.10870837420225143","0.10870837420225143","1304","1304","1304"
"130599","0.10773759335279465","0.10773759335279465","0.10773759335279465","1305","1305","1305"
"130699","0.10944576561450958","0.10944576561450958","0.10944576561450958","1306","1306","1306"
"130799","0.10897334665060043","0.10897334665060043","0.10897334665060043","1307","1307","1307"
"130899","0.11705853790044785","0.11705853790044785","0.11705853790044785","1308","1308","1308"
"130999","0.11784029006958008","0.11784029006958008","0.11784029006958008","1309","1309","1309"
"131099","0.11419758200645447","0.11419758200645447","0.11419758200645447","1310","1310","1310"
"131199","0.1132955253124237","0.1132955253124237","0.1132955253124237","1311","1311","1311"
"131299","0.11610740423202515","0.11610740423202515","0.11610740423202515","1312","1312","1312"
"131399","0.11337925493717194","0.11337925493717194","0.11337925493717194","1313","1313","1313"
"131499","0.11775925010442734","0.11775925010442734","0.11775925010442734","1314","1314","1314"
"131599","0.11978784948587418","0.11978784948587418","0.11978784948587418","1315","1315","1315"
"131699","0.11086931079626083","0.11086931079626083","0.11086931079626083","1316","1316","1316"
"131799","0.11420971155166626","0.11420971155166626","0.11420971155166626","1317","1317","1317"
"131899","0.10984884947538376","0.10984884947538376","0.10984884947538376","1318","1318","1318"
"131999","0.11433161795139313","0.11433161795139313","0.11433161795139313","1319","1319","1319"
"132099","0.1077473908662796","0.1077473908662796","0.1077473908662796","1320","1320","1320"
"132199","0.11608359962701797","0.11608359962701797","0.11608359962701797","1321","1321","1321"
"132299","0.11168602854013443","0.11168602854013443","0.11168602854013443","1322","1322","1322"
"132399","0.12067469209432602","0.12067469209432602","0.12067469209432602","1323","1323","1323"
"132499","0.1099429801106453","0.1099429801106453","0.1099429801106453","1324","1324","1324"
"132599","0.11423598974943161","0.11423598974943161","0.11423598974943161","1325","1325","1325"
"132699","0.11465056985616684","0.11465056985616684","0.11465056985616684","1326","1326","1326"
"132799","0.11658526957035065","0.11658526957035065","0.11658526957035065","1327","1327","1327"
"132899","0.11283418536186218","0.11283418536186218","0.11283418536186218","1328","1328","1328"
"132999","0.11425741016864777","0.11425741016864777","0.11425741016864777","1329","1329","1329"
"133099","0.11034008860588074","0.11034008860588074","0.11034008860588074","1330","1330","1330"
"133199","0.11217986047267914","0.11217986047267914","0.11217986047267914","1331","1331","1331"
"133299","0.11383876949548721","0.11383876949548721","0.11383876949548721","1332","1332","1332"
"133399","0.11686919629573822","0.11686919629573822","0.11686919629573822","1333","1333","1333"
"133499","0.107808418571949","0.107808418571949","0.107808418571949","1334","1334","1334"
"133599","0.1104612946510315","0.1104612946510315","0.1104612946510315","1335","1335","1335"
"133699","0.10955653339624405","0.10955653339624405","0.10955653339624405","1336","1336","1336"
"133799","0.11260045319795609","0.11260045319795609","0.11260045319795609","1337","1337","1337"
"133899","0.11756204813718796","0.11756204813718796","0.11756204813718796","1338","1338","1338"
"133999","0.11677893251180649","0.11677893251180649","0.11677893251180649","1339","1339","1339"
"134099","0.12056237459182739","0.12056237459182739","0.12056237459182739","1340","1340","1340"
"134199","0.11209966987371445","0.11209966987371445","0.11209966987371445","1341","1341","1341"
"134299","0.10909335315227509","0.10909335315227509","0.10909335315227509","1342","1342","1342"
"134399","0.11211199313402176","0.11211199313402176","0.11211199313402176","1343","1343","1343"
"134499","0.11632496863603592","0.11632496863603592","0.11632496863603592","1344","1344","1344"
"134599","0.1127878874540329","0.1127878874540329","0.1127878874540329","1345","1345","1345"
"134699","0.10888078808784485","0.10888078808784485","0.10888078808784485","1346","1346","1346"
"134799","0.11251464486122131","0.11251464486122131","0.11251464486122131","1347","1347","1347"
"134899","0.1062106117606163","0.1062106117606163","0.1062106117606163","1348","1348","1348"
"134999","0.1192404106259346","0.1192404106259346","0.1192404106259346","1349","1349","1349"
"135099","0.11341913044452667","0.11341913044452667","0.11341913044452667","1350","1350","1350"
"135199","0.11253040283918381","0.11253040283918381","0.11253040283918381","1351","1351","1351"
"135299","0.11399482190608978","0.11399482190608978","0.11399482190608978","1352","1352","1352"
"135399","0.11743196845054626","0.11743196845054626","0.11743196845054626","1353","1353","1353"
"135499","0.1179332360625267","0.1179332360625267","0.1179332360625267","1354","1354","1354"
"135599","0.1100354790687561","0.1100354790687561","0.1100354790687561","1355","1355","1355"
"135699","0.11927583813667297","0.11927583813667297","0.11927583813667297","1356","1356","1356"
"135799","0.11158695071935654","0.11158695071935654","0.11158695071935654","1357","1357","1357"
"135899","0.1164703369140625","0.1164703369140625","0.1164703369140625","1358","1358","1358"
"135999","0.11520261317491531","0.11520261317491531","0.11520261317491531","1359","1359","1359"
"136099","0.11315629631280899","0.11315629631280899","0.11315629631280899","1360","1360","1360"
"136199","0.11377694457769394","0.11377694457769394","0.11377694457769394","1361","1361","1361"
"136299","0.11510992795228958","0.11510992795228958","0.11510992795228958","1362","1362","1362"
"136399","0.11540254950523376","0.11540254950523376","0.11540254950523376","1363","1363","1363"
"136499","0.11182580143213272","0.11182580143213272","0.11182580143213272","1364","1364","1364"
"136599","0.109583280980587","0.109583280980587","0.109583280980587","1365","1365","1365"
"136699","0.11302566528320312","0.11302566528320312","0.11302566528320312","1366","1366","1366"
"136799","0.11644364893436432","0.11644364893436432","0.11644364893436432","1367","1367","1367"
"136899","0.11335397511720657","0.11335397511720657","0.11335397511720657","1368","1368","1368"
"136999","0.11368712782859802","0.11368712782859802","0.11368712782859802","1369","1369","1369"
"137099","0.11441831290721893","0.11441831290721893","0.11441831290721893","1370","1370","1370"
"137199","0.1132253110408783","0.1132253110408783","0.1132253110408783","1371","1371","1371"
"137299","0.10664547979831696","0.10664547979831696","0.10664547979831696","1372","1372","1372"
"137399","0.11120933294296265","0.11120933294296265","0.11120933294296265","1373","1373","1373"
"137499","0.11139635741710663","0.11139635741710663","0.11139635741710663","1374","1374","1374"
"137599","0.11723330616950989","0.11723330616950989","0.11723330616950989","1375","1375","1375"
"137699","0.11931629478931427","0.11931629478931427","0.11931629478931427","1376","1376","1376"
"137799","0.1137738823890686","0.1137738823890686","0.1137738823890686","1377","1377","1377"
"137899","0.1143132820725441","0.1143132820725441","0.1143132820725441","1378","1378","1378"
"137999","0.11552739888429642","0.11552739888429642","0.11552739888429642","1379","1379","1379"
"138099","0.11663412302732468","0.11663412302732468","0.11663412302732468","1380","1380","1380"
"138199","0.11468170583248138","0.11468170583248138","0.11468170583248138","1381","1381","1381"
"138299","0.11511150002479553","0.11511150002479553","0.11511150002479553","1382","1382","1382"
"138399","0.11206835508346558","0.11206835508346558","0.11206835508346558","1383","1383","1383"
"138499","0.11395467072725296","0.11395467072725296","0.11395467072725296","1384","1384","1384"
"138599","0.11373043805360794","0.11373043805360794","0.11373043805360794","1385","1385","1385"
"138699","0.10995566844940186","0.10995566844940186","0.10995566844940186","1386","1386","1386"
"138799","0.11098708212375641","0.11098708212375641","0.11098708212375641","1387","1387","1387"
"138899","0.11909190565347672","0.11909190565347672","0.11909190565347672","1388","1388","1388"
"138999","0.11266399919986725","0.11266399919986725","0.11266399919986725","1389","1389","1389"
"139099","0.11826784163713455","0.11826784163713455","0.11826784163713455","1390","1390","1390"
"139199","0.10961003601551056","0.10961003601551056","0.10961003601551056","1391","1391","1391"
"139299","0.10507069528102875","0.10507069528102875","0.10507069528102875","1392","1392","1392"
"139399","0.10837168991565704","0.10837168991565704","0.10837168991565704","1393","1393","1393"
"139499","0.10920512676239014","0.10920512676239014","0.10920512676239014","1394","1394","1394"
"139599","0.1113901361823082","0.1113901361823082","0.1113901361823082","1395","1395","1395"
"139699","0.11502813547849655","0.11502813547849655","0.11502813547849655","1396","1396","1396"
"139799","0.1188822090625763","0.1188822090625763","0.1188822090625763","1397","1397","1397"
"139899","0.1154225543141365","0.1154225543141365","0.1154225543141365","1398","1398","1398"
"139999","0.11401697993278503","0.11401697993278503","0.11401697993278503","1399","1399","1399"
"140099","0.10988102853298187","0.10988102853298187","0.10988102853298187","1400","1400","1400"
"140199","0.11868555843830109","0.11868555843830109","0.11868555843830109","1401","1401","1401"
"140299","0.10901474952697754","0.10901474952697754","0.10901474952697754","1402","1402","1402"
"140399","0.11458531022071838","0.11458531022071838","0.11458531022071838","1403","1403","1403"
"140499","0.11418800055980682","0.11418800055980682","0.11418800055980682","1404","1404","1404"
"140599","0.11283775418996811","0.11283775418996811","0.11283775418996811","1405","1405","1405"
"140699","0.11123757809400558","0.11123757809400558","0.11123757809400558","1406","1406","1406"
"140799","0.11788131296634674","0.11788131296634674","0.11788131296634674","1407","1407","1407"
"140899","0.10673490166664124","0.10673490166664124","0.10673490166664124","1408","1408","1408"
"140999","0.11374149471521378","0.11374149471521378","0.11374149471521378","1409","1409","1409"
"141099","0.10955612361431122","0.10955612361431122","0.10955612361431122","1410","1410","1410"
"141199","0.10877226293087006","0.10877226293087006","0.10877226293087006","1411","1411","1411"
"141299","0.11510865390300751","0.11510865390300751","0.11510865390300751","1412","1412","1412"
"141399","0.11629009991884232","0.11629009991884232","0.11629009991884232","1413","1413","1413"
"141499","0.1053156778216362","0.1053156778216362","0.1053156778216362","1414","1414","1414"
"141599","0.11183477193117142","0.11183477193117142","0.11183477193117142","1415","1415","1415"
"141699","0.10999766737222672","0.10999766737222672","0.10999766737222672","1416","1416","1416"
"141799","0.1139947921037674","0.1139947921037674","0.1139947921037674","1417","1417","1417"
"141899","0.10902216285467148","0.10902216285467148","0.10902216285467148","1418","1418","1418"
"141999","0.1171180009841919","0.1171180009841919","0.1171180009841919","1419","1419","1419"
"142099","0.11104656755924225","0.11104656755924225","0.11104656755924225","1420","1420","1420"
"142199","0.11410460621118546","0.11410460621118546","0.11410460621118546","1421","1421","1421"
"142299","0.11351396143436432","0.11351396143436432","0.11351396143436432","1422","1422","1422"
"142399","0.1170574277639389","0.1170574277639389","0.1170574277639389","1423","1423","1423"
"142499","0.11198260635137558","0.11198260635137558","0.11198260635137558","1424","1424","1424"
"142599","0.11410468071699142","0.11410468071699142","0.11410468071699142","1425","1425","1425"
"142699","0.10705561190843582","0.10705561190843582","0.10705561190843582","1426","1426","1426"
"142799","0.1213134154677391","0.1213134154677391","0.1213134154677391","1427","1427","1427"
"142899","0.11840929836034775","0.11840929836034775","0.11840929836034775","1428","1428","1428"
"142999","0.1174224242568016","0.1174224242568016","0.1174224242568016","1429","1429","1429"
"143099","0.1191750094294548","0.1191750094294548","0.1191750094294548","1430","1430","1430"
"143199","0.1066141277551651","0.1066141277551651","0.1066141277551651","1431","1431","1431"
"143299","0.11226776987314224","0.11226776987314224","0.11226776987314224","1432","1432","1432"
"143399","0.11186301708221436","0.11186301708221436","0.11186301708221436","1433","1433","1433"
"143499","0.11236459761857986","0.11236459761857986","0.11236459761857986","1434","1434","1434"
"143599","0.11534310132265091","0.11534310132265091","0.11534310132265091","1435","1435","1435"
"143699","0.11147063225507736","0.11147063225507736","0.11147063225507736","1436","1436","1436"
"143799","0.1104530468583107","0.1104530468583107","0.1104530468583107","1437","1437","1437"
"143899","0.11222995072603226","0.11222995072603226","0.11222995072603226","1438","1438","1438"
"143999","0.10988646000623703","0.10988646000623703","0.10988646000623703","1439","1439","1439"
"144099","0.11536823213100433","0.11536823213100433","0.11536823213100433","1440","1440","1440"
"144199","0.11291313171386719","0.11291313171386719","0.11291313171386719","1441","1441","1441"
"144299","0.11500652879476547","0.11500652879476547","0.11500652879476547","1442","1442","1442"
"144399","0.11671432852745056","0.11671432852745056","0.11671432852745056","1443","1443","1443"
"144499","0.11049168556928635","0.11049168556928635","0.11049168556928635","1444","1444","1444"
"144599","0.10580411553382874","0.10580411553382874","0.10580411553382874","1445","1445","1445"
"144699","0.11132419854402542","0.11132419854402542","0.11132419854402542","1446","1446","1446"
"144799","0.11347139626741409","0.11347139626741409","0.11347139626741409","1447","1447","1447"
"144899","0.11736942827701569","0.11736942827701569","0.11736942827701569","1448","1448","1448"
"144999","0.11578238010406494","0.11578238010406494","0.11578238010406494","1449","1449","1449"
"145099","0.11670725792646408","0.11670725792646408","0.11670725792646408","1450","1450","1450"
"145199","0.11386403441429138","0.11386403441429138","0.11386403441429138","1451","1451","1451"
"145299","0.11399789154529572","0.11399789154529572","0.11399789154529572","1452","1452","1452"
"145399","0.11483974009752274","0.11483974009752274","0.11483974009752274","1453","1453","1453"
"145499","0.11935323476791382","0.11935323476791382","0.11935323476791382","1454","1454","1454"
"145599","0.11653459817171097","0.11653459817171097","0.11653459817171097","1455","1455","1455"
"145699","0.11207037419080734","0.11207037419080734","0.11207037419080734","1456","1456","1456"
"145799","0.10155052691698074","0.10155052691698074","0.10155052691698074","1457","1457","1457"
"145899","0.10641982406377792","0.10641982406377792","0.10641982406377792","1458","1458","1458"
"145999","0.10980087518692017","0.10980087518692017","0.10980087518692017","1459","1459","1459"
"146099","0.11586567014455795","0.11586567014455795","0.11586567014455795","1460","1460","1460"
"146199","0.1118856742978096","0.1118856742978096","0.1118856742978096","1461","1461","1461"
"146299","0.11210734397172928","0.11210734397172928","0.11210734397172928","1462","1462","1462"
"146399","0.11172675341367722","0.11172675341367722","0.11172675341367722","1463","1463","1463"
"146499","0.1143110990524292","0.1143110990524292","0.1143110990524292","1464","1464","1464"
"146599","0.11066007614135742","0.11066007614135742","0.11066007614135742","1465","1465","1465"
"146699","0.11008669435977936","0.11008669435977936","0.11008669435977936","1466","1466","1466"
"146799","0.11336531490087509","0.11336531490087509","0.11336531490087509","1467","1467","1467"
"146899","0.10842887312173843","0.10842887312173843","0.10842887312173843","1468","1468","1468"
"146999","0.11842983216047287","0.11842983216047287","0.11842983216047287","1469","1469","1469"
"147099","0.11662564426660538","0.11662564426660538","0.11662564426660538","1470","1470","1470"
"147199","0.10985787957906723","0.10985787957906723","0.10985787957906723","1471","1471","1471"
"147299","0.11552201956510544","0.11552201956510544","0.11552201956510544","1472","1472","1472"
"147399","0.1114891916513443","0.1114891916513443","0.1114891916513443","1473","1473","1473"
"147499","0.11288435757160187","0.11288435757160187","0.11288435757160187","1474","1474","1474"
"147599","0.10706005245447159","0.10706005245447159","0.10706005245447159","1475","1475","1475"
"147699","0.11347600072622299","0.11347600072622299","0.11347600072622299","1476","1476","1476"
"147799","0.1085851639509201","0.1085851639509201","0.1085851639509201","1477","1477","1477"
"147899","0.11080048978328705","0.11080048978328705","0.11080048978328705","1478","1478","1478"
"147999","0.11492551118135452","0.11492551118135452","0.11492551118135452","1479","1479","1479"
"148099","0.1108517125248909","0.1108517125248909","0.1108517125248909","1480","1480","1480"
"148199","0.10995539277791977","0.10995539277791977","0.10995539277791977","1481","1481","1481"
"148299","0.11035757511854172","0.11035757511854172","0.11035757511854172","1482","1482","1482"
"148399","0.11753466725349426","0.11753466725349426","0.11753466725349426","1483","1483","1483"
"148499","0.11441883444786072","0.11441883444786072","0.11441883444786072","1484","1484","1484"
"148599","0.11536980420351028","0.11536980420351028","0.11536980420351028","1485","1485","1485"
"148699","0.11106464266777039","0.11106464266777039","0.11106464266777039","1486","1486","1486"
"148799","0.11262223869562149","0.11262223869562149","0.11262223869562149","1487","1487","1487"
"148899","0.1156422570347786","0.1156422570347786","0.1156422570347786","1488","1488","1488"
"148999","0.1151258647441864","0.1151258647441864","0.1151258647441864","1489","1489","1489"
"149099","0.10961011797189713","0.10961011797189713","0.10961011797189713","1490","1490","1490"
"149199","0.11443034559488297","0.11443034559488297","0.11443034559488297","1491","1491","1491"
"149299","0.11024973541498184","0.11024973541498184","0.11024973541498184","1492","1492","1492"
"149399","0.11366894096136093","0.11366894096136093","0.11366894096136093","1493","1493","1493"
"149499","0.11301181465387344","0.11301181465387344","0.11301181465387344","1494","1494","1494"
"149599","0.11116375774145126","0.11116375774145126","0.11116375774145126","1495","1495","1495"
"149699","0.11088719218969345","0.11088719218969345","0.11088719218969345","1496","1496","1496"
"149799","0.11093837022781372","0.11093837022781372","0.11093837022781372","1497","1497","1497"
"149899","0.11343883723020554","0.11343883723020554","0.11343883723020554","1498","1498","1498"
"149999","0.11802175641059875","0.11802175641059875","0.11802175641059875","1499","1499","1499"
"150099","0.11574264615774155","0.11574264615774155","0.11574264615774155","1500","1500","1500"
"150199","0.10775211453437805","0.10775211453437805","0.10775211453437805","1501","1501","1501"
"150299","0.11476501822471619","0.11476501822471619","0.11476501822471619","1502","1502","1502"
"150399","0.10776158422231674","0.10776158422231674","0.10776158422231674","1503","1503","1503"
"150499","0.11681409925222397","0.11681409925222397","0.11681409925222397","1504","1504","1504"
"150599","0.10889637470245361","0.10889637470245361","0.10889637470245361","1505","1505","1505"
"150699","0.10972295701503754","0.10972295701503754","0.10972295701503754","1506","1506","1506"
"150799","0.1139364242553711","0.1139364242553711","0.1139364242553711","1507","1507","1507"
"150899","0.11217158287763596","0.11217158287763596","0.11217158287763596","1508","1508","1508"
"150999","0.11892954260110855","0.11892954260110855","0.11892954260110855","1509","1509","1509"
"151099","0.11323478072881699","0.11323478072881699","0.11323478072881699","1510","1510","1510"
"151199","0.11434386670589447","0.11434386670589447","0.11434386670589447","1511","1511","1511"
"151299","0.11499053239822388","0.11499053239822388","0.11499053239822388","1512","1512","1512"
"151399","0.1140703558921814","0.1140703558921814","0.1140703558921814","1513","1513","1513"
"151499","0.10351350903511047","0.10351350903511047","0.10351350903511047","1514","1514","1514"
"151599","0.11981340497732162","0.11981340497732162","0.11981340497732162","1515","1515","1515"
"151699","0.11190322041511536","0.11190322041511536","0.11190322041511536","1516","1516","1516"
"151799","0.10807777941226959","0.10807777941226959","0.10807777941226959","1517","1517","1517"
"151899","0.11068716645240784","0.11068716645240784","0.11068716645240784","1518","1518","1518"
"151999","0.11650069057941437","0.11650069057941437","0.11650069057941437","1519","1519","1519"
"152099","0.11002444475889206","0.11002444475889206","0.11002444475889206","1520","1520","1520"
"152199","0.11331722885370255","0.11331722885370255","0.11331722885370255","1521","1521","1521"
"152299","0.1121710017323494","0.1121710017323494","0.1121710017323494","1522","1522","1522"
"152399","0.1131925955414772","0.1131925955414772","0.1131925955414772","1523","1523","1523"
"152499","0.11143480986356735","0.11143480986356735","0.11143480986356735","1524","1524","1524"
"152599","0.11046073585748672","0.11046073585748672","0.11046073585748672","1525","1525","1525"
"152699","0.10830137878656387","0.10830137878656387","0.10830137878656387","1526","1526","1526"
"152799","0.11792485415935516","0.11792485415935516","0.11792485415935516","1527","1527","1527"
"152899","0.11432521045207977","0.11432521045207977","0.11432521045207977","1528","1528","1528"
"152999","0.11116525530815125","0.11116525530815125","0.11116525530815125","1529","1529","1529"
"153099","0.11385520547628403","0.11385520547628403","0.11385520547628403","1530","1530","1530"
"153199","0.11189384013414383","0.11189384013414383","0.11189384013414383","1531","1531","1531"
"153299","0.11293523013591766","0.11293523013591766","0.11293523013591766","1532","1532","1532"
"153399","0.1147271990776062","0.1147271990776062","0.1147271990776062","1533","1533","1533"
"153499","0.1122661679983139","0.1122661679983139","0.1122661679983139","1534","1534","1534"
"153599","0.11353525519371033","0.11353525519371033","0.11353525519371033","1535","1535","1535"
"153699","0.11769265681505203","0.11769265681505203","0.11769265681505203","1536","1536","1536"
"153799","0.11244881898164749","0.11244881898164749","0.11244881898164749","1537","1537","1537"
"153899","0.11422009021043777","0.11422009021043777","0.11422009021043777","1538","1538","1538"
"153999","0.1095224916934967","0.1095224916934967","0.1095224916934967","1539","1539","1539"
"154099","0.11418416351079941","0.11418416351079941","0.11418416351079941","1540","1540","1540"
"154199","0.11744588613510132","0.11744588613510132","0.11744588613510132","1541","1541","1541"
"154299","0.11019636690616608","0.11019636690616608","0.11019636690616608","1542","1542","1542"
"154399","0.11281945556402206","0.11281945556402206","0.11281945556402206","1543","1543","1543"
"154499","0.11754924058914185","0.11754924058914185","0.11754924058914185","1544","1544","1544"
"154599","0.11589039117097855","0.11589039117097855","0.11589039117097855","1545","1545","1545"
"154699","0.1187582015991211","0.1187582015991211","0.1187582015991211","1546","1546","1546"
"154799","0.11520670354366302","0.11520670354366302","0.11520670354366302","1547","1547","1547"
"154899","0.10864949971437454","0.10864949971437454","0.10864949971437454","1548","1548","1548"
"154999","0.11640443652868271","0.11640443652868271","0.11640443652868271","1549","1549","1549"
"155099","0.11025165766477585","0.11025165766477585","0.11025165766477585","1550","1550","1550"
"155199","0.11958134919404984","0.11958134919404984","0.11958134919404984","1551","1551","1551"
"155299","0.1105756163597107","0.1105756163597107","0.1105756163597107","1552","1552","1552"
"155399","0.11888011544942856","0.11888011544942856","0.11888011544942856","1553","1553","1553"
"155499","0.11116687953472137","0.11116687953472137","0.11116687953472137","1554","1554","1554"
"155599","0.11153098940849304","0.11153098940849304","0.11153098940849304","1555","1555","1555"
"155699","0.11356565356254578","0.11356565356254578","0.11356565356254578","1556","1556","1556"
"155799","0.11293914914131165","0.11293914914131165","0.11293914914131165","1557","1557","1557"
"155899","0.11384277790784836","0.11384277790784836","0.11384277790784836","1558","1558","1558"
"155999","0.11754375696182251","0.11754375696182251","0.11754375696182251","1559","1559","1559"
"156099","0.11486634612083435","0.11486634612083435","0.11486634612083435","1560","1560","1560"
"156199","0.11169026792049408","0.11169026792049408","0.11169026792049408","1561","1561","1561"
"156299","0.11720912903547287","0.11720912903547287","0.11720912903547287","1562","1562","1562"
"156399","0.11272996664047241","0.11272996664047241","0.11272996664047241","1563","1563","1563"
"156499","0.11607411503791809","0.11607411503791809","0.11607411503791809","1564","1564","1564"
"156599","0.11299768090248108","0.11299768090248108","0.11299768090248108","1565","1565","1565"
"156699","0.11800111085176468","0.11800111085176468","0.11800111085176468","1566","1566","1566"
"156799","0.10785745084285736","0.10785745084285736","0.10785745084285736","1567","1567","1567"
"156899","0.11457294970750809","0.11457294970750809","0.11457294970750809","1568","1568","1568"
"156999","0.1114303395152092","0.1114303395152092","0.1114303395152092","1569","1569","1569"
"157099","0.11046386510133743","0.11046386510133743","0.11046386510133743","1570","1570","1570"
"157199","0.1060728058218956","0.1060728058218956","0.1060728058218956","1571","1571","1571"
"157299","0.1192515417933464","0.1192515417933464","0.1192515417933464","1572","1572","1572"
"157399","0.11518283188343048","0.11518283188343048","0.11518283188343048","1573","1573","1573"
"157499","0.11196009814739227","0.11196009814739227","0.11196009814739227","1574","1574","1574"
"157599","0.10814457386732101","0.10814457386732101","0.10814457386732101","1575","1575","1575"
"157699","0.11645461618900299","0.11645461618900299","0.11645461618900299","1576","1576","1576"
"157799","0.11505285650491714","0.11505285650491714","0.11505285650491714","1577","1577","1577"
"157899","0.11756502836942673","0.11756502836942673","0.11756502836942673","1578","1578","1578"
"157999","0.11905445903539658","0.11905445903539658","0.11905445903539658","1579","1579","1579"
"158099","0.11683806777000427","0.11683806777000427","0.11683806777000427","1580","1580","1580"
"158199","0.1119253933429718","0.1119253933429718","0.1119253933429718","1581","1581","1581"
"158299","0.11229439079761505","0.11229439079761505","0.11229439079761505","1582","1582","1582"
"158399","0.11241068691015244","0.11241068691015244","0.11241068691015244","1583","1583","1583"
"158499","0.11726190894842148","0.11726190894842148","0.11726190894842148","1584","1584","1584"
"158599","0.11675843596458435","0.11675843596458435","0.11675843596458435","1585","1585","1585"
"158699","0.11538756638765335","0.11538756638765335","0.11538756638765335","1586","1586","1586"
"158799","0.10758444666862488","0.10758444666862488","0.10758444666862488","1587","1587","1587"
"158899","0.10850147157907486","0.10850147157907486","0.10850147157907486","1588","1588","1588"
"158999","0.11408957093954086","0.11408957093954086","0.11408957093954086","1589","1589","1589"
"159099","0.11822709441184998","0.11822709441184998","0.11822709441184998","1590","1590","1590"
"159199","0.11731334030628204","0.11731334030628204","0.11731334030628204","1591","1591","1591"
"159299","0.11297735571861267","0.11297735571861267","0.11297735571861267","1592","1592","1592"
"159399","0.10910693556070328","0.10910693556070328","0.10910693556070328","1593","1593","1593"
"159499","0.1126205250620842","0.1126205250620842","0.1126205250620842","1594","1594","1594"
"159599","0.11410444229841232","0.11410444229841232","0.11410444229841232","1595","1595","1595"
"159699","0.11539691686630249","0.11539691686630249","0.11539691686630249","1596","1596","1596"
"159799","0.11911868304014206","0.11911868304014206","0.11911868304014206","1597","1597","1597"
"159899","0.11804459244012833","0.11804459244012833","0.11804459244012833","1598","1598","1598"
"159999","0.10834966599941254","0.10834966599941254","0.10834966599941254","1599","1599","1599"
"160099","0.11359501630067825","0.11359501630067825","0.11359501630067825","1600","1600","1600"
"160199","0.11493378132581711","0.11493378132581711","0.11493378132581711","1601","1601","1601"
"160299","0.11710909754037857","0.11710909754037857","0.11710909754037857","1602","1602","1602"
"160399","0.11062926054000854","0.11062926054000854","0.11062926054000854","1603","1603","1603"
"160499","0.11269083619117737","0.11269083619117737","0.11269083619117737","1604","1604","1604"
"160599","0.11033423244953156","0.11033423244953156","0.11033423244953156","1605","1605","1605"
"160699","0.11403103917837143","0.11403103917837143","0.11403103917837143","1606","1606","1606"
"160799","0.11658945679664612","0.11658945679664612","0.11658945679664612","1607","1607","1607"
"160899","0.11159287393093109","0.11159287393093109","0.11159287393093109","1608","1608","1608"
"160999","0.11080481112003326","0.11080481112003326","0.11080481112003326","1609","1609","1609"
"161099","0.11316443234682083","0.11316443234682083","0.11316443234682083","1610","1610","1610"
"161199","0.11422291398048401","0.11422291398048401","0.11422291398048401","1611","1611","1611"
"161299","0.1168866828083992","0.1168866828083992","0.1168866828083992","1612","1612","1612"
"161399","0.1094917356967926","0.1094917356967926","0.1094917356967926","1613","1613","1613"
"161499","0.11235632747411728","0.11235632747411728","0.11235632747411728","1614","1614","1614"
"161599","0.11100533604621887","0.11100533604621887","0.11100533604621887","1615","1615","1615"
"161699","0.10769884288311005","0.10769884288311005","0.10769884288311005","1616","1616","1616"
"161799","0.10525533556938171","0.10525533556938171","0.10525533556938171","1617","1617","1617"
"161899","0.10711794346570969","0.10711794346570969","0.10711794346570969","1618","1618","1618"
"161999","0.11481858789920807","0.11481858789920807","0.11481858789920807","1619","1619","1619"
"162099","0.1156611293554306","0.1156611293554306","0.1156611293554306","1620","1620","1620"
"162199","0.11998502910137177","0.11998502910137177","0.11998502910137177","1621","1621","1621"
"162299","0.11336471885442734","0.11336471885442734","0.11336471885442734","1622","1622","1622"
"162399","0.111668661236763","0.111668661236763","0.111668661236763","1623","1623","1623"
"162499","0.10713544487953186","0.10713544487953186","0.10713544487953186","1624","1624","1624"
"162599","0.11345261335372925","0.11345261335372925","0.11345261335372925","1625","1625","1625"
"162699","0.1171431839466095","0.1171431839466095","0.1171431839466095","1626","1626","1626"
"162799","0.1163342222571373","0.1163342222571373","0.1163342222571373","1627","1627","1627"
"162899","0.11226046830415726","0.11226046830415726","0.11226046830415726","1628","1628","1628"
"162999","0.10925868898630142","0.10925868898630142","0.10925868898630142","1629","1629","1629"
"163099","0.11877389252185822","0.11877389252185822","0.11877389252185822","1630","1630","1630"
"163199","0.11374706774950027","0.11374706774950027","0.11374706774950027","1631","1631","1631"
"163299","0.11422791332006454","0.11422791332006454","0.11422791332006454","1632","1632","1632"
"163399","0.1118076965212822","0.1118076965212822","0.1118076965212822","1633","1633","1633"
"163499","0.11323913186788559","0.11323913186788559","0.11323913186788559","1634","1634","1634"
"163599","0.11353421211242676","0.11353421211242676","0.11353421211242676","1635","1635","1635"
"163699","0.11579000949859619","0.11579000949859619","0.11579000949859619","1636","1636","1636"
"163799","0.11905322968959808","0.11905322968959808","0.11905322968959808","1637","1637","1637"
"163899","0.11790545284748077","0.11790545284748077","0.11790545284748077","1638","1638","1638"
"163999","0.10772192478179932","0.10772192478179932","0.10772192478179932","1639","1639","1639"
"164099","0.10960870236158371","0.10960870236158371","0.10960870236158371","1640","1640","1640"
"164199","0.11237223446369171","0.11237223446369171","0.11237223446369171","1641","1641","1641"
"164299","0.11420179158449173","0.11420179158449173","0.11420179158449173","1642","1642","1642"
"164399","0.10625901073217392","0.10625901073217392","0.10625901073217392","1643","1643","1643"
"164499","0.1206669807434082","0.1206669807434082","0.1206669807434082","1644","1644","1644"
"164599","0.11154061555862427","0.11154061555862427","0.11154061555862427","1645","1645","1645"
"164699","0.10694459825754166","0.10694459825754166","0.10694459825754166","1646","1646","1646"
"164799","0.11654304713010788","0.11654304713010788","0.11654304713010788","1647","1647","1647"
"164899","0.11358270049095154","0.11358270049095154","0.11358270049095154","1648","1648","1648"
"164999","0.11656634509563446","0.11656634509563446","0.11656634509563446","1649","1649","1649"
"165099","0.1147267073392868","0.1147267073392868","0.1147267073392868","1650","1650","1650"
"165199","0.11261922866106033","0.11261922866106033","0.11261922866106033","1651","1651","1651"
"165299","0.11142198741436005","0.11142198741436005","0.11142198741436005","1652","1652","1652"
"165399","0.11632885038852692","0.11632885038852692","0.11632885038852692","1653","1653","1653"
"165499","0.11455714702606201","0.11455714702606201","0.11455714702606201","1654","1654","1654"
"165599","0.10867013782262802","0.10867013782262802","0.10867013782262802","1655","1655","1655"
"165699","0.1172221228480339","0.1172221228480339","0.1172221228480339","1656","1656","1656"
"165799","0.11291000992059708","0.11291000992059708","0.11291000992059708","1657","1657","1657"
"165899","0.11027204245328903","0.11027204245328903","0.11027204245328903","1658","1658","1658"
"165999","0.10719110071659088","0.10719110071659088","0.10719110071659088","1659","1659","1659"
"166099","0.11628204584121704","0.11628204584121704","0.11628204584121704","1660","1660","1660"
"166199","0.11615201085805893","0.11615201085805893","0.11615201085805893","1661","1661","1661"
"166299","0.11451087892055511","0.11451087892055511","0.11451087892055511","1662","1662","1662"
"166399","0.11610144376754761","0.11610144376754761","0.11610144376754761","1663","1663","1663"
"166499","0.11017487943172455","0.11017487943172455","0.11017487943172455","1664","1664","1664"
"166599","0.10972524434328079","0.10972524434328079","0.10972524434328079","1665","1665","1665"
"166699","0.1127476692199707","0.1127476692199707","0.1127476692199707","1666","1666","1666"
"166799","0.1194160208106041","0.1194160208106041","0.1194160208106041","1667","1667","1667"
"166899","0.1196746677160263","0.1196746677160263","0.1196746677160263","1668","1668","1668"
"166999","0.112601138651371","0.112601138651371","0.112601138651371","1669","1669","1669"
"167099","0.12048748880624771","0.12048748880624771","0.12048748880624771","1670","1670","1670"
"167199","0.11592506617307663","0.11592506617307663","0.11592506617307663","1671","1671","1671"
"167299","0.11270385980606079","0.11270385980606079","0.11270385980606079","1672","1672","1672"
"167399","0.11315720528364182","0.11315720528364182","0.11315720528364182","1673","1673","1673"
"167499","0.1158430278301239","0.1158430278301239","0.1158430278301239","1674","1674","1674"
"167599","0.11368020623922348","0.11368020623922348","0.11368020623922348","1675","1675","1675"
"167699","0.11276045441627502","0.11276045441627502","0.11276045441627502","1676","1676","1676"
"167799","0.11965969949960709","0.11965969949960709","0.11965969949960709","1677","1677","1677"
"167899","0.11045455187559128","0.11045455187559128","0.11045455187559128","1678","1678","1678"
"167999","0.1104099303483963","0.1104099303483963","0.1104099303483963","1679","1679","1679"
"168099","0.1127997413277626","0.1127997413277626","0.1127997413277626","1680","1680","1680"
"168199","0.11399015784263611","0.11399015784263611","0.11399015784263611","1681","1681","1681"
"168299","0.11351518332958221","0.11351518332958221","0.11351518332958221","1682","1682","1682"
"168399","0.11751261353492737","0.11751261353492737","0.11751261353492737","1683","1683","1683"
"168499","0.10868164151906967","0.10868164151906967","0.10868164151906967","1684","1684","1684"
"168599","0.11355350911617279","0.11355350911617279","0.11355350911617279","1685","1685","1685"
"168699","0.11439545452594757","0.11439545452594757","0.11439545452594757","1686","1686","1686"
"168799","0.10916202515363693","0.10916202515363693","0.10916202515363693","1687","1687","1687"
"168899","0.11274600774049759","0.11274600774049759","0.11274600774049759","1688","1688","1688"
"168999","0.11253347992897034","0.11253347992897034","0.11253347992897034","1689","1689","1689"
"169099","0.1104840412735939","0.1104840412735939","0.1104840412735939","1690","1690","1690"
"169199","0.10717514902353287","0.10717514902353287","0.10717514902353287","1691","1691","1691"
"169299","0.11539015918970108","0.11539015918970108","0.11539015918970108","1692","1692","1692"
"169399","0.11929365247488022","0.11929365247488022","0.11929365247488022","1693","1693","1693"
"169499","0.1107354387640953","0.1107354387640953","0.1107354387640953","1694","1694","1694"
"169599","0.11080297082662582","0.11080297082662582","0.11080297082662582","1695","1695","1695"
"169699","0.11808475852012634","0.11808475852012634","0.11808475852012634","1696","1696","1696"
"169799","0.12108287960290909","0.12108287960290909","0.12108287960290909","1697","1697","1697"
"169899","0.11935624480247498","0.11935624480247498","0.11935624480247498","1698","1698","1698"
"169999","0.11376865953207016","0.11376865953207016","0.11376865953207016","1699","1699","1699"
"170099","0.11310632526874542","0.11310632526874542","0.11310632526874542","1700","1700","1700"
"170199","0.11498015373945236","0.11498015373945236","0.11498015373945236","1701","1701","1701"
"170299","0.11776500940322876","0.11776500940322876","0.11776500940322876","1702","1702","1702"
"170399","0.11430767923593521","0.11430767923593521","0.11430767923593521","1703","1703","1703"
"170499","0.11873213946819305","0.11873213946819305","0.11873213946819305","1704","1704","1704"
"170599","0.11024259030818939","0.11024259030818939","0.11024259030818939","1705","1705","1705"
"170699","0.1069788932800293","0.1069788932800293","0.1069788932800293","1706","1706","1706"
"170799","0.11722487956285477","0.11722487956285477","0.11722487956285477","1707","1707","1707"
"170899","0.10340848565101624","0.10340848565101624","0.10340848565101624","1708","1708","1708"
"170999","0.11637110263109207","0.11637110263109207","0.11637110263109207","1709","1709","1709"
"171099","0.11322394758462906","0.11322394758462906","0.11322394758462906","1710","1710","1710"
"171199","0.1097336933016777","0.1097336933016777","0.1097336933016777","1711","1711","1711"
"171299","0.11241331696510315","0.11241331696510315","0.11241331696510315","1712","1712","1712"
"171399","0.11889547109603882","0.11889547109603882","0.11889547109603882","1713","1713","1713"
"171499","0.11366762965917587","0.11366762965917587","0.11366762965917587","1714","1714","1714"
"171599","0.11599184572696686","0.11599184572696686","0.11599184572696686","1715","1715","1715"
"171699","0.11781114339828491","0.11781114339828491","0.11781114339828491","1716","1716","1716"
"171799","0.11032608896493912","0.11032608896493912","0.11032608896493912","1717","1717","1717"
"171899","0.1112499013543129","0.1112499013543129","0.1112499013543129","1718","1718","1718"
"171999","0.11399198323488235","0.11399198323488235","0.11399198323488235","1719","1719","1719"
"172099","0.1122642308473587","0.1122642308473587","0.1122642308473587","1720","1720","1720"
"172199","0.11962734907865524","0.11962734907865524","0.11962734907865524","1721","1721","1721"
"172299","0.11862386018037796","0.11862386018037796","0.11862386018037796","1722","1722","1722"
"172399","0.1122744008898735","0.1122744008898735","0.1122744008898735","1723","1723","1723"
"172499","0.11409155279397964","0.11409155279397964","0.11409155279397964","1724","1724","1724"
"172599","0.10704363882541656","0.10704363882541656","0.10704363882541656","1725","1725","1725"
"172699","0.12024924159049988","0.12024924159049988","0.12024924159049988","1726","1726","1726"
"172799","0.11323736608028412","0.11323736608028412","0.11323736608028412","1727","1727","1727"
"172899","0.11292320489883423","0.11292320489883423","0.11292320489883423","1728","1728","1728"
"172999","0.11148837208747864","0.11148837208747864","0.11148837208747864","1729","1729","1729"
"173099","0.11269696056842804","0.11269696056842804","0.11269696056842804","1730","1730","1730"
"173199","0.11319562047719955","0.11319562047719955","0.11319562047719955","1731","1731","1731"
"173299","0.11409743130207062","0.11409743130207062","0.11409743130207062","1732","1732","1732"
"173399","0.11306849867105484","0.11306849867105484","0.11306849867105484","1733","1733","1733"
"173499","0.10841361433267593","0.10841361433267593","0.10841361433267593","1734","1734","1734"
"173599","0.11095282435417175","0.11095282435417175","0.11095282435417175","1735","1735","1735"
"173699","0.12247278541326523","0.12247278541326523","0.12247278541326523","1736","1736","1736"
"173799","0.11669620871543884","0.11669620871543884","0.11669620871543884","1737","1737","1737"
"173899","0.11174033582210541","0.11174033582210541","0.11174033582210541","1738","1738","1738"
"173999","0.1083831936120987","0.1083831936120987","0.1083831936120987","1739","1739","1739"
"174099","0.10973140597343445","0.10973140597343445","0.10973140597343445","1740","1740","1740"
"174199","0.10887771099805832","0.10887771099805832","0.10887771099805832","1741","1741","1741"
"174299","0.1146862655878067","0.1146862655878067","0.1146862655878067","1742","1742","1742"
"174399","0.11516174674034119","0.11516174674034119","0.11516174674034119","1743","1743","1743"
"174499","0.109672911465168","0.109672911465168","0.109672911465168","1744","1744","1744"
"174599","0.1093568354845047","0.1093568354845047","0.1093568354845047","1745","1745","1745"
"174699","0.11219929158687592","0.11219929158687592","0.11219929158687592","1746","1746","1746"
"174799","0.11329524964094162","0.11329524964094162","0.11329524964094162","1747","1747","1747"
"174899","0.11394407600164413","0.11394407600164413","0.11394407600164413","1748","1748","1748"
"174999","0.11658942699432373","0.11658942699432373","0.11658942699432373","1749","1749","1749"
"175099","0.10868735611438751","0.10868735611438751","0.10868735611438751","1750","1750","1750"
"175199","0.11297638714313507","0.11297638714313507","0.11297638714313507","1751","1751","1751"
"175299","0.11704352498054504","0.11704352498054504","0.11704352498054504","1752","1752","1752"
"175399","0.10647321492433548","0.10647321492433548","0.10647321492433548","1753","1753","1753"
"175499","0.11262006312608719","0.11262006312608719","0.11262006312608719","1754","1754","1754"
"175599","0.11598473787307739","0.11598473787307739","0.11598473787307739","1755","1755","1755"
"175699","0.11359857022762299","0.11359857022762299","0.11359857022762299","1756","1756","1756"
"175799","0.11579257994890213","0.11579257994890213","0.11579257994890213","1757","1757","1757"
"175899","0.11543432623147964","0.11543432623147964","0.11543432623147964","1758","1758","1758"
"175999","0.11252535879611969","0.11252535879611969","0.11252535879611969","1759","1759","1759"
"176099","0.11596411466598511","0.11596411466598511","0.11596411466598511","1760","1760","1760"
"176199","0.11201387643814087","0.11201387643814087","0.11201387643814087","1761","1761","1761"
"176299","0.11539624631404877","0.11539624631404877","0.11539624631404877","1762","1762","1762"
"176399","0.1097412034869194","0.1097412034869194","0.1097412034869194","1763","1763","1763"
"176499","0.1068897545337677","0.1068897545337677","0.1068897545337677","1764","1764","1764"
"176599","0.11389532685279846","0.11389532685279846","0.11389532685279846","1765","1765","1765"
"176699","0.11194083839654922","0.11194083839654922","0.11194083839654922","1766","1766","1766"
"176799","0.11321638524532318","0.11321638524532318","0.11321638524532318","1767","1767","1767"
"176899","0.11730702966451645","0.11730702966451645","0.11730702966451645","1768","1768","1768"
"176999","0.11434142291545868","0.11434142291545868","0.11434142291545868","1769","1769","1769"
"177099","0.11657731235027313","0.11657731235027313","0.11657731235027313","1770","1770","1770"
"177199","0.11405820399522781","0.11405820399522781","0.11405820399522781","1771","1771","1771"
"177299","0.1095370203256607","0.1095370203256607","0.1095370203256607","1772","1772","1772"
"177399","0.118671715259552","0.118671715259552","0.118671715259552","1773","1773","1773"
"177499","0.11321841180324554","0.11321841180324554","0.11321841180324554","1774","1774","1774"
"177599","0.11377506703138351","0.11377506703138351","0.11377506703138351","1775","1775","1775"
"177699","0.11487666517496109","0.11487666517496109","0.11487666517496109","1776","1776","1776"
"177799","0.10654128342866898","0.10654128342866898","0.10654128342866898","1777","1777","1777"
"177899","0.11567839980125427","0.11567839980125427","0.11567839980125427","1778","1778","1778"
"177999","0.11422188580036163","0.11422188580036163","0.11422188580036163","1779","1779","1779"
"178099","0.11470670253038406","0.11470670253038406","0.11470670253038406","1780","1780","1780"
"178199","0.10650811344385147","0.10650811344385147","0.10650811344385147","1781","1781","1781"
"178299","0.11338311433792114","0.11338311433792114","0.11338311433792114","1782","1782","1782"
"178399","0.11313143372535706","0.11313143372535706","0.11313143372535706","1783","1783","1783"
"178499","0.10790170729160309","0.10790170729160309","0.10790170729160309","1784","1784","1784"
"178599","0.11422930657863617","0.11422930657863617","0.11422930657863617","1785","1785","1785"
"178699","0.11359875649213791","0.11359875649213791","0.11359875649213791","1786","1786","1786"
"178799","0.106929711997509","0.106929711997509","0.106929711997509","1787","1787","1787"
"178899","0.11800689250230789","0.11800689250230789","0.11800689250230789","1788","1788","1788"
"178999","0.11574959009885788","0.11574959009885788","0.11574959009885788","1789","1789","1789"
"179099","0.11616794019937515","0.11616794019937515","0.11616794019937515","1790","1790","1790"
"179199","0.11273826658725739","0.11273826658725739","0.11273826658725739","1791","1791","1791"
"179299","0.11138477176427841","0.11138477176427841","0.11138477176427841","1792","1792","1792"
"179399","0.10978247970342636","0.10978247970342636","0.10978247970342636","1793","1793","1793"
"179499","0.11464580148458481","0.11464580148458481","0.11464580148458481","1794","1794","1794"
"179599","0.11145592480897903","0.11145592480897903","0.11145592480897903","1795","1795","1795"
"179699","0.11715137958526611","0.11715137958526611","0.11715137958526611","1796","1796","1796"
"179799","0.11822696775197983","0.11822696775197983","0.11822696775197983","1797","1797","1797"
"179899","0.12290462106466293","0.12290462106466293","0.12290462106466293","1798","1798","1798"
"179999","0.11668951064348221","0.11668951064348221","0.11668951064348221","1799","1799","1799"
"180099","0.11120285093784332","0.11120285093784332","0.11120285093784332","1800","1800","1800"
"180199","0.11528164148330688","0.11528164148330688","0.11528164148330688","1801","1801","1801"
"180299","0.10778795927762985","0.10778795927762985","0.10778795927762985","1802","1802","1802"
"180399","0.11314965039491653","0.11314965039491653","0.11314965039491653","1803","1803","1803"
"180499","0.11191855370998383","0.11191855370998383","0.11191855370998383","1804","1804","1804"
"180599","0.11268327385187149","0.11268327385187149","0.11268327385187149","1805","1805","1805"
"180699","0.11668024212121964","0.11668024212121964","0.11668024212121964","1806","1806","1806"
"180799","0.11630059033632278","0.11630059033632278","0.11630059033632278","1807","1807","1807"
"180899","0.11332781612873077","0.11332781612873077","0.11332781612873077","1808","1808","1808"
"180999","0.11435288935899734","0.11435288935899734","0.11435288935899734","1809","1809","1809"
"181099","0.12400511652231216","0.12400511652231216","0.12400511652231216","1810","1810","1810"
"181199","0.11448439955711365","0.11448439955711365","0.11448439955711365","1811","1811","1811"
"181299","0.11612758785486221","0.11612758785486221","0.11612758785486221","1812","1812","1812"
"181399","0.10874425619840622","0.10874425619840622","0.10874425619840622","1813","1813","1813"
"181499","0.11849507689476013","0.11849507689476013","0.11849507689476013","1814","1814","1814"
"181599","0.11427460610866547","0.11427460610866547","0.11427460610866547","1815","1815","1815"
"181699","0.1076325848698616","0.1076325848698616","0.1076325848698616","1816","1816","1816"
"181799","0.1099826768040657","0.1099826768040657","0.1099826768040657","1817","1817","1817"
"181899","0.10841229557991028","0.10841229557991028","0.10841229557991028","1818","1818","1818"
"181999","0.11054182052612305","0.11054182052612305","0.11054182052612305","1819","1819","1819"
"182099","0.11541695892810822","0.11541695892810822","0.11541695892810822","1820","1820","1820"
"182199","0.11869381368160248","0.11869381368160248","0.11869381368160248","1821","1821","1821"
"182299","0.10770490020513535","0.10770490020513535","0.10770490020513535","1822","1822","1822"
"182399","0.11555352061986923","0.11555352061986923","0.11555352061986923","1823","1823","1823"
"182499","0.11100929975509644","0.11100929975509644","0.11100929975509644","1824","1824","1824"
"182599","0.1168956309556961","0.1168956309556961","0.1168956309556961","1825","1825","1825"
"182699","0.11571221053600311","0.11571221053600311","0.11571221053600311","1826","1826","1826"
"182799","0.11169745028018951","0.11169745028018951","0.11169745028018951","1827","1827","1827"
"182899","0.1161896213889122","0.1161896213889122","0.1161896213889122","1828","1828","1828"
"182999","0.11323334276676178","0.11323334276676178","0.11323334276676178","1829","1829","1829"
"183099","0.1069059744477272","0.1069059744477272","0.1069059744477272","1830","1830","1830"
"183199","0.1096205934882164","0.1096205934882164","0.1096205934882164","1831","1831","1831"
"183299","0.11030488461256027","0.11030488461256027","0.11030488461256027","1832","1832","1832"
"183399","0.11465012282133102","0.11465012282133102","0.11465012282133102","1833","1833","1833"
"183499","0.11183518916368484","0.11183518916368484","0.11183518916368484","1834","1834","1834"
"183599","0.11363762617111206","0.11363762617111206","0.11363762617111206","1835","1835","1835"
"183699","0.11127061396837234","0.11127061396837234","0.11127061396837234","1836","1836","1836"
"183799","0.10739617794752121","0.10739617794752121","0.10739617794752121","1837","1837","1837"
"183899","0.11305501312017441","0.11305501312017441","0.11305501312017441","1838","1838","1838"
"183999","0.1130896657705307","0.1130896657705307","0.1130896657705307","1839","1839","1839"
"184099","0.11126992106437683","0.11126992106437683","0.11126992106437683","1840","1840","1840"
"184199","0.10917791724205017","0.10917791724205017","0.10917791724205017","1841","1841","1841"
"184299","0.11294234544038773","0.11294234544038773","0.11294234544038773","1842","1842","1842"
"184399","0.11139608174562454","0.11139608174562454","0.11139608174562454","1843","1843","1843"
"184499","0.11149086803197861","0.11149086803197861","0.11149086803197861","1844","1844","1844"
"184599","0.10088923573493958","0.10088923573493958","0.10088923573493958","1845","1845","1845"
"184699","0.11497656255960464","0.11497656255960464","0.11497656255960464","1846","1846","1846"
"184799","0.11617527902126312","0.11617527902126312","0.11617527902126312","1847","1847","1847"
"184899","0.10862286388874054","0.10862286388874054","0.10862286388874054","1848","1848","1848"
"184999","0.10964731127023697","0.10964731127023697","0.10964731127023697","1849","1849","1849"
"185099","0.10841500014066696","0.10841500014066696","0.10841500014066696","1850","1850","1850"
"185199","0.11258648335933685","0.11258648335933685","0.11258648335933685","1851","1851","1851"
"185299","0.11415891349315643","0.11415891349315643","0.11415891349315643","1852","1852","1852"
"185399","0.1096285730600357","0.1096285730600357","0.1096285730600357","1853","1853","1853"
"185499","0.11745249480009079","0.11745249480009079","0.11745249480009079","1854","1854","1854"
"185599","0.1117987185716629","0.1117987185716629","0.1117987185716629","1855","1855","1855"
"185699","0.1148543432354927","0.1148543432354927","0.1148543432354927","1856","1856","1856"
"185799","0.11815346777439117","0.11815346777439117","0.11815346777439117","1857","1857","1857"
"185899","0.11451729387044907","0.11451729387044907","0.11451729387044907","1858","1858","1858"
"185999","0.1122833862900734","0.1122833862900734","0.1122833862900734","1859","1859","1859"
"186099","0.11493943631649017","0.11493943631649017","0.11493943631649017","1860","1860","1860"
"186199","0.12339387834072113","0.12339387834072113","0.12339387834072113","1861","1861","1861"
"186299","0.10790488868951797","0.10790488868951797","0.10790488868951797","1862","1862","1862"
"186399","0.10385438054800034","0.10385438054800034","0.10385438054800034","1863","1863","1863"
"186499","0.11110810190439224","0.11110810190439224","0.11110810190439224","1864","1864","1864"
"186599","0.11162754148244858","0.11162754148244858","0.11162754148244858","1865","1865","1865"
"186699","0.10938099026679993","0.10938099026679993","0.10938099026679993","1866","1866","1866"
"186799","0.11455599218606949","0.11455599218606949","0.11455599218606949","1867","1867","1867"
"186899","0.11245738714933395","0.11245738714933395","0.11245738714933395","1868","1868","1868"
"186999","0.11395322531461716","0.11395322531461716","0.11395322531461716","1869","1869","1869"
"187099","0.11604965478181839","0.11604965478181839","0.11604965478181839","1870","1870","1870"
"187199","0.11978887766599655","0.11978887766599655","0.11978887766599655","1871","1871","1871"
"187299","0.10635169595479965","0.10635169595479965","0.10635169595479965","1872","1872","1872"
"187399","0.11162533611059189","0.11162533611059189","0.11162533611059189","1873","1873","1873"
"187499","0.1114865392446518","0.1114865392446518","0.1114865392446518","1874","1874","1874"
"187599","0.11236832290887833","0.11236832290887833","0.11236832290887833","1875","1875","1875"
"187699","0.11134818196296692","0.11134818196296692","0.11134818196296692","1876","1876","1876"
"187799","0.10517171025276184","0.10517171025276184","0.10517171025276184","1877","1877","1877"
"187899","0.11331231892108917","0.11331231892108917","0.11331231892108917","1878","1878","1878"
"187999","0.11309829354286194","0.11309829354286194","0.11309829354286194","1879","1879","1879"
"188099","0.10827755928039551","0.10827755928039551","0.10827755928039551","1880","1880","1880"
"188199","0.11294243484735489","0.11294243484735489","0.11294243484735489","1881","1881","1881"
"188299","0.11141299456357956","0.11141299456357956","0.11141299456357956","1882","1882","1882"
"188399","0.10812171548604965","0.10812171548604965","0.10812171548604965","1883","1883","1883"
"188499","0.11277266591787338","0.11277266591787338","0.11277266591787338","1884","1884","1884"
"188599","0.11686132103204727","0.11686132103204727","0.11686132103204727","1885","1885","1885"
"188699","0.1121208593249321","0.1121208593249321","0.1121208593249321","1886","1886","1886"
"188799","0.11518879234790802","0.11518879234790802","0.11518879234790802","1887","1887","1887"
"188899","0.11625849455595016","0.11625849455595016","0.11625849455595016","1888","1888","1888"
"188999","0.11798729002475739","0.11798729002475739","0.11798729002475739","1889","1889","1889"
"189099","0.11213263869285583","0.11213263869285583","0.11213263869285583","1890","1890","1890"
"189199","0.11157922446727753","0.11157922446727753","0.11157922446727753","1891","1891","1891"
"189299","0.10845279693603516","0.10845279693603516","0.10845279693603516","1892","1892","1892"
"189399","0.11578603088855743","0.11578603088855743","0.11578603088855743","1893","1893","1893"
"189499","0.11199299246072769","0.11199299246072769","0.11199299246072769","1894","1894","1894"
"189599","0.1126406341791153","0.1126406341791153","0.1126406341791153","1895","1895","1895"
"189699","0.11450817435979843","0.11450817435979843","0.11450817435979843","1896","1896","1896"
"189799","0.11157054454088211","0.11157054454088211","0.11157054454088211","1897","1897","1897"
"189899","0.10997070372104645","0.10997070372104645","0.10997070372104645","1898","1898","1898"
"189999","0.1172356829047203","0.1172356829047203","0.1172356829047203","1899","1899","1899"
"190099","0.11093416064977646","0.11093416064977646","0.11093416064977646","1900","1900","1900"
"190199","0.11010106652975082","0.11010106652975082","0.11010106652975082","1901","1901","1901"
"190299","0.11103129386901855","0.11103129386901855","0.11103129386901855","1902","1902","1902"
"190399","0.11183802038431168","0.11183802038431168","0.11183802038431168","1903","1903","1903"
"190499","0.11016103625297546","0.11016103625297546","0.11016103625297546","1904","1904","1904"
"190599","0.1146438717842102","0.1146438717842102","0.1146438717842102","1905","1905","1905"
"190699","0.11565504223108292","0.11565504223108292","0.11565504223108292","1906","1906","1906"
"190799","0.1088721975684166","0.1088721975684166","0.1088721975684166","1907","1907","1907"
"190899","0.11233124136924744","0.11233124136924744","0.11233124136924744","1908","1908","1908"
"190999","0.11216839402914047","0.11216839402914047","0.11216839402914047","1909","1909","1909"
"191099","0.12243128567934036","0.12243128567934036","0.12243128567934036","1910","1910","1910"
"191199","0.11231996864080429","0.11231996864080429","0.11231996864080429","1911","1911","1911"
"191299","0.11622477322816849","0.11622477322816849","0.11622477322816849","1912","1912","1912"
"191399","0.11531583964824677","0.11531583964824677","0.11531583964824677","1913","1913","1913"
"191499","0.1157350167632103","0.1157350167632103","0.1157350167632103","1914","1914","1914"
"191599","0.1184169128537178","0.1184169128537178","0.1184169128537178","1915","1915","1915"
"191699","0.10765466094017029","0.10765466094017029","0.10765466094017029","1916","1916","1916"
"191799","0.11718294769525528","0.11718294769525528","0.11718294769525528","1917","1917","1917"
"191899","0.10897111892700195","0.10897111892700195","0.10897111892700195","1918","1918","1918"
"191999","0.11234579980373383","0.11234579980373383","0.11234579980373383","1919","1919","1919"
"192099","0.11407701671123505","0.11407701671123505","0.11407701671123505","1920","1920","1920"
"192199","0.11321881413459778","0.11321881413459778","0.11321881413459778","1921","1921","1921"
"192299","0.11956971883773804","0.11956971883773804","0.11956971883773804","1922","1922","1922"
"192399","0.11826696246862411","0.11826696246862411","0.11826696246862411","1923","1923","1923"
"192499","0.11328167468309402","0.11328167468309402","0.11328167468309402","1924","1924","1924"
"192599","0.11852734535932541","0.11852734535932541","0.11852734535932541","1925","1925","1925"
"192699","0.11001690477132797","0.11001690477132797","0.11001690477132797","1926","1926","1926"
"192799","0.11413898319005966","0.11413898319005966","0.11413898319005966","1927","1927","1927"
"192899","0.10665891319513321","0.10665891319513321","0.10665891319513321","1928","1928","1928"
"192999","0.11536117643117905","0.11536117643117905","0.11536117643117905","1929","1929","1929"
"193099","0.11661592125892639","0.11661592125892639","0.11661592125892639","1930","1930","1930"
"193199","0.11248559504747391","0.11248559504747391","0.11248559504747391","1931","1931","1931"
"193299","0.10973415523767471","0.10973415523767471","0.10973415523767471","1932","1932","1932"
"193399","0.1158701702952385","0.1158701702952385","0.1158701702952385","1933","1933","1933"
"193499","0.11601046472787857","0.11601046472787857","0.11601046472787857","1934","1934","1934"
"193599","0.10784835368394852","0.10784835368394852","0.10784835368394852","1935","1935","1935"
"193699","0.11499091982841492","0.11499091982841492","0.11499091982841492","1936","1936","1936"
"193799","0.10624300688505173","0.10624300688505173","0.10624300688505173","1937","1937","1937"
"193899","0.1095697432756424","0.1095697432756424","0.1095697432756424","1938","1938","1938"
"193999","0.11349283903837204","0.11349283903837204","0.11349283903837204","1939","1939","1939"
"194099","0.10911265015602112","0.10911265015602112","0.10911265015602112","1940","1940","1940"
"194199","0.11392973363399506","0.11392973363399506","0.11392973363399506","1941","1941","1941"
"194299","0.11459911614656448","0.11459911614656448","0.11459911614656448","1942","1942","1942"
"194399","0.11098890751600266","0.11098890751600266","0.11098890751600266","1943","1943","1943"
"194499","0.11043219268321991","0.11043219268321991","0.11043219268321991","1944","1944","1944"
"194599","0.11448181420564651","0.11448181420564651","0.11448181420564651","1945","1945","1945"
"194699","0.10982036590576172","0.10982036590576172","0.10982036590576172","1946","1946","1946"
"194799","0.11778450757265091","0.11778450757265091","0.11778450757265091","1947","1947","1947"
"194899","0.10954474657773972","0.10954474657773972","0.10954474657773972","1948","1948","1948"
"194999","0.11246170848608017","0.11246170848608017","0.11246170848608017","1949","1949","1949"
"195099","0.10814028233289719","0.10814028233289719","0.10814028233289719","1950","1950","1950"
"195199","0.10944484174251556","0.10944484174251556","0.10944484174251556","1951","1951","1951"
"195299","0.1053912416100502","0.1053912416100502","0.1053912416100502","1952","1952","1952"
"195399","0.1142631471157074","0.1142631471157074","0.1142631471157074","1953","1953","1953"
"195499","0.10975823551416397","0.10975823551416397","0.10975823551416397","1954","1954","1954"
"195599","0.10776869207620621","0.10776869207620621","0.10776869207620621","1955","1955","1955"
"195699","0.11020289361476898","0.11020289361476898","0.11020289361476898","1956","1956","1956"
"195799","0.11472831666469574","0.11472831666469574","0.11472831666469574","1957","1957","1957"
"195899","0.11109497398138046","0.11109497398138046","0.11109497398138046","1958","1958","1958"
"195999","0.11197403818368912","0.11197403818368912","0.11197403818368912","1959","1959","1959"
"196099","0.112943135201931","0.112943135201931","0.112943135201931","1960","1960","1960"
"196199","0.11340201646089554","0.11340201646089554","0.11340201646089554","1961","1961","1961"
"196299","0.11022751033306122","0.11022751033306122","0.11022751033306122","1962","1962","1962"
"196399","0.12135148048400879","0.12135148048400879","0.12135148048400879","1963","1963","1963"
"196499","0.11284110695123672","0.11284110695123672","0.11284110695123672","1964","1964","1964"
"196599","0.11546268314123154","0.11546268314123154","0.11546268314123154","1965","1965","1965"
"196699","0.11593205481767654","0.11593205481767654","0.11593205481767654","1966","1966","1966"
"196799","0.12068337947130203","0.12068337947130203","0.12068337947130203","1967","1967","1967"
"196899","0.10490987449884415","0.10490987449884415","0.10490987449884415","1968","1968","1968"
"196999","0.11653129011392593","0.11653129011392593","0.11653129011392593","1969","1969","1969"
"197099","0.11316851526498795","0.11316851526498795","0.11316851526498795","1970","1970","1970"
"197199","0.11268872767686844","0.11268872767686844","0.11268872767686844","1971","1971","1971"
"197299","0.11102095246315002","0.11102095246315002","0.11102095246315002","1972","1972","1972"
"197399","0.1105789914727211","0.1105789914727211","0.1105789914727211","1973","1973","1973"
"197499","0.11965189129114151","0.11965189129114151","0.11965189129114151","1974","1974","1974"
"197599","0.1102427989244461","0.1102427989244461","0.1102427989244461","1975","1975","1975"
"197699","0.11224427074193954","0.11224427074193954","0.11224427074193954","1976","1976","1976"
"197799","0.11594762653112411","0.11594762653112411","0.11594762653112411","1977","1977","1977"
"197899","0.11242221295833588","0.11242221295833588","0.11242221295833588","1978","1978","1978"
"197999","0.11278417706489563","0.11278417706489563","0.11278417706489563","1979","1979","1979"
"198099","0.11254986375570297","0.11254986375570297","0.11254986375570297","1980","1980","1980"
"198199","0.11783848702907562","0.11783848702907562","0.11783848702907562","1981","1981","1981"
"198299","0.11838410794734955","0.11838410794734955","0.11838410794734955","1982","1982","1982"
"198399","0.11098000407218933","0.11098000407218933","0.11098000407218933","1983","1983","1983"
"198499","0.11154183000326157","0.11154183000326157","0.11154183000326157","1984","1984","1984"
"198599","0.11035644263029099","0.11035644263029099","0.11035644263029099","1985","1985","1985"
"198699","0.11369729787111282","0.11369729787111282","0.11369729787111282","1986","1986","1986"
"198799","0.11084497720003128","0.11084497720003128","0.11084497720003128","1987","1987","1987"
"198899","0.11049190908670425","0.11049190908670425","0.11049190908670425","1988","1988","1988"
"198999","0.11531110852956772","0.11531110852956772","0.11531110852956772","1989","1989","1989"
"199099","0.11089438199996948","0.11089438199996948","0.11089438199996948","1990","1990","1990"
"199199","0.11249905824661255","0.11249905824661255","0.11249905824661255","1991","1991","1991"
"199299","0.120160773396492","0.120160773396492","0.120160773396492","1992","1992","1992"
"199399","0.11064090579748154","0.11064090579748154","0.11064090579748154","1993","1993","1993"
"199499","0.10972216725349426","0.10972216725349426","0.10972216725349426","1994","1994","1994"
"199599","0.11565999686717987","0.11565999686717987","0.11565999686717987","1995","1995","1995"
"199699","0.11065357178449631","0.11065357178449631","0.11065357178449631","1996","1996","1996"
"199799","0.11369449645280838","0.11369449645280838","0.11369449645280838","1997","1997","1997"
"199899","0.11565377563238144","0.11565377563238144","0.11565377563238144","1998","1998","1998"
"199999","0.10807973891496658","0.10807973891496658","0.10807973891496658","1999","1999","1999"
"200099","0.10903599858283997","0.10903599858283997","0.10903599858283997","2000","2000","2000"
"200199","0.11043784022331238","0.11043784022331238","0.11043784022331238","2001","2001","2001"
"200299","0.11400733888149261","0.11400733888149261","0.11400733888149261","2002","2002","2002"
"200399","0.10834015160799026","0.10834015160799026","0.10834015160799026","2003","2003","2003"
"200499","0.11151285469532013","0.11151285469532013","0.11151285469532013","2004","2004","2004"
"200599","0.1110631674528122","0.1110631674528122","0.1110631674528122","2005","2005","2005"
"200699","0.12050014734268188","0.12050014734268188","0.12050014734268188","2006","2006","2006"
"200799","0.11796758323907852","0.11796758323907852","0.11796758323907852","2007","2007","2007"
"200899","0.12037914246320724","0.12037914246320724","0.12037914246320724","2008","2008","2008"
"200999","0.11390519887208939","0.11390519887208939","0.11390519887208939","2009","2009","2009"
"201099","0.10848798602819443","0.10848798602819443","0.10848798602819443","2010","2010","2010"
"201199","0.11172141134738922","0.11172141134738922","0.11172141134738922","2011","2011","2011"
"201299","0.11052579432725906","0.11052579432725906","0.11052579432725906","2012","2012","2012"
"201399","0.11294455826282501","0.11294455826282501","0.11294455826282501","2013","2013","2013"
"201499","0.12237890809774399","0.12237890809774399","0.12237890809774399","2014","2014","2014"
"201599","0.11817861348390579","0.11817861348390579","0.11817861348390579","2015","2015","2015"
"201699","0.11159522831439972","0.11159522831439972","0.11159522831439972","2016","2016","2016"
"201799","0.11290164291858673","0.11290164291858673","0.11290164291858673","2017","2017","2017"
"201899","0.10887813568115234","0.10887813568115234","0.10887813568115234","2018","2018","2018"
"201999","0.11172051727771759","0.11172051727771759","0.11172051727771759","2019","2019","2019"
"202099","0.11148228496313095","0.11148228496313095","0.11148228496313095","2020","2020","2020"
"202199","0.11395978182554245","0.11395978182554245","0.11395978182554245","2021","2021","2021"
"202299","0.11676665395498276","0.11676665395498276","0.11676665395498276","2022","2022","2022"
"202399","0.1131073459982872","0.1131073459982872","0.1131073459982872","2023","2023","2023"
"202499","0.11649315804243088","0.11649315804243088","0.11649315804243088","2024","2024","2024"
"202599","0.11304773390293121","0.11304773390293121","0.11304773390293121","2025","2025","2025"
"202699","0.11647136509418488","0.11647136509418488","0.11647136509418488","2026","2026","2026"
"202799","0.1063091978430748","0.1063091978430748","0.1063091978430748","2027","2027","2027"
"202899","0.1128217875957489","0.1128217875957489","0.1128217875957489","2028","2028","2028"
"202999","0.11887482553720474","0.11887482553720474","0.11887482553720474","2029","2029","2029"
"203099","0.10906251519918442","0.10906251519918442","0.10906251519918442","2030","2030","2030"
"203199","0.10916630923748016","0.10916630923748016","0.10916630923748016","2031","2031","2031"
"203299","0.11187785863876343","0.11187785863876343","0.11187785863876343","2032","2032","2032"
"203399","0.1147707849740982","0.1147707849740982","0.1147707849740982","2033","2033","2033"
"203499","0.11502324044704437","0.11502324044704437","0.11502324044704437","2034","2034","2034"
"203599","0.11182014644145966","0.11182014644145966","0.11182014644145966","2035","2035","2035"
"203699","0.11345875263214111","0.11345875263214111","0.11345875263214111","2036","2036","2036"
"203799","0.11677056550979614","0.11677056550979614","0.11677056550979614","2037","2037","2037"
"203899","0.113917775452137","0.113917775452137","0.113917775452137","2038","2038","2038"
"203999","0.11009985953569412","0.11009985953569412","0.11009985953569412","2039","2039","2039"
"204099","0.1174764633178711","0.1174764633178711","0.1174764633178711","2040","2040","2040"
"204199","0.11303219944238663","0.11303219944238663","0.11303219944238663","2041","2041","2041"
"204299","0.10857593268156052","0.10857593268156052","0.10857593268156052","2042","2042","2042"
"204399","0.11114132404327393","0.11114132404327393","0.11114132404327393","2043","2043","2043"
"204499","0.1086476668715477","0.1086476668715477","0.1086476668715477","2044","2044","2044"
"204599","0.11939942091703415","0.11939942091703415","0.11939942091703415","2045","2045","2045"
"204699","0.11409687995910645","0.11409687995910645","0.11409687995910645","2046","2046","2046"
"204799","0.11626894772052765","0.11626894772052765","0.11626894772052765","2047","2047","2047"
"204899","0.11573750525712967","0.11573750525712967","0.11573750525712967","2048","2048","2048"
"204999","0.11176148802042007","0.11176148802042007","0.11176148802042007","2049","2049","2049"
"205099","0.11013076454401016","0.11013076454401016","0.11013076454401016","2050","2050","2050"
"205199","0.1115974634885788","0.1115974634885788","0.1115974634885788","2051","2051","2051"
"205299","0.11648597568273544","0.11648597568273544","0.11648597568273544","2052","2052","2052"
"205399","0.11486220359802246","0.11486220359802246","0.11486220359802246","2053","2053","2053"
"205499","0.11508843302726746","0.11508843302726746","0.11508843302726746","2054","2054","2054"
"205599","0.11752398312091827","0.11752398312091827","0.11752398312091827","2055","2055","2055"
"205699","0.1164722815155983","0.1164722815155983","0.1164722815155983","2056","2056","2056"
"205799","0.11575698852539062","0.11575698852539062","0.11575698852539062","2057","2057","2057"
"205899","0.1148594543337822","0.1148594543337822","0.1148594543337822","2058","2058","2058"
"205999","0.11515819281339645","0.11515819281339645","0.11515819281339645","2059","2059","2059"
"206099","0.11309375613927841","0.11309375613927841","0.11309375613927841","2060","2060","2060"
"206199","0.11595422029495239","0.11595422029495239","0.11595422029495239","2061","2061","2061"
"206299","0.1102011650800705","0.1102011650800705","0.1102011650800705","2062","2062","2062"
"206399","0.11524678766727448","0.11524678766727448","0.11524678766727448","2063","2063","2063"
"206499","0.11347872018814087","0.11347872018814087","0.11347872018814087","2064","2064","2064"
"206599","0.11128435283899307","0.11128435283899307","0.11128435283899307","2065","2065","2065"
"206699","0.12053762376308441","0.12053762376308441","0.12053762376308441","2066","2066","2066"
"206799","0.11217161267995834","0.11217161267995834","0.11217161267995834","2067","2067","2067"
"206899","0.11263027787208557","0.11263027787208557","0.11263027787208557","2068","2068","2068"
"206999","0.11006585508584976","0.11006585508584976","0.11006585508584976","2069","2069","2069"
"207099","0.11879972368478775","0.11879972368478775","0.11879972368478775","2070","2070","2070"
"207199","0.11176747828722","0.11176747828722","0.11176747828722","2071","2071","2071"
"207299","0.11497420817613602","0.11497420817613602","0.11497420817613602","2072","2072","2072"
"207399","0.11315855383872986","0.11315855383872986","0.11315855383872986","2073","2073","2073"
"207499","0.11607955396175385","0.11607955396175385","0.11607955396175385","2074","2074","2074"
"207599","0.113017737865448","0.113017737865448","0.113017737865448","2075","2075","2075"
"207699","0.1134752407670021","0.1134752407670021","0.1134752407670021","2076","2076","2076"
"207799","0.11023690551519394","0.11023690551519394","0.11023690551519394","2077","2077","2077"
"207899","0.11380191147327423","0.11380191147327423","0.11380191147327423","2078","2078","2078"
"207999","0.11520418524742126","0.11520418524742126","0.11520418524742126","2079","2079","2079"
"208099","0.11033695936203003","0.11033695936203003","0.11033695936203003","2080","2080","2080"
"208199","0.11523604393005371","0.11523604393005371","0.11523604393005371","2081","2081","2081"
"208299","0.11284539103507996","0.11284539103507996","0.11284539103507996","2082","2082","2082"
"208399","0.11314526200294495","0.11314526200294495","0.11314526200294495","2083","2083","2083"
"208499","0.11623091250658035","0.11623091250658035","0.11623091250658035","2084","2084","2084"
"208599","0.11379989236593246","0.11379989236593246","0.11379989236593246","2085","2085","2085"
"208699","0.11070358008146286","0.11070358008146286","0.11070358008146286","2086","2086","2086"
"208799","0.11516661196947098","0.11516661196947098","0.11516661196947098","2087","2087","2087"
"208899","0.10738097131252289","0.10738097131252289","0.10738097131252289","2088","2088","2088"
"208999","0.11046790331602097","0.11046790331602097","0.11046790331602097","2089","2089","2089"
"209099","0.10868426412343979","0.10868426412343979","0.10868426412343979","2090","2090","2090"
"209199","0.11916539818048477","0.11916539818048477","0.11916539818048477","2091","2091","2091"
"209299","0.10848124325275421","0.10848124325275421","0.10848124325275421","2092","2092","2092"
"209399","0.11346670985221863","0.11346670985221863","0.11346670985221863","2093","2093","2093"
"209499","0.11123919486999512","0.11123919486999512","0.11123919486999512","2094","2094","2094"
"209599","0.10259635001420975","0.10259635001420975","0.10259635001420975","2095","2095","2095"
"209699","0.11688351631164551","0.11688351631164551","0.11688351631164551","2096","2096","2096"
"209799","0.11160345375537872","0.11160345375537872","0.11160345375537872","2097","2097","2097"
"209899","0.11033520847558975","0.11033520847558975","0.11033520847558975","2098","2098","2098"
"209999","0.10759147256612778","0.10759147256612778","0.10759147256612778","2099","2099","2099"
"210099","0.11764244735240936","0.11764244735240936","0.11764244735240936","2100","2100","2100"
"210199","0.1068066656589508","0.1068066656589508","0.1068066656589508","2101","2101","2101"
"210299","0.10652493685483932","0.10652493685483932","0.10652493685483932","2102","2102","2102"
"210399","0.1098947748541832","0.1098947748541832","0.1098947748541832","2103","2103","2103"
"210499","0.11718971282243729","0.11718971282243729","0.11718971282243729","2104","2104","2104"
"210599","0.11207512766122818","0.11207512766122818","0.11207512766122818","2105","2105","2105"
"210699","0.11551610380411148","0.11551610380411148","0.11551610380411148","2106","2106","2106"
"210799","0.1103319525718689","0.1103319525718689","0.1103319525718689","2107","2107","2107"
"210899","0.11709076166152954","0.11709076166152954","0.11709076166152954","2108","2108","2108"
"210999","0.10820838809013367","0.10820838809013367","0.10820838809013367","2109","2109","2109"
"211099","0.11381969600915909","0.11381969600915909","0.11381969600915909","2110","2110","2110"
"211199","0.11212734133005142","0.11212734133005142","0.11212734133005142","2111","2111","2111"
"211299","0.11533069610595703","0.11533069610595703","0.11533069610595703","2112","2112","2112"
"211399","0.11192464083433151","0.11192464083433151","0.11192464083433151","2113","2113","2113"
"211499","0.11432448029518127","0.11432448029518127","0.11432448029518127","2114","2114","2114"
"211599","0.11652475595474243","0.11652475595474243","0.11652475595474243","2115","2115","2115"
"211699","0.11321724951267242","0.11321724951267242","0.11321724951267242","2116","2116","2116"
"211799","0.12057960033416748","0.12057960033416748","0.12057960033416748","2117","2117","2117"
"211899","0.10625864565372467","0.10625864565372467","0.10625864565372467","2118","2118","2118"
"211999","0.1134195402264595","0.1134195402264595","0.1134195402264595","2119","2119","2119"
"212099","0.10890156030654907","0.10890156030654907","0.10890156030654907","2120","2120","2120"
"212199","0.10931671410799026","0.10931671410799026","0.10931671410799026","2121","2121","2121"
"212299","0.11295467615127563","0.11295467615127563","0.11295467615127563","2122","2122","2122"
"212399","0.10807766765356064","0.10807766765356064","0.10807766765356064","2123","2123","2123"
"212499","0.11842816323041916","0.11842816323041916","0.11842816323041916","2124","2124","2124"
"212599","0.11458215117454529","0.11458215117454529","0.11458215117454529","2125","2125","2125"
"212699","0.10943076014518738","0.10943076014518738","0.10943076014518738","2126","2126","2126"
"212799","0.10894530266523361","0.10894530266523361","0.10894530266523361","2127","2127","2127"
"212899","0.11845303326845169","0.11845303326845169","0.11845303326845169","2128","2128","2128"
"212999","0.10989337414503098","0.10989337414503098","0.10989337414503098","2129","2129","2129"
"213099","0.11387310922145844","0.11387310922145844","0.11387310922145844","2130","2130","2130"
"213199","0.11466500908136368","0.11466500908136368","0.11466500908136368","2131","2131","2131"
"213299","0.10799823701381683","0.10799823701381683","0.10799823701381683","2132","2132","2132"
"213399","0.11185216903686523","0.11185216903686523","0.11185216903686523","2133","2133","2133"
"213499","0.11775612086057663","0.11775612086057663","0.11775612086057663","2134","2134","2134"
"213599","0.11369549483060837","0.11369549483060837","0.11369549483060837","2135","2135","2135"
"213699","0.10928770154714584","0.10928770154714584","0.10928770154714584","2136","2136","2136"
"213799","0.11079999059438705","0.11079999059438705","0.11079999059438705","2137","2137","2137"
"213899","0.11539724469184875","0.11539724469184875","0.11539724469184875","2138","2138","2138"
"213999","0.11750921607017517","0.11750921607017517","0.11750921607017517","2139","2139","2139"
"214099","0.11486225575208664","0.11486225575208664","0.11486225575208664","2140","2140","2140"
"214199","0.1184050440788269","0.1184050440788269","0.1184050440788269","2141","2141","2141"
"214299","0.11752551794052124","0.11752551794052124","0.11752551794052124","2142","2142","2142"
"214399","0.11389670521020889","0.11389670521020889","0.11389670521020889","2143","2143","2143"
"214499","0.11368333548307419","0.11368333548307419","0.11368333548307419","2144","2144","2144"
"214599","0.10950925946235657","0.10950925946235657","0.10950925946235657","2145","2145","2145"
"214699","0.11020581424236298","0.11020581424236298","0.11020581424236298","2146","2146","2146"
"214799","0.1198805645108223","0.1198805645108223","0.1198805645108223","2147","2147","2147"
"214899","0.10954294353723526","0.10954294353723526","0.10954294353723526","2148","2148","2148"
"214999","0.10288668423891068","0.10288668423891068","0.10288668423891068","2149","2149","2149"
"215099","0.120309017598629","0.120309017598629","0.120309017598629","2150","2150","2150"
"215199","0.12065345793962479","0.12065345793962479","0.12065345793962479","2151","2151","2151"
"215299","0.1209428608417511","0.1209428608417511","0.1209428608417511","2152","2152","2152"
"215399","0.10355277359485626","0.10355277359485626","0.10355277359485626","2153","2153","2153"
"215499","0.11539492011070251","0.11539492011070251","0.11539492011070251","2154","2154","2154"
"215599","0.12052346020936966","0.12052346020936966","0.12052346020936966","2155","2155","2155"
"215699","0.11920786648988724","0.11920786648988724","0.11920786648988724","2156","2156","2156"
"215799","0.11193276196718216","0.11193276196718216","0.11193276196718216","2157","2157","2157"
"215899","0.11195600777864456","0.11195600777864456","0.11195600777864456","2158","2158","2158"
"215999","0.1175956204533577","0.1175956204533577","0.1175956204533577","2159","2159","2159"
"216099","0.11609432101249695","0.11609432101249695","0.11609432101249695","2160","2160","2160"
"216199","0.11382649093866348","0.11382649093866348","0.11382649093866348","2161","2161","2161"
"216299","0.11167114228010178","0.11167114228010178","0.11167114228010178","2162","2162","2162"
"216399","0.11454179883003235","0.11454179883003235","0.11454179883003235","2163","2163","2163"
"216499","0.11734353005886078","0.11734353005886078","0.11734353005886078","2164","2164","2164"
"216599","0.1095772534608841","0.1095772534608841","0.1095772534608841","2165","2165","2165"
"216699","0.11049496382474899","0.11049496382474899","0.11049496382474899","2166","2166","2166"
"216799","0.1142721176147461","0.1142721176147461","0.1142721176147461","2167","2167","2167"
"216899","0.11617200076580048","0.11617200076580048","0.11617200076580048","2168","2168","2168"
"216999","0.10957054793834686","0.10957054793834686","0.10957054793834686","2169","2169","2169"
"217099","0.11326967179775238","0.11326967179775238","0.11326967179775238","2170","2170","2170"
"217199","0.11817896366119385","0.11817896366119385","0.11817896366119385","2171","2171","2171"
"217299","0.11377725750207901","0.11377725750207901","0.11377725750207901","2172","2172","2172"
"217399","0.11143804341554642","0.11143804341554642","0.11143804341554642","2173","2173","2173"
"217499","0.1101849377155304","0.1101849377155304","0.1101849377155304","2174","2174","2174"
"217599","0.11231828480958939","0.11231828480958939","0.11231828480958939","2175","2175","2175"
"217699","0.10944570600986481","0.10944570600986481","0.10944570600986481","2176","2176","2176"
"217799","0.11245742440223694","0.11245742440223694","0.11245742440223694","2177","2177","2177"
"217899","0.11325027793645859","0.11325027793645859","0.11325027793645859","2178","2178","2178"
"217999","0.11036732792854309","0.11036732792854309","0.11036732792854309","2179","2179","2179"
"218099","0.11203043907880783","0.11203043907880783","0.11203043907880783","2180","2180","2180"
"218199","0.10969137400388718","0.10969137400388718","0.10969137400388718","2181","2181","2181"
"218299","0.11411670595407486","0.11411670595407486","0.11411670595407486","2182","2182","2182"
"218399","0.11932244151830673","0.11932244151830673","0.11932244151830673","2183","2183","2183"
"218499","0.10997410863637924","0.10997410863637924","0.10997410863637924","2184","2184","2184"
"218599","0.11299409717321396","0.11299409717321396","0.11299409717321396","2185","2185","2185"
"218699","0.10902445018291473","0.10902445018291473","0.10902445018291473","2186","2186","2186"
"218799","0.11449933052062988","0.11449933052062988","0.11449933052062988","2187","2187","2187"
"218899","0.1113990768790245","0.1113990768790245","0.1113990768790245","2188","2188","2188"
"218999","0.11905469000339508","0.11905469000339508","0.11905469000339508","2189","2189","2189"
"219099","0.11066058278083801","0.11066058278083801","0.11066058278083801","2190","2190","2190"
"219199","0.11249852925539017","0.11249852925539017","0.11249852925539017","2191","2191","2191"
"219299","0.11400298774242401","0.11400298774242401","0.11400298774242401","2192","2192","2192"
"219399","0.10982038825750351","0.10982038825750351","0.10982038825750351","2193","2193","2193"
"219499","0.10630528628826141","0.10630528628826141","0.10630528628826141","2194","2194","2194"
"219599","0.10687078535556793","0.10687078535556793","0.10687078535556793","2195","2195","2195"
"219699","0.12263593822717667","0.12263593822717667","0.12263593822717667","2196","2196","2196"
"219799","0.11195004731416702","0.11195004731416702","0.11195004731416702","2197","2197","2197"
"219899","0.1071859672665596","0.1071859672665596","0.1071859672665596","2198","2198","2198"
"219999","0.11233050376176834","0.11233050376176834","0.11233050376176834","2199","2199","2199"
"220099","0.1137779951095581","0.1137779951095581","0.1137779951095581","2200","2200","2200"
"220199","0.10598962754011154","0.10598962754011154","0.10598962754011154","2201","2201","2201"
"220299","0.10823432356119156","0.10823432356119156","0.10823432356119156","2202","2202","2202"
"220399","0.11056654900312424","0.11056654900312424","0.11056654900312424","2203","2203","2203"
"220499","0.11254604905843735","0.11254604905843735","0.11254604905843735","2204","2204","2204"
"220599","0.11042618751525879","0.11042618751525879","0.11042618751525879","2205","2205","2205"
"220699","0.11480238288640976","0.11480238288640976","0.11480238288640976","2206","2206","2206"
"220799","0.1127873957157135","0.1127873957157135","0.1127873957157135","2207","2207","2207"
"220899","0.11379930377006531","0.11379930377006531","0.11379930377006531","2208","2208","2208"
"220999","0.1199512854218483","0.1199512854218483","0.1199512854218483","2209","2209","2209"
"221099","0.11155755072832108","0.11155755072832108","0.11155755072832108","2210","2210","2210"
"221199","0.11540341377258301","0.11540341377258301","0.11540341377258301","2211","2211","2211"
"221299","0.1140722781419754","0.1140722781419754","0.1140722781419754","2212","2212","2212"
"221399","0.1122310608625412","0.1122310608625412","0.1122310608625412","2213","2213","2213"
"221499","0.10894905030727386","0.10894905030727386","0.10894905030727386","2214","2214","2214"
"221599","0.11149009317159653","0.11149009317159653","0.11149009317159653","2215","2215","2215"
"221699","0.11220679432153702","0.11220679432153702","0.11220679432153702","2216","2216","2216"
"221799","0.11520307511091232","0.11520307511091232","0.11520307511091232","2217","2217","2217"
"221899","0.11494573950767517","0.11494573950767517","0.11494573950767517","2218","2218","2218"
"221999","0.1126939207315445","0.1126939207315445","0.1126939207315445","2219","2219","2219"
"222099","0.10616913437843323","0.10616913437843323","0.10616913437843323","2220","2220","2220"
"222199","0.10466562956571579","0.10466562956571579","0.10466562956571579","2221","2221","2221"
"222299","0.11267959326505661","0.11267959326505661","0.11267959326505661","2222","2222","2222"
"222399","0.10866568237543106","0.10866568237543106","0.10866568237543106","2223","2223","2223"
"222499","0.10979803651571274","0.10979803651571274","0.10979803651571274","2224","2224","2224"
"222599","0.11315535008907318","0.11315535008907318","0.11315535008907318","2225","2225","2225"
"222699","0.11491785198450089","0.11491785198450089","0.11491785198450089","2226","2226","2226"
"222799","0.11780592054128647","0.11780592054128647","0.11780592054128647","2227","2227","2227"
"222899","0.10914111137390137","0.10914111137390137","0.10914111137390137","2228","2228","2228"
"222999","0.11242982745170593","0.11242982745170593","0.11242982745170593","2229","2229","2229"
"223099","0.11798151582479477","0.11798151582479477","0.11798151582479477","2230","2230","2230"
"223199","0.1075926348567009","0.1075926348567009","0.1075926348567009","2231","2231","2231"
"223299","0.10852102935314178","0.10852102935314178","0.10852102935314178","2232","2232","2232"
"223399","0.11570724844932556","0.11570724844932556","0.11570724844932556","2233","2233","2233"
"223499","0.11278333514928818","0.11278333514928818","0.11278333514928818","2234","2234","2234"
"223599","0.11693687736988068","0.11693687736988068","0.11693687736988068","2235","2235","2235"
"223699","0.11109171062707901","0.11109171062707901","0.11109171062707901","2236","2236","2236"
"223799","0.10518232733011246","0.10518232733011246","0.10518232733011246","2237","2237","2237"
"223899","0.11046387255191803","0.11046387255191803","0.11046387255191803","2238","2238","2238"
"223999","0.1189926415681839","0.1189926415681839","0.1189926415681839","2239","2239","2239"
"224099","0.11032921075820923","0.11032921075820923","0.11032921075820923","2240","2240","2240"
"224199","0.11079699546098709","0.11079699546098709","0.11079699546098709","2241","2241","2241"
"224299","0.12007671594619751","0.12007671594619751","0.12007671594619751","2242","2242","2242"
"224399","0.10894022136926651","0.10894022136926651","0.10894022136926651","2243","2243","2243"
"224499","0.11395430564880371","0.11395430564880371","0.11395430564880371","2244","2244","2244"
"224599","0.11432386189699173","0.11432386189699173","0.11432386189699173","2245","2245","2245"
"224699","0.11178494989871979","0.11178494989871979","0.11178494989871979","2246","2246","2246"
"224799","0.10949717462062836","0.10949717462062836","0.10949717462062836","2247","2247","2247"
"224899","0.11840702593326569","0.11840702593326569","0.11840702593326569","2248","2248","2248"
"224999","0.10892722755670547","0.10892722755670547","0.10892722755670547","2249","2249","2249"
"225099","0.11588308960199356","0.11588308960199356","0.11588308960199356","2250","2250","2250"
"225199","0.11222681403160095","0.11222681403160095","0.11222681403160095","2251","2251","2251"
"225299","0.10803639888763428","0.10803639888763428","0.10803639888763428","2252","2252","2252"
"225399","0.11689049750566483","0.11689049750566483","0.11689049750566483","2253","2253","2253"
"225499","0.10857295989990234","0.10857295989990234","0.10857295989990234","2254","2254","2254"
"225599","0.11352231353521347","0.11352231353521347","0.11352231353521347","2255","2255","2255"
"225699","0.10736346244812012","0.10736346244812012","0.10736346244812012","2256","2256","2256"
"225799","0.11218895018100739","0.11218895018100739","0.11218895018100739","2257","2257","2257"
"225899","0.10546739399433136","0.10546739399433136","0.10546739399433136","2258","2258","2258"
"225999","0.12113646417856216","0.12113646417856216","0.12113646417856216","2259","2259","2259"
"226099","0.11624845862388611","0.11624845862388611","0.11624845862388611","2260","2260","2260"
"226199","0.11710964888334274","0.11710964888334274","0.11710964888334274","2261","2261","2261"
"226299","0.10779260098934174","0.10779260098934174","0.10779260098934174","2262","2262","2262"
"226399","0.11893996596336365","0.11893996596336365","0.11893996596336365","2263","2263","2263"
"226499","0.11362161487340927","0.11362161487340927","0.11362161487340927","2264","2264","2264"
"226599","0.11105339974164963","0.11105339974164963","0.11105339974164963","2265","2265","2265"
"226699","0.1152402013540268","0.1152402013540268","0.1152402013540268","2266","2266","2266"
"226799","0.11555358022451401","0.11555358022451401","0.11555358022451401","2267","2267","2267"
"226899","0.11191728711128235","0.11191728711128235","0.11191728711128235","2268","2268","2268"
"226999","0.10876210033893585","0.10876210033893585","0.10876210033893585","2269","2269","2269"
"227099","0.11731533706188202","0.11731533706188202","0.11731533706188202","2270","2270","2270"
"227199","0.11341489851474762","0.11341489851474762","0.11341489851474762","2271","2271","2271"
"227299","0.11267423629760742","0.11267423629760742","0.11267423629760742","2272","2272","2272"
"227399","0.11703784018754959","0.11703784018754959","0.11703784018754959","2273","2273","2273"
"227499","0.10655906051397324","0.10655906051397324","0.10655906051397324","2274","2274","2274"
"227599","0.11787258833646774","0.11787258833646774","0.11787258833646774","2275","2275","2275"
"227699","0.10939071327447891","0.10939071327447891","0.10939071327447891","2276","2276","2276"
"227799","0.12061765044927597","0.12061765044927597","0.12061765044927597","2277","2277","2277"
"227899","0.11477335542440414","0.11477335542440414","0.11477335542440414","2278","2278","2278"
"227999","0.11009051650762558","0.11009051650762558","0.11009051650762558","2279","2279","2279"
"228099","0.11548765003681183","0.11548765003681183","0.11548765003681183","2280","2280","2280"
"228199","0.11493849754333496","0.11493849754333496","0.11493849754333496","2281","2281","2281"
"228299","0.1135987788438797","0.1135987788438797","0.1135987788438797","2282","2282","2282"
"228399","0.11205960810184479","0.11205960810184479","0.11205960810184479","2283","2283","2283"
"228499","0.11202868819236755","0.11202868819236755","0.11202868819236755","2284","2284","2284"
"228599","0.11350611597299576","0.11350611597299576","0.11350611597299576","2285","2285","2285"
"228699","0.11061324179172516","0.11061324179172516","0.11061324179172516","2286","2286","2286"
"228799","0.10398992151021957","0.10398992151021957","0.10398992151021957","2287","2287","2287"
"228899","0.11121860891580582","0.11121860891580582","0.11121860891580582","2288","2288","2288"
"228999","0.11631815880537033","0.11631815880537033","0.11631815880537033","2289","2289","2289"
"229099","0.1135069876909256","0.1135069876909256","0.1135069876909256","2290","2290","2290"
"229199","0.11360003054141998","0.11360003054141998","0.11360003054141998","2291","2291","2291"
"229299","0.11571800708770752","0.11571800708770752","0.11571800708770752","2292","2292","2292"
"229399","0.1106475442647934","0.1106475442647934","0.1106475442647934","2293","2293","2293"
"229499","0.10645177215337753","0.10645177215337753","0.10645177215337753","2294","2294","2294"
"229599","0.11580659449100494","0.11580659449100494","0.11580659449100494","2295","2295","2295"
"229699","0.10809918493032455","0.10809918493032455","0.10809918493032455","2296","2296","2296"
"229799","0.11837899684906006","0.11837899684906006","0.11837899684906006","2297","2297","2297"
"229899","0.11727402359247208","0.11727402359247208","0.11727402359247208","2298","2298","2298"
"229999","0.11225059628486633","0.11225059628486633","0.11225059628486633","2299","2299","2299"
"230099","0.11195626109838486","0.11195626109838486","0.11195626109838486","2300","2300","2300"
"230199","0.10994948446750641","0.10994948446750641","0.10994948446750641","2301","2301","2301"
"230299","0.11650673300027847","0.11650673300027847","0.11650673300027847","2302","2302","2302"
"230399","0.10914017260074615","0.10914017260074615","0.10914017260074615","2303","2303","2303"
"230499","0.11338932067155838","0.11338932067155838","0.11338932067155838","2304","2304","2304"
"230599","0.11412269622087479","0.11412269622087479","0.11412269622087479","2305","2305","2305"
"230699","0.11424137651920319","0.11424137651920319","0.11424137651920319","2306","2306","2306"
"230799","0.11079985648393631","0.11079985648393631","0.11079985648393631","2307","2307","2307"
"230899","0.10827882587909698","0.10827882587909698","0.10827882587909698","2308","2308","2308"
"230999","0.12032316625118256","0.12032316625118256","0.12032316625118256","2309","2309","2309"
"231099","0.11753398180007935","0.11753398180007935","0.11753398180007935","2310","2310","2310"
"231199","0.11638452857732773","0.11638452857732773","0.11638452857732773","2311","2311","2311"
"231299","0.10671938210725784","0.10671938210725784","0.10671938210725784","2312","2312","2312"
"231399","0.11131872236728668","0.11131872236728668","0.11131872236728668","2313","2313","2313"
"231499","0.12085006386041641","0.12085006386041641","0.12085006386041641","2314","2314","2314"
"231599","0.11204905807971954","0.11204905807971954","0.11204905807971954","2315","2315","2315"
"231699","0.11463115364313126","0.11463115364313126","0.11463115364313126","2316","2316","2316"
"231799","0.10465801507234573","0.10465801507234573","0.10465801507234573","2317","2317","2317"
"231899","0.11155813932418823","0.11155813932418823","0.11155813932418823","2318","2318","2318"
"231999","0.10924505442380905","0.10924505442380905","0.10924505442380905","2319","2319","2319"
"232099","0.11779662221670151","0.11779662221670151","0.11779662221670151","2320","2320","2320"
"232199","0.10870125889778137","0.10870125889778137","0.10870125889778137","2321","2321","2321"
"232299","0.11410345882177353","0.11410345882177353","0.11410345882177353","2322","2322","2322"
"232399","0.1131228655576706","0.1131228655576706","0.1131228655576706","2323","2323","2323"
"232499","0.11281998455524445","0.11281998455524445","0.11281998455524445","2324","2324","2324"
"232599","0.11772719025611877","0.11772719025611877","0.11772719025611877","2325","2325","2325"
"232699","0.11055409163236618","0.11055409163236618","0.11055409163236618","2326","2326","2326"
"232799","0.11078844964504242","0.11078844964504242","0.11078844964504242","2327","2327","2327"
"232899","0.11114063858985901","0.11114063858985901","0.11114063858985901","2328","2328","2328"
"232999","0.1190473660826683","0.1190473660826683","0.1190473660826683","2329","2329","2329"
"233099","0.11463244259357452","0.11463244259357452","0.11463244259357452","2330","2330","2330"
"233199","0.10740664601325989","0.10740664601325989","0.10740664601325989","2331","2331","2331"
"233299","0.11740817874670029","0.11740817874670029","0.11740817874670029","2332","2332","2332"
"233399","0.11537203192710876","0.11537203192710876","0.11537203192710876","2333","2333","2333"
"233499","0.11438818275928497","0.11438818275928497","0.11438818275928497","2334","2334","2334"
"233599","0.11371118575334549","0.11371118575334549","0.11371118575334549","2335","2335","2335"
"233699","0.11378107219934464","0.11378107219934464","0.11378107219934464","2336","2336","2336"
"233799","0.1116427332162857","0.1116427332162857","0.1116427332162857","2337","2337","2337"
"233899","0.11237102746963501","0.11237102746963501","0.11237102746963501","2338","2338","2338"
"233999","0.11354469507932663","0.11354469507932663","0.11354469507932663","2339","2339","2339"
"234099","0.11676903069019318","0.11676903069019318","0.11676903069019318","2340","2340","2340"
"234199","0.11813287436962128","0.11813287436962128","0.11813287436962128","2341","2341","2341"
"234299","0.10809167474508286","0.10809167474508286","0.10809167474508286","2342","2342","2342"
"234399","0.11386151611804962","0.11386151611804962","0.11386151611804962","2343","2343","2343"
"234499","0.11662296205759048","0.11662296205759048","0.11662296205759048","2344","2344","2344"
"234599","0.11777953058481216","0.11777953058481216","0.11777953058481216","2345","2345","2345"
"234699","0.11196041107177734","0.11196041107177734","0.11196041107177734","2346","2346","2346"
"234799","0.11645039916038513","0.11645039916038513","0.11645039916038513","2347","2347","2347"
"234899","0.11112080514431","0.11112080514431","0.11112080514431","2348","2348","2348"
"234999","0.11343896389007568","0.11343896389007568","0.11343896389007568","2349","2349","2349"
"235099","0.11212480068206787","0.11212480068206787","0.11212480068206787","2350","2350","2350"
"235199","0.11487423628568649","0.11487423628568649","0.11487423628568649","2351","2351","2351"
"235299","0.10891443490982056","0.10891443490982056","0.10891443490982056","2352","2352","2352"
"235399","0.11159844696521759","0.11159844696521759","0.11159844696521759","2353","2353","2353"
"235499","0.11502068489789963","0.11502068489789963","0.11502068489789963","2354","2354","2354"
"235599","0.10928656160831451","0.10928656160831451","0.10928656160831451","2355","2355","2355"
"235699","0.11485883593559265","0.11485883593559265","0.11485883593559265","2356","2356","2356"
"235799","0.10788222402334213","0.10788222402334213","0.10788222402334213","2357","2357","2357"
"235899","0.1107904464006424","0.1107904464006424","0.1107904464006424","2358","2358","2358"
"235999","0.11552199721336365","0.11552199721336365","0.11552199721336365","2359","2359","2359"
"236099","0.10706847161054611","0.10706847161054611","0.10706847161054611","2360","2360","2360"
"236199","0.11575883626937866","0.11575883626937866","0.11575883626937866","2361","2361","2361"
"236299","0.11551740020513535","0.11551740020513535","0.11551740020513535","2362","2362","2362"
"236399","0.10207820683717728","0.10207820683717728","0.10207820683717728","2363","2363","2363"
"236499","0.11974791437387466","0.11974791437387466","0.11974791437387466","2364","2364","2364"
"236599","0.11343148350715637","0.11343148350715637","0.11343148350715637","2365","2365","2365"
"236699","0.10579533874988556","0.10579533874988556","0.10579533874988556","2366","2366","2366"
"236799","0.11785002797842026","0.11785002797842026","0.11785002797842026","2367","2367","2367"
"236899","0.11057285219430923","0.11057285219430923","0.11057285219430923","2368","2368","2368"
"236999","0.1144915446639061","0.1144915446639061","0.1144915446639061","2369","2369","2369"
"237099","0.11689668148756027","0.11689668148756027","0.11689668148756027","2370","2370","2370"
"237199","0.11319051682949066","0.11319051682949066","0.11319051682949066","2371","2371","2371"
"237299","0.11639612168073654","0.11639612168073654","0.11639612168073654","2372","2372","2372"
"237399","0.10304594039916992","0.10304594039916992","0.10304594039916992","2373","2373","2373"
"237499","0.11822249740362167","0.11822249740362167","0.11822249740362167","2374","2374","2374"
"237599","0.11552393436431885","0.11552393436431885","0.11552393436431885","2375","2375","2375"
"237699","0.11633045226335526","0.11633045226335526","0.11633045226335526","2376","2376","2376"
"237799","0.11243119835853577","0.11243119835853577","0.11243119835853577","2377","2377","2377"
"237899","0.11676112562417984","0.11676112562417984","0.11676112562417984","2378","2378","2378"
"237999","0.10915237665176392","0.10915237665176392","0.10915237665176392","2379","2379","2379"
"238099","0.1177544817328453","0.1177544817328453","0.1177544817328453","2380","2380","2380"
"238199","0.11337800323963165","0.11337800323963165","0.11337800323963165","2381","2381","2381"
"238299","0.11876801401376724","0.11876801401376724","0.11876801401376724","2382","2382","2382"
"238399","0.11569282412528992","0.11569282412528992","0.11569282412528992","2383","2383","2383"
"238499","0.11020456999540329","0.11020456999540329","0.11020456999540329","2384","2384","2384"
"238599","0.1214524433016777","0.1214524433016777","0.1214524433016777","2385","2385","2385"
"238699","0.10901305824518204","0.10901305824518204","0.10901305824518204","2386","2386","2386"
"238799","0.11000189185142517","0.11000189185142517","0.11000189185142517","2387","2387","2387"
"238899","0.10837114602327347","0.10837114602327347","0.10837114602327347","2388","2388","2388"
"238999","0.11264625936746597","0.11264625936746597","0.11264625936746597","2389","2389","2389"
"239099","0.11367625743150711","0.11367625743150711","0.11367625743150711","2390","2390","2390"
"239199","0.11295505613088608","0.11295505613088608","0.11295505613088608","2391","2391","2391"
"239299","0.11590027809143066","0.11590027809143066","0.11590027809143066","2392","2392","2392"
"239399","0.11202657967805862","0.11202657967805862","0.11202657967805862","2393","2393","2393"
"239499","0.11368581652641296","0.11368581652641296","0.11368581652641296","2394","2394","2394"
"239599","0.12027910351753235","0.12027910351753235","0.12027910351753235","2395","2395","2395"
"239699","0.107248954474926","0.107248954474926","0.107248954474926","2396","2396","2396"
"239799","0.10690119117498398","0.10690119117498398","0.10690119117498398","2397","2397","2397"
"239899","0.11722838133573532","0.11722838133573532","0.11722838133573532","2398","2398","2398"
"239999","0.10781974345445633","0.10781974345445633","0.10781974345445633","2399","2399","2399"
"240099","0.11670970916748047","0.11670970916748047","0.11670970916748047","2400","2400","2400"
"240199","0.11946939677000046","0.11946939677000046","0.11946939677000046","2401","2401","2401"
"240299","0.11117517948150635","0.11117517948150635","0.11117517948150635","2402","2402","2402"
"240399","0.10723358392715454","0.10723358392715454","0.10723358392715454","2403","2403","2403"
"240499","0.11423365026712418","0.11423365026712418","0.11423365026712418","2404","2404","2404"
"240599","0.11092198640108109","0.11092198640108109","0.11092198640108109","2405","2405","2405"
"240699","0.10906896740198135","0.10906896740198135","0.10906896740198135","2406","2406","2406"
"240799","0.11573758721351624","0.11573758721351624","0.11573758721351624","2407","2407","2407"
"240899","0.11364038288593292","0.11364038288593292","0.11364038288593292","2408","2408","2408"
"240999","0.11024219542741776","0.11024219542741776","0.11024219542741776","2409","2409","2409"
"241099","0.10652001202106476","0.10652001202106476","0.10652001202106476","2410","2410","2410"
"241199","0.11797519028186798","0.11797519028186798","0.11797519028186798","2411","2411","2411"
"241299","0.1077321395277977","0.1077321395277977","0.1077321395277977","2412","2412","2412"
"241399","0.11356087028980255","0.11356087028980255","0.11356087028980255","2413","2413","2413"
"241499","0.11797402799129486","0.11797402799129486","0.11797402799129486","2414","2414","2414"
"241599","0.1136193796992302","0.1136193796992302","0.1136193796992302","2415","2415","2415"
"241699","0.1170712262392044","0.1170712262392044","0.1170712262392044","2416","2416","2416"
"241799","0.10808612406253815","0.10808612406253815","0.10808612406253815","2417","2417","2417"
"241899","0.11023267358541489","0.11023267358541489","0.11023267358541489","2418","2418","2418"
"241999","0.1086873859167099","0.1086873859167099","0.1086873859167099","2419","2419","2419"
"242099","0.11378505080938339","0.11378505080938339","0.11378505080938339","2420","2420","2420"
"242199","0.11666566878557205","0.11666566878557205","0.11666566878557205","2421","2421","2421"
"242299","0.11474181711673737","0.11474181711673737","0.11474181711673737","2422","2422","2422"
"242399","0.11425044387578964","0.11425044387578964","0.11425044387578964","2423","2423","2423"
"242499","0.10796869546175003","0.10796869546175003","0.10796869546175003","2424","2424","2424"
"242599","0.1117156520485878","0.1117156520485878","0.1117156520485878","2425","2425","2425"
"242699","0.11412803083658218","0.11412803083658218","0.11412803083658218","2426","2426","2426"
"242799","0.11260301619768143","0.11260301619768143","0.11260301619768143","2427","2427","2427"
"242899","0.11113831400871277","0.11113831400871277","0.11113831400871277","2428","2428","2428"
"242999","0.1172511875629425","0.1172511875629425","0.1172511875629425","2429","2429","2429"
"243099","0.11133056879043579","0.11133056879043579","0.11133056879043579","2430","2430","2430"
"243199","0.1141631081700325","0.1141631081700325","0.1141631081700325","2431","2431","2431"
"243299","0.121228888630867","0.121228888630867","0.121228888630867","2432","2432","2432"
"243399","0.10954798758029938","0.10954798758029938","0.10954798758029938","2433","2433","2433"
"243499","0.11176136136054993","0.11176136136054993","0.11176136136054993","2434","2434","2434"
"243599","0.11844605952501297","0.11844605952501297","0.11844605952501297","2435","2435","2435"
"243699","0.1132415160536766","0.1132415160536766","0.1132415160536766","2436","2436","2436"
"243799","0.1123775765299797","0.1123775765299797","0.1123775765299797","2437","2437","2437"
"243899","0.10877171903848648","0.10877171903848648","0.10877171903848648","2438","2438","2438"
"243999","0.1146780326962471","0.1146780326962471","0.1146780326962471","2439","2439","2439"
"244099","0.11068187654018402","0.11068187654018402","0.11068187654018402","2440","2440","2440"
"244199","0.1175122857093811","0.1175122857093811","0.1175122857093811","2441","2441","2441"
"244299","0.11093363165855408","0.11093363165855408","0.11093363165855408","2442","2442","2442"
"244399","0.10960564762353897","0.10960564762353897","0.10960564762353897","2443","2443","2443"
"244499","0.1088305190205574","0.1088305190205574","0.1088305190205574","2444","2444","2444"
"244599","0.10955663025379181","0.10955663025379181","0.10955663025379181","2445","2445","2445"
"244699","0.10314970463514328","0.10314970463514328","0.10314970463514328","2446","2446","2446"
"244799","0.11114821583032608","0.11114821583032608","0.11114821583032608","2447","2447","2447"
"244899","0.11764855682849884","0.11764855682849884","0.11764855682849884","2448","2448","2448"
"244999","0.11225343495607376","0.11225343495607376","0.11225343495607376","2449","2449","2449"
"245099","0.11873986572027206","0.11873986572027206","0.11873986572027206","2450","2450","2450"
"245199","0.11337940394878387","0.11337940394878387","0.11337940394878387","2451","2451","2451"
"245299","0.11489187180995941","0.11489187180995941","0.11489187180995941","2452","2452","2452"
"245399","0.11424263566732407","0.11424263566732407","0.11424263566732407","2453","2453","2453"
"245499","0.11318661272525787","0.11318661272525787","0.11318661272525787","2454","2454","2454"
"245599","0.1133854016661644","0.1133854016661644","0.1133854016661644","2455","2455","2455"
"245699","0.11487682908773422","0.11487682908773422","0.11487682908773422","2456","2456","2456"
"245799","0.10303003340959549","0.10303003340959549","0.10303003340959549","2457","2457","2457"
"245899","0.11155224591493607","0.11155224591493607","0.11155224591493607","2458","2458","2458"
"245999","0.10983513295650482","0.10983513295650482","0.10983513295650482","2459","2459","2459"
"246099","0.11267483234405518","0.11267483234405518","0.11267483234405518","2460","2460","2460"
"246199","0.1131170392036438","0.1131170392036438","0.1131170392036438","2461","2461","2461"
"246299","0.11126050353050232","0.11126050353050232","0.11126050353050232","2462","2462","2462"
"246399","0.1091274544596672","0.1091274544596672","0.1091274544596672","2463","2463","2463"
"246499","0.11346496641635895","0.11346496641635895","0.11346496641635895","2464","2464","2464"
"246599","0.10860598832368851","0.10860598832368851","0.10860598832368851","2465","2465","2465"
"246699","0.11112211644649506","0.11112211644649506","0.11112211644649506","2466","2466","2466"
"246799","0.11530564725399017","0.11530564725399017","0.11530564725399017","2467","2467","2467"
"246899","0.11369608342647552","0.11369608342647552","0.11369608342647552","2468","2468","2468"
"246999","0.10945475101470947","0.10945475101470947","0.10945475101470947","2469","2469","2469"
"247099","0.10957174003124237","0.10957174003124237","0.10957174003124237","2470","2470","2470"
"247199","0.11748406291007996","0.11748406291007996","0.11748406291007996","2471","2471","2471"
"247299","0.11539207398891449","0.11539207398891449","0.11539207398891449","2472","2472","2472"
"247399","0.11370163410902023","0.11370163410902023","0.11370163410902023","2473","2473","2473"
"247499","0.12040415406227112","0.12040415406227112","0.12040415406227112","2474","2474","2474"
"247599","0.10908318310976028","0.10908318310976028","0.10908318310976028","2475","2475","2475"
"247699","0.10967879742383957","0.10967879742383957","0.10967879742383957","2476","2476","2476"
"247799","0.1121097281575203","0.1121097281575203","0.1121097281575203","2477","2477","2477"
"247899","0.10372757911682129","0.10372757911682129","0.10372757911682129","2478","2478","2478"
"247999","0.11676423251628876","0.11676423251628876","0.11676423251628876","2479","2479","2479"
"248099","0.11204028129577637","0.11204028129577637","0.11204028129577637","2480","2480","2480"
"248199","0.11633793264627457","0.11633793264627457","0.11633793264627457","2481","2481","2481"
"248299","0.11301310360431671","0.11301310360431671","0.11301310360431671","2482","2482","2482"
"248399","0.11162599921226501","0.11162599921226501","0.11162599921226501","2483","2483","2483"
"248499","0.11678076535463333","0.11678076535463333","0.11678076535463333","2484","2484","2484"
"248599","0.11023296415805817","0.11023296415805817","0.11023296415805817","2485","2485","2485"
"248699","0.1145518496632576","0.1145518496632576","0.1145518496632576","2486","2486","2486"
"248799","0.11025675386190414","0.11025675386190414","0.11025675386190414","2487","2487","2487"
"248899","0.12101830542087555","0.12101830542087555","0.12101830542087555","2488","2488","2488"
"248999","0.1059865951538086","0.1059865951538086","0.1059865951538086","2489","2489","2489"
"249099","0.11450476199388504","0.11450476199388504","0.11450476199388504","2490","2490","2490"
"249199","0.1200045496225357","0.1200045496225357","0.1200045496225357","2491","2491","2491"
"249299","0.1152787134051323","0.1152787134051323","0.1152787134051323","2492","2492","2492"
"249399","0.10962983220815659","0.10962983220815659","0.10962983220815659","2493","2493","2493"
"249499","0.10901903361082077","0.10901903361082077","0.10901903361082077","2494","2494","2494"
"249599","0.12080465257167816","0.12080465257167816","0.12080465257167816","2495","2495","2495"
"249699","0.1121787577867508","0.1121787577867508","0.1121787577867508","2496","2496","2496"
"249799","0.10916632413864136","0.10916632413864136","0.10916632413864136","2497","2497","2497"
"249899","0.11515846103429794","0.11515846103429794","0.11515846103429794","2498","2498","2498"
"249999","0.11153625696897507","0.11153625696897507","0.11153625696897507","2499","2499","2499"
"250099","0.11294855177402496","0.11294855177402496","0.11294855177402496","2500","2500","2500"
"250199","0.10973848402500153","0.10973848402500153","0.10973848402500153","2501","2501","2501"
"250299","0.11879045516252518","0.11879045516252518","0.11879045516252518","2502","2502","2502"
"250399","0.10786562412977219","0.10786562412977219","0.10786562412977219","2503","2503","2503"
"250499","0.11189045757055283","0.11189045757055283","0.11189045757055283","2504","2504","2504"
"250599","0.10792679339647293","0.10792679339647293","0.10792679339647293","2505","2505","2505"
"250699","0.11810561269521713","0.11810561269521713","0.11810561269521713","2506","2506","2506"
"250799","0.11212164908647537","0.11212164908647537","0.11212164908647537","2507","2507","2507"
"250899","0.11175781488418579","0.11175781488418579","0.11175781488418579","2508","2508","2508"
"250999","0.11062464863061905","0.11062464863061905","0.11062464863061905","2509","2509","2509"
"251099","0.11053433269262314","0.11053433269262314","0.11053433269262314","2510","2510","2510"
"251199","0.1122431755065918","0.1122431755065918","0.1122431755065918","2511","2511","2511"
"251299","0.11604902148246765","0.11604902148246765","0.11604902148246765","2512","2512","2512"
"251399","0.11297551542520523","0.11297551542520523","0.11297551542520523","2513","2513","2513"
"251499","0.10992105305194855","0.10992105305194855","0.10992105305194855","2514","2514","2514"
"251599","0.11955776810646057","0.11955776810646057","0.11955776810646057","2515","2515","2515"
"251699","0.11626304686069489","0.11626304686069489","0.11626304686069489","2516","2516","2516"
"251799","0.12022946774959564","0.12022946774959564","0.12022946774959564","2517","2517","2517"
"251899","0.11781781166791916","0.11781781166791916","0.11781781166791916","2518","2518","2518"
"251999","0.1128310039639473","0.1128310039639473","0.1128310039639473","2519","2519","2519"
"252099","0.11234536021947861","0.11234536021947861","0.11234536021947861","2520","2520","2520"
"252199","0.11007238179445267","0.11007238179445267","0.11007238179445267","2521","2521","2521"
"252299","0.11420440673828125","0.11420440673828125","0.11420440673828125","2522","2522","2522"
"252399","0.11784747242927551","0.11784747242927551","0.11784747242927551","2523","2523","2523"
"252499","0.10332565754652023","0.10332565754652023","0.10332565754652023","2524","2524","2524"
"252599","0.11226761341094971","0.11226761341094971","0.11226761341094971","2525","2525","2525"
"252699","0.1135391965508461","0.1135391965508461","0.1135391965508461","2526","2526","2526"
"252799","0.10972185432910919","0.10972185432910919","0.10972185432910919","2527","2527","2527"
"252899","0.11154653131961823","0.11154653131961823","0.11154653131961823","2528","2528","2528"
"252999","0.12265391647815704","0.12265391647815704","0.12265391647815704","2529","2529","2529"
"253099","0.11809053272008896","0.11809053272008896","0.11809053272008896","2530","2530","2530"
"253199","0.10703893005847931","0.10703893005847931","0.10703893005847931","2531","2531","2531"
"253299","0.11270693689584732","0.11270693689584732","0.11270693689584732","2532","2532","2532"
"253399","0.11841756850481033","0.11841756850481033","0.11841756850481033","2533","2533","2533"
"253499","0.11489985883235931","0.11489985883235931","0.11489985883235931","2534","2534","2534"
"253599","0.10879635810852051","0.10879635810852051","0.10879635810852051","2535","2535","2535"
"253699","0.11441046744585037","0.11441046744585037","0.11441046744585037","2536","2536","2536"
"253799","0.11146358400583267","0.11146358400583267","0.11146358400583267","2537","2537","2537"
"253899","0.11592619121074677","0.11592619121074677","0.11592619121074677","2538","2538","2538"
"253999","0.11139171570539474","0.11139171570539474","0.11139171570539474","2539","2539","2539"
"254099","0.11112134903669357","0.11112134903669357","0.11112134903669357","2540","2540","2540"
"254199","0.11129577457904816","0.11129577457904816","0.11129577457904816","2541","2541","2541"
"254299","0.11398737877607346","0.11398737877607346","0.11398737877607346","2542","2542","2542"
"254399","0.12185108661651611","0.12185108661651611","0.12185108661651611","2543","2543","2543"
"254499","0.11699151247739792","0.11699151247739792","0.11699151247739792","2544","2544","2544"
"254599","0.11015332490205765","0.11015332490205765","0.11015332490205765","2545","2545","2545"
"254699","0.11173603683710098","0.11173603683710098","0.11173603683710098","2546","2546","2546"
"254799","0.11121059209108353","0.11121059209108353","0.11121059209108353","2547","2547","2547"
"254899","0.12158763408660889","0.12158763408660889","0.12158763408660889","2548","2548","2548"
"254999","0.11441442370414734","0.11441442370414734","0.11441442370414734","2549","2549","2549"
"255099","0.11314506083726883","0.11314506083726883","0.11314506083726883","2550","2550","2550"
"255199","0.1121196374297142","0.1121196374297142","0.1121196374297142","2551","2551","2551"
"255299","0.11011047661304474","0.11011047661304474","0.11011047661304474","2552","2552","2552"
"255399","0.11447658389806747","0.11447658389806747","0.11447658389806747","2553","2553","2553"
"255499","0.11140448600053787","0.11140448600053787","0.11140448600053787","2554","2554","2554"
"255599","0.11544572561979294","0.11544572561979294","0.11544572561979294","2555","2555","2555"
"255699","0.11702398955821991","0.11702398955821991","0.11702398955821991","2556","2556","2556"
"255799","0.11709589511156082","0.11709589511156082","0.11709589511156082","2557","2557","2557"
"255899","0.11269699037075043","0.11269699037075043","0.11269699037075043","2558","2558","2558"
"255999","0.11101168394088745","0.11101168394088745","0.11101168394088745","2559","2559","2559"
"256099","0.11114010959863663","0.11114010959863663","0.11114010959863663","2560","2560","2560"
"256199","0.1076195016503334","0.1076195016503334","0.1076195016503334","2561","2561","2561"
"256299","0.1115417331457138","0.1115417331457138","0.1115417331457138","2562","2562","2562"
"256399","0.11157666891813278","0.11157666891813278","0.11157666891813278","2563","2563","2563"
"256499","0.10776767879724503","0.10776767879724503","0.10776767879724503","2564","2564","2564"
"256599","0.11458612233400345","0.11458612233400345","0.11458612233400345","2565","2565","2565"
"256699","0.11297191679477692","0.11297191679477692","0.11297191679477692","2566","2566","2566"
"256799","0.11339006572961807","0.11339006572961807","0.11339006572961807","2567","2567","2567"
"256899","0.1119295060634613","0.1119295060634613","0.1119295060634613","2568","2568","2568"
"256999","0.11387886852025986","0.11387886852025986","0.11387886852025986","2569","2569","2569"
"257099","0.1181546300649643","0.1181546300649643","0.1181546300649643","2570","2570","2570"
"257199","0.11312954127788544","0.11312954127788544","0.11312954127788544","2571","2571","2571"
"257299","0.10620136559009552","0.10620136559009552","0.10620136559009552","2572","2572","2572"
"257399","0.11207686364650726","0.11207686364650726","0.11207686364650726","2573","2573","2573"
"257499","0.11466144770383835","0.11466144770383835","0.11466144770383835","2574","2574","2574"
"257599","0.11424309015274048","0.11424309015274048","0.11424309015274048","2575","2575","2575"
"257699","0.11167746782302856","0.11167746782302856","0.11167746782302856","2576","2576","2576"
"257799","0.11065495014190674","0.11065495014190674","0.11065495014190674","2577","2577","2577"
"257899","0.11980647593736649","0.11980647593736649","0.11980647593736649","2578","2578","2578"
"257999","0.11672939360141754","0.11672939360141754","0.11672939360141754","2579","2579","2579"
"258099","0.1122673898935318","0.1122673898935318","0.1122673898935318","2580","2580","2580"
"258199","0.1156015694141388","0.1156015694141388","0.1156015694141388","2581","2581","2581"
"258299","0.11106541752815247","0.11106541752815247","0.11106541752815247","2582","2582","2582"
"258399","0.11059943586587906","0.11059943586587906","0.11059943586587906","2583","2583","2583"
"258499","0.11127589643001556","0.11127589643001556","0.11127589643001556","2584","2584","2584"
"258599","0.10790722072124481","0.10790722072124481","0.10790722072124481","2585","2585","2585"
"258699","0.11064154654741287","0.11064154654741287","0.11064154654741287","2586","2586","2586"
"258799","0.11863500624895096","0.11863500624895096","0.11863500624895096","2587","2587","2587"
"258899","0.10947762429714203","0.10947762429714203","0.10947762429714203","2588","2588","2588"
"258999","0.11065924167633057","0.11065924167633057","0.11065924167633057","2589","2589","2589"
"259099","0.10849028825759888","0.10849028825759888","0.10849028825759888","2590","2590","2590"
"259199","0.10743816941976547","0.10743816941976547","0.10743816941976547","2591","2591","2591"
"259299","0.11182814091444016","0.11182814091444016","0.11182814091444016","2592","2592","2592"
"259399","0.11239739507436752","0.11239739507436752","0.11239739507436752","2593","2593","2593"
"259499","0.11708725243806839","0.11708725243806839","0.11708725243806839","2594","2594","2594"
"259599","0.11653595417737961","0.11653595417737961","0.11653595417737961","2595","2595","2595"
"259699","0.11507579684257507","0.11507579684257507","0.11507579684257507","2596","2596","2596"
"259799","0.11543367058038712","0.11543367058038712","0.11543367058038712","2597","2597","2597"
"259899","0.11360003054141998","0.11360003054141998","0.11360003054141998","2598","2598","2598"
"259999","0.11021488159894943","0.11021488159894943","0.11021488159894943","2599","2599","2599"
"260099","0.10928580164909363","0.10928580164909363","0.10928580164909363","2600","2600","2600"
"260199","0.11380753666162491","0.11380753666162491","0.11380753666162491","2601","2601","2601"
"260299","0.11635039746761322","0.11635039746761322","0.11635039746761322","2602","2602","2602"
"260399","0.11619091778993607","0.11619091778993607","0.11619091778993607","2603","2603","2603"
"260499","0.10730992257595062","0.10730992257595062","0.10730992257595062","2604","2604","2604"
"260599","0.11799096316099167","0.11799096316099167","0.11799096316099167","2605","2605","2605"
"260699","0.11224255710840225","0.11224255710840225","0.11224255710840225","2606","2606","2606"
"260799","0.11574744433164597","0.11574744433164597","0.11574744433164597","2607","2607","2607"
"260899","0.11769917607307434","0.11769917607307434","0.11769917607307434","2608","2608","2608"
"260999","0.1102573499083519","0.1102573499083519","0.1102573499083519","2609","2609","2609"
"261099","0.11898546665906906","0.11898546665906906","0.11898546665906906","2610","2610","2610"
"261199","0.11524038761854172","0.11524038761854172","0.11524038761854172","2611","2611","2611"
"261299","0.11548023670911789","0.11548023670911789","0.11548023670911789","2612","2612","2612"
"261399","0.11165949702262878","0.11165949702262878","0.11165949702262878","2613","2613","2613"
"261499","0.11092027276754379","0.11092027276754379","0.11092027276754379","2614","2614","2614"
"261599","0.11017649620771408","0.11017649620771408","0.11017649620771408","2615","2615","2615"
"261699","0.11439421027898788","0.11439421027898788","0.11439421027898788","2616","2616","2616"
"261799","0.11013653129339218","0.11013653129339218","0.11013653129339218","2617","2617","2617"
"261899","0.11460382491350174","0.11460382491350174","0.11460382491350174","2618","2618","2618"
"261999","0.11271118372678757","0.11271118372678757","0.11271118372678757","2619","2619","2619"
"262099","0.11076512187719345","0.11076512187719345","0.11076512187719345","2620","2620","2620"
"262199","0.11176691204309464","0.11176691204309464","0.11176691204309464","2621","2621","2621"
"262299","0.10964369773864746","0.10964369773864746","0.10964369773864746","2622","2622","2622"
"262399","0.12000671029090881","0.12000671029090881","0.12000671029090881","2623","2623","2623"
"262499","0.11068263649940491","0.11068263649940491","0.11068263649940491","2624","2624","2624"
"262599","0.11591199785470963","0.11591199785470963","0.11591199785470963","2625","2625","2625"
"262699","0.10795917361974716","0.10795917361974716","0.10795917361974716","2626","2626","2626"
"262799","0.11210229992866516","0.11210229992866516","0.11210229992866516","2627","2627","2627"
"262899","0.11654222756624222","0.11654222756624222","0.11654222756624222","2628","2628","2628"
"262999","0.11908867210149765","0.11908867210149765","0.11908867210149765","2629","2629","2629"
"263099","0.10968758910894394","0.10968758910894394","0.10968758910894394","2630","2630","2630"
"263199","0.11211340874433517","0.11211340874433517","0.11211340874433517","2631","2631","2631"
"263299","0.11043565720319748","0.11043565720319748","0.11043565720319748","2632","2632","2632"
"263399","0.11247579753398895","0.11247579753398895","0.11247579753398895","2633","2633","2633"
"263499","0.11319748312234879","0.11319748312234879","0.11319748312234879","2634","2634","2634"
"263599","0.11051660031080246","0.11051660031080246","0.11051660031080246","2635","2635","2635"
"263699","0.11076127737760544","0.11076127737760544","0.11076127737760544","2636","2636","2636"
"263799","0.11238646507263184","0.11238646507263184","0.11238646507263184","2637","2637","2637"
"263899","0.11050625145435333","0.11050625145435333","0.11050625145435333","2638","2638","2638"
"263999","0.10595902800559998","0.10595902800559998","0.10595902800559998","2639","2639","2639"
"264099","0.11654295027256012","0.11654295027256012","0.11654295027256012","2640","2640","2640"
"264199","0.11662445962429047","0.11662445962429047","0.11662445962429047","2641","2641","2641"
"264299","0.11608749628067017","0.11608749628067017","0.11608749628067017","2642","2642","2642"
"264399","0.11202684044837952","0.11202684044837952","0.11202684044837952","2643","2643","2643"
"264499","0.1166103184223175","0.1166103184223175","0.1166103184223175","2644","2644","2644"
"264599","0.10733280330896378","0.10733280330896378","0.10733280330896378","2645","2645","2645"
"264699","0.11444900184869766","0.11444900184869766","0.11444900184869766","2646","2646","2646"
"264799","0.10917342454195023","0.10917342454195023","0.10917342454195023","2647","2647","2647"
"264899","0.1139267086982727","0.1139267086982727","0.1139267086982727","2648","2648","2648"
"264999","0.10998672246932983","0.10998672246932983","0.10998672246932983","2649","2649","2649"
"265099","0.11769439280033112","0.11769439280033112","0.11769439280033112","2650","2650","2650"
"265199","0.11113885045051575","0.11113885045051575","0.11113885045051575","2651","2651","2651"
"265299","0.11397115886211395","0.11397115886211395","0.11397115886211395","2652","2652","2652"
"265399","0.11413469910621643","0.11413469910621643","0.11413469910621643","2653","2653","2653"
"265499","0.11054880172014236","0.11054880172014236","0.11054880172014236","2654","2654","2654"
"265599","0.11359302699565887","0.11359302699565887","0.11359302699565887","2655","2655","2655"
"265699","0.11574339866638184","0.11574339866638184","0.11574339866638184","2656","2656","2656"
"265799","0.10938242077827454","0.10938242077827454","0.10938242077827454","2657","2657","2657"
"265899","0.1165287047624588","0.1165287047624588","0.1165287047624588","2658","2658","2658"
"265999","0.11170963197946548","0.11170963197946548","0.11170963197946548","2659","2659","2659"
"266099","0.11037106812000275","0.11037106812000275","0.11037106812000275","2660","2660","2660"
"266199","0.11072973906993866","0.11072973906993866","0.11072973906993866","2661","2661","2661"
"266299","0.11669451743364334","0.11669451743364334","0.11669451743364334","2662","2662","2662"
"266399","0.11348588764667511","0.11348588764667511","0.11348588764667511","2663","2663","2663"
"266499","0.10982764512300491","0.10982764512300491","0.10982764512300491","2664","2664","2664"
"266599","0.11276040226221085","0.11276040226221085","0.11276040226221085","2665","2665","2665"
"266699","0.11811140924692154","0.11811140924692154","0.11811140924692154","2666","2666","2666"
"266799","0.11165353655815125","0.11165353655815125","0.11165353655815125","2667","2667","2667"
"266899","0.11532676219940186","0.11532676219940186","0.11532676219940186","2668","2668","2668"
"266999","0.11218512803316116","0.11218512803316116","0.11218512803316116","2669","2669","2669"
"267099","0.11708260327577591","0.11708260327577591","0.11708260327577591","2670","2670","2670"
"267199","0.11923666298389435","0.11923666298389435","0.11923666298389435","2671","2671","2671"
"267299","0.11595014482736588","0.11595014482736588","0.11595014482736588","2672","2672","2672"
"267399","0.12134527415037155","0.12134527415037155","0.12134527415037155","2673","2673","2673"
"267499","0.10839523375034332","0.10839523375034332","0.10839523375034332","2674","2674","2674"
"267599","0.11736220866441727","0.11736220866441727","0.11736220866441727","2675","2675","2675"
"267699","0.11477294564247131","0.11477294564247131","0.11477294564247131","2676","2676","2676"
"267799","0.10665716975927353","0.10665716975927353","0.10665716975927353","2677","2677","2677"
"267899","0.11279278993606567","0.11279278993606567","0.11279278993606567","2678","2678","2678"
"267999","0.11187741160392761","0.11187741160392761","0.11187741160392761","2679","2679","2679"
"268099","0.10618339478969574","0.10618339478969574","0.10618339478969574","2680","2680","2680"
"268199","0.11296826601028442","0.11296826601028442","0.11296826601028442","2681","2681","2681"
"268299","0.10842712968587875","0.10842712968587875","0.10842712968587875","2682","2682","2682"
"268399","0.11692971736192703","0.11692971736192703","0.11692971736192703","2683","2683","2683"
"268499","0.11453599482774734","0.11453599482774734","0.11453599482774734","2684","2684","2684"
"268599","0.11342237889766693","0.11342237889766693","0.11342237889766693","2685","2685","2685"
"268699","0.1137203797698021","0.1137203797698021","0.1137203797698021","2686","2686","2686"
"268799","0.10648337751626968","0.10648337751626968","0.10648337751626968","2687","2687","2687"
"268899","0.10770166665315628","0.10770166665315628","0.10770166665315628","2688","2688","2688"
"268999","0.11012759804725647","0.11012759804725647","0.11012759804725647","2689","2689","2689"
"269099","0.10968001931905746","0.10968001931905746","0.10968001931905746","2690","2690","2690"
"269199","0.11104880273342133","0.11104880273342133","0.11104880273342133","2691","2691","2691"
"269299","0.11342524737119675","0.11342524737119675","0.11342524737119675","2692","2692","2692"
"269399","0.1187334880232811","0.1187334880232811","0.1187334880232811","2693","2693","2693"
"269499","0.11052185297012329","0.11052185297012329","0.11052185297012329","2694","2694","2694"
"269599","0.11377541720867157","0.11377541720867157","0.11377541720867157","2695","2695","2695"
"269699","0.12035305798053741","0.12035305798053741","0.12035305798053741","2696","2696","2696"
"269799","0.11523723602294922","0.11523723602294922","0.11523723602294922","2697","2697","2697"
"269899","0.11417948454618454","0.11417948454618454","0.11417948454618454","2698","2698","2698"
"269999","0.12017983943223953","0.12017983943223953","0.12017983943223953","2699","2699","2699"
"270099","0.10795814543962479","0.10795814543962479","0.10795814543962479","2700","2700","2700"
"270199","0.11214697360992432","0.11214697360992432","0.11214697360992432","2701","2701","2701"
"270299","0.11195648461580276","0.11195648461580276","0.11195648461580276","2702","2702","2702"
"270399","0.11683400720357895","0.11683400720357895","0.11683400720357895","2703","2703","2703"
"270499","0.10819175094366074","0.10819175094366074","0.10819175094366074","2704","2704","2704"
"270599","0.11477483063936234","0.11477483063936234","0.11477483063936234","2705","2705","2705"
"270699","0.11495984345674515","0.11495984345674515","0.11495984345674515","2706","2706","2706"
"270799","0.11451925337314606","0.11451925337314606","0.11451925337314606","2707","2707","2707"
"270899","0.1142614483833313","0.1142614483833313","0.1142614483833313","2708","2708","2708"
"270999","0.12001141160726547","0.12001141160726547","0.12001141160726547","2709","2709","2709"
"271099","0.11388016492128372","0.11388016492128372","0.11388016492128372","2710","2710","2710"
"271199","0.10859949886798859","0.10859949886798859","0.10859949886798859","2711","2711","2711"
"271299","0.11336208134889603","0.11336208134889603","0.11336208134889603","2712","2712","2712"
"271399","0.11689319461584091","0.11689319461584091","0.11689319461584091","2713","2713","2713"
"271499","0.10845910757780075","0.10845910757780075","0.10845910757780075","2714","2714","2714"
"271599","0.11908433586359024","0.11908433586359024","0.11908433586359024","2715","2715","2715"
"271699","0.10891685634851456","0.10891685634851456","0.10891685634851456","2716","2716","2716"
"271799","0.1115247830748558","0.1115247830748558","0.1115247830748558","2717","2717","2717"
"271899","0.11414416134357452","0.11414416134357452","0.11414416134357452","2718","2718","2718"
"271999","0.11430718004703522","0.11430718004703522","0.11430718004703522","2719","2719","2719"
"272099","0.11611349135637283","0.11611349135637283","0.11611349135637283","2720","2720","2720"
"272199","0.11319658905267715","0.11319658905267715","0.11319658905267715","2721","2721","2721"
"272299","0.1188756451010704","0.1188756451010704","0.1188756451010704","2722","2722","2722"
"272399","0.10681205987930298","0.10681205987930298","0.10681205987930298","2723","2723","2723"
"272499","0.11237473040819168","0.11237473040819168","0.11237473040819168","2724","2724","2724"
"272599","0.11168781667947769","0.11168781667947769","0.11168781667947769","2725","2725","2725"
"272699","0.11565207690000534","0.11565207690000534","0.11565207690000534","2726","2726","2726"
"272799","0.11288002878427505","0.11288002878427505","0.11288002878427505","2727","2727","2727"
"272899","0.11023402959108353","0.11023402959108353","0.11023402959108353","2728","2728","2728"
"272999","0.10930511355400085","0.10930511355400085","0.10930511355400085","2729","2729","2729"
"273099","0.11026419699192047","0.11026419699192047","0.11026419699192047","2730","2730","2730"
"273199","0.11560884118080139","0.11560884118080139","0.11560884118080139","2731","2731","2731"
"273299","0.10948462784290314","0.10948462784290314","0.10948462784290314","2732","2732","2732"
"273399","0.11311972886323929","0.11311972886323929","0.11311972886323929","2733","2733","2733"
"273499","0.11042916774749756","0.11042916774749756","0.11042916774749756","2734","2734","2734"
"273599","0.11549269407987595","0.11549269407987595","0.11549269407987595","2735","2735","2735"
"273699","0.11393722891807556","0.11393722891807556","0.11393722891807556","2736","2736","2736"
"273799","0.11349713802337646","0.11349713802337646","0.11349713802337646","2737","2737","2737"
"273899","0.11168906092643738","0.11168906092643738","0.11168906092643738","2738","2738","2738"
"273999","0.11516423523426056","0.11516423523426056","0.11516423523426056","2739","2739","2739"
"274099","0.10644406080245972","0.10644406080245972","0.10644406080245972","2740","2740","2740"
"274199","0.1117473691701889","0.1117473691701889","0.1117473691701889","2741","2741","2741"
"274299","0.11221092194318771","0.11221092194318771","0.11221092194318771","2742","2742","2742"
"274399","0.11491496860980988","0.11491496860980988","0.11491496860980988","2743","2743","2743"
"274499","0.11311037838459015","0.11311037838459015","0.11311037838459015","2744","2744","2744"
"274599","0.11825203150510788","0.11825203150510788","0.11825203150510788","2745","2745","2745"
"274699","0.10733628273010254","0.10733628273010254","0.10733628273010254","2746","2746","2746"
"274799","0.10946231335401535","0.10946231335401535","0.10946231335401535","2747","2747","2747"
"274899","0.12199243158102036","0.12199243158102036","0.12199243158102036","2748","2748","2748"
"274999","0.11800630390644073","0.11800630390644073","0.11800630390644073","2749","2749","2749"
"275099","0.1118091344833374","0.1118091344833374","0.1118091344833374","2750","2750","2750"
"275199","0.11416756361722946","0.11416756361722946","0.11416756361722946","2751","2751","2751"
"275299","0.11327257752418518","0.11327257752418518","0.11327257752418518","2752","2752","2752"
"275399","0.10979685187339783","0.10979685187339783","0.10979685187339783","2753","2753","2753"
"275499","0.1094609871506691","0.1094609871506691","0.1094609871506691","2754","2754","2754"
"275599","0.11281042546033859","0.11281042546033859","0.11281042546033859","2755","2755","2755"
"275699","0.11468900740146637","0.11468900740146637","0.11468900740146637","2756","2756","2756"
"275799","0.11402203142642975","0.11402203142642975","0.11402203142642975","2757","2757","2757"
"275899","0.11358058452606201","0.11358058452606201","0.11358058452606201","2758","2758","2758"
"275999","0.10962565243244171","0.10962565243244171","0.10962565243244171","2759","2759","2759"
"276099","0.11011508107185364","0.11011508107185364","0.11011508107185364","2760","2760","2760"
"276199","0.11041629314422607","0.11041629314422607","0.11041629314422607","2761","2761","2761"
"276299","0.11190463602542877","0.11190463602542877","0.11190463602542877","2762","2762","2762"
"276399","0.11172771453857422","0.11172771453857422","0.11172771453857422","2763","2763","2763"
"276499","0.10723517835140228","0.10723517835140228","0.10723517835140228","2764","2764","2764"
"276599","0.11342663317918777","0.11342663317918777","0.11342663317918777","2765","2765","2765"
"276699","0.11266449838876724","0.11266449838876724","0.11266449838876724","2766","2766","2766"
"276799","0.1106165423989296","0.1106165423989296","0.1106165423989296","2767","2767","2767"
"276899","0.10467953979969025","0.10467953979969025","0.10467953979969025","2768","2768","2768"
"276999","0.11214301735162735","0.11214301735162735","0.11214301735162735","2769","2769","2769"
"277099","0.10686571896076202","0.10686571896076202","0.10686571896076202","2770","2770","2770"
"277199","0.10787638276815414","0.10787638276815414","0.10787638276815414","2771","2771","2771"
"277299","0.11635979264974594","0.11635979264974594","0.11635979264974594","2772","2772","2772"
"277399","0.11829384416341782","0.11829384416341782","0.11829384416341782","2773","2773","2773"
"277499","0.11112483590841293","0.11112483590841293","0.11112483590841293","2774","2774","2774"
"277599","0.10813479870557785","0.10813479870557785","0.10813479870557785","2775","2775","2775"
"277699","0.11302384734153748","0.11302384734153748","0.11302384734153748","2776","2776","2776"
"277799","0.11087595671415329","0.11087595671415329","0.11087595671415329","2777","2777","2777"
"277899","0.11469239741563797","0.11469239741563797","0.11469239741563797","2778","2778","2778"
"277999","0.11076874285936356","0.11076874285936356","0.11076874285936356","2779","2779","2779"
"278099","0.12070853263139725","0.12070853263139725","0.12070853263139725","2780","2780","2780"
"278199","0.1125703677535057","0.1125703677535057","0.1125703677535057","2781","2781","2781"
"278299","0.11001196503639221","0.11001196503639221","0.11001196503639221","2782","2782","2782"
"278399","0.11317668855190277","0.11317668855190277","0.11317668855190277","2783","2783","2783"
"278499","0.1096259206533432","0.1096259206533432","0.1096259206533432","2784","2784","2784"
"278599","0.1146843284368515","0.1146843284368515","0.1146843284368515","2785","2785","2785"
"278699","0.1175069659948349","0.1175069659948349","0.1175069659948349","2786","2786","2786"
"278799","0.1086508259177208","0.1086508259177208","0.1086508259177208","2787","2787","2787"
"278899","0.11897540092468262","0.11897540092468262","0.11897540092468262","2788","2788","2788"
"278999","0.10943811386823654","0.10943811386823654","0.10943811386823654","2789","2789","2789"
"279099","0.11920499801635742","0.11920499801635742","0.11920499801635742","2790","2790","2790"
"279199","0.11222467571496964","0.11222467571496964","0.11222467571496964","2791","2791","2791"
"279299","0.11798223853111267","0.11798223853111267","0.11798223853111267","2792","2792","2792"
"279399","0.11152269691228867","0.11152269691228867","0.11152269691228867","2793","2793","2793"
"279499","0.12085144221782684","0.12085144221782684","0.12085144221782684","2794","2794","2794"
"279599","0.11280826479196548","0.11280826479196548","0.11280826479196548","2795","2795","2795"
"279699","0.11638887226581573","0.11638887226581573","0.11638887226581573","2796","2796","2796"
"279799","0.11360970884561539","0.11360970884561539","0.11360970884561539","2797","2797","2797"
"279899","0.11174589395523071","0.11174589395523071","0.11174589395523071","2798","2798","2798"
"279999","0.10924085974693298","0.10924085974693298","0.10924085974693298","2799","2799","2799"
"280099","0.09987606108188629","0.09987606108188629","0.09987606108188629","2800","2800","2800"
"280199","0.11682640016078949","0.11682640016078949","0.11682640016078949","2801","2801","2801"
"280299","0.11157039552927017","0.11157039552927017","0.11157039552927017","2802","2802","2802"
"280399","0.11135002970695496","0.11135002970695496","0.11135002970695496","2803","2803","2803"
"280499","0.114811971783638","0.114811971783638","0.114811971783638","2804","2804","2804"
"280599","0.11268318444490433","0.11268318444490433","0.11268318444490433","2805","2805","2805"
"280699","0.11050476878881454","0.11050476878881454","0.11050476878881454","2806","2806","2806"
"280799","0.11225013434886932","0.11225013434886932","0.11225013434886932","2807","2807","2807"
"280899","0.11156491935253143","0.11156491935253143","0.11156491935253143","2808","2808","2808"
"280999","0.11317980289459229","0.11317980289459229","0.11317980289459229","2809","2809","2809"
"281099","0.10443847626447678","0.10443847626447678","0.10443847626447678","2810","2810","2810"
"281199","0.11893624812364578","0.11893624812364578","0.11893624812364578","2811","2811","2811"
"281299","0.11367640644311905","0.11367640644311905","0.11367640644311905","2812","2812","2812"
"281399","0.12301008403301239","0.12301008403301239","0.12301008403301239","2813","2813","2813"
"281499","0.11438138037919998","0.11438138037919998","0.11438138037919998","2814","2814","2814"
"281599","0.11257858574390411","0.11257858574390411","0.11257858574390411","2815","2815","2815"
"281699","0.11149199306964874","0.11149199306964874","0.11149199306964874","2816","2816","2816"
"281799","0.11130379140377045","0.11130379140377045","0.11130379140377045","2817","2817","2817"
"281899","0.11643946170806885","0.11643946170806885","0.11643946170806885","2818","2818","2818"
"281999","0.11471278965473175","0.11471278965473175","0.11471278965473175","2819","2819","2819"
"282099","0.11104077100753784","0.11104077100753784","0.11104077100753784","2820","2820","2820"
"282199","0.11346803605556488","0.11346803605556488","0.11346803605556488","2821","2821","2821"
"282299","0.1160593032836914","0.1160593032836914","0.1160593032836914","2822","2822","2822"
"282399","0.11797532439231873","0.11797532439231873","0.11797532439231873","2823","2823","2823"
"282499","0.11322774738073349","0.11322774738073349","0.11322774738073349","2824","2824","2824"
"282599","0.11272713541984558","0.11272713541984558","0.11272713541984558","2825","2825","2825"
"282699","0.11592578142881393","0.11592578142881393","0.11592578142881393","2826","2826","2826"
"282799","0.11176972836256027","0.11176972836256027","0.11176972836256027","2827","2827","2827"
"282899","0.11293955147266388","0.11293955147266388","0.11293955147266388","2828","2828","2828"
"282999","0.11794993281364441","0.11794993281364441","0.11794993281364441","2829","2829","2829"
"283099","0.1204613596200943","0.1204613596200943","0.1204613596200943","2830","2830","2830"
"283199","0.11759180575609207","0.11759180575609207","0.11759180575609207","2831","2831","2831"
"283299","0.11267106980085373","0.11267106980085373","0.11267106980085373","2832","2832","2832"
"283399","0.11286809295415878","0.11286809295415878","0.11286809295415878","2833","2833","2833"
"283499","0.11355762183666229","0.11355762183666229","0.11355762183666229","2834","2834","2834"
"283599","0.11340824514627457","0.11340824514627457","0.11340824514627457","2835","2835","2835"
"283699","0.10928616672754288","0.10928616672754288","0.10928616672754288","2836","2836","2836"
"283799","0.11386410892009735","0.11386410892009735","0.11386410892009735","2837","2837","2837"
"283899","0.11313881725072861","0.11313881725072861","0.11313881725072861","2838","2838","2838"
"283999","0.10879631340503693","0.10879631340503693","0.10879631340503693","2839","2839","2839"
"284099","0.10978817939758301","0.10978817939758301","0.10978817939758301","2840","2840","2840"
"284199","0.11567499488592148","0.11567499488592148","0.11567499488592148","2841","2841","2841"
"284299","0.11151782423257828","0.11151782423257828","0.11151782423257828","2842","2842","2842"
"284399","0.11226872354745865","0.11226872354745865","0.11226872354745865","2843","2843","2843"
"284499","0.11542621999979019","0.11542621999979019","0.11542621999979019","2844","2844","2844"
"284599","0.10738132148981094","0.10738132148981094","0.10738132148981094","2845","2845","2845"
"284699","0.11660581827163696","0.11660581827163696","0.11660581827163696","2846","2846","2846"
"284799","0.11770304292440414","0.11770304292440414","0.11770304292440414","2847","2847","2847"
"284899","0.11117041856050491","0.11117041856050491","0.11117041856050491","2848","2848","2848"
"284999","0.11768472194671631","0.11768472194671631","0.11768472194671631","2849","2849","2849"
"285099","0.11123170703649521","0.11123170703649521","0.11123170703649521","2850","2850","2850"
"285199","0.11583226919174194","0.11583226919174194","0.11583226919174194","2851","2851","2851"
"285299","0.11043205112218857","0.11043205112218857","0.11043205112218857","2852","2852","2852"
"285399","0.1166682243347168","0.1166682243347168","0.1166682243347168","2853","2853","2853"
"285499","0.1097792312502861","0.1097792312502861","0.1097792312502861","2854","2854","2854"
"285599","0.1042286604642868","0.1042286604642868","0.1042286604642868","2855","2855","2855"
"285699","0.11057129502296448","0.11057129502296448","0.11057129502296448","2856","2856","2856"
"285799","0.11301664263010025","0.11301664263010025","0.11301664263010025","2857","2857","2857"
"285899","0.10919205844402313","0.10919205844402313","0.10919205844402313","2858","2858","2858"
"285999","0.11116819083690643","0.11116819083690643","0.11116819083690643","2859","2859","2859"
"286099","0.11319829523563385","0.11319829523563385","0.11319829523563385","2860","2860","2860"
"286199","0.114386186003685","0.114386186003685","0.114386186003685","2861","2861","2861"
"286299","0.1103280708193779","0.1103280708193779","0.1103280708193779","2862","2862","2862"
"286399","0.11665719002485275","0.11665719002485275","0.11665719002485275","2863","2863","2863"
"286499","0.11635591089725494","0.11635591089725494","0.11635591089725494","2864","2864","2864"
"286599","0.11614996939897537","0.11614996939897537","0.11614996939897537","2865","2865","2865"
"286699","0.11514326184988022","0.11514326184988022","0.11514326184988022","2866","2866","2866"
"286799","0.11233982443809509","0.11233982443809509","0.11233982443809509","2867","2867","2867"
"286899","0.110770083963871","0.110770083963871","0.110770083963871","2868","2868","2868"
"286999","0.11336903274059296","0.11336903274059296","0.11336903274059296","2869","2869","2869"
"287099","0.11518091708421707","0.11518091708421707","0.11518091708421707","2870","2870","2870"
"287199","0.10908862203359604","0.10908862203359604","0.10908862203359604","2871","2871","2871"
"287299","0.10872737318277359","0.10872737318277359","0.10872737318277359","2872","2872","2872"
"287399","0.10753456503152847","0.10753456503152847","0.10753456503152847","2873","2873","2873"
"287499","0.1127486303448677","0.1127486303448677","0.1127486303448677","2874","2874","2874"
"287599","0.10788795351982117","0.10788795351982117","0.10788795351982117","2875","2875","2875"
"287699","0.11975786834955215","0.11975786834955215","0.11975786834955215","2876","2876","2876"
"287799","0.11271056532859802","0.11271056532859802","0.11271056532859802","2877","2877","2877"
"287899","0.10830610245466232","0.10830610245466232","0.10830610245466232","2878","2878","2878"
"287999","0.10741876810789108","0.10741876810789108","0.10741876810789108","2879","2879","2879"
"288099","0.11566279828548431","0.11566279828548431","0.11566279828548431","2880","2880","2880"
"288199","0.1181865707039833","0.1181865707039833","0.1181865707039833","2881","2881","2881"
"288299","0.10725490748882294","0.10725490748882294","0.10725490748882294","2882","2882","2882"
"288399","0.10966856777667999","0.10966856777667999","0.10966856777667999","2883","2883","2883"
"288499","0.11088787764310837","0.11088787764310837","0.11088787764310837","2884","2884","2884"
"288599","0.10932378470897675","0.10932378470897675","0.10932378470897675","2885","2885","2885"
"288699","0.11234523355960846","0.11234523355960846","0.11234523355960846","2886","2886","2886"
"288799","0.11561302840709686","0.11561302840709686","0.11561302840709686","2887","2887","2887"
"288899","0.11007484048604965","0.11007484048604965","0.11007484048604965","2888","2888","2888"
"288999","0.1115276888012886","0.1115276888012886","0.1115276888012886","2889","2889","2889"
"289099","0.11256643384695053","0.11256643384695053","0.11256643384695053","2890","2890","2890"
"289199","0.1077999398112297","0.1077999398112297","0.1077999398112297","2891","2891","2891"
"289299","0.10726752877235413","0.10726752877235413","0.10726752877235413","2892","2892","2892"
"289399","0.10798833519220352","0.10798833519220352","0.10798833519220352","2893","2893","2893"
"289499","0.11297690123319626","0.11297690123319626","0.11297690123319626","2894","2894","2894"
"289599","0.11218967288732529","0.11218967288732529","0.11218967288732529","2895","2895","2895"
"289699","0.11433271318674088","0.11433271318674088","0.11433271318674088","2896","2896","2896"
"289799","0.10849080979824066","0.10849080979824066","0.10849080979824066","2897","2897","2897"
"289899","0.10890097916126251","0.10890097916126251","0.10890097916126251","2898","2898","2898"
"289999","0.11209893226623535","0.11209893226623535","0.11209893226623535","2899","2899","2899"
"290099","0.11039739102125168","0.11039739102125168","0.11039739102125168","2900","2900","2900"
"290199","0.11175784468650818","0.11175784468650818","0.11175784468650818","2901","2901","2901"
"290299","0.11260655522346497","0.11260655522346497","0.11260655522346497","2902","2902","2902"
"290399","0.10875657945871353","0.10875657945871353","0.10875657945871353","2903","2903","2903"
"290499","0.11419059336185455","0.11419059336185455","0.11419059336185455","2904","2904","2904"
"290599","0.10941988974809647","0.10941988974809647","0.10941988974809647","2905","2905","2905"
"290699","0.11554118990898132","0.11554118990898132","0.11554118990898132","2906","2906","2906"
"290799","0.10763023048639297","0.10763023048639297","0.10763023048639297","2907","2907","2907"
"290899","0.11509417742490768","0.11509417742490768","0.11509417742490768","2908","2908","2908"
"290999","0.11500462144613266","0.11500462144613266","0.11500462144613266","2909","2909","2909"
"291099","0.10992634296417236","0.10992634296417236","0.10992634296417236","2910","2910","2910"
"291199","0.1133003905415535","0.1133003905415535","0.1133003905415535","2911","2911","2911"
"291299","0.1106627956032753","0.1106627956032753","0.1106627956032753","2912","2912","2912"
"291399","0.11483526974916458","0.11483526974916458","0.11483526974916458","2913","2913","2913"
"291499","0.11032874137163162","0.11032874137163162","0.11032874137163162","2914","2914","2914"
"291599","0.12187730520963669","0.12187730520963669","0.12187730520963669","2915","2915","2915"
"291699","0.10804200172424316","0.10804200172424316","0.10804200172424316","2916","2916","2916"
"291799","0.11905325949192047","0.11905325949192047","0.11905325949192047","2917","2917","2917"
"291899","0.11582231521606445","0.11582231521606445","0.11582231521606445","2918","2918","2918"
"291999","0.11395678669214249","0.11395678669214249","0.11395678669214249","2919","2919","2919"
"292099","0.1083097979426384","0.1083097979426384","0.1083097979426384","2920","2920","2920"
"292199","0.10770326107740402","0.10770326107740402","0.10770326107740402","2921","2921","2921"
"292299","0.11937595903873444","0.11937595903873444","0.11937595903873444","2922","2922","2922"
"292399","0.11563853919506073","0.11563853919506073","0.11563853919506073","2923","2923","2923"
"292499","0.11179205775260925","0.11179205775260925","0.11179205775260925","2924","2924","2924"
"292599","0.11437547951936722","0.11437547951936722","0.11437547951936722","2925","2925","2925"
"292699","0.11224916577339172","0.11224916577339172","0.11224916577339172","2926","2926","2926"
"292799","0.11081898957490921","0.11081898957490921","0.11081898957490921","2927","2927","2927"
"292899","0.11445480585098267","0.11445480585098267","0.11445480585098267","2928","2928","2928"
"292999","0.1205558106303215","0.1205558106303215","0.1205558106303215","2929","2929","2929"
"293099","0.11617860198020935","0.11617860198020935","0.11617860198020935","2930","2930","2930"
"293199","0.10510297119617462","0.10510297119617462","0.10510297119617462","2931","2931","2931"
"293299","0.11463326960802078","0.11463326960802078","0.11463326960802078","2932","2932","2932"
"293399","0.11098647117614746","0.11098647117614746","0.11098647117614746","2933","2933","2933"
"293499","0.11671118438243866","0.11671118438243866","0.11671118438243866","2934","2934","2934"
"293599","0.10763347148895264","0.10763347148895264","0.10763347148895264","2935","2935","2935"
"293699","0.11180470138788223","0.11180470138788223","0.11180470138788223","2936","2936","2936"
"293799","0.11529506742954254","0.11529506742954254","0.11529506742954254","2937","2937","2937"
"293899","0.1156395971775055","0.1156395971775055","0.1156395971775055","2938","2938","2938"
"293999","0.11039597541093826","0.11039597541093826","0.11039597541093826","2939","2939","2939"
"294099","0.11513497680425644","0.11513497680425644","0.11513497680425644","2940","2940","2940"
"294199","0.11339925229549408","0.11339925229549408","0.11339925229549408","2941","2941","2941"
"294299","0.11569104343652725","0.11569104343652725","0.11569104343652725","2942","2942","2942"
"294399","0.11070654541254044","0.11070654541254044","0.11070654541254044","2943","2943","2943"
"294499","0.11084788292646408","0.11084788292646408","0.11084788292646408","2944","2944","2944"
"294599","0.11404911428689957","0.11404911428689957","0.11404911428689957","2945","2945","2945"
"294699","0.10922394692897797","0.10922394692897797","0.10922394692897797","2946","2946","2946"
"294799","0.11300764232873917","0.11300764232873917","0.11300764232873917","2947","2947","2947"
"294899","0.11252801865339279","0.11252801865339279","0.11252801865339279","2948","2948","2948"
"294999","0.11253436654806137","0.11253436654806137","0.11253436654806137","2949","2949","2949"
"295099","0.1097857654094696","0.1097857654094696","0.1097857654094696","2950","2950","2950"
"295199","0.1123586967587471","0.1123586967587471","0.1123586967587471","2951","2951","2951"
"295299","0.11171960085630417","0.11171960085630417","0.11171960085630417","2952","2952","2952"
"295399","0.10911230742931366","0.10911230742931366","0.10911230742931366","2953","2953","2953"
"295499","0.11652135103940964","0.11652135103940964","0.11652135103940964","2954","2954","2954"
"295599","0.11756816506385803","0.11756816506385803","0.11756816506385803","2955","2955","2955"
"295699","0.11622447520494461","0.11622447520494461","0.11622447520494461","2956","2956","2956"
"295799","0.11304260790348053","0.11304260790348053","0.11304260790348053","2957","2957","2957"
"295899","0.12136955559253693","0.12136955559253693","0.12136955559253693","2958","2958","2958"
"295999","0.1163519024848938","0.1163519024848938","0.1163519024848938","2959","2959","2959"
"296099","0.11389732360839844","0.11389732360839844","0.11389732360839844","2960","2960","2960"
"296199","0.10648615658283234","0.10648615658283234","0.10648615658283234","2961","2961","2961"
"296299","0.11195501685142517","0.11195501685142517","0.11195501685142517","2962","2962","2962"
"296399","0.10929068177938461","0.10929068177938461","0.10929068177938461","2963","2963","2963"
"296499","0.10811664909124374","0.10811664909124374","0.10811664909124374","2964","2964","2964"
"296599","0.11344066262245178","0.11344066262245178","0.11344066262245178","2965","2965","2965"
"296699","0.1076899841427803","0.1076899841427803","0.1076899841427803","2966","2966","2966"
"296799","0.11181778460741043","0.11181778460741043","0.11181778460741043","2967","2967","2967"
"296899","0.11375865340232849","0.11375865340232849","0.11375865340232849","2968","2968","2968"
"296999","0.11653438210487366","0.11653438210487366","0.11653438210487366","2969","2969","2969"
"297099","0.11029275506734848","0.11029275506734848","0.11029275506734848","2970","2970","2970"
"297199","0.11257599294185638","0.11257599294185638","0.11257599294185638","2971","2971","2971"
"297299","0.11122342944145203","0.11122342944145203","0.11122342944145203","2972","2972","2972"
"297399","0.1134955957531929","0.1134955957531929","0.1134955957531929","2973","2973","2973"
"297499","0.11259078979492188","0.11259078979492188","0.11259078979492188","2974","2974","2974"
"297599","0.10995694994926453","0.10995694994926453","0.10995694994926453","2975","2975","2975"
"297699","0.11501101404428482","0.11501101404428482","0.11501101404428482","2976","2976","2976"
"297799","0.11333544552326202","0.11333544552326202","0.11333544552326202","2977","2977","2977"
"297899","0.11023133248090744","0.11023133248090744","0.11023133248090744","2978","2978","2978"
"297999","0.1112544909119606","0.1112544909119606","0.1112544909119606","2979","2979","2979"
"298099","0.10837555676698685","0.10837555676698685","0.10837555676698685","2980","2980","2980"
"298199","0.11890926957130432","0.11890926957130432","0.11890926957130432","2981","2981","2981"
"298299","0.12015695124864578","0.12015695124864578","0.12015695124864578","2982","2982","2982"
"298399","0.11030086874961853","0.11030086874961853","0.11030086874961853","2983","2983","2983"
"298499","0.11110997945070267","0.11110997945070267","0.11110997945070267","2984","2984","2984"
"298599","0.11558182537555695","0.11558182537555695","0.11558182537555695","2985","2985","2985"
"298699","0.11088954657316208","0.11088954657316208","0.11088954657316208","2986","2986","2986"
"298799","0.11305616050958633","0.11305616050958633","0.11305616050958633","2987","2987","2987"
"298899","0.11645127832889557","0.11645127832889557","0.11645127832889557","2988","2988","2988"
"298999","0.11346033960580826","0.11346033960580826","0.11346033960580826","2989","2989","2989"
"299099","0.1110936626791954","0.1110936626791954","0.1110936626791954","2990","2990","2990"
"299199","0.11482717096805573","0.11482717096805573","0.11482717096805573","2991","2991","2991"
"299299","0.115430548787117","0.115430548787117","0.115430548787117","2992","2992","2992"
"299399","0.1149664968252182","0.1149664968252182","0.1149664968252182","2993","2993","2993"
"299499","0.10864614695310593","0.10864614695310593","0.10864614695310593","2994","2994","2994"
"299599","0.1231604665517807","0.1231604665517807","0.1231604665517807","2995","2995","2995"
"299699","0.1155744194984436","0.1155744194984436","0.1155744194984436","2996","2996","2996"
"299799","0.11996515840291977","0.11996515840291977","0.11996515840291977","2997","2997","2997"
"299899","0.11247661709785461","0.11247661709785461","0.11247661709785461","2998","2998","2998"
"299999","0.11166172474622726","0.11166172474622726","0.11166172474622726","2999","2999","2999"
"300099","0.12030157446861267","0.12030157446861267","0.12030157446861267","3000","3000","3000"
"300199","0.11216865479946136","0.11216865479946136","0.11216865479946136","3001","3001","3001"
"300299","0.1104864552617073","0.1104864552617073","0.1104864552617073","3002","3002","3002"
"300399","0.11591779440641403","0.11591779440641403","0.11591779440641403","3003","3003","3003"
"300499","0.1164478287100792","0.1164478287100792","0.1164478287100792","3004","3004","3004"
"300599","0.11556504666805267","0.11556504666805267","0.11556504666805267","3005","3005","3005"
"300699","0.11649401485919952","0.11649401485919952","0.11649401485919952","3006","3006","3006"
"300799","0.12207558751106262","0.12207558751106262","0.12207558751106262","3007","3007","3007"
"300899","0.11094916611909866","0.11094916611909866","0.11094916611909866","3008","3008","3008"
"300999","0.11722543090581894","0.11722543090581894","0.11722543090581894","3009","3009","3009"
"301099","0.11080724745988846","0.11080724745988846","0.11080724745988846","3010","3010","3010"
"301199","0.11002422869205475","0.11002422869205475","0.11002422869205475","3011","3011","3011"
"301299","0.11176183074712753","0.11176183074712753","0.11176183074712753","3012","3012","3012"
"301399","0.10627381503582001","0.10627381503582001","0.10627381503582001","3013","3013","3013"
"301499","0.11877389252185822","0.11877389252185822","0.11877389252185822","3014","3014","3014"
"301599","0.11438547819852829","0.11438547819852829","0.11438547819852829","3015","3015","3015"
"301699","0.10921075940132141","0.10921075940132141","0.10921075940132141","3016","3016","3016"
"301799","0.11230137944221497","0.11230137944221497","0.11230137944221497","3017","3017","3017"
"301899","0.1077648177742958","0.1077648177742958","0.1077648177742958","3018","3018","3018"
"301999","0.11020666360855103","0.11020666360855103","0.11020666360855103","3019","3019","3019"
"302099","0.11176148056983948","0.11176148056983948","0.11176148056983948","3020","3020","3020"
"302199","0.11243697255849838","0.11243697255849838","0.11243697255849838","3021","3021","3021"
"302299","0.11861657351255417","0.11861657351255417","0.11861657351255417","3022","3022","3022"
"302399","0.11258946359157562","0.11258946359157562","0.11258946359157562","3023","3023","3023"
"302499","0.10928624868392944","0.10928624868392944","0.10928624868392944","3024","3024","3024"
"302599","0.10774335265159607","0.10774335265159607","0.10774335265159607","3025","3025","3025"
"302699","0.11381769925355911","0.11381769925355911","0.11381769925355911","3026","3026","3026"
"302799","0.11718818545341492","0.11718818545341492","0.11718818545341492","3027","3027","3027"
"302899","0.11203387379646301","0.11203387379646301","0.11203387379646301","3028","3028","3028"
"302999","0.11180799454450607","0.11180799454450607","0.11180799454450607","3029","3029","3029"
"303099","0.11506208777427673","0.11506208777427673","0.11506208777427673","3030","3030","3030"
"303199","0.11378767341375351","0.11378767341375351","0.11378767341375351","3031","3031","3031"
"303299","0.11409319192171097","0.11409319192171097","0.11409319192171097","3032","3032","3032"
"303399","0.11447536200284958","0.11447536200284958","0.11447536200284958","3033","3033","3033"
"303499","0.11102309823036194","0.11102309823036194","0.11102309823036194","3034","3034","3034"
"303599","0.11252837628126144","0.11252837628126144","0.11252837628126144","3035","3035","3035"
"303699","0.10826180875301361","0.10826180875301361","0.10826180875301361","3036","3036","3036"
"303799","0.11061793565750122","0.11061793565750122","0.11061793565750122","3037","3037","3037"
"303899","0.1107388436794281","0.1107388436794281","0.1107388436794281","3038","3038","3038"
"303999","0.11543817818164825","0.11543817818164825","0.11543817818164825","3039","3039","3039"
"304099","0.10351884365081787","0.10351884365081787","0.10351884365081787","3040","3040","3040"
"304199","0.11416493356227875","0.11416493356227875","0.11416493356227875","3041","3041","3041"
"304299","0.11056003719568253","0.11056003719568253","0.11056003719568253","3042","3042","3042"
"304399","0.10808005928993225","0.10808005928993225","0.10808005928993225","3043","3043","3043"
"304499","0.11650670319795609","0.11650670319795609","0.11650670319795609","3044","3044","3044"
"304599","0.11052481085062027","0.11052481085062027","0.11052481085062027","3045","3045","3045"
"304699","0.11308064311742783","0.11308064311742783","0.11308064311742783","3046","3046","3046"
"304799","0.11401213705539703","0.11401213705539703","0.11401213705539703","3047","3047","3047"
"304899","0.11129018664360046","0.11129018664360046","0.11129018664360046","3048","3048","3048"
"304999","0.11709687858819962","0.11709687858819962","0.11709687858819962","3049","3049","3049"
"305099","0.10888361185789108","0.10888361185789108","0.10888361185789108","3050","3050","3050"
"305199","0.11315450817346573","0.11315450817346573","0.11315450817346573","3051","3051","3051"
"305299","0.11599426716566086","0.11599426716566086","0.11599426716566086","3052","3052","3052"
"305399","0.11668148636817932","0.11668148636817932","0.11668148636817932","3053","3053","3053"
"305499","0.11733084172010422","0.11733084172010422","0.11733084172010422","3054","3054","3054"
"305599","0.11208231002092361","0.11208231002092361","0.11208231002092361","3055","3055","3055"
"305699","0.1128707304596901","0.1128707304596901","0.1128707304596901","3056","3056","3056"
"305799","0.11430177837610245","0.11430177837610245","0.11430177837610245","3057","3057","3057"
"305899","0.1135735958814621","0.1135735958814621","0.1135735958814621","3058","3058","3058"
"305999","0.11082394421100616","0.11082394421100616","0.11082394421100616","3059","3059","3059"
"306099","0.10279902070760727","0.10279902070760727","0.10279902070760727","3060","3060","3060"
"306199","0.11725131422281265","0.11725131422281265","0.11725131422281265","3061","3061","3061"
"306299","0.11099125444889069","0.11099125444889069","0.11099125444889069","3062","3062","3062"
"306399","0.10986166447401047","0.10986166447401047","0.10986166447401047","3063","3063","3063"
"306499","0.11407431215047836","0.11407431215047836","0.11407431215047836","3064","3064","3064"
"306599","0.11148437857627869","0.11148437857627869","0.11148437857627869","3065","3065","3065"
"306699","0.1111106351017952","0.1111106351017952","0.1111106351017952","3066","3066","3066"
"306799","0.11217005550861359","0.11217005550861359","0.11217005550861359","3067","3067","3067"
"306899","0.11437542736530304","0.11437542736530304","0.11437542736530304","3068","3068","3068"
"306999","0.11054927855730057","0.11054927855730057","0.11054927855730057","3069","3069","3069"
"307099","0.10822828859090805","0.10822828859090805","0.10822828859090805","3070","3070","3070"
"307199","0.1068558469414711","0.1068558469414711","0.1068558469414711","3071","3071","3071"
"307299","0.1132580116391182","0.1132580116391182","0.1132580116391182","3072","3072","3072"
"307399","0.11223656684160233","0.11223656684160233","0.11223656684160233","3073","3073","3073"
"307499","0.11045519262552261","0.11045519262552261","0.11045519262552261","3074","3074","3074"
"307599","0.11218438297510147","0.11218438297510147","0.11218438297510147","3075","3075","3075"
"307699","0.12016206234693527","0.12016206234693527","0.12016206234693527","3076","3076","3076"
"307799","0.11303377896547318","0.11303377896547318","0.11303377896547318","3077","3077","3077"
"307899","0.10748080164194107","0.10748080164194107","0.10748080164194107","3078","3078","3078"
"307999","0.1096477136015892","0.1096477136015892","0.1096477136015892","3079","3079","3079"
"308099","0.10867416113615036","0.10867416113615036","0.10867416113615036","3080","3080","3080"
"308199","0.11455710232257843","0.11455710232257843","0.11455710232257843","3081","3081","3081"
"308299","0.10487175732851028","0.10487175732851028","0.10487175732851028","3082","3082","3082"
"308399","0.10584138333797455","0.10584138333797455","0.10584138333797455","3083","3083","3083"
"308499","0.10708677768707275","0.10708677768707275","0.10708677768707275","3084","3084","3084"
"308599","0.11505747586488724","0.11505747586488724","0.11505747586488724","3085","3085","3085"
"308699","0.11061083525419235","0.11061083525419235","0.11061083525419235","3086","3086","3086"
"308799","0.11269880831241608","0.11269880831241608","0.11269880831241608","3087","3087","3087"
"308899","0.1231456845998764","0.1231456845998764","0.1231456845998764","3088","3088","3088"
"308999","0.10920342803001404","0.10920342803001404","0.10920342803001404","3089","3089","3089"
"309099","0.11480548977851868","0.11480548977851868","0.11480548977851868","3090","3090","3090"
"309199","0.11247604340314865","0.11247604340314865","0.11247604340314865","3091","3091","3091"
"309299","0.10849053412675858","0.10849053412675858","0.10849053412675858","3092","3092","3092"
"309399","0.11199972033500671","0.11199972033500671","0.11199972033500671","3093","3093","3093"
"309499","0.11523383110761642","0.11523383110761642","0.11523383110761642","3094","3094","3094"
"309599","0.11374223977327347","0.11374223977327347","0.11374223977327347","3095","3095","3095"
"309699","0.114277184009552","0.114277184009552","0.114277184009552","3096","3096","3096"
"309799","0.11130145937204361","0.11130145937204361","0.11130145937204361","3097","3097","3097"
"309899","0.11521700769662857","0.11521700769662857","0.11521700769662857","3098","3098","3098"
"309999","0.11041800677776337","0.11041800677776337","0.11041800677776337","3099","3099","3099"
"310099","0.11318846046924591","0.11318846046924591","0.11318846046924591","3100","3100","3100"
"310199","0.11120356619358063","0.11120356619358063","0.11120356619358063","3101","3101","3101"
"310299","0.1107599288225174","0.1107599288225174","0.1107599288225174","3102","3102","3102"
"310399","0.11658032238483429","0.11658032238483429","0.11658032238483429","3103","3103","3103"
"310499","0.11795073747634888","0.11795073747634888","0.11795073747634888","3104","3104","3104"
"310599","0.1094914972782135","0.1094914972782135","0.1094914972782135","3105","3105","3105"
"310699","0.1120150089263916","0.1120150089263916","0.1120150089263916","3106","3106","3106"
"310799","0.10618424415588379","0.10618424415588379","0.10618424415588379","3107","3107","3107"
"310899","0.11056841164827347","0.11056841164827347","0.11056841164827347","3108","3108","3108"
"310999","0.11397390067577362","0.11397390067577362","0.11397390067577362","3109","3109","3109"
"311099","0.10568895190954208","0.10568895190954208","0.10568895190954208","3110","3110","3110"
"311199","0.1145891472697258","0.1145891472697258","0.1145891472697258","3111","3111","3111"
"311299","0.11408241838216782","0.11408241838216782","0.11408241838216782","3112","3112","3112"
"311399","0.11698132753372192","0.11698132753372192","0.11698132753372192","3113","3113","3113"
"311499","0.11538966745138168","0.11538966745138168","0.11538966745138168","3114","3114","3114"
"311599","0.11069154739379883","0.11069154739379883","0.11069154739379883","3115","3115","3115"
"311699","0.11135976016521454","0.11135976016521454","0.11135976016521454","3116","3116","3116"
"311799","0.10565280169248581","0.10565280169248581","0.10565280169248581","3117","3117","3117"
"311899","0.10998695343732834","0.10998695343732834","0.10998695343732834","3118","3118","3118"
"311999","0.11175042390823364","0.11175042390823364","0.11175042390823364","3119","3119","3119"
"312099","0.11138438433408737","0.11138438433408737","0.11138438433408737","3120","3120","3120"
"312199","0.11298481374979019","0.11298481374979019","0.11298481374979019","3121","3121","3121"
"312299","0.11823819577693939","0.11823819577693939","0.11823819577693939","3122","3122","3122"
"312399","0.11411170661449432","0.11411170661449432","0.11411170661449432","3123","3123","3123"
"312499","0.11653127521276474","0.11653127521276474","0.11653127521276474","3124","3124","3124"
"312599","0.11232656240463257","0.11232656240463257","0.11232656240463257","3125","3125","3125"
"312699","0.10966188460588455","0.10966188460588455","0.10966188460588455","3126","3126","3126"
"312799","0.11303979158401489","0.11303979158401489","0.11303979158401489","3127","3127","3127"
"312899","0.10744889080524445","0.10744889080524445","0.10744889080524445","3128","3128","3128"
"312999","0.11542263627052307","0.11542263627052307","0.11542263627052307","3129","3129","3129"
"313099","0.11670616269111633","0.11670616269111633","0.11670616269111633","3130","3130","3130"
"313199","0.11104311794042587","0.11104311794042587","0.11104311794042587","3131","3131","3131"
"313299","0.11544221639633179","0.11544221639633179","0.11544221639633179","3132","3132","3132"
"313399","0.10894392430782318","0.10894392430782318","0.10894392430782318","3133","3133","3133"
"313499","0.11159069091081619","0.11159069091081619","0.11159069091081619","3134","3134","3134"
"313599","0.11874687671661377","0.11874687671661377","0.11874687671661377","3135","3135","3135"
"313699","0.10958526283502579","0.10958526283502579","0.10958526283502579","3136","3136","3136"
"313799","0.10890363901853561","0.10890363901853561","0.10890363901853561","3137","3137","3137"
"313899","0.11067774146795273","0.11067774146795273","0.11067774146795273","3138","3138","3138"
"313999","0.10874170809984207","0.10874170809984207","0.10874170809984207","3139","3139","3139"
"314099","0.1120627224445343","0.1120627224445343","0.1120627224445343","3140","3140","3140"
"314199","0.11419565975666046","0.11419565975666046","0.11419565975666046","3141","3141","3141"
"314299","0.11804472655057907","0.11804472655057907","0.11804472655057907","3142","3142","3142"
"314399","0.11257575452327728","0.11257575452327728","0.11257575452327728","3143","3143","3143"
"314499","0.1129968911409378","0.1129968911409378","0.1129968911409378","3144","3144","3144"
"314599","0.12026622146368027","0.12026622146368027","0.12026622146368027","3145","3145","3145"
"314699","0.11666074395179749","0.11666074395179749","0.11666074395179749","3146","3146","3146"
"314799","0.11471705138683319","0.11471705138683319","0.11471705138683319","3147","3147","3147"
"314899","0.1127566546201706","0.1127566546201706","0.1127566546201706","3148","3148","3148"
"314999","0.1110355406999588","0.1110355406999588","0.1110355406999588","3149","3149","3149"
"315099","0.11447411775588989","0.11447411775588989","0.11447411775588989","3150","3150","3150"
"315199","0.11336907744407654","0.11336907744407654","0.11336907744407654","3151","3151","3151"
"315299","0.11344543099403381","0.11344543099403381","0.11344543099403381","3152","3152","3152"
"315399","0.11432656645774841","0.11432656645774841","0.11432656645774841","3153","3153","3153"
"315499","0.10817459970712662","0.10817459970712662","0.10817459970712662","3154","3154","3154"
"315599","0.1134980171918869","0.1134980171918869","0.1134980171918869","3155","3155","3155"
"315699","0.10931482911109924","0.10931482911109924","0.10931482911109924","3156","3156","3156"
"315799","0.11187496036291122","0.11187496036291122","0.11187496036291122","3157","3157","3157"
"315899","0.1158578097820282","0.1158578097820282","0.1158578097820282","3158","3158","3158"
"315999","0.11149825155735016","0.11149825155735016","0.11149825155735016","3159","3159","3159"
"316099","0.10869909077882767","0.10869909077882767","0.10869909077882767","3160","3160","3160"
"316199","0.11092250794172287","0.11092250794172287","0.11092250794172287","3161","3161","3161"
"316299","0.11124831438064575","0.11124831438064575","0.11124831438064575","3162","3162","3162"
"316399","0.11144426465034485","0.11144426465034485","0.11144426465034485","3163","3163","3163"
"316499","0.10873250663280487","0.10873250663280487","0.10873250663280487","3164","3164","3164"
"316599","0.11264340579509735","0.11264340579509735","0.11264340579509735","3165","3165","3165"
"316699","0.11770575493574142","0.11770575493574142","0.11770575493574142","3166","3166","3166"
"316799","0.10369082540273666","0.10369082540273666","0.10369082540273666","3167","3167","3167"
"316899","0.11056184768676758","0.11056184768676758","0.11056184768676758","3168","3168","3168"
"316999","0.11672177910804749","0.11672177910804749","0.11672177910804749","3169","3169","3169"
"317099","0.10963628441095352","0.10963628441095352","0.10963628441095352","3170","3170","3170"
"317199","0.11057483404874802","0.11057483404874802","0.11057483404874802","3171","3171","3171"
"317299","0.11300618946552277","0.11300618946552277","0.11300618946552277","3172","3172","3172"
"317399","0.11662019044160843","0.11662019044160843","0.11662019044160843","3173","3173","3173"
"317499","0.11284201592206955","0.11284201592206955","0.11284201592206955","3174","3174","3174"
"317599","0.11647246778011322","0.11647246778011322","0.11647246778011322","3175","3175","3175"
"317699","0.11056932061910629","0.11056932061910629","0.11056932061910629","3176","3176","3176"
"317799","0.11481914669275284","0.11481914669275284","0.11481914669275284","3177","3177","3177"
"317899","0.11990121006965637","0.11990121006965637","0.11990121006965637","3178","3178","3178"
"317999","0.11248345673084259","0.11248345673084259","0.11248345673084259","3179","3179","3179"
"318099","0.10953729599714279","0.10953729599714279","0.10953729599714279","3180","3180","3180"
"318199","0.11760200560092926","0.11760200560092926","0.11760200560092926","3181","3181","3181"
"318299","0.10623747855424881","0.10623747855424881","0.10623747855424881","3182","3182","3182"
"318399","0.11682495474815369","0.11682495474815369","0.11682495474815369","3183","3183","3183"
"318499","0.10616268217563629","0.10616268217563629","0.10616268217563629","3184","3184","3184"
"318599","0.11062239110469818","0.11062239110469818","0.11062239110469818","3185","3185","3185"
"318699","0.10902924090623856","0.10902924090623856","0.10902924090623856","3186","3186","3186"
"318799","0.1126609668135643","0.1126609668135643","0.1126609668135643","3187","3187","3187"
"318899","0.11370909959077835","0.11370909959077835","0.11370909959077835","3188","3188","3188"
"318999","0.1131272166967392","0.1131272166967392","0.1131272166967392","3189","3189","3189"
"319099","0.10561732947826385","0.10561732947826385","0.10561732947826385","3190","3190","3190"
"319199","0.11083042621612549","0.11083042621612549","0.11083042621612549","3191","3191","3191"
"319299","0.1104474663734436","0.1104474663734436","0.1104474663734436","3192","3192","3192"
"319399","0.11704938113689423","0.11704938113689423","0.11704938113689423","3193","3193","3193"
"319499","0.11625589430332184","0.11625589430332184","0.11625589430332184","3194","3194","3194"
"319599","0.11100130528211594","0.11100130528211594","0.11100130528211594","3195","3195","3195"
"319699","0.10964584350585938","0.10964584350585938","0.10964584350585938","3196","3196","3196"
"319799","0.11152570694684982","0.11152570694684982","0.11152570694684982","3197","3197","3197"
"319899","0.10694603621959686","0.10694603621959686","0.10694603621959686","3198","3198","3198"
"319999","0.11273197084665298","0.11273197084665298","0.11273197084665298","3199","3199","3199"
"320099","0.11589883267879486","0.11589883267879486","0.11589883267879486","3200","3200","3200"
"320199","0.10842764377593994","0.10842764377593994","0.10842764377593994","3201","3201","3201"
"320299","0.11079677939414978","0.11079677939414978","0.11079677939414978","3202","3202","3202"
"320399","0.11313274502754211","0.11313274502754211","0.11313274502754211","3203","3203","3203"
"320499","0.11284495890140533","0.11284495890140533","0.11284495890140533","3204","3204","3204"
"320599","0.10944421589374542","0.10944421589374542","0.10944421589374542","3205","3205","3205"
"320699","0.1148083284497261","0.1148083284497261","0.1148083284497261","3206","3206","3206"
"320799","0.11207308620214462","0.11207308620214462","0.11207308620214462","3207","3207","3207"
"320899","0.11558609455823898","0.11558609455823898","0.11558609455823898","3208","3208","3208"
"320999","0.11340409517288208","0.11340409517288208","0.11340409517288208","3209","3209","3209"
"321099","0.11185929924249649","0.11185929924249649","0.11185929924249649","3210","3210","3210"
"321199","0.11141008883714676","0.11141008883714676","0.11141008883714676","3211","3211","3211"
"321299","0.11283338814973831","0.11283338814973831","0.11283338814973831","3212","3212","3212"
"321399","0.11489792913198471","0.11489792913198471","0.11489792913198471","3213","3213","3213"
"321499","0.11169109493494034","0.11169109493494034","0.11169109493494034","3214","3214","3214"
"321599","0.11119644343852997","0.11119644343852997","0.11119644343852997","3215","3215","3215"
"321699","0.1166779026389122","0.1166779026389122","0.1166779026389122","3216","3216","3216"
"321799","0.11588963121175766","0.11588963121175766","0.11588963121175766","3217","3217","3217"
"321899","0.11796509474515915","0.11796509474515915","0.11796509474515915","3218","3218","3218"
"321999","0.1109173521399498","0.1109173521399498","0.1109173521399498","3219","3219","3219"
"322099","0.11327888816595078","0.11327888816595078","0.11327888816595078","3220","3220","3220"
"322199","0.11686575412750244","0.11686575412750244","0.11686575412750244","3221","3221","3221"
"322299","0.1217196062207222","0.1217196062207222","0.1217196062207222","3222","3222","3222"
"322399","0.11614517122507095","0.11614517122507095","0.11614517122507095","3223","3223","3223"
"322499","0.11903392523527145","0.11903392523527145","0.11903392523527145","3224","3224","3224"
"322599","0.11601634323596954","0.11601634323596954","0.11601634323596954","3225","3225","3225"
"322699","0.11636732518672943","0.11636732518672943","0.11636732518672943","3226","3226","3226"
"322799","0.10977446287870407","0.10977446287870407","0.10977446287870407","3227","3227","3227"
"322899","0.11593595147132874","0.11593595147132874","0.11593595147132874","3228","3228","3228"
"322999","0.10772360861301422","0.10772360861301422","0.10772360861301422","3229","3229","3229"
"323099","0.11387492716312408","0.11387492716312408","0.11387492716312408","3230","3230","3230"
"323199","0.11521834880113602","0.11521834880113602","0.11521834880113602","3231","3231","3231"
"323299","0.11123453080654144","0.11123453080654144","0.11123453080654144","3232","3232","3232"
"323399","0.10899008810520172","0.10899008810520172","0.10899008810520172","3233","3233","3233"
"323499","0.11463471502065659","0.11463471502065659","0.11463471502065659","3234","3234","3234"
"323599","0.11401345580816269","0.11401345580816269","0.11401345580816269","3235","3235","3235"
"323699","0.11886195838451385","0.11886195838451385","0.11886195838451385","3236","3236","3236"
"323799","0.10673742741346359","0.10673742741346359","0.10673742741346359","3237","3237","3237"
"323899","0.10943686962127686","0.10943686962127686","0.10943686962127686","3238","3238","3238"
"323999","0.11444000154733658","0.11444000154733658","0.11444000154733658","3239","3239","3239"
"324099","0.11628047376871109","0.11628047376871109","0.11628047376871109","3240","3240","3240"
"324199","0.11785749346017838","0.11785749346017838","0.11785749346017838","3241","3241","3241"
"324299","0.11705712974071503","0.11705712974071503","0.11705712974071503","3242","3242","3242"
"324399","0.11234123259782791","0.11234123259782791","0.11234123259782791","3243","3243","3243"
"324499","0.11286143213510513","0.11286143213510513","0.11286143213510513","3244","3244","3244"
"324599","0.10789874196052551","0.10789874196052551","0.10789874196052551","3245","3245","3245"
"324699","0.11363659799098969","0.11363659799098969","0.11363659799098969","3246","3246","3246"
"324799","0.11180384457111359","0.11180384457111359","0.11180384457111359","3247","3247","3247"
"324899","0.11839787662029266","0.11839787662029266","0.11839787662029266","3248","3248","3248"
"324999","0.10760029405355453","0.10760029405355453","0.10760029405355453","3249","3249","3249"
"325099","0.10803893953561783","0.10803893953561783","0.10803893953561783","3250","3250","3250"
"325199","0.11515195667743683","0.11515195667743683","0.11515195667743683","3251","3251","3251"
"325299","0.10941093415021896","0.10941093415021896","0.10941093415021896","3252","3252","3252"
"325399","0.10905567556619644","0.10905567556619644","0.10905567556619644","3253","3253","3253"
"325499","0.11367437988519669","0.11367437988519669","0.11367437988519669","3254","3254","3254"
"325599","0.12009277939796448","0.12009277939796448","0.12009277939796448","3255","3255","3255"
"325699","0.11123668402433395","0.11123668402433395","0.11123668402433395","3256","3256","3256"
"325799","0.10991932451725006","0.10991932451725006","0.10991932451725006","3257","3257","3257"
"325899","0.11041396111249924","0.11041396111249924","0.11041396111249924","3258","3258","3258"
"325999","0.11343018710613251","0.11343018710613251","0.11343018710613251","3259","3259","3259"
"326099","0.10815694183111191","0.10815694183111191","0.10815694183111191","3260","3260","3260"
"326199","0.11555967479944229","0.11555967479944229","0.11555967479944229","3261","3261","3261"
"326299","0.11563841998577118","0.11563841998577118","0.11563841998577118","3262","3262","3262"
"326399","0.11446290463209152","0.11446290463209152","0.11446290463209152","3263","3263","3263"
"326499","0.11792585253715515","0.11792585253715515","0.11792585253715515","3264","3264","3264"
"326599","0.11208222806453705","0.11208222806453705","0.11208222806453705","3265","3265","3265"
"326699","0.10926344245672226","0.10926344245672226","0.10926344245672226","3266","3266","3266"
"326799","0.11517374962568283","0.11517374962568283","0.11517374962568283","3267","3267","3267"
"326899","0.11577398329973221","0.11577398329973221","0.11577398329973221","3268","3268","3268"
"326999","0.11174040287733078","0.11174040287733078","0.11174040287733078","3269","3269","3269"
"327099","0.11173384636640549","0.11173384636640549","0.11173384636640549","3270","3270","3270"
"327199","0.11601029336452484","0.11601029336452484","0.11601029336452484","3271","3271","3271"
"327299","0.10978373140096664","0.10978373140096664","0.10978373140096664","3272","3272","3272"
"327399","0.11259494721889496","0.11259494721889496","0.11259494721889496","3273","3273","3273"
"327499","0.10834012925624847","0.10834012925624847","0.10834012925624847","3274","3274","3274"
"327599","0.11164630204439163","0.11164630204439163","0.11164630204439163","3275","3275","3275"
"327699","0.10799529403448105","0.10799529403448105","0.10799529403448105","3276","3276","3276"
"327799","0.11423496156930923","0.11423496156930923","0.11423496156930923","3277","3277","3277"
"327899","0.11323537677526474","0.11323537677526474","0.11323537677526474","3278","3278","3278"
"327999","0.10572300106287003","0.10572300106287003","0.10572300106287003","3279","3279","3279"
"328099","0.1111585795879364","0.1111585795879364","0.1111585795879364","3280","3280","3280"
"328199","0.11020643264055252","0.11020643264055252","0.11020643264055252","3281","3281","3281"
"328299","0.1148996353149414","0.1148996353149414","0.1148996353149414","3282","3282","3282"
"328399","0.11097133159637451","0.11097133159637451","0.11097133159637451","3283","3283","3283"
"328499","0.11356595903635025","0.11356595903635025","0.11356595903635025","3284","3284","3284"
"328599","0.10443420708179474","0.10443420708179474","0.10443420708179474","3285","3285","3285"
"328699","0.11576958000659943","0.11576958000659943","0.11576958000659943","3286","3286","3286"
"328799","0.11911781877279282","0.11911781877279282","0.11911781877279282","3287","3287","3287"
"328899","0.10711212456226349","0.10711212456226349","0.10711212456226349","3288","3288","3288"
"328999","0.10847796499729156","0.10847796499729156","0.10847796499729156","3289","3289","3289"
"329099","0.11052094399929047","0.11052094399929047","0.11052094399929047","3290","3290","3290"
"329199","0.12320742011070251","0.12320742011070251","0.12320742011070251","3291","3291","3291"
"329299","0.1101093515753746","0.1101093515753746","0.1101093515753746","3292","3292","3292"
"329399","0.11124926805496216","0.11124926805496216","0.11124926805496216","3293","3293","3293"
"329499","0.1116417646408081","0.1116417646408081","0.1116417646408081","3294","3294","3294"
"329599","0.11706215888261795","0.11706215888261795","0.11706215888261795","3295","3295","3295"
"329699","0.11738427728414536","0.11738427728414536","0.11738427728414536","3296","3296","3296"
"329799","0.11966676265001297","0.11966676265001297","0.11966676265001297","3297","3297","3297"
"329899","0.11310010403394699","0.11310010403394699","0.11310010403394699","3298","3298","3298"
"329999","0.11629040539264679","0.11629040539264679","0.11629040539264679","3299","3299","3299"
"330099","0.11257737129926682","0.11257737129926682","0.11257737129926682","3300","3300","3300"
"330199","0.11597021669149399","0.11597021669149399","0.11597021669149399","3301","3301","3301"
"330299","0.11763938516378403","0.11763938516378403","0.11763938516378403","3302","3302","3302"
"330399","0.10668438673019409","0.10668438673019409","0.10668438673019409","3303","3303","3303"
"330499","0.11137162148952484","0.11137162148952484","0.11137162148952484","3304","3304","3304"
"330599","0.1196427047252655","0.1196427047252655","0.1196427047252655","3305","3305","3305"
"330699","0.11624713987112045","0.11624713987112045","0.11624713987112045","3306","3306","3306"
"330799","0.11813454329967499","0.11813454329967499","0.11813454329967499","3307","3307","3307"
"330899","0.1153281182050705","0.1153281182050705","0.1153281182050705","3308","3308","3308"
"330999","0.10918919742107391","0.10918919742107391","0.10918919742107391","3309","3309","3309"
"331099","0.11842174082994461","0.11842174082994461","0.11842174082994461","3310","3310","3310"
"331199","0.11669867485761642","0.11669867485761642","0.11669867485761642","3311","3311","3311"
"331299","0.11461727321147919","0.11461727321147919","0.11461727321147919","3312","3312","3312"
"331399","0.10843152552843094","0.10843152552843094","0.10843152552843094","3313","3313","3313"
"331499","0.1098773330450058","0.1098773330450058","0.1098773330450058","3314","3314","3314"
"331599","0.11365382373332977","0.11365382373332977","0.11365382373332977","3315","3315","3315"
"331699","0.10871627181768417","0.10871627181768417","0.10871627181768417","3316","3316","3316"
"331799","0.11806519329547882","0.11806519329547882","0.11806519329547882","3317","3317","3317"
"331899","0.10931108891963959","0.10931108891963959","0.10931108891963959","3318","3318","3318"
"331999","0.11156029999256134","0.11156029999256134","0.11156029999256134","3319","3319","3319"
"332099","0.11468347162008286","0.11468347162008286","0.11468347162008286","3320","3320","3320"
"332199","0.1048400029540062","0.1048400029540062","0.1048400029540062","3321","3321","3321"
"332299","0.10705158859491348","0.10705158859491348","0.10705158859491348","3322","3322","3322"
"332399","0.11096877604722977","0.11096877604722977","0.11096877604722977","3323","3323","3323"
"332499","0.10954996198415756","0.10954996198415756","0.10954996198415756","3324","3324","3324"
"332599","0.1106439083814621","0.1106439083814621","0.1106439083814621","3325","3325","3325"
"332699","0.11084041744470596","0.11084041744470596","0.11084041744470596","3326","3326","3326"
"332799","0.11656443029642105","0.11656443029642105","0.11656443029642105","3327","3327","3327"
"332899","0.11612072587013245","0.11612072587013245","0.11612072587013245","3328","3328","3328"
"332999","0.11509107053279877","0.11509107053279877","0.11509107053279877","3329","3329","3329"
"333099","0.12013857066631317","0.12013857066631317","0.12013857066631317","3330","3330","3330"
"333199","0.11747311055660248","0.11747311055660248","0.11747311055660248","3331","3331","3331"
"333299","0.10855357348918915","0.10855357348918915","0.10855357348918915","3332","3332","3332"
"333399","0.11541887372732162","0.11541887372732162","0.11541887372732162","3333","3333","3333"
"333499","0.11158127337694168","0.11158127337694168","0.11158127337694168","3334","3334","3334"
"333599","0.1168653592467308","0.1168653592467308","0.1168653592467308","3335","3335","3335"
"333699","0.11147502809762955","0.11147502809762955","0.11147502809762955","3336","3336","3336"
"333799","0.11283750087022781","0.11283750087022781","0.11283750087022781","3337","3337","3337"
"333899","0.11560247093439102","0.11560247093439102","0.11560247093439102","3338","3338","3338"
"333999","0.10993331670761108","0.10993331670761108","0.10993331670761108","3339","3339","3339"
"334099","0.11181969940662384","0.11181969940662384","0.11181969940662384","3340","3340","3340"
"334199","0.1090368777513504","0.1090368777513504","0.1090368777513504","3341","3341","3341"
"334299","0.11786887794733047","0.11786887794733047","0.11786887794733047","3342","3342","3342"
"334399","0.11105424910783768","0.11105424910783768","0.11105424910783768","3343","3343","3343"
"334499","0.11774551123380661","0.11774551123380661","0.11774551123380661","3344","3344","3344"
"334599","0.11301446706056595","0.11301446706056595","0.11301446706056595","3345","3345","3345"
"334699","0.11714518070220947","0.11714518070220947","0.11714518070220947","3346","3346","3346"
"334799","0.11886418610811234","0.11886418610811234","0.11886418610811234","3347","3347","3347"
"334899","0.10316679626703262","0.10316679626703262","0.10316679626703262","3348","3348","3348"
"334999","0.10981784760951996","0.10981784760951996","0.10981784760951996","3349","3349","3349"
"335099","0.11312267184257507","0.11312267184257507","0.11312267184257507","3350","3350","3350"